{"HDA": [0.0016499999999999998, 0.0043, 0.0088, 0.013300000000000001, 0.01785, 0.022400000000000003, 0.02695, 0.0315, 0.036175000000000006, 0.040900000000000006, 0.045625000000000006, 0.05035000000000001, 0.05510000000000001, 0.05985, 0.0646, 0.06935, 0.07417499999999999, 0.079, 0.083825, 0.08865, 0.093475, 0.09835, 0.10322500000000001, 0.10815000000000001, 0.11307500000000001, 0.11800000000000001, 0.122925, 0.12785, 0.132775, 0.1377, 0.142625, 0.14755, 0.15249999999999997, 0.15744999999999998, 0.1624, 0.16735, 0.1723, 0.17725000000000002, 0.18220000000000003, 0.18715000000000004, 0.19210000000000005, 0.19705000000000006, 0.20200000000000007, 0.20695000000000008, 0.2119000000000001, 0.2168500000000001, 0.2218000000000001, 0.22675000000000012, 0.23170000000000013, 0.23665000000000014, 0.24160000000000015, 0.24655000000000016, 0.25150000000000017, 0.2564500000000002, 0.2614000000000002, 0.2663500000000002, 0.2713000000000002, 0.2762500000000002, 0.2812000000000002, 0.28615000000000024, 0.29112500000000024], "HBA": [0.0023499999999999997, 0.00635, 0.01085, 0.015349999999999999, 0.0199, 0.024550000000000002, 0.029225000000000004, 0.03395000000000001, 0.038700000000000005, 0.04345000000000001, 0.04825000000000001, 0.05307500000000001, 0.05790000000000001, 0.06275000000000001, 0.06760000000000002, 0.07245000000000001, 0.07732500000000002, 0.08222500000000002, 0.08712500000000002, 0.09202500000000002, 0.09692500000000003, 0.10182500000000003, 0.10672500000000003, 0.11165000000000003, 0.11657500000000003, 0.12150000000000002, 0.126425, 0.13135000000000002, 0.136275, 0.14120000000000002, 0.146125, 0.15105000000000002, 0.155975, 0.160925, 0.16587500000000002, 0.17082500000000003, 0.17577500000000004, 0.18072500000000005, 0.18567500000000006, 0.19062500000000007, 0.19557500000000008, 0.2005250000000001, 0.2054750000000001, 0.2104250000000001, 0.21537500000000012, 0.22032500000000013, 0.22527500000000014, 0.23022500000000015, 0.23517500000000016, 0.24012500000000017, 0.24507500000000018, 0.25002500000000016, 0.2549750000000002, 0.2599250000000002, 0.2648750000000002, 0.2698250000000002, 0.2747750000000002, 0.2797250000000002, 0.28467500000000023, 0.28962500000000024, 0.29457500000000025, 0.29952500000000026, 0.3044750000000003, 0.3094250000000003, 0.3143750000000003, 0.3193250000000003, 0.3242750000000003, 0.32922500000000027, 0.3341750000000003, 0.33912500000000023, 0.3440750000000002, 0.3490250000000002, 0.35397500000000015, 0.3589250000000001, 0.3638750000000001, 0.36882500000000007, 0.373775, 0.37872500000000003, 0.383675, 0.388625, 0.39357499999999995, 0.3985249999999999, 0.4034749999999999, 0.40842499999999987, 0.4133749999999998, 0.41832499999999984, 0.4232749999999998, 0.42822499999999974, 0.43317499999999975, 0.4381249999999997, 0.44307499999999966, 0.4480249999999997, 0.45297499999999963, 0.45792499999999964, 0.4628749999999996, 0.46782499999999955, 0.47277499999999956, 0.4777249999999995, 0.48267499999999947, 0.4876249999999995, 0.49257499999999943, 0.4975249999999994, 0.5024749999999993, 0.5074249999999993, 0.5123749999999994, 0.5173249999999993, 0.5222749999999993, 0.5272249999999993, 0.5321749999999992, 0.5371249999999992, 0.5420749999999992, 0.5470249999999992, 0.5519749999999991, 0.5569249999999991, 0.5618749999999991, 0.566824999999999, 0.571774999999999, 0.576724999999999, 0.5816749999999989, 0.586624999999999, 0.591574999999999, 0.5965249999999989, 0.6014749999999989, 0.6064249999999989, 0.6113749999999988, 0.6163249999999988, 0.6212749999999988, 0.6262249999999987, 0.6311749999999987, 0.6361249999999987, 0.6410749999999987, 0.6460249999999987, 0.6509749999999989, 0.6559249999999989, 0.6608749999999989, 0.665824999999999, 0.670774999999999, 0.675724999999999, 0.6806749999999991, 0.6856249999999992, 0.6905749999999992, 0.6955249999999993, 0.7004749999999993, 0.7054249999999993, 0.7103749999999994, 0.7153249999999994, 0.7202749999999994, 0.7252249999999996, 0.7301749999999996, 0.7351249999999996, 0.7400749999999996, 0.7450249999999997, 0.7499749999999997, 0.7549249999999997, 0.7598749999999999, 0.7648249999999999, 0.7697749999999999, 0.774725, 0.779675, 0.784625, 0.7895750000000001, 0.7945250000000001, 0.7994750000000002, 0.8044250000000003, 0.8093750000000003, 0.8143250000000003, 0.8192750000000004, 0.8242250000000004, 0.8291750000000004, 0.8341250000000006, 0.8391000000000005], "HCA": [0.00265, 0.0053, 0.0098, 0.0143, 0.01885, 0.0235, 0.028149999999999998, 0.032799999999999996, 0.03755, 0.0423, 0.047049999999999995, 0.05187499999999999, 0.05669999999999999, 0.06152499999999999, 0.06634999999999999, 0.07117499999999999, 0.07599999999999998, 0.08087499999999999, 0.08577499999999999, 0.09067499999999999, 0.095575, 0.100475, 0.1054, 0.11032499999999999, 0.11524999999999999, 0.12017499999999998, 0.1251, 0.13002499999999997, 0.13495, 0.13987499999999997, 0.14479999999999996, 0.14972499999999997, 0.15464999999999995, 0.15959999999999996, 0.16454999999999995, 0.16949999999999996, 0.17444999999999997, 0.17939999999999998, 0.18434999999999999, 0.1893, 0.19425, 0.19920000000000002, 0.20415000000000003, 0.20910000000000004, 0.21405000000000005, 0.21900000000000006, 0.22395000000000007, 0.22890000000000008, 0.23385000000000009, 0.2388000000000001, 0.2437500000000001, 0.24870000000000012, 0.25365000000000015, 0.25860000000000016, 0.2635500000000002, 0.2685000000000002, 0.2734500000000002, 0.2784000000000002, 0.2833500000000002, 0.2883000000000002, 0.29325000000000023, 0.2982250000000002], "HPRA": [0.0016499999999999998, 0.0043, 0.0088, 0.013300000000000001, 0.01785, 0.022400000000000003, 0.02705, 0.0317, 0.03635, 0.041075, 0.0458, 0.050525, 0.055275, 0.060024999999999995, 0.06477499999999999, 0.06952499999999999, 0.07427499999999998, 0.07902499999999998, 0.08377499999999997, 0.08852499999999998, 0.09327499999999997, 0.09809999999999997, 0.10292499999999997, 0.10782499999999998, 0.11272499999999998, 0.11762499999999998, 0.12252499999999998, 0.12742499999999998, 0.13232499999999997, 0.13722499999999999, 0.14212499999999997, 0.147025, 0.15197499999999997, 0.15692499999999998, 0.16187499999999996, 0.16682499999999997, 0.17177499999999998, 0.176725, 0.181675, 0.186625, 0.19157500000000002, 0.19652500000000003, 0.20147500000000004, 0.20642500000000005, 0.21137500000000006, 0.21632500000000007, 0.22127500000000008, 0.2262250000000001, 0.2311750000000001, 0.2361250000000001, 0.24107500000000012, 0.24602500000000013, 0.25097500000000017, 0.2559250000000002, 0.2608750000000002, 0.2658250000000002, 0.2707750000000002, 0.2757250000000002, 0.28067500000000023, 0.28562500000000024, 0.2906000000000002]}