{"HDA": [0.002375, 0.0066749999999999995, 0.010974999999999999, 0.015325, 0.019675, 0.024375, 0.029074999999999997, 0.03377499999999999, 0.038474999999999995, 0.04327499999999999, 0.04807499999999999, 0.052875, 0.057675000000000004, 0.062475, 0.06727500000000002, 0.07207500000000001, 0.07687500000000001, 0.08167500000000003, 0.08647500000000002, 0.09127500000000004, 0.09607500000000004, 0.10087500000000003, 0.10567500000000005, 0.11057500000000005, 0.11547500000000005, 0.12037500000000005, 0.12527500000000005, 0.13017500000000004, 0.13507500000000006, 0.13997500000000007, 0.14487500000000006, 0.14977500000000007, 0.15470000000000006, 0.15962500000000004, 0.16455000000000006, 0.16947500000000004, 0.17440000000000005, 0.17932500000000004, 0.18427500000000005, 0.18922500000000006, 0.19417500000000007, 0.19912500000000008, 0.2040750000000001, 0.2090250000000001, 0.2139750000000001, 0.21892500000000012, 0.22387500000000013, 0.22882500000000014, 0.23377500000000015, 0.23872500000000016, 0.24367500000000017, 0.24862500000000018, 0.2535750000000002, 0.2585250000000002, 0.26347500000000024, 0.26842500000000025, 0.27337500000000026, 0.27832500000000027, 0.2832750000000003, 0.2882250000000003, 0.2931750000000003, 0.2981250000000003, 0.3030750000000003, 0.3080250000000003, 0.3130000000000003], "HBA": [0.002625, 0.006925, 0.011275, 0.015725, 0.0202, 0.024900000000000002, 0.0297, 0.034525, 0.039375, 0.044225, 0.04907500000000001, 0.05392500000000001, 0.058775000000000015, 0.06362500000000001, 0.06850000000000002, 0.07337500000000001, 0.07825000000000001, 0.08312500000000002, 0.08800000000000002, 0.09290000000000002, 0.09780000000000003, 0.10270000000000003, 0.10760000000000003, 0.11250000000000003, 0.11740000000000003, 0.12230000000000003, 0.12720000000000004, 0.13210000000000005, 0.13700000000000004, 0.14192500000000005, 0.14685000000000004, 0.15177500000000005, 0.15670000000000003, 0.16162500000000005, 0.16655000000000006, 0.17147500000000004, 0.17640000000000003, 0.18132500000000004, 0.18627500000000005, 0.19122500000000006, 0.19617500000000007, 0.20112500000000008, 0.2060750000000001, 0.2110250000000001, 0.2159750000000001, 0.22092500000000012, 0.22587500000000013, 0.23082500000000014, 0.23577500000000015, 0.24072500000000016, 0.24567500000000017, 0.25062500000000015, 0.25557500000000016, 0.2605250000000002, 0.2654750000000002, 0.2704250000000002, 0.2753750000000002, 0.2803250000000002, 0.2852750000000002, 0.29022500000000023, 0.29517500000000024, 0.30012500000000025, 0.30507500000000026, 0.3100250000000003, 0.3149750000000003, 0.3199250000000003, 0.3248750000000003, 0.3298250000000003, 0.33477500000000027, 0.3397250000000003, 0.34467500000000023, 0.3496250000000002, 0.3545750000000002, 0.35952500000000015, 0.3644750000000001, 0.3694250000000001, 0.37437500000000007, 0.379325, 0.38427500000000003, 0.389225, 0.39417499999999994, 0.39912499999999995, 0.4040749999999999, 0.4090249999999999, 0.41397499999999987, 0.4189249999999998, 0.42387499999999984, 0.4288249999999998, 0.43377499999999974, 0.43872499999999975, 0.4436749999999997, 0.44862499999999966, 0.4535749999999997, 0.4585249999999996, 0.46347499999999964, 0.4684249999999996, 0.47337499999999955, 0.47832499999999956, 0.4832749999999995, 0.48822499999999946, 0.4931749999999995, 0.49812499999999943, 0.5030749999999994, 0.5080249999999994, 0.5129749999999994, 0.5179249999999993, 0.5228749999999993, 0.5278249999999993, 0.5327749999999992, 0.5377249999999992, 0.5426749999999992, 0.5476249999999991, 0.5525749999999992, 0.5575249999999992, 0.5624749999999991, 0.5674249999999991, 0.5723749999999991, 0.577324999999999, 0.582274999999999, 0.587224999999999, 0.5921749999999989, 0.5971249999999989, 0.6020749999999989, 0.6070249999999988, 0.6119749999999988, 0.6169249999999988, 0.6218749999999988, 0.6268249999999987, 0.6317749999999988, 0.6367249999999988, 0.6416749999999988, 0.6466249999999988, 0.6515749999999989, 0.6565249999999989, 0.6614749999999989, 0.6664249999999989, 0.6713749999999991, 0.6763249999999991, 0.6812749999999991, 0.6862249999999992, 0.6911749999999992, 0.6961249999999992, 0.7010749999999993, 0.7060249999999993, 0.7109749999999994, 0.7159249999999995, 0.7208749999999995, 0.7258249999999995, 0.7307749999999996, 0.7357249999999996, 0.7406749999999996, 0.7456249999999998, 0.7505749999999998, 0.7555249999999998, 0.7604749999999999, 0.7654249999999999, 0.7703749999999999, 0.775325, 0.780275, 0.7852250000000001, 0.7901750000000001, 0.7951250000000002, 0.8000750000000002, 0.8050250000000002, 0.8099750000000003, 0.8149250000000003, 0.8198750000000004, 0.8248250000000005, 0.8297750000000005, 0.8347250000000005, 0.8396750000000006, 0.8446250000000006, 0.8495750000000006, 0.8545250000000008, 0.8594750000000008, 0.8644250000000008, 0.8693750000000009, 0.8743250000000009, 0.8792750000000009, 0.884225000000001, 0.889175000000001, 0.8941250000000011, 0.8991000000000011], "HCA": [0.002625, 0.006925, 0.011275, 0.015625, 0.020099999999999996, 0.024799999999999996, 0.02949999999999999, 0.03419999999999999, 0.03904999999999999, 0.04389999999999999, 0.04874999999999999, 0.053599999999999995, 0.058449999999999995, 0.0633, 0.06815, 0.07300000000000001, 0.07785000000000002, 0.08270000000000001, 0.08755, 0.0924, 0.0973, 0.10220000000000001, 0.10710000000000001, 0.11200000000000002, 0.11690000000000002, 0.12180000000000002, 0.1267, 0.13160000000000002, 0.1365, 0.14140000000000003, 0.146325, 0.15125000000000002, 0.156175, 0.16110000000000002, 0.16602500000000003, 0.17095000000000002, 0.17587500000000003, 0.18080000000000002, 0.18572500000000003, 0.19067500000000004, 0.19562500000000005, 0.20057500000000006, 0.20552500000000007, 0.21047500000000008, 0.2154250000000001, 0.2203750000000001, 0.2253250000000001, 0.23027500000000012, 0.23522500000000013, 0.24017500000000014, 0.24512500000000015, 0.25007500000000016, 0.25502500000000017, 0.2599750000000002, 0.2649250000000002, 0.2698750000000002, 0.2748250000000002, 0.2797750000000002, 0.28472500000000023, 0.28967500000000024, 0.29462500000000025, 0.29957500000000026, 0.30452500000000027, 0.3094750000000003, 0.3144250000000003, 0.31940000000000024], "HPRA": [0.002375, 0.0066749999999999995, 0.010974999999999999, 0.015274999999999999, 0.019625, 0.024325, 0.029025, 0.033725, 0.038424999999999994, 0.04312499999999999, 0.04792499999999999, 0.052724999999999994, 0.05752499999999999, 0.062325, 0.067125, 0.071925, 0.07672500000000002, 0.08152500000000001, 0.08632500000000003, 0.09112500000000003, 0.09592500000000002, 0.10072500000000004, 0.10552500000000004, 0.11040000000000004, 0.11527500000000006, 0.12015000000000006, 0.12502500000000005, 0.12990000000000007, 0.1347750000000001, 0.13965000000000008, 0.1445250000000001, 0.1494000000000001, 0.1542750000000001, 0.15915000000000012, 0.16402500000000012, 0.1689000000000001, 0.17377500000000012, 0.17865000000000011, 0.18357500000000013, 0.18852500000000014, 0.19347500000000015, 0.19842500000000016, 0.20337500000000017, 0.20832500000000018, 0.2132750000000002, 0.2182250000000002, 0.2231750000000002, 0.22812500000000022, 0.23307500000000023, 0.23802500000000024, 0.24297500000000025, 0.24792500000000026, 0.25287500000000024, 0.25782500000000025, 0.26277500000000026, 0.26772500000000027, 0.2726750000000003, 0.2776250000000003, 0.2825750000000003, 0.2875250000000003, 0.2924750000000003, 0.29742500000000033, 0.30237500000000034, 0.30735000000000035]}