{"HDA": [0.0022749999999999997, 0.006375, 0.01085, 0.01555, 0.02025, 0.02495, 0.029725, 0.034525, 0.039325, 0.044125, 0.048925, 0.053725, 0.05857500000000001, 0.06345, 0.06832500000000001, 0.07322500000000001, 0.07812500000000001, 0.083025, 0.087925, 0.092825, 0.097725, 0.10262500000000001, 0.10752500000000001, 0.11242500000000001, 0.11732500000000001, 0.12222500000000001, 0.12712500000000002, 0.13202500000000003, 0.13692500000000002, 0.14185000000000003, 0.14677500000000002, 0.151725, 0.156675, 0.16162500000000002, 0.16657500000000003, 0.17152500000000004, 0.17647500000000005, 0.18142500000000006, 0.18637500000000007, 0.19132500000000008, 0.1962750000000001, 0.2012250000000001, 0.2061750000000001, 0.21112500000000012, 0.21607500000000013, 0.22102500000000014, 0.22597500000000015, 0.23092500000000016, 0.23587500000000017, 0.24082500000000018, 0.2457750000000002, 0.2507250000000002, 0.2556750000000002, 0.2606250000000002, 0.2655750000000002, 0.27052500000000024, 0.27547500000000025, 0.28042500000000026, 0.28537500000000027, 0.2903250000000003, 0.2952750000000003, 0.3002250000000003, 0.3051750000000003, 0.3101250000000003, 0.3151000000000003], "HBA": [0.0027249999999999996, 0.006825, 0.01145, 0.01615, 0.020874999999999998, 0.0256, 0.030375, 0.035175, 0.04, 0.04485, 0.04970000000000001, 0.054575000000000005, 0.05945, 0.06432500000000001, 0.06922500000000001, 0.07412500000000001, 0.07902500000000001, 0.083925, 0.088825, 0.093725, 0.098625, 0.103525, 0.10842500000000001, 0.11332500000000001, 0.11825000000000001, 0.123175, 0.1281, 0.133025, 0.13795, 0.142875, 0.1478, 0.15275, 0.15769999999999998, 0.16264999999999996, 0.16759999999999997, 0.17254999999999998, 0.1775, 0.18245, 0.1874, 0.19235000000000002, 0.19730000000000003, 0.20225000000000004, 0.20720000000000005, 0.21215000000000006, 0.21710000000000007, 0.22205000000000008, 0.2270000000000001, 0.2319500000000001, 0.2369000000000001, 0.24185000000000012, 0.24680000000000013, 0.25175000000000014, 0.25670000000000015, 0.26165000000000016, 0.26660000000000017, 0.2715500000000002, 0.2765000000000002, 0.2814500000000002, 0.2864000000000002, 0.2913500000000002, 0.29630000000000023, 0.30125000000000024, 0.30620000000000025, 0.31115000000000026, 0.31610000000000027, 0.3210500000000003, 0.32600000000000023, 0.3309500000000002, 0.3359000000000002, 0.34085000000000015, 0.3458000000000001, 0.3507500000000001, 0.35570000000000007, 0.36065, 0.36560000000000004, 0.37055, 0.37549999999999994, 0.38044999999999995, 0.3853999999999999, 0.3903499999999999, 0.3952999999999999, 0.40024999999999983, 0.40519999999999984, 0.4101499999999998, 0.41509999999999975, 0.42004999999999976, 0.4249999999999997, 0.42994999999999967, 0.4348999999999997, 0.43984999999999963, 0.44479999999999964, 0.4497499999999996, 0.45469999999999955, 0.45964999999999956, 0.4645999999999995, 0.46954999999999947, 0.4744999999999995, 0.47944999999999943, 0.4843999999999994, 0.4893499999999994, 0.49429999999999935, 0.4992499999999993, 0.5041999999999993, 0.5091499999999993, 0.5140999999999992, 0.5190499999999992, 0.5239999999999992, 0.5289499999999991, 0.5338999999999992, 0.5388499999999992, 0.5437999999999991, 0.5487499999999991, 0.5536999999999991, 0.558649999999999, 0.563599999999999, 0.568549999999999, 0.5734999999999989, 0.5784499999999989, 0.5833999999999989, 0.5883499999999988, 0.5932999999999988, 0.5982499999999988, 0.6031999999999988, 0.6081499999999987, 0.6130999999999988, 0.6180499999999988, 0.6229999999999987, 0.6279499999999987, 0.6328999999999987, 0.6378499999999986, 0.6427999999999986, 0.6477499999999986, 0.6526999999999987, 0.6576499999999987, 0.6625999999999987, 0.6675499999999989, 0.6724999999999989, 0.6774499999999989, 0.682399999999999, 0.687349999999999, 0.692299999999999, 0.697249999999999, 0.7021999999999992, 0.7071499999999992, 0.7120999999999992, 0.7170499999999993, 0.7219999999999993, 0.7269499999999993, 0.7318999999999994, 0.7368499999999994, 0.7417999999999995, 0.7467499999999996, 0.7516999999999996, 0.7566499999999996, 0.7615999999999997, 0.7665499999999997, 0.7714999999999997, 0.7764499999999999, 0.7813999999999999, 0.7863499999999999, 0.7913, 0.79625, 0.8012, 0.8061500000000001, 0.8111000000000002, 0.8160750000000001], "HCA": [0.0027249999999999996, 0.006825, 0.01145, 0.01615, 0.020874999999999998, 0.0256, 0.030375, 0.035175, 0.039975000000000004, 0.044825, 0.049675000000000004, 0.05455, 0.059425, 0.0643, 0.0692, 0.0741, 0.079, 0.0839, 0.0888, 0.0937, 0.09860000000000001, 0.10350000000000001, 0.10840000000000001, 0.11330000000000001, 0.11822500000000001, 0.12315000000000001, 0.12807500000000002, 0.133, 0.137925, 0.14285, 0.147775, 0.152725, 0.15767499999999998, 0.162625, 0.167575, 0.172525, 0.17747500000000002, 0.18242500000000003, 0.18737500000000004, 0.19232500000000005, 0.19727500000000006, 0.20222500000000007, 0.20717500000000008, 0.2121250000000001, 0.2170750000000001, 0.2220250000000001, 0.22697500000000012, 0.23192500000000013, 0.23687500000000014, 0.24182500000000015, 0.24677500000000016, 0.2517250000000002, 0.2566750000000002, 0.2616250000000002, 0.26657500000000023, 0.27152500000000024, 0.27647500000000025, 0.28142500000000026, 0.28637500000000027, 0.2913250000000003, 0.2962750000000003, 0.3012250000000003, 0.3061750000000003, 0.3111250000000003, 0.31610000000000027], "HPRA": [0.0022749999999999997, 0.006375, 0.01085, 0.01555, 0.02025, 0.02495, 0.02965, 0.03435, 0.03915, 0.043949999999999996, 0.04875, 0.05355000000000001, 0.058350000000000006, 0.063225, 0.06810000000000001, 0.072975, 0.07785, 0.082725, 0.08762500000000001, 0.09252500000000001, 0.09742500000000001, 0.10232500000000001, 0.10722500000000001, 0.11212500000000002, 0.11702500000000002, 0.12192500000000002, 0.12682500000000002, 0.13172500000000004, 0.13662500000000002, 0.14152500000000004, 0.14642500000000003, 0.15137500000000004, 0.15632500000000002, 0.161275, 0.166225, 0.17117500000000002, 0.17612500000000003, 0.18107500000000004, 0.18602500000000005, 0.19097500000000006, 0.19592500000000007, 0.20087500000000008, 0.2058250000000001, 0.2107750000000001, 0.2157250000000001, 0.22067500000000012, 0.22562500000000013, 0.23057500000000014, 0.23552500000000015, 0.24047500000000016, 0.24542500000000017, 0.2503750000000002, 0.2553250000000002, 0.2602750000000002, 0.2652250000000002, 0.2701750000000002, 0.27512500000000023, 0.28007500000000024, 0.28502500000000025, 0.28997500000000026, 0.29492500000000027, 0.2998750000000003, 0.3048250000000003, 0.3097750000000003, 0.3147500000000003]}