{"HDA": [0.0027249999999999996, 0.0065249999999999996, 0.01095, 0.015375000000000002, 0.020125, 0.024900000000000002, 0.029675000000000003, 0.03445, 0.039225, 0.044000000000000004, 0.048775000000000006, 0.053575, 0.058375, 0.06317500000000001, 0.06797500000000001, 0.07277500000000002, 0.07762500000000001, 0.08247500000000002, 0.08732500000000001, 0.09220000000000002, 0.09707500000000004, 0.10195000000000004, 0.10685000000000004, 0.11175000000000004, 0.11665000000000005, 0.12155000000000005, 0.12645000000000006, 0.13135000000000005, 0.13625000000000007, 0.14115000000000005, 0.14605000000000007, 0.15095000000000006, 0.15585000000000007, 0.16075000000000006, 0.16565000000000005, 0.17055000000000003, 0.17545000000000002, 0.18035, 0.185275, 0.190225, 0.19517500000000002, 0.20012500000000003, 0.20507500000000004, 0.21002500000000004, 0.21497500000000005, 0.21992500000000006, 0.22487500000000007, 0.22982500000000008, 0.2347750000000001, 0.2397250000000001, 0.24467500000000011, 0.24962500000000012, 0.25457500000000016, 0.25952500000000017, 0.2644750000000002, 0.2694250000000002, 0.2743750000000002, 0.2793250000000002, 0.2842750000000002, 0.28922500000000023, 0.29417500000000024, 0.29912500000000025, 0.30407500000000026, 0.30902500000000027, 0.3139750000000003, 0.31895000000000023], "HBA": [0.0027249999999999996, 0.0066500000000000005, 0.011075, 0.015600000000000001, 0.02035, 0.025125, 0.029925, 0.034725, 0.039525000000000005, 0.04435000000000001, 0.049175, 0.054000000000000006, 0.058825, 0.06367500000000001, 0.068525, 0.07337500000000001, 0.07822500000000002, 0.08310000000000002, 0.08797500000000003, 0.09287500000000003, 0.09777500000000003, 0.10267500000000003, 0.10757500000000003, 0.11247500000000005, 0.11737500000000005, 0.12227500000000005, 0.12720000000000004, 0.13212500000000005, 0.13705000000000003, 0.14197500000000005, 0.14690000000000003, 0.15182500000000002, 0.15675000000000003, 0.16167500000000004, 0.16660000000000003, 0.17152500000000004, 0.17645000000000002, 0.18137500000000004, 0.18632500000000005, 0.19127500000000006, 0.19622500000000007, 0.20117500000000008, 0.20612500000000009, 0.2110750000000001, 0.2160250000000001, 0.22097500000000012, 0.22592500000000013, 0.23087500000000014, 0.23582500000000015, 0.24077500000000016, 0.24572500000000017, 0.25067500000000015, 0.25562500000000016, 0.26057500000000017, 0.2655250000000002, 0.2704750000000002, 0.2754250000000002, 0.2803750000000002, 0.2853250000000002, 0.2902750000000002, 0.29522500000000024, 0.30017500000000025, 0.30512500000000026, 0.31007500000000027, 0.3150250000000003, 0.3199750000000003, 0.3249250000000003, 0.32987500000000025, 0.3348250000000002, 0.3397750000000002, 0.34472500000000017, 0.3496750000000002, 0.35462500000000013, 0.3595750000000001, 0.3645250000000001, 0.36947500000000005, 0.374425, 0.379375, 0.38432499999999997, 0.3892749999999999, 0.39422499999999994, 0.3991749999999999, 0.40412499999999985, 0.40907499999999986, 0.4140249999999998, 0.4189749999999998, 0.4239249999999998, 0.42887499999999973, 0.43382499999999974, 0.4387749999999997, 0.44372499999999965, 0.44867499999999966, 0.4536249999999996, 0.45857499999999957, 0.4635249999999996, 0.46847499999999953, 0.47342499999999954, 0.4783749999999995, 0.48332499999999945, 0.48827499999999946, 0.4932249999999994, 0.49817499999999937, 0.5031249999999994, 0.5080749999999994, 0.5130249999999993, 0.5179749999999993, 0.5229249999999993, 0.5278749999999992, 0.5328249999999992, 0.5377749999999992, 0.5427249999999991, 0.5476749999999991, 0.5526249999999991, 0.557574999999999, 0.562524999999999, 0.5674749999999991, 0.572424999999999, 0.577374999999999, 0.582324999999999, 0.5872749999999989, 0.5922249999999989, 0.5971749999999989, 0.6021249999999988, 0.6070749999999988, 0.6120249999999988, 0.6169749999999987, 0.6219249999999987, 0.6268749999999987, 0.6318249999999987, 0.6367749999999986, 0.6417249999999988, 0.6466749999999988, 0.6516249999999988, 0.6565749999999988, 0.6615249999999989, 0.6664749999999989, 0.6714249999999989, 0.6763749999999991, 0.6813249999999991, 0.6862749999999991, 0.6912249999999992, 0.6961749999999992, 0.7011249999999992, 0.7060749999999993, 0.7110249999999994, 0.7159749999999994, 0.7209249999999995, 0.7258749999999995, 0.7308249999999995, 0.7357749999999996, 0.7407249999999996, 0.7456749999999996, 0.7506249999999998, 0.7555749999999998, 0.7605249999999998, 0.7654749999999999, 0.7704249999999999, 0.7753749999999999, 0.7803249999999999, 0.7852750000000001, 0.7902250000000001, 0.7951750000000001, 0.8001250000000002, 0.8050750000000002, 0.8100250000000002, 0.8149750000000003, 0.8199250000000003, 0.8248750000000004, 0.8298250000000005, 0.8347750000000005, 0.8397250000000005, 0.8446750000000006, 0.8496250000000006, 0.8545750000000006, 0.8595250000000008, 0.8644750000000008, 0.8694250000000008, 0.8743750000000009, 0.8793250000000009, 0.8842750000000009, 0.889225000000001, 0.894175000000001, 0.8991250000000011, 0.9040750000000011, 0.9090250000000012, 0.9139750000000012, 0.9189250000000012, 0.9238750000000013, 0.9288250000000013, 0.9337750000000014, 0.9387500000000014], "HCA": [0.0027249999999999996, 0.0066500000000000005, 0.011075, 0.015600000000000001, 0.02035, 0.025125, 0.029900000000000003, 0.0347, 0.0395, 0.0443, 0.049100000000000005, 0.0539, 0.05870000000000001, 0.06350000000000001, 0.06835000000000002, 0.07320000000000002, 0.07805000000000002, 0.08290000000000003, 0.08777500000000003, 0.09265000000000004, 0.09752500000000004, 0.10242500000000004, 0.10732500000000006, 0.11222500000000006, 0.11712500000000006, 0.12202500000000006, 0.12695000000000006, 0.13187500000000005, 0.13680000000000006, 0.14172500000000005, 0.14665000000000006, 0.15157500000000004, 0.15650000000000003, 0.16142500000000004, 0.16635000000000005, 0.17127500000000004, 0.17620000000000005, 0.18112500000000004, 0.18605000000000005, 0.19100000000000006, 0.19595000000000007, 0.20090000000000008, 0.2058500000000001, 0.2108000000000001, 0.2157500000000001, 0.22070000000000012, 0.22565000000000013, 0.23060000000000014, 0.23555000000000015, 0.24050000000000016, 0.24545000000000017, 0.2504000000000002, 0.2553500000000002, 0.2603000000000002, 0.2652500000000002, 0.2702000000000002, 0.2751500000000002, 0.28010000000000024, 0.28505000000000025, 0.29000000000000026, 0.29495000000000027, 0.2999000000000003, 0.3048500000000003, 0.3098000000000003, 0.3147500000000003, 0.3197000000000003, 0.3246500000000003, 0.32962500000000033], "HPRA": [0.0027249999999999996, 0.0065249999999999996, 0.01095, 0.015375000000000002, 0.020125, 0.024900000000000002, 0.029675000000000003, 0.03445, 0.039225, 0.044000000000000004, 0.048775000000000006, 0.053575, 0.058375, 0.06317500000000001, 0.06797500000000001, 0.07277500000000002, 0.07757500000000002, 0.08237500000000003, 0.08717500000000003, 0.09197500000000003, 0.09685000000000005, 0.10172500000000005, 0.10660000000000006, 0.11147500000000006, 0.11635000000000006, 0.12122500000000008, 0.12610000000000007, 0.1309750000000001, 0.1358500000000001, 0.1407250000000001, 0.14560000000000012, 0.1504750000000001, 0.15535000000000013, 0.16022500000000012, 0.16510000000000014, 0.16997500000000013, 0.17485000000000014, 0.17972500000000013, 0.18465000000000015, 0.18960000000000016, 0.19455000000000017, 0.19950000000000018, 0.2044500000000002, 0.2094000000000002, 0.2143500000000002, 0.21930000000000022, 0.22425000000000023, 0.22920000000000024, 0.23415000000000025, 0.23910000000000026, 0.24405000000000027, 0.24900000000000028, 0.2539500000000003, 0.2589000000000003, 0.2638500000000003, 0.2688000000000003, 0.2737500000000003, 0.27870000000000034, 0.28365000000000035, 0.28860000000000036, 0.29355000000000037, 0.2985000000000004, 0.3034500000000004, 0.3084000000000004, 0.3133500000000004, 0.3183250000000004]}