{"HDA": [0.0019500000000000001, 0.00455, 0.008875, 0.013199999999999998, 0.017525, 0.02185, 0.026325, 0.0308, 0.0356, 0.0404, 0.045225, 0.05005, 0.054875, 0.059699999999999996, 0.064525, 0.06935, 0.0742, 0.07905000000000001, 0.0839, 0.0888, 0.0937, 0.09860000000000001, 0.10350000000000001, 0.10840000000000001, 0.11330000000000001, 0.11820000000000003, 0.12310000000000003, 0.12800000000000003, 0.13290000000000002, 0.13780000000000003, 0.14270000000000002, 0.14760000000000004, 0.15250000000000002, 0.15740000000000004, 0.16230000000000003, 0.16720000000000002, 0.17215000000000003, 0.17710000000000004, 0.18205000000000005, 0.18700000000000006, 0.19195000000000007, 0.19690000000000007, 0.20185000000000008, 0.2068000000000001, 0.2117500000000001, 0.21670000000000011, 0.22165000000000012, 0.22660000000000013, 0.23155000000000014, 0.23650000000000015, 0.24145000000000016, 0.24640000000000017, 0.2513500000000002, 0.2563000000000002, 0.2612500000000002, 0.2662000000000002, 0.2711500000000002, 0.27610000000000023, 0.28105000000000024, 0.28600000000000025, 0.29095000000000026, 0.29592500000000027], "HBA": [0.0026749999999999994, 0.005725, 0.010049999999999998, 0.014375, 0.0187, 0.0231, 0.027675, 0.032350000000000004, 0.03715, 0.04195, 0.046775000000000004, 0.0516, 0.056425, 0.061275, 0.066125, 0.07097500000000001, 0.07582500000000002, 0.08067500000000001, 0.085525, 0.09040000000000001, 0.09530000000000001, 0.10020000000000001, 0.10510000000000001, 0.11000000000000001, 0.11490000000000002, 0.11980000000000002, 0.12470000000000002, 0.12962500000000002, 0.13455000000000003, 0.13947500000000002, 0.1444, 0.149325, 0.15425, 0.159175, 0.1641, 0.169025, 0.17397500000000002, 0.17892500000000003, 0.18387500000000004, 0.18882500000000005, 0.19377500000000006, 0.19872500000000007, 0.20367500000000008, 0.2086250000000001, 0.2135750000000001, 0.2185250000000001, 0.22347500000000012, 0.22842500000000013, 0.23337500000000014, 0.23832500000000015, 0.24327500000000016, 0.24822500000000017, 0.25317500000000015, 0.25812500000000016, 0.26307500000000017, 0.2680250000000002, 0.2729750000000002, 0.2779250000000002, 0.2828750000000002, 0.2878250000000002, 0.29277500000000023, 0.29772500000000024, 0.30267500000000025, 0.30762500000000026, 0.31257500000000027, 0.3175250000000003, 0.3224750000000003, 0.3274250000000003, 0.33237500000000025, 0.3373250000000002, 0.3422750000000002, 0.3472250000000002, 0.3521750000000001, 0.35712500000000014, 0.3620750000000001, 0.3670250000000001, 0.37197500000000006, 0.376925, 0.381875, 0.386825, 0.39177499999999993, 0.39672499999999994, 0.4016749999999999, 0.40662499999999985, 0.41157499999999986, 0.4165249999999998, 0.4214749999999998, 0.4264249999999998, 0.43137499999999973, 0.43632499999999974, 0.4412749999999997, 0.44622499999999965, 0.45117499999999966, 0.4561249999999996, 0.46107499999999957, 0.4660249999999996, 0.47097499999999953, 0.4759249999999995, 0.4808749999999995, 0.48582499999999945, 0.49077499999999946, 0.4957249999999994, 0.5006749999999994, 0.5056249999999993, 0.5105749999999993, 0.5155249999999993, 0.5204749999999992, 0.5254249999999993, 0.5303749999999993, 0.5353249999999992, 0.5402749999999992, 0.5452249999999992, 0.5501749999999991, 0.5551249999999991, 0.5600749999999991, 0.565024999999999, 0.569974999999999, 0.574924999999999, 0.579874999999999, 0.5848249999999989, 0.5897749999999989, 0.594724999999999, 0.5996749999999988, 0.6046249999999989, 0.6095749999999989, 0.6145249999999988, 0.6194749999999988, 0.6244249999999988, 0.6293749999999987, 0.6343249999999987, 0.6392749999999987, 0.6442249999999987, 0.6491749999999987, 0.6541249999999988, 0.6590749999999989, 0.6640249999999989, 0.668974999999999, 0.673924999999999, 0.678874999999999, 0.6838249999999991, 0.6887749999999991, 0.6937249999999991, 0.6986749999999993, 0.7036249999999993, 0.7085749999999993, 0.7135249999999993, 0.7184749999999994, 0.7234249999999994, 0.7283749999999994, 0.7333249999999996, 0.7382749999999996, 0.7432249999999996, 0.7481749999999997, 0.7531249999999997, 0.7580749999999997, 0.7630249999999998, 0.7679749999999999, 0.7729249999999999, 0.777875, 0.782825, 0.787775, 0.7927250000000001, 0.7976750000000001, 0.8026250000000001, 0.8075750000000003, 0.8125250000000003, 0.8174750000000003, 0.8224250000000004, 0.8273750000000004, 0.8323250000000004, 0.8372750000000004, 0.8422500000000005], "HCA": [0.0026749999999999994, 0.005349999999999999, 0.009675, 0.013999999999999999, 0.018325, 0.02265, 0.027225000000000003, 0.031900000000000005, 0.0367, 0.0415, 0.046325000000000005, 0.05115, 0.055975000000000004, 0.0608, 0.065625, 0.07047500000000001, 0.075325, 0.080175, 0.08502499999999999, 0.08987499999999998, 0.094775, 0.099675, 0.104575, 0.109475, 0.114375, 0.119275, 0.12417500000000001, 0.1291, 0.134025, 0.13895, 0.143875, 0.1488, 0.153725, 0.15864999999999999, 0.16357499999999997, 0.16849999999999998, 0.17345, 0.1784, 0.18335, 0.18830000000000002, 0.19325000000000003, 0.19820000000000004, 0.20315000000000005, 0.20810000000000006, 0.21305000000000007, 0.21800000000000008, 0.2229500000000001, 0.2279000000000001, 0.2328500000000001, 0.23780000000000012, 0.24275000000000013, 0.24770000000000014, 0.25265000000000015, 0.25760000000000016, 0.26255000000000017, 0.2675000000000002, 0.2724500000000002, 0.2774000000000002, 0.2823500000000002, 0.2873000000000002, 0.29225000000000023, 0.29720000000000024, 0.30217500000000025], "HPRA": [0.0019500000000000001, 0.00455, 0.008875, 0.013199999999999998, 0.017525, 0.022000000000000002, 0.026475, 0.03095, 0.035425, 0.03989999999999999, 0.04437499999999999, 0.049199999999999994, 0.05402499999999999, 0.058849999999999986, 0.06367499999999998, 0.06849999999999999, 0.07332499999999999, 0.07814999999999998, 0.082975, 0.087875, 0.092775, 0.097675, 0.102575, 0.107475, 0.112375, 0.117275, 0.122175, 0.12707500000000002, 0.131975, 0.13687500000000002, 0.141775, 0.14667500000000003, 0.15157500000000002, 0.15647500000000003, 0.16137500000000002, 0.166275, 0.17122500000000002, 0.17617500000000003, 0.18112500000000004, 0.18607500000000005, 0.19102500000000006, 0.19597500000000007, 0.20092500000000008, 0.20587500000000009, 0.2108250000000001, 0.2157750000000001, 0.22072500000000012, 0.22567500000000013, 0.23062500000000014, 0.23557500000000015, 0.24052500000000016, 0.24547500000000017, 0.2504250000000002, 0.2553750000000002, 0.2603250000000002, 0.2652750000000002, 0.2702250000000002, 0.2751750000000002, 0.28012500000000023, 0.28507500000000024, 0.29002500000000025, 0.29500000000000026]}