{"HDA": [0.00365, 0.0073, 0.0114, 0.015925, 0.020575, 0.025225, 0.029875, 0.034525, 0.039349999999999996, 0.044199999999999996, 0.049075, 0.05395, 0.058824999999999995, 0.06369999999999999, 0.068575, 0.07344999999999999, 0.07832499999999999, 0.08319999999999998, 0.08807499999999999, 0.09297499999999999, 0.09787499999999999, 0.102775, 0.107675, 0.11257500000000001, 0.11747500000000001, 0.12237500000000001, 0.127275, 0.1322, 0.137125, 0.14205, 0.146975, 0.1519, 0.156825, 0.16175, 0.16667500000000002, 0.1716, 0.176525, 0.181475, 0.186425, 0.19137500000000002, 0.19632500000000003, 0.20127500000000004, 0.20622500000000005, 0.21117500000000006, 0.21612500000000007, 0.22107500000000008, 0.2260250000000001, 0.2309750000000001, 0.2359250000000001, 0.24087500000000012, 0.24582500000000013, 0.25077500000000014, 0.25572500000000015, 0.26067500000000016, 0.26562500000000017, 0.2706000000000002], "HBA": [0.00365, 0.0076500000000000005, 0.01175, 0.016274999999999998, 0.020925, 0.02565, 0.030449999999999998, 0.035275, 0.040125, 0.04497500000000001, 0.049850000000000005, 0.054725, 0.0596, 0.0645, 0.0694, 0.0743, 0.0792, 0.08410000000000001, 0.08900000000000001, 0.09390000000000001, 0.09880000000000001, 0.10370000000000001, 0.10862500000000001, 0.11355, 0.118475, 0.1234, 0.128325, 0.13324999999999998, 0.138175, 0.14309999999999998, 0.148025, 0.15294999999999997, 0.157875, 0.16279999999999997, 0.16772499999999999, 0.17264999999999997, 0.17757499999999996, 0.18252499999999997, 0.18747499999999997, 0.19242499999999998, 0.197375, 0.202325, 0.20727500000000001, 0.21222500000000002, 0.21717500000000003, 0.22212500000000004, 0.22707500000000005, 0.23202500000000006, 0.23697500000000007, 0.24192500000000008, 0.2468750000000001, 0.25182500000000013, 0.25677500000000014, 0.26172500000000015, 0.26667500000000016, 0.27162500000000017, 0.2765750000000002, 0.2815250000000002, 0.2864750000000002, 0.2914250000000002, 0.2963750000000002, 0.30132500000000023, 0.30627500000000024, 0.31122500000000025, 0.31617500000000026, 0.32112500000000027, 0.3260750000000002, 0.3310250000000002, 0.3359750000000002, 0.34092500000000014, 0.34587500000000015, 0.3508250000000001, 0.35577500000000006, 0.3607250000000001, 0.36567500000000003, 0.370625, 0.375575, 0.38052499999999995, 0.3854749999999999, 0.3904249999999999, 0.39537499999999987, 0.4003249999999998, 0.40527499999999983, 0.4102249999999998, 0.4151749999999998, 0.42012499999999975, 0.4250749999999997, 0.4300249999999997, 0.43497499999999967, 0.4399249999999996, 0.44487499999999963, 0.4498249999999996, 0.45477499999999954, 0.45972499999999955, 0.4646749999999995, 0.4696249999999995, 0.47457499999999947, 0.4795249999999994, 0.48447499999999943, 0.4894249999999994, 0.49437499999999934, 0.49932499999999935, 0.5042749999999994, 0.5092249999999993, 0.5141749999999993, 0.5191249999999993, 0.5240749999999992, 0.5290249999999992, 0.5339749999999992, 0.5389249999999991, 0.5438749999999991, 0.5488249999999991, 0.553774999999999, 0.558724999999999, 0.563674999999999, 0.5686249999999989, 0.573574999999999, 0.578524999999999, 0.5834749999999989, 0.5884249999999989, 0.5933749999999989, 0.5983249999999988, 0.6032749999999988, 0.6082249999999988, 0.6131749999999987, 0.6181249999999987, 0.6230749999999987, 0.6280249999999987, 0.6329749999999986, 0.6379249999999986, 0.6428749999999986, 0.6478249999999988, 0.6527749999999988, 0.6577249999999988, 0.6626749999999988, 0.6676249999999989, 0.6725749999999989, 0.6775249999999989, 0.682474999999999, 0.6874249999999991, 0.6923749999999991, 0.6973249999999992, 0.7022749999999992, 0.7072249999999992, 0.7121749999999993, 0.7171249999999993, 0.7220749999999994, 0.7270249999999995, 0.7319749999999995, 0.7369249999999995, 0.7418749999999996, 0.7468249999999996, 0.7517749999999996, 0.7567249999999998, 0.7616749999999998, 0.7666249999999998, 0.7715749999999999, 0.7765249999999999, 0.7814749999999999, 0.7864249999999999, 0.791375, 0.7963250000000001, 0.8012750000000001, 0.8062250000000002, 0.8111750000000002, 0.8161250000000002, 0.8210750000000003, 0.8260250000000003, 0.8309750000000004, 0.8359250000000005, 0.8408750000000005, 0.8458250000000005, 0.8507750000000006, 0.8557250000000006, 0.8606750000000006, 0.8656250000000008, 0.8705750000000008, 0.8755250000000008, 0.8804750000000009, 0.8854250000000009, 0.8903750000000009, 0.895325000000001, 0.900275000000001, 0.9052250000000011, 0.9101750000000011, 0.9151250000000012, 0.9201000000000011], "HCA": [0.00365, 0.0073, 0.0114, 0.015925, 0.020575, 0.025225, 0.030025, 0.03485, 0.0397, 0.04455, 0.049425, 0.054299999999999994, 0.059175, 0.06405, 0.06892499999999999, 0.07379999999999999, 0.078675, 0.08354999999999999, 0.08842499999999999, 0.09332499999999999, 0.09822499999999999, 0.103125, 0.10805, 0.11297499999999999, 0.11789999999999999, 0.12282499999999999, 0.12774999999999997, 0.132675, 0.13759999999999997, 0.14252499999999999, 0.14744999999999997, 0.15237499999999998, 0.15729999999999997, 0.16222499999999995, 0.16714999999999997, 0.17207499999999995, 0.17699999999999996, 0.18194999999999997, 0.18689999999999998, 0.19185, 0.1968, 0.20175, 0.20670000000000002, 0.21165000000000003, 0.21660000000000004, 0.22155000000000005, 0.22650000000000006, 0.23145000000000007, 0.23640000000000008, 0.2413500000000001, 0.2463000000000001, 0.2512500000000001, 0.2562000000000001, 0.2611500000000001, 0.2661000000000001, 0.2710750000000001], "HPRA": [0.00365, 0.0073, 0.0114, 0.015925, 0.020575, 0.025225, 0.029875, 0.034525, 0.039174999999999995, 0.04392499999999999, 0.04879999999999999, 0.05367499999999999, 0.058549999999999984, 0.06342499999999998, 0.06829999999999999, 0.07317499999999998, 0.07804999999999998, 0.08292499999999998, 0.08779999999999999, 0.09267500000000001, 0.09755000000000001, 0.10242500000000002, 0.10730000000000002, 0.11217500000000002, 0.11705000000000004, 0.12192500000000005, 0.12680000000000005, 0.13167500000000007, 0.13655000000000006, 0.14142500000000008, 0.14630000000000007, 0.1511750000000001, 0.1560500000000001, 0.1609250000000001, 0.1658000000000001, 0.1706750000000001, 0.1755500000000001, 0.1804750000000001, 0.18542500000000012, 0.19037500000000013, 0.19532500000000014, 0.20027500000000015, 0.20522500000000016, 0.21017500000000017, 0.21512500000000018, 0.2200750000000002, 0.2250250000000002, 0.2299750000000002, 0.23492500000000022, 0.23987500000000023, 0.24482500000000024, 0.24977500000000025, 0.25472500000000026, 0.25967500000000027, 0.2646500000000003]}