{"HDA": [0.004025, 0.00805, 0.012075, 0.0161, 0.020124999999999997, 0.024675, 0.029224999999999998, 0.0339, 0.038575, 0.043250000000000004, 0.047975000000000004, 0.052700000000000004, 0.057425000000000004, 0.06215000000000001, 0.06695000000000001, 0.07175000000000001, 0.07655, 0.08137500000000002, 0.08620000000000001, 0.09102500000000001, 0.09590000000000001, 0.10077500000000002, 0.10565000000000004, 0.11052500000000004, 0.11540000000000004, 0.12027500000000005, 0.12515000000000007, 0.13002500000000006, 0.13490000000000008, 0.1397750000000001, 0.14465000000000008, 0.1495250000000001, 0.1544000000000001, 0.1592750000000001, 0.1641500000000001, 0.1690250000000001, 0.1739000000000001, 0.17882500000000012, 0.1837500000000001, 0.18870000000000012, 0.19365000000000013, 0.19860000000000014, 0.20355000000000015, 0.20850000000000016, 0.21345000000000017, 0.21840000000000018, 0.2233500000000002, 0.2283000000000002, 0.2332500000000002, 0.23820000000000022, 0.24315000000000023, 0.24810000000000024, 0.2530500000000002, 0.25800000000000023, 0.26295000000000024, 0.26790000000000025, 0.27285000000000026, 0.27780000000000027, 0.2827500000000003, 0.2877000000000003, 0.2926500000000003, 0.2976000000000003, 0.3025500000000003, 0.30750000000000033, 0.31245000000000034, 0.31742500000000035], "HBA": [0.004025, 0.00835, 0.0128, 0.017275, 0.021825, 0.026425, 0.031025, 0.035750000000000004, 0.040475000000000004, 0.045225, 0.049975, 0.054724999999999996, 0.05952499999999999, 0.064325, 0.069175, 0.074025, 0.078875, 0.08375, 0.08862500000000001, 0.09350000000000001, 0.09837500000000002, 0.10325000000000002, 0.10812500000000004, 0.11302500000000004, 0.11792500000000004, 0.12282500000000005, 0.12772500000000003, 0.13265000000000005, 0.13757500000000003, 0.14250000000000004, 0.14742500000000003, 0.15235000000000004, 0.15727500000000003, 0.1622, 0.16712500000000002, 0.17205, 0.17697500000000002, 0.1819, 0.18682500000000002, 0.19177500000000003, 0.19672500000000004, 0.20167500000000005, 0.20662500000000006, 0.21157500000000007, 0.21652500000000008, 0.2214750000000001, 0.2264250000000001, 0.2313750000000001, 0.23632500000000012, 0.24127500000000013, 0.24622500000000014, 0.25117500000000015, 0.25612500000000016, 0.26107500000000017, 0.2660250000000002, 0.2709750000000002, 0.2759250000000002, 0.2808750000000002, 0.2858250000000002, 0.2907750000000002, 0.29572500000000024, 0.30067500000000025, 0.30562500000000026, 0.31057500000000027, 0.3155250000000003, 0.3204750000000003, 0.32542500000000024, 0.33037500000000025, 0.3353250000000002, 0.34027500000000016, 0.34522500000000017, 0.3501750000000001, 0.3551250000000001, 0.3600750000000001, 0.36502500000000004, 0.369975, 0.374925, 0.37987499999999996, 0.384825, 0.3897749999999999, 0.3947249999999999, 0.3996749999999999, 0.40462499999999985, 0.4095749999999998, 0.4145249999999998, 0.41947499999999976, 0.4244249999999997, 0.42937499999999973, 0.4343249999999997, 0.43927499999999964, 0.44422499999999965, 0.4491749999999996, 0.4541249999999996, 0.45907499999999957, 0.4640249999999995, 0.46897499999999953, 0.4739249999999995, 0.47887499999999944, 0.48382499999999945, 0.4887749999999994, 0.49372499999999936, 0.49867499999999937, 0.5036249999999993, 0.5085749999999993, 0.5135249999999992, 0.5184749999999992, 0.5234249999999993, 0.5283749999999992, 0.5333249999999992, 0.5382749999999992, 0.5432249999999992, 0.5481749999999991, 0.5531249999999991, 0.5580749999999991, 0.563024999999999, 0.567974999999999, 0.572924999999999, 0.5778749999999989, 0.5828249999999989, 0.5877749999999989, 0.5927249999999988, 0.5976749999999988, 0.6026249999999989, 0.6075749999999988, 0.6125249999999988, 0.6174749999999988, 0.6224249999999987, 0.6273749999999987, 0.6323249999999987, 0.6372749999999986, 0.6422249999999987, 0.6471749999999987, 0.6521249999999987, 0.6570749999999989, 0.6620249999999989, 0.6669749999999989, 0.671924999999999, 0.676874999999999, 0.681824999999999, 0.6867749999999991, 0.6917249999999991, 0.6966749999999992, 0.7016249999999993, 0.7065749999999993, 0.7115249999999993, 0.7164749999999994, 0.7214249999999994, 0.7263749999999994, 0.7313249999999996, 0.7362749999999996, 0.7412249999999996, 0.7461749999999996, 0.7511249999999997, 0.7560749999999997, 0.7610249999999997, 0.7659749999999999, 0.7709249999999999, 0.7758749999999999, 0.780825, 0.785775, 0.790725, 0.7956750000000001, 0.8006250000000001, 0.8055750000000002, 0.8105250000000003, 0.8154750000000003, 0.8204250000000003, 0.8253750000000004, 0.8303250000000004, 0.8352750000000004, 0.8402250000000006, 0.8451750000000006, 0.8501250000000006, 0.8550750000000007, 0.8600250000000007, 0.8649750000000007, 0.8699250000000007, 0.8748750000000008, 0.8798250000000009, 0.8847750000000009, 0.8897500000000009], "HCA": [0.004025, 0.00835, 0.0128, 0.017275, 0.02175, 0.0263, 0.030899999999999997, 0.035625, 0.040350000000000004, 0.045075000000000004, 0.049800000000000004, 0.054525000000000004, 0.059275, 0.06407500000000001, 0.068875, 0.07367500000000002, 0.07847500000000002, 0.08335000000000002, 0.08822500000000004, 0.09310000000000004, 0.09797500000000005, 0.10285000000000005, 0.10772500000000006, 0.11262500000000006, 0.11752500000000006, 0.12242500000000006, 0.12732500000000008, 0.13225000000000006, 0.13717500000000007, 0.14210000000000006, 0.14702500000000007, 0.15195000000000006, 0.15687500000000004, 0.16180000000000005, 0.16672500000000007, 0.17165000000000005, 0.17657500000000007, 0.18150000000000005, 0.18642500000000006, 0.19137500000000007, 0.19632500000000008, 0.2012750000000001, 0.2062250000000001, 0.2111750000000001, 0.21612500000000012, 0.22107500000000013, 0.22602500000000014, 0.23097500000000015, 0.23592500000000016, 0.24087500000000017, 0.24582500000000018, 0.2507750000000002, 0.2557250000000002, 0.2606750000000002, 0.2656250000000002, 0.27057500000000023, 0.27552500000000024, 0.28047500000000025, 0.28542500000000026, 0.29037500000000027, 0.2953250000000003, 0.3002750000000003, 0.3052250000000003, 0.3101750000000003, 0.3151250000000003, 0.3200750000000003, 0.3250500000000003], "HPRA": [0.004025, 0.00805, 0.012075, 0.0161, 0.020124999999999997, 0.024149999999999994, 0.028174999999999995, 0.03219999999999999, 0.036474999999999994, 0.040749999999999995, 0.045024999999999996, 0.0493, 0.05375, 0.0582, 0.06292500000000001, 0.06765, 0.07245000000000001, 0.07725000000000001, 0.08205000000000001, 0.08685000000000002, 0.09167500000000002, 0.09655000000000002, 0.10142500000000004, 0.10630000000000005, 0.11117500000000005, 0.11605000000000006, 0.12092500000000006, 0.12580000000000008, 0.13067500000000007, 0.1355500000000001, 0.1404250000000001, 0.1453000000000001, 0.15017500000000011, 0.1550500000000001, 0.15992500000000012, 0.1648000000000001, 0.16967500000000013, 0.17455000000000012, 0.17942500000000014, 0.18435000000000012, 0.18930000000000013, 0.19425000000000014, 0.19920000000000015, 0.20415000000000016, 0.20910000000000017, 0.21405000000000018, 0.2190000000000002, 0.2239500000000002, 0.22890000000000021, 0.23385000000000022, 0.23880000000000023, 0.24375000000000024, 0.24870000000000025, 0.25365000000000026, 0.2586000000000003, 0.2635500000000003, 0.2685000000000003, 0.2734500000000003, 0.2784000000000003, 0.2833500000000003, 0.28830000000000033, 0.29325000000000034, 0.29820000000000035, 0.30315000000000036, 0.30812500000000037]}