{"HDA": [0.0025, 0.0062250000000000005, 0.010700000000000001, 0.015175000000000001, 0.019825, 0.024474999999999997, 0.029124999999999998, 0.03377499999999999, 0.038549999999999994, 0.043324999999999995, 0.0481, 0.05292499999999999, 0.057749999999999996, 0.06257499999999999, 0.06739999999999999, 0.072225, 0.07707499999999999, 0.08195000000000001, 0.08682500000000001, 0.09170000000000002, 0.09657500000000002, 0.10147500000000002, 0.10637500000000003, 0.11127500000000003, 0.11617500000000003, 0.12107500000000003, 0.12597500000000003, 0.13087500000000005, 0.13577500000000003, 0.14067500000000005, 0.14557500000000004, 0.15047500000000005, 0.15537500000000004, 0.16032500000000005, 0.16527500000000006, 0.17022500000000007, 0.17517500000000008, 0.1801250000000001, 0.1850750000000001, 0.1900250000000001, 0.19497500000000012, 0.19992500000000013, 0.20487500000000014, 0.20982500000000015, 0.21477500000000016, 0.21972500000000017, 0.22467500000000018, 0.2296250000000002, 0.2345750000000002, 0.2395250000000002, 0.24447500000000022, 0.24942500000000023, 0.25437500000000024, 0.25932500000000025, 0.26427500000000026, 0.26922500000000027, 0.2741750000000003, 0.2791250000000003, 0.2840750000000003, 0.2890500000000003], "HBA": [0.0025, 0.006274999999999999, 0.01075, 0.015325, 0.019975, 0.024725, 0.029500000000000002, 0.034275, 0.039075, 0.04390000000000001, 0.048725000000000004, 0.05355000000000001, 0.058375, 0.063225, 0.06807500000000001, 0.07292500000000002, 0.07780000000000001, 0.08267500000000001, 0.08755000000000003, 0.09245000000000003, 0.09735000000000003, 0.10225000000000004, 0.10715000000000004, 0.11205000000000004, 0.11697500000000004, 0.12190000000000004, 0.12682500000000002, 0.13175000000000003, 0.13667500000000002, 0.14160000000000003, 0.14652500000000002, 0.15145, 0.1564, 0.16135000000000002, 0.16630000000000003, 0.17125000000000004, 0.17620000000000005, 0.18115000000000006, 0.18610000000000007, 0.19105000000000008, 0.1960000000000001, 0.2009500000000001, 0.2059000000000001, 0.21085000000000012, 0.21580000000000013, 0.22075000000000014, 0.22570000000000015, 0.23065000000000016, 0.23560000000000017, 0.24055000000000018, 0.2455000000000002, 0.2504500000000002, 0.2554000000000002, 0.2603500000000002, 0.2653000000000002, 0.2702500000000002, 0.2752000000000002, 0.28015000000000023, 0.28510000000000024, 0.29005000000000025, 0.29500000000000026, 0.29995000000000027, 0.3049000000000003, 0.3098500000000003, 0.3148000000000003, 0.3197500000000003, 0.3247000000000003, 0.32965000000000033, 0.3346000000000003, 0.33955000000000024, 0.34450000000000025, 0.3494500000000002, 0.3544000000000002, 0.35935000000000017, 0.3643000000000001, 0.36925000000000013, 0.3742000000000001, 0.37915000000000004, 0.38410000000000005, 0.38905, 0.39399999999999996, 0.39894999999999997, 0.4038999999999999, 0.40884999999999994, 0.4137999999999999, 0.41874999999999984, 0.42369999999999985, 0.4286499999999998, 0.43359999999999976, 0.4385499999999998, 0.44349999999999973, 0.4484499999999997, 0.4533999999999997, 0.45834999999999965, 0.4632999999999996, 0.4682499999999996, 0.47319999999999957, 0.4781499999999996, 0.48309999999999953, 0.4880499999999995, 0.4929999999999995, 0.49794999999999945, 0.5028999999999995, 0.5078499999999994, 0.5127999999999994, 0.5177499999999994, 0.5226999999999993, 0.5276499999999993, 0.5325999999999993, 0.5375499999999992, 0.5424999999999992, 0.5474499999999992, 0.5523999999999991, 0.5573499999999991, 0.5622999999999991, 0.5672499999999991, 0.572199999999999, 0.577149999999999, 0.5820999999999991, 0.587049999999999, 0.591999999999999, 0.596949999999999, 0.6018999999999989, 0.6068499999999989, 0.6117999999999989, 0.6167499999999988, 0.6216999999999988, 0.6266499999999988, 0.6315999999999987, 0.6365499999999987, 0.6414999999999987, 0.6464499999999989, 0.6513999999999989, 0.6563499999999989, 0.661299999999999, 0.666249999999999, 0.671199999999999, 0.6761499999999991, 0.6810999999999992, 0.6860499999999992, 0.6909999999999993, 0.6959499999999993, 0.7008999999999993, 0.7058499999999994, 0.7107999999999994, 0.7157499999999994, 0.7206999999999995, 0.7256499999999996, 0.7305999999999996, 0.7355499999999996, 0.7404999999999997, 0.7454499999999997, 0.7503999999999997, 0.7553499999999999, 0.7602999999999999, 0.7652499999999999, 0.7702, 0.77515, 0.7801, 0.7850500000000001, 0.7900000000000001, 0.7949500000000002, 0.7999000000000003, 0.8048500000000003, 0.8098000000000003, 0.8147500000000004, 0.8197000000000004, 0.8246500000000004, 0.8296000000000006, 0.8345500000000006, 0.8395000000000006, 0.8444500000000006, 0.8494000000000007, 0.8543500000000007, 0.8593000000000007, 0.8642500000000009, 0.8692000000000009, 0.8741500000000009, 0.879100000000001, 0.884050000000001, 0.889000000000001, 0.8939500000000011, 0.8989250000000011], "HCA": [0.0025, 0.006274999999999999, 0.01075, 0.015325, 0.019975, 0.024725, 0.029500000000000002, 0.034275, 0.03905, 0.04385, 0.04865, 0.053475, 0.0583, 0.063125, 0.06795, 0.0728, 0.07765000000000001, 0.0825, 0.08737500000000001, 0.09225000000000001, 0.09712500000000002, 0.10202500000000002, 0.10692500000000002, 0.11182500000000002, 0.11672500000000002, 0.12165000000000002, 0.12657500000000002, 0.13150000000000003, 0.13642500000000002, 0.14135, 0.14627500000000002, 0.1512, 0.15615, 0.1611, 0.16605, 0.171, 0.17595000000000002, 0.18090000000000003, 0.18585000000000004, 0.19080000000000005, 0.19575000000000006, 0.20070000000000007, 0.20565000000000008, 0.2106000000000001, 0.2155500000000001, 0.2205000000000001, 0.22545000000000012, 0.23040000000000013, 0.23535000000000014, 0.24030000000000015, 0.24525000000000016, 0.2502000000000002, 0.2551500000000002, 0.2601000000000002, 0.26505000000000023, 0.27000000000000024, 0.27495000000000025, 0.27990000000000026, 0.28485000000000027, 0.2898000000000003, 0.29477500000000023], "HPRA": [0.0025, 0.0062250000000000005, 0.010700000000000001, 0.015175000000000001, 0.019825, 0.024474999999999997, 0.029124999999999998, 0.03377499999999999, 0.038424999999999994, 0.043074999999999995, 0.04784999999999999, 0.05262499999999999, 0.05739999999999999, 0.062224999999999996, 0.06705, 0.071875, 0.07669999999999999, 0.081525, 0.08635, 0.09117499999999999, 0.09605000000000001, 0.10092500000000001, 0.10580000000000002, 0.11067500000000002, 0.11555000000000003, 0.12042500000000005, 0.12530000000000005, 0.13017500000000004, 0.13505000000000006, 0.13992500000000008, 0.14480000000000007, 0.14967500000000009, 0.15460000000000007, 0.15955000000000008, 0.16450000000000006, 0.16945000000000007, 0.17440000000000008, 0.1793500000000001, 0.1843000000000001, 0.1892500000000001, 0.19420000000000012, 0.19915000000000013, 0.20410000000000014, 0.20905000000000015, 0.21400000000000016, 0.21895000000000017, 0.22390000000000018, 0.2288500000000002, 0.2338000000000002, 0.2387500000000002, 0.24370000000000022, 0.24865000000000023, 0.25360000000000027, 0.2585500000000003, 0.2635000000000003, 0.2684500000000003, 0.2734000000000003, 0.2783500000000003, 0.28330000000000033, 0.2882750000000003]}