{"HDA": [0.0021500000000000004, 0.005549999999999999, 0.00895, 0.013224999999999997, 0.017499999999999998, 0.022125, 0.02675, 0.031375, 0.036, 0.040625, 0.04542500000000001, 0.050225000000000006, 0.05502500000000001, 0.05982500000000002, 0.06462500000000002, 0.06942500000000003, 0.07422500000000003, 0.07902500000000004, 0.08382500000000004, 0.08862500000000004, 0.09342500000000005, 0.09822500000000005, 0.10302500000000006, 0.10782500000000006, 0.11262500000000006, 0.11742500000000007, 0.12222500000000007, 0.12702500000000008, 0.13190000000000007, 0.1367750000000001, 0.1416500000000001, 0.1465250000000001, 0.15140000000000012, 0.1562750000000001, 0.16115000000000013, 0.16602500000000014, 0.17095000000000013, 0.17590000000000014, 0.18085000000000015, 0.18580000000000016, 0.19075000000000017, 0.19570000000000018, 0.2006500000000002, 0.2056000000000002, 0.2105500000000002, 0.21550000000000022, 0.22045000000000023, 0.22540000000000024, 0.23035000000000025, 0.23530000000000026, 0.24025000000000027, 0.24520000000000028, 0.2501500000000003, 0.2551000000000003, 0.26005000000000034, 0.26500000000000035, 0.2699750000000003], "HBA": [0.00285, 0.0066, 0.010525, 0.0148, 0.019375, 0.024, 0.028624999999999998, 0.033324999999999994, 0.03812499999999999, 0.042925, 0.04772499999999999, 0.052524999999999995, 0.057325, 0.062175, 0.067025, 0.07187500000000001, 0.07675000000000001, 0.08165000000000001, 0.08655000000000002, 0.09145000000000002, 0.09635000000000002, 0.10125000000000002, 0.10617500000000002, 0.11110000000000002, 0.116025, 0.12095, 0.12587500000000001, 0.1308, 0.13572499999999998, 0.14065, 0.14557499999999998, 0.1505, 0.15542499999999998, 0.16035, 0.165275, 0.1702, 0.175125, 0.180075, 0.18502500000000002, 0.18997500000000003, 0.19492500000000004, 0.19987500000000005, 0.20482500000000006, 0.20977500000000007, 0.21472500000000008, 0.2196750000000001, 0.2246250000000001, 0.2295750000000001, 0.23452500000000012, 0.23947500000000013, 0.24442500000000014, 0.24937500000000015, 0.25432500000000013, 0.25927500000000014, 0.26422500000000015, 0.26917500000000016, 0.2741250000000002, 0.2790750000000002, 0.2840250000000002, 0.2889750000000002, 0.2939250000000002, 0.2988750000000002, 0.30382500000000023, 0.30877500000000024, 0.31372500000000025, 0.31867500000000026, 0.3236250000000003, 0.32857500000000023, 0.3335250000000002, 0.3384750000000002, 0.34342500000000015, 0.3483750000000001, 0.3533250000000001, 0.35827500000000007, 0.3632250000000001, 0.36817500000000003, 0.373125, 0.378075, 0.38302499999999995, 0.3879749999999999, 0.3929249999999999, 0.39787499999999987, 0.4028249999999998, 0.40777499999999983, 0.4127249999999998, 0.4176749999999998, 0.42262499999999975, 0.4275749999999997, 0.4325249999999997, 0.43747499999999967, 0.4424249999999996, 0.44737499999999963, 0.4523249999999996, 0.45727499999999954, 0.46222499999999955, 0.4671749999999995, 0.47212499999999946, 0.47707499999999947, 0.4820249999999994, 0.48697499999999944, 0.4919249999999994, 0.49687499999999934, 0.5018249999999993, 0.5067749999999993, 0.5117249999999993, 0.5166749999999992, 0.5216249999999992, 0.5265749999999992, 0.5315249999999991, 0.5364749999999991, 0.5414249999999992, 0.5463749999999991, 0.5513249999999991, 0.5562749999999991, 0.561224999999999, 0.566174999999999, 0.571124999999999, 0.576074999999999, 0.5810249999999989, 0.5859749999999989, 0.5909249999999989, 0.5958749999999988, 0.6008249999999988, 0.6057749999999988, 0.6107249999999987, 0.6156749999999988, 0.6206249999999988, 0.6255749999999987, 0.6305249999999987, 0.6354749999999987, 0.6404249999999986, 0.6453749999999987, 0.6503249999999987, 0.6552749999999987, 0.6602249999999988, 0.6651749999999989, 0.6701249999999989, 0.675074999999999, 0.680024999999999, 0.684974999999999, 0.6899249999999991, 0.6948749999999991, 0.6998249999999991, 0.7047749999999993, 0.7097249999999993, 0.7146749999999993, 0.7196249999999993, 0.7245749999999994, 0.7295249999999994, 0.7344749999999994, 0.7394249999999996, 0.7443749999999996, 0.7493249999999996, 0.7542749999999997, 0.7592249999999997, 0.7641749999999997, 0.7691249999999998, 0.7740749999999998, 0.7790249999999999, 0.783975, 0.788925, 0.793875, 0.7988250000000001, 0.8037750000000001, 0.8087250000000001, 0.8136750000000003, 0.8186250000000003, 0.8235750000000003, 0.8285250000000004, 0.8334750000000004, 0.8384250000000004, 0.8433750000000004, 0.8483250000000006, 0.8532750000000006, 0.8582250000000006, 0.8631750000000007, 0.8681500000000006], "HCA": [0.00285, 0.0066, 0.010525, 0.0148, 0.019375, 0.024, 0.028624999999999998, 0.033324999999999994, 0.03812499999999999, 0.042925, 0.04772499999999999, 0.052524999999999995, 0.057325, 0.06212500000000001, 0.06692500000000001, 0.07172500000000001, 0.07652500000000001, 0.08142500000000003, 0.08632500000000003, 0.09122500000000003, 0.09612500000000003, 0.10102500000000003, 0.10595000000000003, 0.11087500000000002, 0.11580000000000001, 0.12072500000000001, 0.12565, 0.130575, 0.1355, 0.140425, 0.14535, 0.150275, 0.1552, 0.160125, 0.16505, 0.169975, 0.17489999999999997, 0.17984999999999998, 0.1848, 0.18975, 0.1947, 0.19965000000000002, 0.20460000000000003, 0.20955000000000004, 0.21450000000000005, 0.21945000000000006, 0.22440000000000007, 0.22935000000000008, 0.2343000000000001, 0.2392500000000001, 0.2442000000000001, 0.24915000000000012, 0.25410000000000016, 0.25905000000000017, 0.2640000000000002, 0.2689500000000002, 0.2739000000000002, 0.27887500000000015], "HPRA": [0.0021500000000000004, 0.005549999999999999, 0.00895, 0.012349999999999998, 0.0161, 0.020724999999999997, 0.025349999999999998, 0.029974999999999995, 0.03459999999999999, 0.039224999999999996, 0.04385, 0.04865, 0.053450000000000004, 0.05825000000000001, 0.06305000000000001, 0.06785000000000002, 0.07265000000000002, 0.07745000000000003, 0.08225000000000003, 0.08705000000000003, 0.09185000000000004, 0.09665000000000004, 0.10145000000000005, 0.10625000000000005, 0.11105000000000005, 0.11585000000000006, 0.12065000000000006, 0.12545000000000006, 0.1302500000000001, 0.1350500000000001, 0.13985000000000009, 0.14465000000000008, 0.14945000000000008, 0.1542500000000001, 0.1590500000000001, 0.1639000000000001, 0.1688000000000001, 0.1737500000000001, 0.1787000000000001, 0.18365000000000012, 0.18860000000000013, 0.19355000000000014, 0.19850000000000015, 0.20345000000000016, 0.20840000000000017, 0.21335000000000018, 0.2183000000000002, 0.2232500000000002, 0.2282000000000002, 0.23315000000000022, 0.23810000000000023, 0.24305000000000024, 0.24800000000000025, 0.2529500000000003, 0.2579000000000003, 0.2628500000000003, 0.26782500000000026]}