{"HDA": [0.0038250000000000003, 0.0082, 0.012675, 0.017150000000000002, 0.021625000000000002, 0.0261, 0.030575, 0.0352, 0.039825, 0.04445, 0.04907500000000001, 0.05380000000000001, 0.05852500000000001, 0.06325000000000001, 0.06797500000000001, 0.07280000000000002, 0.07767500000000001, 0.08255000000000001, 0.08745000000000001, 0.09235000000000002, 0.09725000000000002, 0.10215000000000002, 0.10705000000000002, 0.11195000000000002, 0.11685000000000002, 0.12175000000000002, 0.12665000000000004, 0.13155000000000003, 0.13645000000000004, 0.14137500000000003, 0.1463, 0.15122500000000003, 0.15615, 0.16107500000000002, 0.166, 0.17092500000000002, 0.17587500000000003, 0.18082500000000004, 0.18577500000000005, 0.19072500000000006, 0.19567500000000007, 0.20062500000000008, 0.2055750000000001, 0.2105250000000001, 0.2154750000000001, 0.22042500000000012, 0.22537500000000013, 0.23032500000000014, 0.23527500000000015, 0.24022500000000016, 0.24517500000000017, 0.25012500000000015, 0.25507500000000016, 0.2600250000000002, 0.2649750000000002, 0.2699250000000002, 0.2749000000000002], "HBA": [0.0038250000000000003, 0.0082, 0.012675, 0.01725, 0.02185, 0.02645, 0.03115, 0.035925000000000006, 0.04075, 0.045575000000000004, 0.050425000000000005, 0.055275000000000005, 0.06015000000000001, 0.065025, 0.0699, 0.0748, 0.07970000000000001, 0.08460000000000001, 0.08950000000000001, 0.09440000000000001, 0.09932500000000001, 0.10425000000000001, 0.10917500000000001, 0.11410000000000001, 0.11902499999999999, 0.12394999999999999, 0.128875, 0.1338, 0.138725, 0.14364999999999997, 0.14857499999999998, 0.15349999999999997, 0.15842499999999998, 0.16334999999999997, 0.16827499999999998, 0.17319999999999997, 0.17814999999999998, 0.18309999999999998, 0.18805, 0.193, 0.19795000000000001, 0.20290000000000002, 0.20785000000000003, 0.21280000000000004, 0.21775000000000005, 0.22270000000000006, 0.22765000000000007, 0.23260000000000008, 0.2375500000000001, 0.2425000000000001, 0.24745000000000011, 0.2524000000000001, 0.25735000000000013, 0.26230000000000014, 0.26725000000000015, 0.27220000000000016, 0.2771500000000002, 0.2821000000000002, 0.2870500000000002, 0.2920000000000002, 0.2969500000000002, 0.3019000000000002, 0.30685000000000023, 0.31180000000000024, 0.31675000000000025, 0.3217000000000002, 0.3266500000000002, 0.3316000000000002, 0.3365500000000001, 0.34150000000000014, 0.3464500000000001, 0.3514000000000001, 0.35635000000000006, 0.3613, 0.36625, 0.3712, 0.37614999999999993, 0.38109999999999994, 0.3860499999999999, 0.39099999999999985, 0.39594999999999986, 0.4008999999999998, 0.4058499999999998, 0.4107999999999998, 0.41574999999999973, 0.42069999999999974, 0.4256499999999997, 0.43059999999999965, 0.43554999999999966, 0.4404999999999996, 0.44544999999999957, 0.4503999999999996, 0.45534999999999953, 0.4602999999999995, 0.4652499999999995, 0.47019999999999945, 0.47514999999999946, 0.4800999999999994, 0.48504999999999937, 0.4899999999999994, 0.49494999999999933, 0.4998999999999993, 0.5048499999999992, 0.5097999999999993, 0.5147499999999993, 0.5196999999999992, 0.5246499999999992, 0.5295999999999992, 0.5345499999999991, 0.5394999999999991, 0.5444499999999991, 0.549399999999999, 0.554349999999999, 0.559299999999999, 0.564249999999999, 0.5691999999999989, 0.5741499999999989, 0.579099999999999, 0.5840499999999988, 0.5889999999999989, 0.5939499999999989, 0.5988999999999988, 0.6038499999999988, 0.6087999999999988, 0.6137499999999987, 0.6186999999999987, 0.6236499999999987, 0.6285999999999986, 0.6335499999999986, 0.6384999999999986, 0.6434499999999985, 0.6483999999999986, 0.6533499999999987, 0.6582999999999987, 0.6632499999999988, 0.6681999999999988, 0.6731499999999988, 0.6780999999999989, 0.6830499999999989, 0.687999999999999, 0.6929499999999991, 0.6978999999999991, 0.7028499999999991, 0.7077999999999992, 0.7127499999999992, 0.7176999999999992, 0.7226499999999993, 0.7275999999999994, 0.7325499999999994, 0.7374999999999994, 0.7424499999999995, 0.7473999999999995, 0.7523499999999995, 0.7572999999999996, 0.7622499999999997, 0.7671999999999997, 0.7721499999999998, 0.7770999999999998, 0.7820499999999998, 0.7869999999999999, 0.7919499999999999, 0.7968999999999999, 0.8018500000000001, 0.8068000000000001, 0.8117500000000001, 0.8167000000000002, 0.8216500000000002, 0.8266000000000002, 0.8315500000000003, 0.8365000000000004, 0.8414500000000004, 0.8464250000000004], "HCA": [0.0038250000000000003, 0.0082, 0.012675, 0.017150000000000002, 0.021625000000000002, 0.026225000000000002, 0.030925, 0.0357, 0.040475000000000004, 0.0453, 0.050125, 0.05495, 0.059775, 0.06465, 0.06955, 0.07445, 0.07935, 0.08425, 0.08915000000000001, 0.09405000000000001, 0.09895000000000001, 0.10387500000000001, 0.10880000000000001, 0.113725, 0.11865, 0.123575, 0.1285, 0.133425, 0.13835, 0.14327499999999999, 0.1482, 0.15312499999999998, 0.15804999999999997, 0.16297499999999998, 0.1679, 0.17282499999999998, 0.17775, 0.1827, 0.18765, 0.19260000000000002, 0.19755000000000003, 0.20250000000000004, 0.20745000000000005, 0.21240000000000006, 0.21735000000000007, 0.22230000000000008, 0.2272500000000001, 0.2322000000000001, 0.2371500000000001, 0.24210000000000012, 0.24705000000000013, 0.2520000000000001, 0.2569500000000001, 0.26190000000000013, 0.26685000000000014, 0.27180000000000015, 0.27675000000000016, 0.28172500000000017], "HPRA": [0.0038250000000000003, 0.0082, 0.012675, 0.017150000000000002, 0.021625000000000002, 0.0261, 0.0307, 0.035325, 0.03995, 0.044575000000000004, 0.04920000000000001, 0.05392500000000001, 0.05865000000000001, 0.06337500000000001, 0.06810000000000001, 0.07282500000000001, 0.07755000000000002, 0.08237500000000003, 0.08727500000000003, 0.09217500000000003, 0.09707500000000004, 0.10197500000000004, 0.10687500000000004, 0.11177500000000004, 0.11667500000000004, 0.12157500000000004, 0.12647500000000003, 0.13137500000000005, 0.13627500000000003, 0.14117500000000005, 0.14607500000000007, 0.15097500000000005, 0.15587500000000007, 0.16077500000000003, 0.16567500000000002, 0.170575, 0.17552500000000001, 0.18047500000000002, 0.18542500000000003, 0.19037500000000004, 0.19532500000000005, 0.20027500000000006, 0.20522500000000007, 0.21017500000000008, 0.2151250000000001, 0.2200750000000001, 0.2250250000000001, 0.22997500000000012, 0.23492500000000013, 0.23987500000000014, 0.24482500000000015, 0.24977500000000016, 0.2547250000000002, 0.2596750000000002, 0.2646250000000002, 0.26957500000000023, 0.2745500000000002]}