{"HDA": [0.00245, 0.005925000000000001, 0.009825, 0.014125, 0.018425, 0.0228, 0.027325000000000002, 0.031950000000000006, 0.036575, 0.041375, 0.046174999999999994, 0.050975, 0.055775000000000005, 0.06057500000000001, 0.06537500000000002, 0.07017500000000002, 0.07497500000000003, 0.07977500000000003, 0.08457500000000003, 0.08940000000000003, 0.09422500000000003, 0.09905000000000003, 0.10395000000000003, 0.10885000000000003, 0.11375000000000003, 0.11865000000000003, 0.12355000000000003, 0.12845000000000004, 0.13335000000000005, 0.13825000000000004, 0.14315000000000005, 0.14805000000000004, 0.15297500000000006, 0.15790000000000004, 0.16282500000000005, 0.16775000000000007, 0.17267500000000005, 0.17762500000000006, 0.18257500000000007, 0.18752500000000008, 0.1924750000000001, 0.1974250000000001, 0.2023750000000001, 0.20732500000000012, 0.21227500000000013, 0.21722500000000014, 0.22217500000000015, 0.22712500000000016, 0.23207500000000017, 0.23702500000000018, 0.2419750000000002, 0.2469250000000002, 0.25187500000000024, 0.25682500000000025, 0.26177500000000026, 0.26672500000000027, 0.2716750000000003, 0.2766250000000003, 0.2815750000000003, 0.2865250000000003, 0.2914750000000003, 0.2964250000000003, 0.30137500000000034, 0.30632500000000035, 0.31127500000000036, 0.31622500000000037, 0.3212000000000003], "HBA": [0.00245, 0.00635, 0.010249999999999999, 0.014199999999999999, 0.018699999999999998, 0.023225, 0.027849999999999996, 0.032549999999999996, 0.037275, 0.042050000000000004, 0.04685, 0.05165000000000001, 0.05647500000000001, 0.06130000000000001, 0.066125, 0.07097500000000001, 0.07582500000000002, 0.08070000000000002, 0.08557500000000003, 0.09045000000000003, 0.09535000000000003, 0.10025000000000003, 0.10515000000000004, 0.11005000000000004, 0.11497500000000004, 0.11990000000000003, 0.12482500000000003, 0.12975000000000003, 0.13467500000000002, 0.13960000000000003, 0.14452500000000001, 0.14945000000000003, 0.154375, 0.15930000000000002, 0.16422500000000004, 0.16915000000000002, 0.17407500000000004, 0.17902500000000005, 0.18397500000000006, 0.18892500000000007, 0.19387500000000008, 0.19882500000000008, 0.2037750000000001, 0.2087250000000001, 0.21367500000000011, 0.21862500000000012, 0.22357500000000013, 0.22852500000000014, 0.23347500000000015, 0.23842500000000016, 0.24337500000000017, 0.24832500000000018, 0.2532750000000002, 0.2582250000000002, 0.2631750000000002, 0.2681250000000002, 0.27307500000000023, 0.27802500000000024, 0.28297500000000025, 0.28792500000000026, 0.2928750000000003, 0.2978250000000003, 0.3027750000000003, 0.3077250000000003, 0.3126750000000003, 0.3176250000000003, 0.3225750000000003, 0.3275250000000003, 0.33247500000000024, 0.3374250000000002, 0.3423750000000002, 0.34732500000000016, 0.3522750000000001, 0.3572250000000001, 0.3621750000000001, 0.36712500000000003, 0.37207500000000004, 0.377025, 0.38197499999999995, 0.38692499999999996, 0.3918749999999999, 0.39682499999999993, 0.4017749999999999, 0.40672499999999984, 0.41167499999999985, 0.4166249999999998, 0.42157499999999976, 0.42652499999999977, 0.4314749999999997, 0.4364249999999997, 0.4413749999999997, 0.44632499999999964, 0.45127499999999965, 0.4562249999999996, 0.46117499999999956, 0.46612499999999957, 0.4710749999999995, 0.4760249999999995, 0.4809749999999995, 0.48592499999999944, 0.4908749999999994, 0.4958249999999994, 0.5007749999999994, 0.5057249999999993, 0.5106749999999993, 0.5156249999999993, 0.5205749999999992, 0.5255249999999992, 0.5304749999999993, 0.5354249999999992, 0.5403749999999992, 0.5453249999999992, 0.5502749999999991, 0.5552249999999991, 0.5601749999999991, 0.565124999999999, 0.570074999999999, 0.575024999999999, 0.5799749999999989, 0.5849249999999989, 0.5898749999999989, 0.5948249999999988, 0.5997749999999988, 0.6047249999999988, 0.6096749999999989, 0.6146249999999988, 0.6195749999999988, 0.6245249999999988, 0.6294749999999987, 0.6344249999999987, 0.6393749999999987, 0.6443249999999986, 0.6492749999999987, 0.6542249999999987, 0.6591749999999987, 0.6641249999999989, 0.6690749999999989, 0.6740249999999989, 0.678974999999999, 0.683924999999999, 0.688874999999999, 0.693824999999999, 0.6987749999999991, 0.7037249999999992, 0.7086749999999992, 0.7136249999999993, 0.7185749999999993, 0.7235249999999993, 0.7284749999999994, 0.7334249999999994, 0.7383749999999994, 0.7433249999999996, 0.7482749999999996, 0.7532249999999996, 0.7581749999999997, 0.7631249999999997, 0.7680749999999997, 0.7730249999999999, 0.7779749999999999, 0.7829249999999999, 0.787875, 0.792825, 0.797775, 0.8027500000000001], "HCA": [0.00255, 0.005825, 0.009725000000000001, 0.014025000000000001, 0.018525, 0.02305, 0.027675, 0.032375, 0.037075, 0.04185, 0.04664999999999999, 0.051449999999999996, 0.05625, 0.06105000000000001, 0.06585, 0.070675, 0.07550000000000001, 0.08032500000000001, 0.085175, 0.090025, 0.094925, 0.099825, 0.104725, 0.109625, 0.11455, 0.119475, 0.1244, 0.129325, 0.13424999999999998, 0.139175, 0.14409999999999998, 0.149025, 0.15394999999999998, 0.158875, 0.1638, 0.16872499999999999, 0.17364999999999997, 0.17859999999999998, 0.18355, 0.1885, 0.19345, 0.19840000000000002, 0.20335000000000003, 0.20830000000000004, 0.21325000000000005, 0.21820000000000006, 0.22315000000000007, 0.22810000000000008, 0.2330500000000001, 0.2380000000000001, 0.2429500000000001, 0.24790000000000012, 0.25285000000000013, 0.25780000000000014, 0.26275000000000015, 0.26770000000000016, 0.27265000000000017, 0.2776000000000002, 0.2825500000000002, 0.2875000000000002, 0.2924500000000002, 0.2974000000000002, 0.30235000000000023, 0.30730000000000024, 0.31225000000000025, 0.31720000000000026, 0.3221750000000003], "HPRA": [0.00245, 0.005925000000000001, 0.009825, 0.013800000000000002, 0.0181, 0.022475000000000002, 0.027000000000000003, 0.031525000000000004, 0.03615, 0.040775000000000006, 0.04540000000000001, 0.05015000000000001, 0.054900000000000004, 0.05965, 0.0644, 0.06914999999999999, 0.0739, 0.07869999999999999, 0.08349999999999999, 0.0883, 0.0931, 0.097925, 0.10280000000000002, 0.10767500000000002, 0.11255000000000003, 0.11742500000000003, 0.12230000000000003, 0.12717500000000004, 0.13205000000000006, 0.13692500000000007, 0.14180000000000006, 0.14667500000000008, 0.15155000000000007, 0.1564250000000001, 0.1613000000000001, 0.1661750000000001, 0.1711000000000001, 0.17605000000000012, 0.18100000000000013, 0.18595000000000014, 0.19090000000000015, 0.19585000000000016, 0.20080000000000017, 0.20575000000000018, 0.2107000000000002, 0.2156500000000002, 0.2206000000000002, 0.22555000000000022, 0.23050000000000023, 0.23545000000000024, 0.24040000000000025, 0.24535000000000026, 0.25030000000000024, 0.25525000000000025, 0.26020000000000026, 0.2651500000000003, 0.2701000000000003, 0.2750500000000003, 0.2800000000000003, 0.2849500000000003, 0.2899000000000003, 0.29485000000000033, 0.29980000000000034, 0.30475000000000035, 0.30970000000000036, 0.3146500000000004, 0.3196250000000004]}