{"HDA": [0.0014000000000000002, 0.00385, 0.00825, 0.012774999999999998, 0.0173, 0.021974999999999998, 0.026674999999999994, 0.03137499999999999, 0.03607499999999999, 0.04089999999999999, 0.04572499999999999, 0.05054999999999999, 0.05537499999999999, 0.060224999999999994, 0.065075, 0.069925, 0.07479999999999999, 0.079675, 0.08455, 0.089425, 0.09430000000000001, 0.09922500000000001, 0.10415, 0.109075, 0.114, 0.118925, 0.12385, 0.128775, 0.13369999999999999, 0.138625, 0.14354999999999998, 0.148475, 0.15339999999999998, 0.15832499999999997, 0.16325, 0.16820000000000002, 0.17315000000000003, 0.17810000000000004, 0.18305000000000005, 0.18800000000000006, 0.19295000000000007, 0.19790000000000008, 0.20285000000000009, 0.2078000000000001, 0.2127500000000001, 0.21770000000000012, 0.22265000000000013, 0.22760000000000014, 0.23255000000000015, 0.23750000000000016, 0.24245000000000017, 0.24740000000000018, 0.2523500000000002, 0.2573000000000002, 0.26227500000000015], "HBA": [0.0030499999999999998, 0.0066500000000000005, 0.0106, 0.015125000000000001, 0.0198, 0.024475000000000004, 0.029175000000000003, 0.033975000000000005, 0.0388, 0.04365, 0.04850000000000001, 0.05335000000000001, 0.058225000000000006, 0.0631, 0.06797500000000001, 0.07285, 0.077725, 0.08259999999999999, 0.0875, 0.0924, 0.097325, 0.10225, 0.10717499999999999, 0.11209999999999999, 0.11702499999999999, 0.12194999999999999, 0.126875, 0.13179999999999997, 0.13672499999999999, 0.14164999999999997, 0.14657499999999998, 0.15149999999999997, 0.15642499999999995, 0.16135, 0.1663, 0.17125, 0.17620000000000002, 0.18115000000000003, 0.18610000000000004, 0.19105000000000005, 0.19600000000000006, 0.20095000000000007, 0.20590000000000008, 0.2108500000000001, 0.2158000000000001, 0.2207500000000001, 0.22570000000000012, 0.23065000000000013, 0.23560000000000014, 0.24055000000000015, 0.24550000000000016, 0.2504500000000002, 0.2554000000000002, 0.2603500000000002, 0.2653000000000002, 0.2702500000000002, 0.2752000000000002, 0.28015000000000023, 0.28510000000000024, 0.29005000000000025, 0.29500000000000026, 0.29995000000000027, 0.3049000000000003, 0.3098500000000003, 0.3148000000000003, 0.3197500000000003, 0.32470000000000027, 0.3296500000000002, 0.33460000000000023, 0.3395500000000002, 0.3445000000000002, 0.34945000000000015, 0.3544000000000001, 0.3593500000000001, 0.36430000000000007, 0.36925, 0.37420000000000003, 0.37915, 0.38409999999999994, 0.38904999999999995, 0.3939999999999999, 0.3989499999999999, 0.40389999999999987, 0.4088499999999998, 0.41379999999999983, 0.4187499999999998, 0.42369999999999974, 0.42864999999999975, 0.4335999999999997, 0.43854999999999966, 0.4434999999999997, 0.4484499999999996, 0.4533999999999996, 0.4583499999999996, 0.46329999999999955, 0.46824999999999956, 0.4731999999999995, 0.47814999999999946, 0.4830999999999995, 0.48804999999999943, 0.4929999999999994, 0.4979499999999994, 0.5028999999999993, 0.5078499999999994, 0.5127999999999993, 0.5177499999999993, 0.5226999999999993, 0.5276499999999992, 0.5325999999999992, 0.5375499999999992, 0.5424999999999991, 0.5474499999999991, 0.5523999999999991, 0.5573499999999991, 0.562299999999999, 0.567249999999999, 0.572199999999999, 0.5771499999999989, 0.582099999999999, 0.587049999999999, 0.5919999999999989, 0.5969499999999989, 0.6018999999999989, 0.6068499999999988, 0.6117999999999988, 0.6167499999999988, 0.6216999999999987, 0.6266499999999987, 0.6315999999999987, 0.6365499999999986, 0.6414999999999986, 0.6464499999999986, 0.6513999999999988, 0.6563499999999988, 0.6612999999999988, 0.6662499999999989, 0.6711999999999989, 0.6761499999999989, 0.681099999999999, 0.686049999999999, 0.6909999999999991, 0.6959499999999992, 0.7008999999999992, 0.7058499999999992, 0.7107999999999993, 0.7157499999999993, 0.7206999999999993, 0.7256499999999995, 0.7305999999999995, 0.7355499999999995, 0.7404999999999995, 0.7454499999999996, 0.7503999999999996, 0.7553499999999996, 0.7602999999999998, 0.7652499999999998, 0.7701999999999998, 0.7751499999999999, 0.7800999999999999, 0.785075], "HCA": [0.0030499999999999998, 0.0066500000000000005, 0.0106, 0.015125000000000001, 0.0198, 0.024475000000000004, 0.029175000000000003, 0.033875, 0.0387, 0.043525, 0.048375, 0.05322500000000001, 0.05807500000000001, 0.06295, 0.06782500000000001, 0.0727, 0.077575, 0.08245000000000001, 0.08732500000000001, 0.09222500000000002, 0.09715000000000001, 0.10207500000000001, 0.10700000000000001, 0.11192500000000001, 0.11685000000000001, 0.12177500000000001, 0.1267, 0.131625, 0.13655, 0.141475, 0.14639999999999997, 0.151325, 0.15624999999999997, 0.16117499999999998, 0.166125, 0.171075, 0.17602500000000001, 0.18097500000000002, 0.18592500000000003, 0.19087500000000004, 0.19582500000000005, 0.20077500000000006, 0.20572500000000007, 0.21067500000000008, 0.2156250000000001, 0.2205750000000001, 0.22552500000000011, 0.23047500000000012, 0.23542500000000013, 0.24037500000000014, 0.24532500000000015, 0.2502750000000002, 0.2552250000000002, 0.2601750000000002, 0.2651250000000002, 0.2701000000000002], "HPRA": [0.0014000000000000002, 0.00385, 0.00825, 0.012774999999999998, 0.0173, 0.021974999999999998, 0.026674999999999994, 0.03137499999999999, 0.03607499999999999, 0.040774999999999985, 0.04559999999999999, 0.050424999999999984, 0.05524999999999999, 0.06007499999999998, 0.06489999999999999, 0.06972499999999998, 0.07454999999999998, 0.07937499999999999, 0.08424999999999999, 0.089125, 0.094, 0.098875, 0.10375000000000002, 0.10862500000000003, 0.11350000000000003, 0.11837500000000004, 0.12325000000000004, 0.12812500000000004, 0.13300000000000006, 0.13787500000000008, 0.14275000000000007, 0.1476250000000001, 0.15250000000000008, 0.1573750000000001, 0.1623000000000001, 0.16725000000000012, 0.17220000000000013, 0.17715000000000014, 0.18210000000000015, 0.18705000000000016, 0.19200000000000017, 0.19695000000000018, 0.2019000000000002, 0.2068500000000002, 0.2118000000000002, 0.21675000000000022, 0.22170000000000023, 0.22665000000000024, 0.23160000000000025, 0.23655000000000026, 0.24150000000000027, 0.24645000000000028, 0.2514000000000003, 0.2563500000000003, 0.2613250000000003]}