{"HDA": [0.0034, 0.006825, 0.010700000000000001, 0.0148, 0.01905, 0.0236, 0.028149999999999998, 0.0327, 0.03725, 0.041975, 0.04675, 0.051525, 0.056299999999999996, 0.061075, 0.06585, 0.070625, 0.0754, 0.080175, 0.08495, 0.08972499999999999, 0.09449999999999997, 0.09929999999999999, 0.10409999999999998, 0.10889999999999998, 0.113775, 0.11865, 0.12355000000000001, 0.12845, 0.13335, 0.13825, 0.14315, 0.14805000000000001, 0.15295000000000003, 0.15785000000000002, 0.16275000000000003, 0.16765, 0.17254999999999998, 0.177475, 0.18239999999999998, 0.187325, 0.19224999999999998, 0.1972, 0.20215, 0.2071, 0.21205000000000002, 0.21700000000000003, 0.22195000000000004, 0.22690000000000005, 0.23185000000000006, 0.23680000000000007, 0.24175000000000008, 0.24670000000000009, 0.2516500000000001, 0.2566000000000001, 0.2615500000000001, 0.2665000000000001, 0.27145000000000014, 0.27640000000000015, 0.28135000000000016, 0.28630000000000017, 0.2912500000000002, 0.2962000000000002, 0.3011500000000002, 0.3061000000000002, 0.3110500000000002, 0.3160000000000002, 0.32097500000000023], "HBA": [0.0034, 0.006825, 0.010925, 0.015175000000000001, 0.019700000000000002, 0.024250000000000004, 0.02885, 0.033475000000000005, 0.0381, 0.042874999999999996, 0.04765, 0.05244999999999999, 0.057249999999999995, 0.062075, 0.0669, 0.071725, 0.07654999999999999, 0.08139999999999999, 0.08627499999999999, 0.09115000000000001, 0.09602500000000001, 0.10090000000000002, 0.10577500000000002, 0.11065000000000003, 0.11555000000000003, 0.12045000000000003, 0.12535000000000004, 0.13025000000000003, 0.13515000000000005, 0.14007500000000003, 0.14500000000000005, 0.14992500000000003, 0.15485000000000004, 0.15977500000000003, 0.1647, 0.16962500000000003, 0.17455, 0.17947500000000002, 0.1844, 0.18932500000000002, 0.19425, 0.19920000000000002, 0.20415000000000003, 0.20910000000000004, 0.21405000000000005, 0.21900000000000006, 0.22395000000000007, 0.22890000000000008, 0.23385000000000009, 0.2388000000000001, 0.2437500000000001, 0.24870000000000012, 0.25365000000000015, 0.25860000000000016, 0.2635500000000002, 0.2685000000000002, 0.2734500000000002, 0.2784000000000002, 0.2833500000000002, 0.2883000000000002, 0.29325000000000023, 0.29820000000000024, 0.30315000000000025, 0.30810000000000026, 0.3130500000000003, 0.3180000000000003, 0.32295000000000024, 0.3279000000000002, 0.3328500000000002, 0.33780000000000016, 0.3427500000000001, 0.3477000000000001, 0.3526500000000001, 0.35760000000000003, 0.36255000000000004, 0.3675, 0.37244999999999995, 0.37739999999999996, 0.3823499999999999, 0.3872999999999999, 0.3922499999999999, 0.39719999999999983, 0.40214999999999984, 0.4070999999999998, 0.41204999999999975, 0.41699999999999976, 0.4219499999999997, 0.42689999999999967, 0.4318499999999997, 0.43679999999999963, 0.44174999999999964, 0.4466999999999996, 0.45164999999999955, 0.45659999999999956, 0.4615499999999995, 0.46649999999999947, 0.4714499999999995, 0.47639999999999944, 0.4813499999999994, 0.4862999999999994, 0.49124999999999935, 0.4961999999999993, 0.5011499999999993, 0.5060999999999993, 0.5110499999999992, 0.5159999999999992, 0.5209499999999992, 0.5258999999999991, 0.5308499999999992, 0.5357999999999992, 0.5407499999999991, 0.5456999999999991, 0.5506499999999991, 0.555599999999999, 0.560549999999999, 0.565499999999999, 0.5704499999999989, 0.5753999999999989, 0.5803499999999989, 0.5852999999999988, 0.5902499999999988, 0.5951999999999988, 0.6001499999999989, 0.6050999999999987, 0.6100499999999988, 0.6149999999999988, 0.6199499999999987, 0.6248999999999987, 0.6298499999999987, 0.6347999999999986, 0.6397499999999986, 0.6446999999999986, 0.6496499999999986, 0.6545999999999986, 0.6595499999999987, 0.6644999999999988, 0.6694499999999988, 0.6743999999999989, 0.6793499999999989, 0.6842999999999989, 0.689249999999999, 0.694199999999999, 0.699149999999999, 0.7040999999999991, 0.7090499999999992, 0.7139999999999992, 0.7189499999999992, 0.7238999999999993, 0.7288499999999993, 0.7337999999999993, 0.7387499999999995, 0.7436999999999995, 0.7486499999999995, 0.7535999999999996, 0.7585499999999996, 0.7634999999999996, 0.7684499999999997, 0.7733999999999998, 0.7783499999999998, 0.7832999999999999, 0.7882499999999999, 0.7931999999999999, 0.79815, 0.8031, 0.80805, 0.8130000000000002, 0.8179500000000002, 0.8229000000000002, 0.8278500000000002, 0.8328000000000003, 0.8377750000000003], "HCA": [0.0034, 0.006825, 0.010925, 0.015175000000000001, 0.019700000000000002, 0.024250000000000004, 0.02885, 0.033475000000000005, 0.0381, 0.042874999999999996, 0.04765, 0.052425, 0.0572, 0.061974999999999995, 0.06675, 0.071525, 0.07629999999999999, 0.081075, 0.08585, 0.09067499999999999, 0.09555, 0.100425, 0.1053, 0.11017500000000002, 0.11507500000000002, 0.11997500000000003, 0.12487500000000003, 0.12977500000000003, 0.13467500000000002, 0.13960000000000003, 0.14452500000000001, 0.14945000000000003, 0.154375, 0.15930000000000002, 0.16422500000000004, 0.16915000000000002, 0.17407500000000004, 0.17900000000000002, 0.183925, 0.18885000000000002, 0.193775, 0.198725, 0.20367500000000002, 0.20862500000000003, 0.21357500000000004, 0.21852500000000005, 0.22347500000000006, 0.22842500000000007, 0.23337500000000008, 0.2383250000000001, 0.2432750000000001, 0.2482250000000001, 0.25317500000000015, 0.25812500000000016, 0.26307500000000017, 0.2680250000000002, 0.2729750000000002, 0.2779250000000002, 0.2828750000000002, 0.2878250000000002, 0.29277500000000023, 0.29772500000000024, 0.30267500000000025, 0.30762500000000026, 0.31257500000000027, 0.3175250000000003, 0.3225000000000003], "HPRA": [0.0004749999999999999, 0.0039000000000000003, 0.007775000000000001, 0.01165, 0.0159, 0.02045, 0.025, 0.02955, 0.0341, 0.038825000000000005, 0.0436, 0.048375, 0.05315, 0.057925000000000004, 0.0627, 0.06747500000000001, 0.07225000000000001, 0.07702500000000001, 0.0818, 0.08657499999999999, 0.09134999999999999, 0.09612499999999997, 0.10089999999999996, 0.10567499999999995, 0.11047499999999996, 0.11527499999999996, 0.12007499999999997, 0.12497499999999997, 0.12987499999999996, 0.13477499999999998, 0.13967499999999997, 0.14457499999999998, 0.14947499999999997, 0.15437499999999998, 0.15927499999999997, 0.16417499999999996, 0.16907499999999995, 0.17397499999999994, 0.17887499999999992, 0.1837749999999999, 0.1886749999999999, 0.1936249999999999, 0.19857499999999992, 0.20352499999999993, 0.20847499999999994, 0.21342499999999995, 0.21837499999999996, 0.22332499999999997, 0.22827499999999998, 0.233225, 0.238175, 0.243125, 0.24807500000000002, 0.253025, 0.257975, 0.262925, 0.26787500000000003, 0.27282500000000004, 0.27777500000000005, 0.28272500000000006, 0.28767500000000007, 0.2926250000000001, 0.2975750000000001, 0.3025250000000001, 0.3074750000000001, 0.3124250000000001, 0.3174000000000001]}