{"HDA": [0.001725, 0.0053, 0.008875000000000001, 0.012450000000000001, 0.0165, 0.0206, 0.024700000000000003, 0.028800000000000003, 0.0333, 0.03780000000000001, 0.042300000000000004, 0.046950000000000006, 0.0516, 0.05625, 0.060899999999999996, 0.06555, 0.0702, 0.07494999999999999, 0.0797, 0.08444999999999998, 0.08919999999999999, 0.09394999999999998, 0.09879999999999997, 0.10364999999999996, 0.10849999999999996, 0.11334999999999995, 0.11824999999999995, 0.12314999999999995, 0.12804999999999997, 0.13294999999999996, 0.13784999999999997, 0.14274999999999996, 0.14764999999999998, 0.15254999999999996, 0.15744999999999998, 0.16234999999999997, 0.16724999999999995, 0.17214999999999991, 0.1770499999999999, 0.18197499999999991, 0.18692499999999992, 0.19187499999999993, 0.19682499999999994, 0.20177499999999995, 0.20672499999999996, 0.21167499999999997, 0.21662499999999998, 0.221575, 0.226525, 0.23147500000000001, 0.23642500000000002, 0.24137500000000003, 0.24632500000000004, 0.251275, 0.25622500000000004, 0.26117500000000005, 0.26612500000000006, 0.27110000000000006], "HBA": [0.00315, 0.0063, 0.009899999999999999, 0.01395, 0.01845, 0.022949999999999998, 0.027450000000000002, 0.032025, 0.036725, 0.04145000000000001, 0.0462, 0.050949999999999995, 0.055725, 0.0605, 0.0653, 0.07012499999999999, 0.07494999999999999, 0.0798, 0.08465, 0.0895, 0.09434999999999999, 0.099225, 0.1041, 0.108975, 0.113875, 0.11877500000000002, 0.12367500000000002, 0.12857500000000002, 0.1335, 0.13842500000000002, 0.14335, 0.14827500000000002, 0.1532, 0.158125, 0.16305, 0.16797499999999999, 0.1729, 0.17782499999999998, 0.18275, 0.18767499999999998, 0.1926, 0.19752499999999998, 0.20244999999999996, 0.20739999999999997, 0.21234999999999998, 0.2173, 0.22225, 0.2272, 0.23215000000000002, 0.23710000000000003, 0.24205000000000004, 0.24700000000000005, 0.25195000000000006, 0.2569000000000001, 0.2618500000000001, 0.2668000000000001, 0.2717500000000001, 0.2767000000000001, 0.2816500000000001, 0.28660000000000013, 0.29155000000000014, 0.29650000000000015, 0.30145000000000016, 0.30640000000000017, 0.3113500000000002, 0.3163000000000002, 0.3212500000000002, 0.3262000000000002, 0.33115000000000017, 0.3361000000000001, 0.34105000000000013, 0.3460000000000001, 0.35095000000000004, 0.35590000000000005, 0.36085, 0.36579999999999996, 0.37074999999999997, 0.3756999999999999, 0.38064999999999993, 0.3855999999999999, 0.39054999999999984, 0.39549999999999985, 0.4004499999999998, 0.40539999999999976, 0.41034999999999977, 0.4152999999999997, 0.4202499999999997, 0.4251999999999997, 0.43014999999999964, 0.4350999999999996, 0.4400499999999996, 0.44499999999999956, 0.4499499999999996, 0.4548999999999995, 0.4598499999999995, 0.4647999999999995, 0.46974999999999945, 0.4746999999999994, 0.4796499999999994, 0.48459999999999936, 0.4895499999999993, 0.49449999999999933, 0.4994499999999993, 0.5043999999999993, 0.5093499999999992, 0.5142999999999992, 0.5192499999999992, 0.5241999999999991, 0.5291499999999991, 0.5340999999999991, 0.5390499999999991, 0.543999999999999, 0.548949999999999, 0.5538999999999991, 0.558849999999999, 0.563799999999999, 0.568749999999999, 0.5736999999999989, 0.5786499999999989, 0.5835999999999989, 0.5885499999999988, 0.5934999999999988, 0.5984499999999988, 0.6033999999999987, 0.6083499999999987, 0.6132999999999987, 0.6182499999999986, 0.6231999999999986, 0.6281499999999987, 0.6330999999999986, 0.6380499999999986, 0.6429999999999986, 0.6479499999999986, 0.6528999999999986, 0.6578499999999987, 0.6627999999999987, 0.6677499999999987, 0.6726999999999989, 0.6776499999999989, 0.6825999999999989, 0.687549999999999, 0.692499999999999, 0.697449999999999, 0.7023999999999991, 0.7073499999999991, 0.7122999999999992, 0.7172499999999993, 0.7221999999999993, 0.7271499999999993, 0.7320999999999994, 0.7370499999999994, 0.7419999999999994, 0.7469499999999996, 0.7518999999999996, 0.7568499999999996, 0.7617999999999996, 0.7667499999999997, 0.7716999999999997, 0.7766499999999997, 0.7815999999999999, 0.7865499999999999, 0.7914999999999999, 0.79645, 0.8014, 0.80635, 0.8113000000000001, 0.8162500000000001, 0.8212000000000002, 0.8261500000000003, 0.8311000000000003, 0.8360500000000003, 0.8410000000000004, 0.8459500000000004, 0.8509000000000004, 0.8558500000000006, 0.8608000000000006, 0.8657500000000006, 0.8707000000000007, 0.8756500000000007, 0.8806000000000007, 0.8855500000000007, 0.8905000000000008, 0.8954500000000009, 0.9004000000000009, 0.905350000000001, 0.910300000000001, 0.915250000000001, 0.9202000000000011, 0.9251500000000011, 0.9301000000000011, 0.9350500000000013, 0.9400000000000013, 0.9449750000000013], "HCA": [0.00315, 0.0063, 0.009899999999999999, 0.013500000000000002, 0.0179, 0.022400000000000003, 0.026900000000000004, 0.031400000000000004, 0.0361, 0.0408, 0.04555, 0.05029999999999999, 0.05504999999999999, 0.05982499999999999, 0.06459999999999999, 0.06937499999999999, 0.07415, 0.07897499999999999, 0.08379999999999999, 0.088625, 0.09344999999999999, 0.09829999999999998, 0.10314999999999998, 0.10799999999999997, 0.11289999999999997, 0.11779999999999997, 0.12269999999999998, 0.1276, 0.13252499999999998, 0.13744999999999996, 0.14237499999999997, 0.14729999999999996, 0.15222499999999997, 0.15714999999999996, 0.16207499999999997, 0.16699999999999995, 0.17192499999999997, 0.17684999999999995, 0.18177499999999994, 0.18669999999999995, 0.19162499999999993, 0.19654999999999995, 0.20147499999999993, 0.20642499999999994, 0.21137499999999995, 0.21632499999999996, 0.22127499999999997, 0.22622499999999998, 0.231175, 0.236125, 0.241075, 0.24602500000000002, 0.25097500000000006, 0.25592500000000007, 0.2608750000000001, 0.2658250000000001, 0.2707750000000001, 0.2757250000000001, 0.28070000000000006], "HPRA": [0.001725, 0.0053, 0.008875000000000001, 0.012450000000000001, 0.016025, 0.0196, 0.023174999999999998, 0.02675, 0.03085, 0.03495, 0.039450000000000006, 0.0441, 0.04875, 0.053399999999999996, 0.05805, 0.06269999999999999, 0.06735, 0.072, 0.07674999999999998, 0.08149999999999999, 0.08624999999999998, 0.09099999999999998, 0.09574999999999997, 0.10049999999999998, 0.10524999999999997, 0.10999999999999996, 0.11482499999999997, 0.11972499999999997, 0.12462499999999997, 0.12952499999999997, 0.13442499999999996, 0.13932499999999998, 0.14422499999999996, 0.14912499999999998, 0.15402499999999997, 0.15892499999999998, 0.16382499999999997, 0.16872499999999996, 0.17362499999999995, 0.17852499999999993, 0.18347499999999994, 0.18842499999999995, 0.19337499999999996, 0.19832499999999997, 0.20327499999999998, 0.208225, 0.213175, 0.218125, 0.22307500000000002, 0.22802500000000003, 0.23297500000000004, 0.23792500000000005, 0.24287500000000006, 0.24782500000000007, 0.2527750000000001, 0.2577250000000001, 0.26270000000000004]}