{"HDA": [0.00375, 0.007775, 0.011899999999999999, 0.016025, 0.0204, 0.024775000000000002, 0.029425, 0.034074999999999994, 0.038724999999999996, 0.043375, 0.04802499999999999, 0.05267499999999999, 0.05732499999999999, 0.06197499999999999, 0.06674999999999999, 0.07154999999999999, 0.07635, 0.08115, 0.08595000000000001, 0.09075000000000001, 0.09555000000000001, 0.10045000000000001, 0.10535000000000001, 0.11025000000000001, 0.11515000000000003, 0.12005000000000003, 0.12495000000000003, 0.12985000000000002, 0.13475000000000004, 0.13965000000000002, 0.14457500000000004, 0.14950000000000002, 0.15442500000000003, 0.15935000000000002, 0.16427500000000003, 0.16920000000000002, 0.174125, 0.17905000000000001, 0.183975, 0.188925, 0.19387500000000002, 0.19882500000000003, 0.20377500000000004, 0.20872500000000005, 0.21367500000000006, 0.21862500000000007, 0.22357500000000008, 0.2285250000000001, 0.2334750000000001, 0.2384250000000001, 0.24337500000000012, 0.24832500000000013, 0.25327500000000014, 0.25822500000000015, 0.26317500000000016, 0.26812500000000017, 0.2730750000000002, 0.2780250000000002, 0.2829750000000002, 0.2879250000000002, 0.2928750000000002, 0.29782500000000023, 0.30277500000000024, 0.30775000000000025], "HBA": [0.00375, 0.007775, 0.01215, 0.016524999999999998, 0.02105, 0.025675, 0.030324999999999998, 0.035024999999999994, 0.039775, 0.044524999999999995, 0.0493, 0.0541, 0.058925, 0.06375, 0.068575, 0.073425, 0.07827500000000001, 0.083125, 0.087975, 0.09282499999999999, 0.0977, 0.1026, 0.1075, 0.112425, 0.11735, 0.122275, 0.12719999999999998, 0.132125, 0.13704999999999998, 0.141975, 0.14689999999999998, 0.151825, 0.15674999999999997, 0.16167499999999996, 0.16659999999999997, 0.17152499999999996, 0.17644999999999997, 0.18137499999999995, 0.18629999999999997, 0.19124999999999998, 0.19619999999999999, 0.20115, 0.2061, 0.21105000000000002, 0.21600000000000003, 0.22095000000000004, 0.22590000000000005, 0.23085000000000006, 0.23580000000000007, 0.24075000000000008, 0.24570000000000008, 0.2506500000000001, 0.2556000000000001, 0.2605500000000001, 0.2655000000000001, 0.27045000000000013, 0.27540000000000014, 0.28035000000000015, 0.28530000000000016, 0.2902500000000002, 0.2952000000000002, 0.3001500000000002, 0.3051000000000002, 0.3100500000000002, 0.3150000000000002, 0.31995000000000023, 0.32490000000000024, 0.3298500000000002, 0.3348000000000002, 0.33975000000000016, 0.3447000000000001, 0.3496500000000001, 0.3546000000000001, 0.35955000000000004, 0.36450000000000005, 0.36945, 0.37439999999999996, 0.37934999999999997, 0.3842999999999999, 0.3892499999999999, 0.3941999999999999, 0.39914999999999984, 0.40409999999999985, 0.4090499999999998, 0.41399999999999976, 0.41894999999999977, 0.4238999999999997, 0.4288499999999997, 0.4337999999999997, 0.43874999999999964, 0.4436999999999996, 0.4486499999999996, 0.45359999999999956, 0.45854999999999957, 0.4634999999999995, 0.4684499999999995, 0.4733999999999995, 0.47834999999999944, 0.4832999999999994, 0.4882499999999994, 0.49319999999999936, 0.4981499999999993, 0.5030999999999993, 0.5080499999999993, 0.5129999999999992, 0.5179499999999992, 0.5228999999999993, 0.5278499999999992, 0.5327999999999992, 0.5377499999999992, 0.5426999999999991, 0.5476499999999991, 0.5525999999999991, 0.557549999999999, 0.562499999999999, 0.567449999999999, 0.5723999999999989, 0.5773499999999989, 0.5822999999999989, 0.5872499999999988, 0.5921999999999988, 0.5971499999999988, 0.6020999999999987, 0.6070499999999988, 0.6119999999999988, 0.6169499999999988, 0.6218999999999987, 0.6268499999999987, 0.6317999999999987, 0.6367499999999986, 0.6416999999999986, 0.6466499999999986, 0.6515999999999987, 0.6565499999999987, 0.6614999999999988, 0.6664499999999989, 0.6713999999999989, 0.6763499999999989, 0.6812999999999989, 0.686249999999999, 0.691199999999999, 0.696149999999999, 0.7010999999999992, 0.7060499999999992, 0.7109999999999992, 0.7159499999999993, 0.7208999999999993, 0.7258499999999993, 0.7307999999999995, 0.7357499999999995, 0.7406999999999995, 0.7456499999999996, 0.7505999999999996, 0.7555499999999996, 0.7604999999999997, 0.7654499999999997, 0.7703999999999998, 0.7753499999999999, 0.7802999999999999, 0.7852499999999999, 0.7902, 0.79515, 0.8001, 0.80505, 0.8100000000000002, 0.8149500000000002, 0.8199000000000002, 0.8248500000000003, 0.8298000000000003, 0.8347500000000003, 0.8397000000000004, 0.8446500000000005, 0.8496000000000005, 0.8545500000000006, 0.8595000000000006, 0.8644500000000006, 0.8694000000000007, 0.8743500000000007, 0.8793000000000007, 0.8842500000000009, 0.8892000000000009, 0.8941500000000009, 0.899125000000001], "HCA": [0.00375, 0.007775, 0.01215, 0.016524999999999998, 0.02105, 0.025675, 0.030324999999999998, 0.034975, 0.039624999999999994, 0.044274999999999995, 0.04892499999999999, 0.05367499999999999, 0.058424999999999984, 0.06317499999999998, 0.06799999999999998, 0.07282499999999997, 0.07767499999999998, 0.08252499999999997, 0.08737499999999997, 0.09222499999999996, 0.09707499999999997, 0.10197499999999997, 0.10687499999999997, 0.11179999999999995, 0.11672499999999995, 0.12164999999999995, 0.12657499999999997, 0.13149999999999995, 0.13642499999999994, 0.14134999999999995, 0.14627499999999993, 0.15119999999999995, 0.15612499999999993, 0.16104999999999994, 0.16597499999999993, 0.17089999999999994, 0.17582499999999993, 0.1807499999999999, 0.18567499999999992, 0.19062499999999993, 0.19557499999999994, 0.20052499999999995, 0.20547499999999996, 0.21042499999999997, 0.21537499999999998, 0.220325, 0.225275, 0.230225, 0.23517500000000002, 0.24012500000000003, 0.24507500000000004, 0.25002500000000005, 0.25497500000000006, 0.2599250000000001, 0.2648750000000001, 0.2698250000000001, 0.2747750000000001, 0.2797250000000001, 0.2846750000000001, 0.28962500000000013, 0.29457500000000014, 0.29952500000000015, 0.30447500000000016, 0.30942500000000017, 0.3144000000000002], "HPRA": [0.00375, 0.007775, 0.0118, 0.015924999999999998, 0.0203, 0.024675, 0.02905, 0.033424999999999996, 0.0378, 0.04245, 0.0471, 0.05175, 0.0564, 0.06104999999999999, 0.0657, 0.0705, 0.07529999999999999, 0.0801, 0.0849, 0.0897, 0.09450000000000001, 0.09937500000000002, 0.10425000000000002, 0.10912500000000003, 0.11400000000000005, 0.11887500000000005, 0.12375000000000005, 0.12862500000000007, 0.13350000000000006, 0.13837500000000008, 0.14325000000000007, 0.1481250000000001, 0.1530000000000001, 0.1578750000000001, 0.1627500000000001, 0.1676250000000001, 0.1725000000000001, 0.17737500000000012, 0.1823000000000001, 0.1872500000000001, 0.19220000000000012, 0.19715000000000013, 0.20210000000000014, 0.20705000000000015, 0.21200000000000016, 0.21695000000000017, 0.22190000000000018, 0.2268500000000002, 0.2318000000000002, 0.2367500000000002, 0.24170000000000022, 0.24665000000000023, 0.25160000000000027, 0.2565500000000003, 0.2615000000000003, 0.2664500000000003, 0.2714000000000003, 0.2763500000000003, 0.2813000000000003, 0.28625000000000034, 0.29120000000000035, 0.29615000000000036, 0.30110000000000037, 0.3060750000000003]}