{"HDA": [0.0028000000000000004, 0.005600000000000001, 0.008400000000000001, 0.0125, 0.0166, 0.020700000000000003, 0.025050000000000003, 0.029600000000000005, 0.03415000000000001, 0.038700000000000005, 0.043475, 0.04825, 0.053025, 0.057800000000000004, 0.0626, 0.0674, 0.0722, 0.07700000000000001, 0.08180000000000001, 0.08660000000000002, 0.09140000000000002, 0.09630000000000002, 0.10120000000000003, 0.10610000000000003, 0.11100000000000003, 0.11590000000000003, 0.12080000000000003, 0.12570000000000003, 0.13060000000000005, 0.13550000000000004, 0.14040000000000005, 0.14532500000000004, 0.15025000000000005, 0.15517500000000004, 0.16010000000000005, 0.16502500000000006, 0.16997500000000007, 0.17492500000000008, 0.1798750000000001, 0.1848250000000001, 0.1897750000000001, 0.19472500000000012, 0.19967500000000013, 0.20462500000000014, 0.20957500000000015, 0.21452500000000016, 0.21947500000000017, 0.22442500000000018, 0.2293750000000002, 0.2343250000000002, 0.2392750000000002, 0.24422500000000022, 0.24917500000000023, 0.2541250000000002, 0.2590750000000002, 0.26402500000000023, 0.26900000000000024], "HBA": [0.0028000000000000004, 0.00685, 0.010950000000000001, 0.015175000000000001, 0.019475, 0.024125, 0.028775, 0.033475000000000005, 0.038200000000000005, 0.042975000000000006, 0.04775, 0.052550000000000006, 0.05737500000000001, 0.06222500000000001, 0.06707500000000001, 0.07195000000000001, 0.076825, 0.081725, 0.08662500000000001, 0.09152500000000002, 0.09642500000000002, 0.10132500000000003, 0.10622500000000003, 0.11112500000000003, 0.11602500000000003, 0.12095000000000003, 0.12587500000000001, 0.13080000000000003, 0.135725, 0.14065000000000003, 0.145575, 0.1505, 0.155425, 0.16035, 0.165275, 0.1702, 0.17515, 0.1801, 0.18505000000000002, 0.19000000000000003, 0.19495000000000004, 0.19990000000000005, 0.20485000000000006, 0.20980000000000007, 0.21475000000000008, 0.2197000000000001, 0.2246500000000001, 0.2296000000000001, 0.23455000000000012, 0.23950000000000013, 0.24445000000000014, 0.24940000000000015, 0.2543500000000002, 0.2593000000000002, 0.2642500000000002, 0.2692000000000002, 0.2741500000000002, 0.27910000000000024, 0.28405000000000025, 0.28900000000000026, 0.29395000000000027, 0.2989000000000003, 0.3038500000000003, 0.3088000000000003, 0.3137500000000003, 0.3187000000000003, 0.3236500000000003, 0.3286000000000003, 0.33355000000000024, 0.33850000000000025, 0.3434500000000002, 0.34840000000000015, 0.35335000000000016, 0.3583000000000001, 0.3632500000000001, 0.3682000000000001, 0.37315000000000004, 0.37810000000000005, 0.38305, 0.38799999999999996, 0.39294999999999997, 0.3978999999999999, 0.4028499999999999, 0.4077999999999999, 0.41274999999999984, 0.4176999999999998, 0.4226499999999998, 0.42759999999999976, 0.43254999999999977, 0.4374999999999997, 0.4424499999999997, 0.4473999999999997, 0.45234999999999964, 0.4572999999999996, 0.4622499999999996, 0.46719999999999956, 0.4721499999999995, 0.4770999999999995, 0.4820499999999995, 0.48699999999999943, 0.49194999999999944, 0.4968999999999994, 0.5018499999999994, 0.5067999999999994, 0.5117499999999994, 0.5166999999999993, 0.5216499999999993, 0.5265999999999993, 0.5315499999999992, 0.5364999999999992, 0.5414499999999992, 0.5463999999999991, 0.5513499999999991, 0.5562999999999991, 0.561249999999999, 0.566199999999999, 0.571149999999999, 0.576099999999999, 0.581049999999999, 0.585999999999999, 0.590949999999999, 0.5958999999999989, 0.6008499999999989, 0.6057999999999989, 0.6107499999999988, 0.6156999999999988, 0.6206499999999988, 0.6255999999999987, 0.6305499999999987, 0.6354999999999987, 0.6404499999999987, 0.6453999999999988, 0.6503499999999989, 0.6552999999999989, 0.6602499999999989, 0.665199999999999, 0.670149999999999, 0.675099999999999, 0.6800499999999992, 0.6849999999999992, 0.6899499999999992, 0.6948999999999992, 0.6998499999999993, 0.7047999999999993, 0.7097749999999994], "HCA": [0.0028000000000000004, 0.00685, 0.010950000000000001, 0.015050000000000003, 0.019150000000000004, 0.0238, 0.028450000000000003, 0.033150000000000006, 0.037875000000000006, 0.04265000000000001, 0.04742500000000001, 0.052225, 0.057025000000000006, 0.06182500000000001, 0.06662500000000002, 0.07142500000000002, 0.07627500000000002, 0.08117500000000001, 0.08607500000000001, 0.09097500000000001, 0.09587500000000002, 0.10077500000000002, 0.10567500000000002, 0.11057500000000003, 0.11547500000000004, 0.12040000000000002, 0.12532500000000002, 0.13025000000000003, 0.13517500000000002, 0.1401, 0.14502500000000002, 0.14995, 0.154875, 0.1598, 0.164725, 0.16965, 0.174575, 0.17952500000000002, 0.18447500000000003, 0.18942500000000004, 0.19437500000000005, 0.19932500000000006, 0.20427500000000007, 0.20922500000000008, 0.2141750000000001, 0.2191250000000001, 0.2240750000000001, 0.22902500000000012, 0.23397500000000013, 0.23892500000000014, 0.24387500000000015, 0.24882500000000016, 0.25377500000000014, 0.25872500000000015, 0.26367500000000016, 0.26862500000000017, 0.2735750000000002, 0.2785500000000002], "HPRA": [0.0028000000000000004, 0.005600000000000001, 0.008400000000000001, 0.0125, 0.0166, 0.020700000000000003, 0.025000000000000005, 0.029550000000000007, 0.034100000000000005, 0.038650000000000004, 0.0432, 0.04775, 0.052300000000000006, 0.056850000000000005, 0.061500000000000006, 0.06625, 0.071, 0.07575, 0.08049999999999999, 0.08524999999999999, 0.09009999999999999, 0.09499999999999999, 0.09989999999999999, 0.10479999999999999, 0.10969999999999999, 0.1146, 0.1195, 0.1244, 0.1293, 0.13419999999999999, 0.1391, 0.14400000000000002, 0.1489, 0.15380000000000002, 0.1587, 0.16365000000000002, 0.16860000000000003, 0.17355000000000004, 0.17850000000000005, 0.18345000000000006, 0.18840000000000007, 0.19335000000000008, 0.1983000000000001, 0.2032500000000001, 0.2082000000000001, 0.21315000000000012, 0.21810000000000013, 0.22305000000000014, 0.22800000000000015, 0.23295000000000016, 0.23790000000000017, 0.24285000000000018, 0.2478000000000002, 0.2527500000000002, 0.2577000000000002, 0.2626500000000002, 0.2676250000000002]}