{"HDA": [0.001875, 0.0062250000000000005, 0.010575000000000001, 0.014925, 0.019275, 0.023625000000000004, 0.028325000000000003, 0.033025, 0.037725, 0.042425, 0.04715, 0.051875, 0.056600000000000004, 0.061325000000000005, 0.066125, 0.07092500000000002, 0.07572500000000001, 0.08052500000000001, 0.08537500000000002, 0.09022500000000001, 0.095075, 0.09997500000000001, 0.10487500000000001, 0.10977500000000001, 0.11467500000000001, 0.11957500000000001, 0.12447500000000002, 0.12937500000000002, 0.13427500000000003, 0.13917500000000002, 0.14407500000000004, 0.14897500000000002, 0.15387500000000004, 0.15880000000000002, 0.163725, 0.16865000000000002, 0.173575, 0.17850000000000002, 0.183425, 0.18837500000000001, 0.19332500000000002, 0.19827500000000003, 0.20322500000000004, 0.20817500000000005, 0.21312500000000006, 0.21807500000000007, 0.22302500000000008, 0.2279750000000001, 0.2329250000000001, 0.23787500000000011, 0.24282500000000012, 0.24777500000000013, 0.25272500000000014, 0.25767500000000015, 0.26262500000000016, 0.2675750000000002, 0.2725250000000002, 0.2774750000000002, 0.2824250000000002, 0.2873750000000002, 0.2923250000000002, 0.29727500000000023, 0.30222500000000024, 0.30717500000000025, 0.31215000000000026], "HBA": [0.00255, 0.0069, 0.011324999999999998, 0.015749999999999997, 0.02025, 0.0248, 0.029500000000000002, 0.034225000000000005, 0.038950000000000005, 0.04372500000000001, 0.04850000000000001, 0.0533, 0.05815000000000001, 0.063, 0.06785000000000001, 0.07270000000000001, 0.077575, 0.08245000000000001, 0.08732500000000001, 0.09220000000000002, 0.09710000000000002, 0.10200000000000004, 0.10690000000000004, 0.11180000000000004, 0.11670000000000004, 0.12162500000000004, 0.12655000000000002, 0.13147500000000004, 0.13640000000000002, 0.14132500000000003, 0.14625000000000002, 0.151175, 0.15610000000000002, 0.16102500000000003, 0.16595000000000001, 0.17087500000000003, 0.1758, 0.18072500000000002, 0.18565, 0.19060000000000002, 0.19555000000000003, 0.20050000000000004, 0.20545000000000005, 0.21040000000000006, 0.21535000000000007, 0.22030000000000008, 0.2252500000000001, 0.2302000000000001, 0.2351500000000001, 0.24010000000000012, 0.24505000000000013, 0.25000000000000017, 0.2549500000000002, 0.2599000000000002, 0.2648500000000002, 0.2698000000000002, 0.2747500000000002, 0.2797000000000002, 0.28465000000000024, 0.28960000000000025, 0.29455000000000026, 0.29950000000000027, 0.3044500000000003, 0.3094000000000003, 0.3143500000000003, 0.3193000000000003, 0.32425000000000026, 0.3292000000000002, 0.3341500000000002, 0.3391000000000002, 0.34405000000000013, 0.34900000000000014, 0.3539500000000001, 0.35890000000000005, 0.36385000000000006, 0.3688, 0.37375, 0.3787, 0.38364999999999994, 0.38859999999999995, 0.3935499999999999, 0.39849999999999985, 0.40344999999999986, 0.4083999999999998, 0.4133499999999998, 0.4182999999999998, 0.42324999999999974, 0.4281999999999997, 0.4331499999999997, 0.43809999999999966, 0.44304999999999967, 0.4479999999999996, 0.4529499999999996, 0.4578999999999996, 0.46284999999999954, 0.4677999999999995, 0.4727499999999995, 0.47769999999999946, 0.4826499999999994, 0.4875999999999994, 0.4925499999999994, 0.4974999999999994, 0.5024499999999993, 0.5073999999999993, 0.5123499999999993, 0.5172999999999992, 0.5222499999999992, 0.5271999999999992, 0.5321499999999992, 0.5370999999999991, 0.5420499999999991, 0.5469999999999992, 0.551949999999999, 0.5568999999999991, 0.5618499999999991, 0.566799999999999, 0.571749999999999, 0.576699999999999, 0.5816499999999989, 0.5865999999999989, 0.5915499999999989, 0.5964999999999988, 0.6014499999999988, 0.6063999999999988, 0.6113499999999987, 0.6162999999999987, 0.6212499999999987, 0.6261999999999986, 0.6311499999999987, 0.6360999999999987, 0.6410499999999986, 0.6459999999999987, 0.6509499999999987, 0.6558999999999987, 0.6608499999999988, 0.6657999999999988, 0.6707499999999988, 0.675699999999999, 0.680649999999999, 0.685599999999999, 0.6905499999999991, 0.6954999999999991, 0.7004499999999991, 0.7053999999999992, 0.7103499999999993, 0.7152999999999993, 0.7202499999999994, 0.7251999999999994, 0.7301499999999994, 0.7350999999999995, 0.7400499999999995, 0.7449999999999996, 0.7499499999999997, 0.7548999999999997, 0.7598499999999997, 0.7647999999999997, 0.7697499999999998, 0.7746999999999998, 0.7796499999999998, 0.7846, 0.78955, 0.7945, 0.7994500000000001, 0.8044000000000001, 0.8093500000000001, 0.8143000000000002, 0.8192500000000003, 0.8242000000000003, 0.8291500000000004, 0.8341000000000004, 0.8390500000000004, 0.8440000000000005, 0.8489500000000005, 0.8539000000000005, 0.8588500000000007, 0.8638000000000007, 0.8687500000000007, 0.8737000000000008, 0.8786500000000008, 0.8836000000000008, 0.8885500000000008, 0.893500000000001, 0.898450000000001, 0.903400000000001, 0.9083500000000011, 0.9133000000000011, 0.9182500000000011, 0.9232000000000012, 0.9281500000000013, 0.9331000000000013, 0.9380750000000013], "HCA": [0.00255, 0.0069, 0.01125, 0.015600000000000001, 0.020100000000000003, 0.024650000000000002, 0.029350000000000005, 0.034050000000000004, 0.03875, 0.043525, 0.0483, 0.053075000000000004, 0.05785, 0.06265000000000001, 0.0675, 0.07235000000000001, 0.07720000000000002, 0.08205000000000001, 0.08690000000000002, 0.09175000000000001, 0.09665000000000001, 0.10155000000000002, 0.10645000000000002, 0.11135000000000002, 0.11625000000000002, 0.12117500000000002, 0.12610000000000002, 0.131025, 0.13595000000000002, 0.140875, 0.1458, 0.150725, 0.15564999999999998, 0.16057500000000002, 0.1655, 0.170425, 0.17535, 0.180275, 0.1852, 0.19015, 0.19510000000000002, 0.20005000000000003, 0.20500000000000004, 0.20995000000000005, 0.21490000000000006, 0.21985000000000007, 0.22480000000000008, 0.2297500000000001, 0.2347000000000001, 0.2396500000000001, 0.24460000000000012, 0.24955000000000013, 0.2545000000000001, 0.2594500000000001, 0.26440000000000013, 0.26935000000000014, 0.27430000000000015, 0.27925000000000016, 0.2842000000000002, 0.2891500000000002, 0.2941000000000002, 0.2990500000000002, 0.3040000000000002, 0.3089500000000002, 0.31392500000000023], "HPRA": [0.001875, 0.0062250000000000005, 0.010575000000000001, 0.014925, 0.019275, 0.023625000000000004, 0.027975000000000003, 0.032325000000000007, 0.036675000000000006, 0.041375, 0.046075, 0.0508, 0.055525000000000005, 0.060250000000000005, 0.06505000000000001, 0.06985000000000001, 0.07465000000000002, 0.07945000000000002, 0.08425000000000002, 0.08905000000000003, 0.09385000000000003, 0.09865000000000004, 0.10352500000000005, 0.10840000000000005, 0.11327500000000006, 0.11815000000000006, 0.12302500000000008, 0.12790000000000007, 0.1327750000000001, 0.1376500000000001, 0.1425250000000001, 0.14740000000000011, 0.1522750000000001, 0.15715000000000012, 0.1620250000000001, 0.16690000000000013, 0.17177500000000012, 0.17665000000000014, 0.18157500000000013, 0.18652500000000014, 0.19147500000000015, 0.19642500000000016, 0.20137500000000016, 0.20632500000000017, 0.21127500000000018, 0.2162250000000002, 0.2211750000000002, 0.22612500000000021, 0.23107500000000022, 0.23602500000000023, 0.24097500000000024, 0.24592500000000025, 0.2508750000000003, 0.2558250000000003, 0.2607750000000003, 0.2657250000000003, 0.27067500000000033, 0.27562500000000034, 0.28057500000000035, 0.28552500000000036, 0.29047500000000037, 0.2954250000000004, 0.3003750000000004, 0.3053250000000004, 0.31030000000000035]}