{"HDA": [0.0026749999999999994, 0.006599999999999999, 0.010899999999999998, 0.015324999999999998, 0.01985, 0.024474999999999997, 0.029099999999999997, 0.033725, 0.038349999999999995, 0.043074999999999995, 0.047799999999999995, 0.05262499999999999, 0.057449999999999994, 0.06227499999999999, 0.06709999999999999, 0.07192499999999999, 0.07674999999999998, 0.08159999999999998, 0.08644999999999997, 0.09129999999999998, 0.09614999999999997, 0.10099999999999996, 0.10589999999999997, 0.11079999999999997, 0.11569999999999997, 0.12059999999999997, 0.12549999999999997, 0.13039999999999996, 0.13529999999999998, 0.1402, 0.14509999999999998, 0.15, 0.15489999999999998, 0.15984999999999996, 0.16479999999999997, 0.16974999999999998, 0.1747, 0.17965, 0.18460000000000001, 0.18955000000000002, 0.19450000000000003, 0.19945000000000004, 0.20440000000000005, 0.20935000000000006, 0.21430000000000007, 0.21925000000000008, 0.2242000000000001, 0.2291500000000001, 0.2341000000000001, 0.23905000000000012, 0.24400000000000013, 0.24895000000000014, 0.2539000000000001, 0.25885000000000014, 0.26382500000000014], "HBA": [0.0026749999999999994, 0.006599999999999999, 0.011025, 0.015550000000000001, 0.02015, 0.02475, 0.029375, 0.0341, 0.038900000000000004, 0.0437, 0.048525, 0.05335, 0.0582, 0.06305000000000001, 0.06790000000000002, 0.07275000000000001, 0.07762500000000001, 0.08250000000000002, 0.08737500000000002, 0.09225000000000003, 0.09715000000000003, 0.10205000000000003, 0.10695000000000005, 0.11187500000000003, 0.11680000000000003, 0.12172500000000003, 0.12665000000000004, 0.13157500000000003, 0.1365, 0.14142500000000002, 0.14635, 0.15127500000000002, 0.1562, 0.16115000000000002, 0.16610000000000003, 0.17105000000000004, 0.17600000000000005, 0.18095000000000006, 0.18590000000000007, 0.19085000000000008, 0.19580000000000009, 0.2007500000000001, 0.2057000000000001, 0.21065000000000011, 0.21560000000000012, 0.22055000000000013, 0.22550000000000014, 0.23045000000000015, 0.23540000000000016, 0.24035000000000017, 0.24530000000000018, 0.2502500000000002, 0.2552000000000002, 0.2601500000000002, 0.2651000000000002, 0.27005000000000023, 0.27500000000000024, 0.27995000000000025, 0.28490000000000026, 0.2898500000000003, 0.2948000000000003, 0.2997500000000003, 0.3047000000000003, 0.3096500000000003, 0.3146000000000003, 0.31955000000000033, 0.3245000000000003, 0.3294500000000003, 0.33440000000000025, 0.33935000000000026, 0.3443000000000002, 0.34925000000000017, 0.3542000000000002, 0.35915000000000014, 0.3641000000000001, 0.3690500000000001, 0.37400000000000005, 0.37895, 0.3839, 0.38885, 0.39379999999999993, 0.39874999999999994, 0.4036999999999999, 0.4086499999999999, 0.41359999999999986, 0.4185499999999998, 0.4234999999999998, 0.4284499999999998, 0.43339999999999973, 0.43834999999999974, 0.4432999999999997, 0.44824999999999965, 0.45319999999999966, 0.4581499999999996, 0.4630999999999996, 0.4680499999999996, 0.47299999999999953, 0.47794999999999954, 0.4828999999999995, 0.48784999999999945, 0.49279999999999946, 0.4977499999999994, 0.5026999999999994, 0.5076499999999994, 0.5125999999999994, 0.5175499999999993, 0.5224999999999993, 0.5274499999999993, 0.5323999999999992, 0.5373499999999992, 0.5422999999999992, 0.5472499999999991, 0.5521999999999991, 0.5571499999999991, 0.562099999999999, 0.567049999999999, 0.5719999999999991, 0.576949999999999, 0.581899999999999, 0.586849999999999, 0.5917999999999989, 0.5967499999999989, 0.6016999999999989, 0.6066499999999988, 0.6115999999999988, 0.6165499999999988, 0.6214999999999988, 0.6264499999999987, 0.6313999999999987, 0.6363499999999987, 0.6412999999999986, 0.6462499999999988, 0.6511999999999988, 0.6561499999999988, 0.6610999999999989, 0.6660499999999989, 0.6709999999999989, 0.6759499999999989, 0.6808999999999991, 0.6858499999999991, 0.6907999999999991, 0.6957499999999992, 0.7006999999999992, 0.7056499999999992, 0.7105999999999993, 0.7155499999999994, 0.7204999999999994, 0.7254499999999995, 0.7303999999999995, 0.7353499999999995, 0.7402999999999996, 0.7452499999999996, 0.7501999999999996, 0.7551499999999998, 0.7600999999999998, 0.7650499999999998, 0.7699999999999999, 0.7749499999999999, 0.7798999999999999, 0.78485, 0.7898000000000001, 0.7947500000000001, 0.7997000000000001, 0.8046500000000002, 0.8096000000000002, 0.8145750000000003], "HCA": [0.0026749999999999994, 0.006599999999999999, 0.011025, 0.015449999999999998, 0.019975, 0.0245, 0.0291, 0.033825, 0.03855, 0.04335000000000001, 0.04817500000000001, 0.053000000000000005, 0.05782500000000001, 0.06265000000000001, 0.0675, 0.07235000000000001, 0.07720000000000002, 0.08205000000000001, 0.08690000000000002, 0.09177500000000002, 0.09667500000000002, 0.10157500000000003, 0.10647500000000003, 0.11140000000000003, 0.11632500000000003, 0.12125000000000002, 0.126175, 0.13110000000000002, 0.136025, 0.14095000000000002, 0.145875, 0.1508, 0.155725, 0.16067499999999998, 0.165625, 0.170575, 0.17552500000000001, 0.18047500000000002, 0.18542500000000003, 0.19037500000000004, 0.19532500000000005, 0.20027500000000006, 0.20522500000000007, 0.21017500000000008, 0.2151250000000001, 0.2200750000000001, 0.2250250000000001, 0.22997500000000012, 0.23492500000000013, 0.23987500000000014, 0.24482500000000015, 0.24977500000000016, 0.2547250000000002, 0.2596750000000002, 0.26465000000000016], "HPRA": [0.0026749999999999994, 0.006599999999999999, 0.010899999999999998, 0.015199999999999998, 0.019724999999999996, 0.024349999999999997, 0.028974999999999994, 0.03359999999999999, 0.038224999999999995, 0.04294999999999999, 0.047674999999999995, 0.052399999999999995, 0.057124999999999995, 0.061849999999999995, 0.066575, 0.0713, 0.076125, 0.08095000000000001, 0.085775, 0.0906, 0.09542500000000001, 0.10025, 0.10515000000000001, 0.11005000000000001, 0.11495000000000001, 0.11985000000000001, 0.12475000000000001, 0.12965000000000002, 0.13455000000000003, 0.13945000000000002, 0.14435000000000003, 0.14925000000000002, 0.15415000000000004, 0.15910000000000002, 0.16405, 0.169, 0.17395000000000002, 0.17890000000000003, 0.18385000000000004, 0.18880000000000005, 0.19375000000000006, 0.19870000000000007, 0.20365000000000008, 0.2086000000000001, 0.2135500000000001, 0.2185000000000001, 0.22345000000000012, 0.22840000000000013, 0.23335000000000014, 0.23830000000000015, 0.24325000000000016, 0.24820000000000017, 0.2531500000000002, 0.2581000000000002, 0.26307500000000017]}