{"HDA": [0.0032500000000000003, 0.00755, 0.011850000000000001, 0.01615, 0.020775000000000002, 0.0254, 0.030025, 0.03465, 0.03945, 0.0443, 0.04915, 0.054000000000000006, 0.058850000000000006, 0.0637, 0.06855000000000001, 0.07340000000000002, 0.07825000000000001, 0.08310000000000002, 0.08797500000000003, 0.09287500000000003, 0.09777500000000003, 0.10267500000000003, 0.10757500000000003, 0.11247500000000005, 0.11737500000000005, 0.12227500000000005, 0.12717500000000004, 0.13207500000000005, 0.13697500000000004, 0.14187500000000006, 0.14677500000000004, 0.15167500000000006, 0.15657500000000005, 0.16152500000000006, 0.16647500000000007, 0.17142500000000008, 0.1763750000000001, 0.1813250000000001, 0.1862750000000001, 0.19122500000000012, 0.19617500000000013, 0.20112500000000014, 0.20607500000000015, 0.21102500000000016, 0.21597500000000017, 0.22092500000000018, 0.2258750000000002, 0.2308250000000002, 0.2357750000000002, 0.24072500000000022, 0.24567500000000023, 0.25062500000000026, 0.2555750000000003, 0.2605250000000003, 0.2654750000000003, 0.2704250000000003, 0.2753750000000003, 0.2803250000000003, 0.2853000000000003], "HBA": [0.0032500000000000003, 0.00755, 0.01205, 0.01665, 0.021275, 0.026000000000000002, 0.0308, 0.0356, 0.0404, 0.045250000000000005, 0.050100000000000006, 0.05495000000000001, 0.05980000000000001, 0.06465000000000001, 0.06952500000000002, 0.07440000000000001, 0.07927500000000001, 0.084175, 0.089075, 0.093975, 0.098875, 0.103775, 0.10867500000000002, 0.11357500000000002, 0.11850000000000001, 0.123425, 0.12835000000000002, 0.133275, 0.1382, 0.143125, 0.14805, 0.152975, 0.15789999999999998, 0.16285, 0.1678, 0.17275000000000001, 0.17770000000000002, 0.18265000000000003, 0.18760000000000004, 0.19255000000000005, 0.19750000000000006, 0.20245000000000007, 0.20740000000000008, 0.2123500000000001, 0.2173000000000001, 0.22225000000000011, 0.22720000000000012, 0.23215000000000013, 0.23710000000000014, 0.24205000000000015, 0.24700000000000016, 0.2519500000000002, 0.2569000000000002, 0.2618500000000002, 0.2668000000000002, 0.2717500000000002, 0.2767000000000002, 0.28165000000000023, 0.28660000000000024, 0.29155000000000025, 0.29650000000000026, 0.3014500000000003, 0.3064000000000003, 0.3113500000000003, 0.3163000000000003, 0.32125000000000026, 0.32620000000000027, 0.3311500000000002, 0.33610000000000023, 0.3410500000000002, 0.34600000000000014, 0.35095000000000015, 0.3559000000000001, 0.36085000000000006, 0.36580000000000007, 0.37075, 0.3757, 0.38065, 0.38559999999999994, 0.39054999999999995, 0.3954999999999999, 0.40044999999999986, 0.40539999999999987, 0.4103499999999998, 0.4152999999999998, 0.4202499999999998, 0.42519999999999974, 0.4301499999999997, 0.4350999999999997, 0.44004999999999966, 0.4449999999999996, 0.44994999999999963, 0.4548999999999996, 0.4598499999999996, 0.46479999999999955, 0.4697499999999995, 0.4746999999999995, 0.47964999999999947, 0.4845999999999994, 0.48954999999999943, 0.4944999999999994, 0.49944999999999934, 0.5043999999999993, 0.5093499999999993, 0.5142999999999993, 0.5192499999999992, 0.5241999999999992, 0.5291499999999992, 0.5340999999999991, 0.5390499999999991, 0.5439999999999992, 0.5489499999999992, 0.5538999999999991, 0.5588499999999991, 0.5637999999999991, 0.568749999999999, 0.573699999999999, 0.578649999999999, 0.5835999999999989, 0.5885499999999989, 0.5934999999999989, 0.5984499999999988, 0.6033999999999988, 0.6083499999999988, 0.6132999999999987, 0.6182499999999987, 0.6231999999999988, 0.6281499999999987, 0.6330999999999987, 0.6380499999999987, 0.6429999999999987, 0.6479499999999987, 0.6528999999999988, 0.6578499999999988, 0.6627999999999988, 0.667749999999999, 0.672699999999999, 0.677649999999999, 0.6825999999999991, 0.6875499999999991, 0.6924999999999991, 0.6974499999999992, 0.7023999999999992, 0.7073499999999993, 0.7122999999999994, 0.7172499999999994, 0.7221999999999994, 0.7271499999999995, 0.7320999999999995, 0.7370499999999995, 0.7419999999999995, 0.7469499999999997, 0.7518999999999997, 0.7568499999999997, 0.7617999999999998, 0.7667499999999998, 0.7716999999999998, 0.77665, 0.7816, 0.78655, 0.7915000000000001, 0.7964500000000001, 0.8014000000000001, 0.8063500000000002, 0.8113000000000002, 0.8162500000000003, 0.8212000000000004, 0.8261500000000004, 0.8311000000000004, 0.8360500000000005, 0.8410000000000005, 0.8459750000000006], "HCA": [0.0032500000000000003, 0.00755, 0.01205, 0.01665, 0.021325000000000004, 0.026050000000000004, 0.030775000000000007, 0.035500000000000004, 0.040275000000000005, 0.045075000000000004, 0.049925000000000004, 0.05477500000000001, 0.05962500000000001, 0.06447500000000002, 0.06932500000000003, 0.07417500000000002, 0.07902500000000003, 0.08392500000000001, 0.08882500000000002, 0.09372500000000002, 0.09862500000000002, 0.10352500000000003, 0.10842500000000004, 0.11332500000000004, 0.11822500000000004, 0.12315000000000004, 0.12807500000000002, 0.13300000000000003, 0.13792500000000002, 0.14285000000000003, 0.14777500000000002, 0.1527, 0.15762500000000002, 0.16255000000000003, 0.16750000000000004, 0.17245000000000005, 0.17740000000000006, 0.18235000000000007, 0.18730000000000008, 0.1922500000000001, 0.1972000000000001, 0.2021500000000001, 0.20710000000000012, 0.21205000000000013, 0.21700000000000014, 0.22195000000000015, 0.22690000000000016, 0.23185000000000017, 0.23680000000000018, 0.2417500000000002, 0.2467000000000002, 0.2516500000000002, 0.2566000000000002, 0.2615500000000002, 0.26650000000000024, 0.27145000000000025, 0.27640000000000026, 0.28135000000000027, 0.2863250000000003], "HPRA": [0.0032500000000000003, 0.00755, 0.011850000000000001, 0.01615, 0.02045, 0.025075, 0.029699999999999997, 0.034324999999999994, 0.03912499999999999, 0.043925, 0.048725000000000004, 0.05357500000000001, 0.05842500000000001, 0.06327500000000001, 0.06812500000000002, 0.07297500000000003, 0.07782500000000002, 0.08267500000000001, 0.08752500000000002, 0.09242500000000002, 0.09732500000000002, 0.10222500000000002, 0.10712500000000003, 0.11202500000000003, 0.11692500000000003, 0.12182500000000003, 0.12672500000000003, 0.13162500000000002, 0.13652500000000004, 0.14142500000000002, 0.14632500000000004, 0.15122500000000005, 0.15612500000000004, 0.16107500000000005, 0.16602500000000006, 0.17097500000000007, 0.17592500000000008, 0.1808750000000001, 0.1858250000000001, 0.1907750000000001, 0.19572500000000012, 0.20067500000000013, 0.20562500000000014, 0.21057500000000015, 0.21552500000000016, 0.22047500000000017, 0.22542500000000018, 0.2303750000000002, 0.2353250000000002, 0.2402750000000002, 0.24522500000000022, 0.25017500000000026, 0.25512500000000027, 0.2600750000000003, 0.2650250000000003, 0.2699750000000003, 0.2749250000000003, 0.2798750000000003, 0.28485000000000027]}