{"HDA": [0.0035250000000000004, 0.007325000000000001, 0.011125000000000001, 0.01525, 0.019375, 0.0235, 0.027625, 0.032225000000000004, 0.036825000000000004, 0.041425000000000003, 0.046125, 0.050824999999999995, 0.0556, 0.060375, 0.06515, 0.07, 0.07485, 0.07970000000000001, 0.08455, 0.0894, 0.09424999999999999, 0.09909999999999998, 0.10394999999999997, 0.10879999999999997, 0.11367499999999998, 0.11854999999999999, 0.12342499999999999, 0.128325, 0.133225, 0.138125, 0.143025, 0.147975, 0.15292499999999998, 0.157875, 0.162825, 0.167775, 0.17272500000000002, 0.17767500000000003, 0.18262500000000004, 0.18757500000000005, 0.19252500000000006, 0.19747500000000007, 0.20242500000000008, 0.2073750000000001, 0.2123250000000001, 0.2172750000000001, 0.22222500000000012, 0.22717500000000013, 0.23212500000000014, 0.23707500000000015, 0.24202500000000016, 0.24697500000000017, 0.2519250000000002, 0.2568750000000002, 0.2618250000000002, 0.2667750000000002, 0.2717250000000002, 0.2766750000000002, 0.28162500000000024, 0.28657500000000025, 0.29152500000000026, 0.29647500000000027, 0.3014250000000003, 0.3063750000000003, 0.31135000000000024], "HBA": [0.0035250000000000004, 0.007325000000000001, 0.01145, 0.015875, 0.0203, 0.0249, 0.029549999999999996, 0.034249999999999996, 0.038975, 0.04375, 0.048525, 0.053325, 0.05814999999999999, 0.06297499999999999, 0.067825, 0.072675, 0.07752500000000001, 0.082375, 0.08725000000000001, 0.09212500000000003, 0.09700000000000003, 0.10187500000000003, 0.10675000000000004, 0.11165000000000004, 0.11655000000000004, 0.12145000000000004, 0.12637500000000004, 0.13130000000000006, 0.13622500000000004, 0.14115000000000003, 0.14607500000000004, 0.15102500000000002, 0.15597500000000003, 0.160925, 0.16587500000000002, 0.17082500000000003, 0.17577500000000004, 0.18072500000000005, 0.18567500000000006, 0.19062500000000007, 0.19557500000000008, 0.2005250000000001, 0.2054750000000001, 0.2104250000000001, 0.21537500000000012, 0.22032500000000013, 0.22527500000000014, 0.23022500000000015, 0.23517500000000016, 0.24012500000000017, 0.24507500000000018, 0.25002500000000016, 0.2549750000000002, 0.2599250000000002, 0.2648750000000002, 0.2698250000000002, 0.2747750000000002, 0.2797250000000002, 0.28467500000000023, 0.28962500000000024, 0.29457500000000025, 0.29952500000000026, 0.3044750000000003, 0.3094250000000003, 0.3143750000000003, 0.3193250000000003, 0.3242750000000003, 0.32922500000000027, 0.3341750000000003, 0.33912500000000023, 0.3440750000000002, 0.3490250000000002, 0.35397500000000015, 0.3589250000000001, 0.3638750000000001, 0.36882500000000007, 0.373775, 0.37872500000000003, 0.383675, 0.388625, 0.39357499999999995, 0.3985249999999999, 0.4034749999999999, 0.40842499999999987, 0.4133749999999998, 0.41832499999999984, 0.4232749999999998, 0.42822499999999974, 0.43317499999999975, 0.4381249999999997, 0.44307499999999966, 0.4480249999999997, 0.45297499999999963, 0.45792499999999964, 0.4628749999999996, 0.46782499999999955, 0.47277499999999956, 0.4777249999999995, 0.48267499999999947, 0.4876249999999995, 0.49257499999999943, 0.4975249999999994, 0.5024749999999993, 0.5074249999999993, 0.5123749999999994, 0.5173249999999993, 0.5222749999999993, 0.5272249999999993, 0.5321749999999992, 0.5371249999999992, 0.5420749999999992, 0.5470249999999992, 0.5519749999999991, 0.5569249999999991, 0.5618749999999991, 0.566824999999999, 0.571774999999999, 0.576724999999999, 0.5816749999999989, 0.586624999999999, 0.591574999999999, 0.5965249999999989, 0.6014749999999989, 0.6064249999999989, 0.6113749999999988, 0.6163249999999988, 0.6212749999999988, 0.6262249999999987, 0.6311749999999987, 0.6361249999999987, 0.6410749999999987, 0.6460249999999987, 0.6509749999999989, 0.6559249999999989, 0.6608749999999989, 0.665824999999999, 0.670774999999999, 0.675724999999999, 0.6806749999999991, 0.6856249999999992, 0.6905749999999992, 0.6955249999999993, 0.7004749999999993, 0.7054249999999993, 0.7103749999999994, 0.7153249999999994, 0.7202749999999994, 0.7252249999999996, 0.7301749999999996, 0.7351249999999996, 0.7400749999999996, 0.7450249999999997, 0.7499749999999997, 0.7549249999999997, 0.7598749999999999, 0.7648249999999999, 0.7697749999999999, 0.774725, 0.779675, 0.784625, 0.7895750000000001, 0.7945250000000001, 0.7994750000000002, 0.8044250000000003, 0.8093750000000003, 0.8143250000000003, 0.8193000000000004], "HCA": [0.0035250000000000004, 0.007050000000000001, 0.011175000000000001, 0.015300000000000003, 0.019725000000000003, 0.024325, 0.028925, 0.033525, 0.038224999999999995, 0.043, 0.047775, 0.05255, 0.057325, 0.0621, 0.066875, 0.071725, 0.076575, 0.081425, 0.0863, 0.09117500000000002, 0.09605000000000002, 0.10092500000000003, 0.10580000000000003, 0.11067500000000004, 0.11555000000000006, 0.12045000000000006, 0.12537500000000004, 0.13030000000000005, 0.13522500000000004, 0.14015000000000005, 0.14507500000000004, 0.15002500000000002, 0.15497500000000003, 0.159925, 0.164875, 0.169825, 0.174775, 0.17972500000000002, 0.18467500000000003, 0.18962500000000004, 0.19457500000000005, 0.19952500000000006, 0.20447500000000007, 0.20942500000000008, 0.2143750000000001, 0.2193250000000001, 0.2242750000000001, 0.22922500000000012, 0.23417500000000013, 0.23912500000000014, 0.24407500000000015, 0.24902500000000016, 0.2539750000000002, 0.2589250000000002, 0.2638750000000002, 0.2688250000000002, 0.2737750000000002, 0.2787250000000002, 0.28367500000000023, 0.28862500000000024, 0.29357500000000025, 0.29852500000000026, 0.3034750000000003, 0.3084250000000003, 0.3134000000000003], "HPRA": [0.0035250000000000004, 0.007325000000000001, 0.011125000000000001, 0.01525, 0.019375, 0.0235, 0.027625, 0.032225000000000004, 0.036825000000000004, 0.041425000000000003, 0.046025, 0.050625, 0.055224999999999996, 0.06, 0.064775, 0.06955, 0.07440000000000001, 0.07925, 0.08410000000000001, 0.08895, 0.0938, 0.09864999999999999, 0.10349999999999998, 0.10834999999999997, 0.11322499999999998, 0.11809999999999998, 0.122975, 0.12785, 0.132725, 0.13760000000000003, 0.14247500000000002, 0.14740000000000003, 0.15235, 0.1573, 0.16225, 0.16720000000000002, 0.17215000000000003, 0.17710000000000004, 0.18205000000000005, 0.18700000000000006, 0.19195000000000007, 0.19690000000000007, 0.20185000000000008, 0.2068000000000001, 0.2117500000000001, 0.21670000000000011, 0.22165000000000012, 0.22660000000000013, 0.23155000000000014, 0.23650000000000015, 0.24145000000000016, 0.24640000000000017, 0.2513500000000002, 0.2563000000000002, 0.2612500000000002, 0.2662000000000002, 0.2711500000000002, 0.27610000000000023, 0.28105000000000024, 0.28600000000000025, 0.29095000000000026, 0.2959000000000003, 0.3008500000000003, 0.3058250000000003]}