{"HDA": [0.0043, 0.0086, 0.012974999999999999, 0.017474999999999997, 0.021974999999999998, 0.026525, 0.031075, 0.035625, 0.040175, 0.044925, 0.049675, 0.054525, 0.059375, 0.064225, 0.06907500000000001, 0.073925, 0.078825, 0.08372500000000001, 0.08862500000000001, 0.09352500000000001, 0.09842500000000001, 0.10332500000000001, 0.10822500000000002, 0.11312500000000002, 0.11802500000000002, 0.12292500000000002, 0.12782500000000002, 0.13272500000000004, 0.13765000000000002, 0.1426, 0.14755000000000001, 0.1525, 0.15744999999999998, 0.1624, 0.16735, 0.1723, 0.17725000000000002, 0.18220000000000003, 0.18715000000000004, 0.19210000000000005, 0.19705000000000006, 0.20200000000000007, 0.20695000000000008, 0.2119000000000001, 0.2168500000000001, 0.2218000000000001, 0.22675000000000012, 0.23170000000000013, 0.23665000000000014, 0.24160000000000015, 0.24655000000000016, 0.25150000000000017, 0.2564500000000002, 0.2614000000000002, 0.2663500000000002, 0.2713000000000002, 0.2762500000000002, 0.2812250000000002], "HBA": [0.0043, 0.008674999999999999, 0.013049999999999999, 0.01755, 0.02205, 0.026600000000000002, 0.031175, 0.0359, 0.040650000000000006, 0.0454, 0.050199999999999995, 0.05505, 0.059925, 0.0648, 0.0697, 0.0746, 0.0795, 0.08439999999999999, 0.08929999999999999, 0.0942, 0.09910000000000001, 0.10402499999999999, 0.10894999999999999, 0.11387499999999999, 0.11879999999999999, 0.12372499999999999, 0.12865, 0.13357499999999997, 0.13849999999999998, 0.14344999999999997, 0.14839999999999998, 0.15334999999999996, 0.15829999999999994, 0.16324999999999995, 0.16819999999999996, 0.17314999999999997, 0.17809999999999998, 0.18305, 0.188, 0.19295, 0.19790000000000002, 0.20285000000000003, 0.20780000000000004, 0.21275000000000005, 0.21770000000000006, 0.22265000000000007, 0.22760000000000008, 0.2325500000000001, 0.2375000000000001, 0.2424500000000001, 0.24740000000000012, 0.25235000000000013, 0.25730000000000014, 0.26225000000000015, 0.26720000000000016, 0.27215000000000017, 0.2771000000000002, 0.2820500000000002, 0.2870000000000002, 0.2919500000000002, 0.2969000000000002, 0.30185000000000023, 0.30680000000000024, 0.31175000000000025, 0.31670000000000026, 0.32165000000000027, 0.3266000000000002, 0.33155000000000023, 0.3365000000000002, 0.3414500000000002, 0.34640000000000015, 0.3513500000000001, 0.3563000000000001, 0.36125000000000007, 0.3662, 0.37115000000000004, 0.3761, 0.38104999999999994, 0.38599999999999995, 0.3909499999999999, 0.3958999999999999, 0.4008499999999999, 0.4057999999999998, 0.41074999999999984, 0.4156999999999998, 0.42064999999999975, 0.42559999999999976, 0.4305499999999997, 0.43549999999999967, 0.4404499999999997, 0.44539999999999963, 0.4503499999999996, 0.4552999999999996, 0.46024999999999955, 0.46519999999999956, 0.4701499999999995, 0.47509999999999947, 0.4800499999999995, 0.48499999999999943, 0.4899499999999994, 0.4948999999999994, 0.49984999999999935, 0.5047999999999994, 0.5097499999999993, 0.5146999999999993, 0.5196499999999993, 0.5245999999999992, 0.5295499999999992, 0.5344999999999992, 0.5394499999999991, 0.5443999999999991, 0.5493499999999991, 0.5542999999999991, 0.559249999999999, 0.564199999999999, 0.569149999999999, 0.5740999999999989, 0.579049999999999, 0.583999999999999, 0.5889499999999989, 0.5938999999999989, 0.5988499999999989, 0.6037999999999988, 0.6087499999999988, 0.6136999999999988, 0.6186499999999987, 0.6235999999999987, 0.6285499999999987, 0.6334999999999986, 0.6384499999999986, 0.6433999999999986, 0.6483499999999986, 0.6532999999999987, 0.6582499999999988, 0.6631999999999988, 0.6681499999999988, 0.6730999999999989, 0.6780499999999989, 0.6829999999999989, 0.6879499999999991, 0.6928999999999991, 0.6978499999999991, 0.7027999999999992, 0.7077499999999992, 0.7126999999999992, 0.7176499999999993, 0.7225999999999994, 0.7275499999999994, 0.7324999999999995, 0.7374499999999995, 0.7423999999999995, 0.7473499999999995, 0.7522999999999996, 0.7572499999999996, 0.7621999999999997, 0.7671499999999998, 0.7720999999999998, 0.7770499999999998, 0.7819999999999999, 0.7869499999999999, 0.7918999999999999, 0.7968500000000001, 0.8018000000000001, 0.8067500000000001, 0.8117000000000002, 0.8166750000000002], "HCA": [0.0043, 0.0086, 0.012974999999999999, 0.017474999999999997, 0.021974999999999998, 0.026525, 0.031075, 0.0358, 0.040525000000000005, 0.045274999999999996, 0.050075, 0.05492500000000001, 0.05977500000000001, 0.06465000000000001, 0.06955000000000001, 0.07445000000000002, 0.07935000000000002, 0.08425, 0.08915000000000001, 0.09405000000000001, 0.09895000000000001, 0.10387500000000001, 0.10880000000000001, 0.113725, 0.11865, 0.123575, 0.1285, 0.133425, 0.13835, 0.14329999999999998, 0.14824999999999997, 0.15319999999999998, 0.15814999999999996, 0.16309999999999994, 0.16804999999999995, 0.17299999999999996, 0.17794999999999997, 0.18289999999999998, 0.18785, 0.1928, 0.19775, 0.20270000000000002, 0.20765000000000003, 0.21260000000000004, 0.21755000000000005, 0.22250000000000006, 0.22745000000000007, 0.23240000000000008, 0.2373500000000001, 0.2423000000000001, 0.2472500000000001, 0.25220000000000015, 0.25715000000000016, 0.26210000000000017, 0.2670500000000002, 0.2720000000000002, 0.2769500000000002, 0.28192500000000015], "HPRA": [0.0043, 0.0086, 0.012974999999999999, 0.017349999999999997, 0.02185, 0.026350000000000002, 0.030900000000000004, 0.03545, 0.04, 0.04475, 0.049499999999999995, 0.054349999999999996, 0.0592, 0.06405, 0.0689, 0.07375000000000001, 0.07860000000000002, 0.08350000000000002, 0.08840000000000002, 0.09330000000000002, 0.09820000000000002, 0.10310000000000002, 0.10800000000000003, 0.11290000000000003, 0.11780000000000003, 0.12270000000000003, 0.12760000000000005, 0.13250000000000003, 0.13740000000000005, 0.14235000000000003, 0.14730000000000001, 0.15225000000000002, 0.1572, 0.16215, 0.1671, 0.17205, 0.17700000000000002, 0.18195000000000003, 0.18690000000000004, 0.19185000000000005, 0.19680000000000006, 0.20175000000000007, 0.20670000000000008, 0.2116500000000001, 0.2166000000000001, 0.2215500000000001, 0.22650000000000012, 0.23145000000000013, 0.23640000000000014, 0.24135000000000015, 0.24630000000000016, 0.2512500000000002, 0.2562000000000002, 0.2611500000000002, 0.2661000000000002, 0.27105000000000024, 0.27600000000000025, 0.2809750000000002]}