{"HDA": [0.0021500000000000004, 0.005875, 0.0096, 0.013325, 0.01705, 0.020775000000000002, 0.025175, 0.029575, 0.033975, 0.038674999999999994, 0.043375, 0.04807499999999999, 0.05277499999999999, 0.057474999999999984, 0.06217499999999999, 0.06687499999999998, 0.07157499999999999, 0.07644999999999998, 0.08132499999999998, 0.0862, 0.091075, 0.09595000000000001, 0.10082500000000001, 0.10570000000000002, 0.11057500000000003, 0.11547500000000004, 0.12037500000000004, 0.12527500000000003, 0.13017500000000004, 0.13507500000000003, 0.13997500000000004, 0.14487500000000003, 0.14977500000000005, 0.15470000000000003, 0.15962500000000004, 0.16455000000000006, 0.16950000000000007, 0.17445000000000008, 0.1794000000000001, 0.1843500000000001, 0.1893000000000001, 0.19425000000000012, 0.19920000000000013, 0.20415000000000014, 0.20910000000000015, 0.21405000000000016, 0.21900000000000017, 0.22395000000000018, 0.2289000000000002, 0.2338500000000002, 0.2388000000000002, 0.24375000000000022, 0.24870000000000023, 0.2536500000000002, 0.2586000000000002, 0.26355000000000023, 0.26850000000000024, 0.27345000000000025, 0.27840000000000026, 0.28335000000000027, 0.2883000000000003, 0.2932500000000003, 0.2982000000000003, 0.3031500000000003, 0.3081000000000003, 0.3130750000000003], "HBA": [0.00285, 0.006575, 0.0106, 0.01485, 0.01925, 0.023825000000000002, 0.028425000000000002, 0.033125, 0.037825, 0.042574999999999995, 0.04732499999999999, 0.05214999999999999, 0.05697499999999999, 0.06179999999999999, 0.06662499999999999, 0.07144999999999999, 0.07629999999999999, 0.081175, 0.08605, 0.090925, 0.09580000000000002, 0.10070000000000003, 0.10560000000000003, 0.11050000000000003, 0.11540000000000003, 0.12030000000000003, 0.12522500000000003, 0.13015000000000002, 0.13507500000000003, 0.14, 0.14492500000000003, 0.14985, 0.154775, 0.1597, 0.16462500000000002, 0.16955, 0.17447500000000002, 0.17942500000000003, 0.18437500000000004, 0.18932500000000005, 0.19427500000000006, 0.19922500000000007, 0.20417500000000008, 0.2091250000000001, 0.2140750000000001, 0.2190250000000001, 0.22397500000000012, 0.22892500000000013, 0.23387500000000014, 0.23882500000000015, 0.24377500000000016, 0.24872500000000017, 0.25367500000000015, 0.25862500000000016, 0.26357500000000017, 0.2685250000000002, 0.2734750000000002, 0.2784250000000002, 0.2833750000000002, 0.2883250000000002, 0.29327500000000023, 0.29822500000000024, 0.30317500000000025, 0.30812500000000026, 0.31307500000000027, 0.3180250000000003, 0.3229750000000003, 0.32792500000000024, 0.33287500000000025, 0.3378250000000002, 0.34277500000000016, 0.3477250000000002, 0.3526750000000001, 0.3576250000000001, 0.3625750000000001, 0.36752500000000005, 0.372475, 0.377425, 0.38237499999999996, 0.3873249999999999, 0.39227499999999993, 0.3972249999999999, 0.4021749999999999, 0.40712499999999985, 0.4120749999999998, 0.4170249999999998, 0.42197499999999977, 0.4269249999999997, 0.43187499999999973, 0.4368249999999997, 0.44177499999999964, 0.44672499999999965, 0.4516749999999996, 0.4566249999999996, 0.46157499999999957, 0.4665249999999995, 0.47147499999999953, 0.4764249999999995, 0.48137499999999944, 0.48632499999999945, 0.4912749999999994, 0.49622499999999936, 0.5011749999999994, 0.5061249999999994, 0.5110749999999993, 0.5160249999999993, 0.5209749999999993, 0.5259249999999992, 0.5308749999999992, 0.5358249999999992, 0.5407749999999991, 0.5457249999999991, 0.5506749999999991, 0.555624999999999, 0.560574999999999, 0.5655249999999991, 0.570474999999999, 0.575424999999999, 0.580374999999999, 0.5853249999999989, 0.5902749999999989, 0.5952249999999989, 0.6001749999999988, 0.6051249999999988, 0.6100749999999988, 0.6150249999999988, 0.6199749999999987, 0.6249249999999987, 0.6298749999999987, 0.6348249999999986, 0.6397749999999987, 0.6447249999999987, 0.6496749999999988, 0.6546249999999988, 0.6595749999999988, 0.6645249999999989, 0.6694749999999989, 0.6744249999999989, 0.679374999999999, 0.6843249999999991, 0.6892749999999991, 0.6942249999999991, 0.6991749999999992, 0.7041249999999992, 0.7090749999999992, 0.7140249999999994, 0.7189749999999994, 0.7239249999999994, 0.7288749999999995, 0.7338249999999995, 0.7387749999999995, 0.7437249999999996, 0.7486749999999996, 0.7536249999999997, 0.7585749999999998, 0.7635249999999998, 0.7684749999999998, 0.7734249999999999, 0.7783749999999999, 0.7833249999999999, 0.7882750000000001, 0.79325], "HCA": [0.00285, 0.006575, 0.0103, 0.014325000000000001, 0.018725000000000002, 0.023125, 0.027525, 0.031925, 0.036625, 0.041324999999999994, 0.04607499999999999, 0.05089999999999999, 0.05572499999999999, 0.060549999999999986, 0.06537499999999999, 0.07019999999999998, 0.07502499999999998, 0.07989999999999998, 0.08477499999999999, 0.08965, 0.09452500000000001, 0.09940000000000002, 0.10430000000000002, 0.10920000000000002, 0.11410000000000002, 0.11900000000000002, 0.12392500000000002, 0.12885000000000002, 0.133775, 0.13870000000000002, 0.143625, 0.14855000000000002, 0.153475, 0.15839999999999999, 0.163325, 0.16824999999999998, 0.173175, 0.178125, 0.18307500000000002, 0.18802500000000003, 0.19297500000000004, 0.19792500000000005, 0.20287500000000006, 0.20782500000000007, 0.21277500000000008, 0.21772500000000009, 0.2226750000000001, 0.2276250000000001, 0.23257500000000011, 0.23752500000000012, 0.24247500000000013, 0.24742500000000014, 0.2523750000000001, 0.25732500000000014, 0.26227500000000015, 0.26722500000000016, 0.27217500000000017, 0.2771250000000002, 0.2820750000000002, 0.2870250000000002, 0.2919750000000002, 0.2969250000000002, 0.3018750000000002, 0.30682500000000024, 0.31177500000000025, 0.31672500000000026, 0.3217000000000003], "HPRA": [0.0021500000000000004, 0.005875, 0.0096, 0.013325, 0.01705, 0.020775000000000002, 0.02475, 0.02915, 0.033549999999999996, 0.03795, 0.042350000000000006, 0.04675000000000001, 0.051275, 0.0558, 0.0605, 0.0652, 0.06989999999999999, 0.07459999999999999, 0.07929999999999998, 0.08407499999999998, 0.08884999999999998, 0.09372499999999999, 0.0986, 0.103475, 0.10835, 0.11322500000000002, 0.11810000000000002, 0.12297500000000003, 0.12785000000000005, 0.13272500000000004, 0.13760000000000006, 0.14247500000000005, 0.14735000000000006, 0.15222500000000008, 0.15710000000000007, 0.1619750000000001, 0.16690000000000008, 0.17185000000000009, 0.1768000000000001, 0.1817500000000001, 0.18670000000000012, 0.19165000000000013, 0.19660000000000014, 0.20155000000000015, 0.20650000000000016, 0.21145000000000017, 0.21640000000000018, 0.22135000000000019, 0.2263000000000002, 0.2312500000000002, 0.23620000000000022, 0.24115000000000023, 0.24610000000000024, 0.2510500000000003, 0.2560000000000003, 0.2609500000000003, 0.2659000000000003, 0.2708500000000003, 0.2758000000000003, 0.28075000000000033, 0.28570000000000034, 0.29065000000000035, 0.29560000000000036, 0.3005500000000004, 0.3055250000000003]}