{"HDA": [0.00245, 0.006699999999999999, 0.011099999999999999, 0.015524999999999997, 0.019949999999999996, 0.024374999999999994, 0.028799999999999996, 0.03322499999999999, 0.03795, 0.04267499999999999, 0.04739999999999999, 0.052125, 0.056949999999999994, 0.061775, 0.06659999999999999, 0.07145, 0.07629999999999999, 0.08115, 0.086, 0.09084999999999999, 0.09569999999999998, 0.100575, 0.10545, 0.110325, 0.11522500000000001, 0.12012500000000001, 0.12502500000000003, 0.129925, 0.13482500000000003, 0.13972500000000002, 0.14462500000000003, 0.14952500000000002, 0.15442500000000003, 0.15935000000000002, 0.16427500000000003, 0.16920000000000002, 0.174125, 0.17905000000000001, 0.18400000000000002, 0.18895000000000003, 0.19390000000000004, 0.19885000000000005, 0.20380000000000006, 0.20875000000000007, 0.21370000000000008, 0.2186500000000001, 0.2236000000000001, 0.22855000000000011, 0.23350000000000012, 0.23845000000000013, 0.24340000000000014, 0.24835000000000015, 0.25330000000000014, 0.25825000000000015, 0.26320000000000016, 0.26815000000000017, 0.2731000000000002, 0.2780500000000002, 0.2830000000000002, 0.2879500000000002, 0.2929250000000002], "HBA": [0.00255, 0.0068, 0.011199999999999998, 0.015625, 0.020175000000000002, 0.024775000000000002, 0.029375, 0.0341, 0.038825000000000005, 0.043575, 0.04832499999999999, 0.053149999999999996, 0.05797499999999999, 0.0628, 0.06765, 0.0725, 0.07735, 0.082225, 0.08710000000000001, 0.09197500000000002, 0.09687500000000002, 0.10177500000000002, 0.10667500000000002, 0.11157500000000002, 0.11647500000000002, 0.12140000000000002, 0.12632500000000002, 0.13125, 0.13617500000000002, 0.1411, 0.14602500000000002, 0.15095, 0.155875, 0.16080000000000003, 0.165725, 0.17065000000000002, 0.175575, 0.18052500000000002, 0.18547500000000003, 0.19042500000000004, 0.19537500000000005, 0.20032500000000006, 0.20527500000000007, 0.21022500000000008, 0.2151750000000001, 0.2201250000000001, 0.2250750000000001, 0.23002500000000012, 0.23497500000000013, 0.23992500000000014, 0.24487500000000015, 0.24982500000000016, 0.2547750000000002, 0.2597250000000002, 0.2646750000000002, 0.2696250000000002, 0.27457500000000024, 0.27952500000000025, 0.28447500000000026, 0.28942500000000027, 0.2943750000000003, 0.2993250000000003, 0.3042750000000003, 0.3092250000000003, 0.3141750000000003, 0.3191250000000003, 0.3240750000000003, 0.32902500000000023, 0.33397500000000024, 0.3389250000000002, 0.34387500000000015, 0.34882500000000016, 0.3537750000000001, 0.35872500000000007, 0.3636750000000001, 0.36862500000000004, 0.373575, 0.378525, 0.38347499999999995, 0.38842499999999996, 0.3933749999999999, 0.3983249999999999, 0.4032749999999999, 0.40822499999999984, 0.4131749999999998, 0.4181249999999998, 0.42307499999999976, 0.4280249999999997, 0.4329749999999997, 0.4379249999999997, 0.4428749999999997, 0.44782499999999964, 0.4527749999999996, 0.4577249999999996, 0.46267499999999956, 0.4676249999999995, 0.4725749999999995, 0.4775249999999995, 0.48247499999999943, 0.48742499999999944, 0.4923749999999994, 0.49732499999999935, 0.5022749999999994, 0.5072249999999994, 0.5121749999999993, 0.5171249999999993, 0.5220749999999993, 0.5270249999999992, 0.5319749999999992, 0.5369249999999992, 0.5418749999999991, 0.5468249999999991, 0.5517749999999991, 0.556724999999999, 0.561674999999999, 0.566624999999999, 0.571574999999999, 0.576524999999999, 0.581474999999999, 0.5864249999999989, 0.5913749999999989, 0.5963249999999989, 0.6012749999999989, 0.6062249999999988, 0.6111749999999988, 0.6161249999999988, 0.6210749999999987, 0.6260249999999987, 0.6309749999999987, 0.6359249999999986, 0.6408749999999986, 0.6458249999999987, 0.6507749999999988, 0.6557249999999988, 0.6606749999999988, 0.6656249999999989, 0.6705749999999989, 0.6755249999999989, 0.680474999999999, 0.6854249999999991, 0.6903749999999991, 0.6953249999999991, 0.7002749999999992, 0.7052249999999992, 0.7101749999999992, 0.7151249999999993, 0.7200749999999994, 0.7250249999999994, 0.7299749999999995, 0.7349249999999995, 0.7398749999999995, 0.7448249999999996, 0.7497749999999996, 0.7547249999999996, 0.7596749999999998, 0.7646249999999998, 0.7695749999999998, 0.7745249999999999, 0.7794749999999999, 0.7844249999999999, 0.789375, 0.7943250000000001, 0.7992750000000001, 0.8042250000000002, 0.8091750000000002, 0.8141250000000002, 0.8191000000000003], "HCA": [0.00255, 0.0068, 0.011049999999999999, 0.015475, 0.019899999999999998, 0.024324999999999996, 0.028749999999999994, 0.033475, 0.0382, 0.042925, 0.04765, 0.052399999999999995, 0.05722499999999999, 0.062049999999999994, 0.06687499999999999, 0.071725, 0.076575, 0.081425, 0.0863, 0.09117500000000002, 0.09605000000000002, 0.10092500000000003, 0.10582500000000003, 0.11072500000000003, 0.11565000000000003, 0.12057500000000003, 0.12550000000000003, 0.130425, 0.13535000000000003, 0.140275, 0.14520000000000002, 0.150125, 0.15505000000000002, 0.159975, 0.16490000000000002, 0.169825, 0.17475000000000002, 0.17970000000000003, 0.18465000000000004, 0.18960000000000005, 0.19455000000000006, 0.19950000000000007, 0.20445000000000008, 0.20940000000000009, 0.2143500000000001, 0.2193000000000001, 0.22425000000000012, 0.22920000000000013, 0.23415000000000014, 0.23910000000000015, 0.24405000000000016, 0.24900000000000017, 0.2539500000000002, 0.2589000000000002, 0.2638500000000002, 0.2688000000000002, 0.2737500000000002, 0.2787000000000002, 0.28365000000000024, 0.28860000000000025, 0.29355000000000026, 0.29850000000000027, 0.3034750000000003], "HPRA": [0.00245, 0.00525, 0.00965, 0.014075000000000002, 0.018500000000000003, 0.022925, 0.02735, 0.031775, 0.036475, 0.041174999999999996, 0.04587499999999999, 0.05062499999999999, 0.05537499999999999, 0.060174999999999985, 0.06497499999999999, 0.06977499999999999, 0.074575, 0.079375, 0.084175, 0.08897500000000001, 0.09377500000000001, 0.09865000000000002, 0.10352500000000003, 0.10840000000000004, 0.11327500000000004, 0.11815000000000005, 0.12302500000000005, 0.12790000000000007, 0.13277500000000006, 0.13765000000000008, 0.1425250000000001, 0.1474000000000001, 0.1522750000000001, 0.1571500000000001, 0.1620250000000001, 0.16690000000000013, 0.17177500000000012, 0.17670000000000013, 0.18165000000000014, 0.18660000000000015, 0.19155000000000016, 0.19650000000000017, 0.20145000000000018, 0.2064000000000002, 0.2113500000000002, 0.21630000000000021, 0.22125000000000022, 0.22620000000000023, 0.23115000000000024, 0.23610000000000025, 0.24105000000000026, 0.24600000000000027, 0.2509500000000003, 0.2559000000000003, 0.2608500000000003, 0.2658000000000003, 0.2707500000000003, 0.27570000000000033, 0.28065000000000034, 0.28560000000000035, 0.2905750000000003]}