{"HDA": [0.0010749999999999998, 0.004775, 0.008475, 0.013025, 0.0177, 0.022375, 0.02705, 0.031725, 0.03640000000000001, 0.041175, 0.045950000000000005, 0.050725000000000006, 0.05550000000000001, 0.06027500000000001, 0.06505000000000001, 0.069875, 0.07475000000000001, 0.079625, 0.0845, 0.08937500000000002, 0.09427500000000003, 0.09917500000000003, 0.10407500000000003, 0.10900000000000003, 0.11392500000000001, 0.11885000000000001, 0.12377500000000001, 0.1287, 0.133625, 0.13855, 0.143475, 0.1484, 0.153325, 0.15825, 0.163175, 0.1681, 0.17305, 0.17800000000000002, 0.18295000000000003, 0.18790000000000004, 0.19285000000000005, 0.19780000000000006, 0.20275000000000007, 0.20770000000000008, 0.2126500000000001, 0.2176000000000001, 0.2225500000000001, 0.22750000000000012, 0.23245000000000013, 0.23740000000000014, 0.24235000000000015, 0.24730000000000016, 0.25225000000000014, 0.25720000000000015, 0.26215000000000016, 0.26712500000000017], "HBA": [0.0037, 0.007625, 0.011749999999999998, 0.0163, 0.020975, 0.025700000000000004, 0.030475000000000002, 0.035250000000000004, 0.040075, 0.0449, 0.049725, 0.054575000000000005, 0.05945, 0.06432500000000001, 0.0692, 0.074075, 0.078975, 0.08387499999999999, 0.08877499999999999, 0.093675, 0.098575, 0.103475, 0.108375, 0.1133, 0.118225, 0.12315, 0.128075, 0.13299999999999998, 0.137925, 0.14284999999999998, 0.147775, 0.15269999999999997, 0.157625, 0.16255, 0.16747499999999998, 0.172425, 0.177375, 0.18232500000000001, 0.18727500000000002, 0.19222500000000003, 0.19717500000000004, 0.20212500000000005, 0.20707500000000006, 0.21202500000000007, 0.21697500000000008, 0.2219250000000001, 0.2268750000000001, 0.23182500000000011, 0.23677500000000012, 0.24172500000000013, 0.24667500000000014, 0.25162500000000015, 0.25657500000000016, 0.2615250000000002, 0.2664750000000002, 0.2714250000000002, 0.2763750000000002, 0.2813250000000002, 0.2862750000000002, 0.29122500000000023, 0.29617500000000024, 0.30112500000000025, 0.30607500000000026, 0.3110250000000003, 0.3159750000000003, 0.3209250000000003, 0.32587500000000025, 0.33082500000000026, 0.3357750000000002, 0.34072500000000017, 0.3456750000000002, 0.35062500000000013, 0.35557500000000014, 0.3605250000000001, 0.36547500000000005, 0.37042500000000006, 0.375375, 0.38032499999999997, 0.385275, 0.39022499999999993, 0.3951749999999999, 0.4001249999999999, 0.40507499999999985, 0.41002499999999986, 0.4149749999999998, 0.41992499999999977, 0.4248749999999998, 0.42982499999999974, 0.4347749999999997, 0.4397249999999997, 0.44467499999999965, 0.4496249999999996, 0.4545749999999996, 0.4595249999999996, 0.4644749999999995, 0.46942499999999954, 0.4743749999999995, 0.4793249999999995, 0.48427499999999946, 0.4892249999999994, 0.4941749999999994, 0.4991249999999994, 0.5040749999999994, 0.5090249999999993, 0.5139749999999993, 0.5189249999999993, 0.5238749999999992, 0.5288249999999992, 0.5337749999999992, 0.5387249999999991, 0.5436749999999991, 0.5486249999999991, 0.553574999999999, 0.558524999999999, 0.5634749999999991, 0.5684249999999991, 0.573374999999999, 0.578324999999999, 0.583274999999999, 0.5882249999999989, 0.5931749999999989, 0.5981249999999989, 0.6030749999999988, 0.6080249999999988, 0.6129749999999988, 0.6179249999999987, 0.6228749999999987, 0.6278249999999987, 0.6327749999999986, 0.6377249999999987, 0.6426749999999987, 0.6476249999999988, 0.6525749999999988, 0.6575249999999988, 0.6624749999999989, 0.6674249999999989, 0.672374999999999, 0.6773249999999991, 0.6822749999999991, 0.6872249999999991, 0.6921749999999992, 0.6971249999999992, 0.7020749999999992, 0.7070249999999993, 0.7119749999999994, 0.7169249999999994, 0.7218749999999994, 0.7268249999999995, 0.7317749999999995, 0.7367249999999995, 0.7416749999999996, 0.7466249999999997, 0.7515749999999997, 0.7565249999999998, 0.7614749999999998, 0.7664249999999998, 0.7713749999999999, 0.7763249999999999, 0.7812749999999999, 0.7862250000000001, 0.7911750000000001, 0.7961250000000001, 0.8010750000000002, 0.8060250000000002, 0.8109750000000002, 0.8159250000000003, 0.8208750000000004, 0.8258250000000004, 0.8307750000000005, 0.8357250000000005, 0.8406750000000005, 0.8456250000000005, 0.8505750000000006, 0.8555250000000006, 0.8605000000000007], "HCA": [0.0037, 0.007625, 0.01155, 0.0161, 0.020775000000000002, 0.02545, 0.030125000000000002, 0.0349, 0.039675, 0.044500000000000005, 0.049325, 0.054150000000000004, 0.059025, 0.0639, 0.06877499999999999, 0.07365, 0.078525, 0.0834, 0.088275, 0.09315000000000001, 0.09805000000000001, 0.10295000000000001, 0.10785000000000002, 0.11277500000000001, 0.11770000000000001, 0.12262500000000001, 0.12755, 0.132475, 0.1374, 0.142325, 0.14725, 0.152175, 0.1571, 0.162025, 0.16695000000000002, 0.17190000000000003, 0.17685000000000003, 0.18180000000000004, 0.18675000000000005, 0.19170000000000006, 0.19665000000000007, 0.20160000000000008, 0.2065500000000001, 0.2115000000000001, 0.21645000000000011, 0.22140000000000012, 0.22635000000000013, 0.23130000000000014, 0.23625000000000015, 0.24120000000000016, 0.24615000000000017, 0.25110000000000016, 0.25605000000000017, 0.2610000000000002, 0.2659500000000002, 0.2709000000000002, 0.2758750000000002], "HPRA": [0.0010749999999999998, 0.004775, 0.008475, 0.013025, 0.017575, 0.022250000000000002, 0.026924999999999998, 0.0316, 0.036275, 0.04095000000000001, 0.04572500000000001, 0.05050000000000001, 0.055275000000000005, 0.060050000000000006, 0.06482500000000001, 0.06960000000000001, 0.07437500000000001, 0.07915000000000001, 0.08402500000000002, 0.08890000000000002, 0.09377500000000003, 0.09865000000000004, 0.10352500000000005, 0.10840000000000005, 0.11327500000000006, 0.11815000000000006, 0.12302500000000008, 0.12790000000000007, 0.1327750000000001, 0.1376500000000001, 0.1425250000000001, 0.14740000000000011, 0.1522750000000001, 0.15715000000000012, 0.1620250000000001, 0.1669500000000001, 0.1719000000000001, 0.17685000000000012, 0.18180000000000013, 0.18675000000000014, 0.19170000000000015, 0.19665000000000016, 0.20160000000000017, 0.20655000000000018, 0.2115000000000002, 0.2164500000000002, 0.2214000000000002, 0.22635000000000022, 0.23130000000000023, 0.23625000000000024, 0.24120000000000025, 0.24615000000000026, 0.25110000000000027, 0.2560500000000003, 0.2610000000000003, 0.2659750000000003]}