{"HDA": [0.00285, 0.007050000000000001, 0.011300000000000001, 0.015775, 0.02035, 0.024925000000000003, 0.029500000000000002, 0.034075, 0.038650000000000004, 0.043225, 0.047799999999999995, 0.05262499999999999, 0.057475, 0.062325, 0.067175, 0.072025, 0.07690000000000001, 0.081775, 0.08665, 0.09152500000000002, 0.09640000000000003, 0.10130000000000003, 0.10620000000000003, 0.11110000000000003, 0.11600000000000003, 0.12090000000000004, 0.12580000000000002, 0.13070000000000004, 0.13560000000000005, 0.14050000000000004, 0.14542500000000003, 0.15037500000000004, 0.15532500000000002, 0.16027500000000003, 0.16522500000000004, 0.17017500000000005, 0.17512500000000006, 0.18007500000000007, 0.18502500000000008, 0.1899750000000001, 0.1949250000000001, 0.1998750000000001, 0.20482500000000012, 0.20977500000000013, 0.21472500000000014, 0.21967500000000015, 0.22462500000000016, 0.22957500000000017, 0.23452500000000018, 0.2394750000000002, 0.2444250000000002, 0.2493750000000002, 0.25432500000000025, 0.25927500000000026, 0.26422500000000027, 0.2691750000000003, 0.2741250000000003, 0.27910000000000024], "HBA": [0.00285, 0.007050000000000001, 0.011300000000000001, 0.015775, 0.02035, 0.025075000000000004, 0.029825000000000004, 0.034600000000000006, 0.03937500000000001, 0.044175000000000006, 0.049, 0.053825000000000005, 0.058675000000000005, 0.06355000000000001, 0.068425, 0.073325, 0.078225, 0.083125, 0.088025, 0.09292500000000001, 0.09782500000000001, 0.10272500000000001, 0.10765000000000001, 0.11257500000000001, 0.1175, 0.12242499999999999, 0.12735, 0.132275, 0.1372, 0.14212499999999997, 0.14705, 0.15199999999999997, 0.15694999999999998, 0.1619, 0.16685, 0.1718, 0.17675000000000002, 0.18170000000000003, 0.18665000000000004, 0.19160000000000005, 0.19655000000000006, 0.20150000000000007, 0.20645000000000008, 0.2114000000000001, 0.2163500000000001, 0.2213000000000001, 0.22625000000000012, 0.23120000000000013, 0.23615000000000014, 0.24110000000000015, 0.24605000000000016, 0.25100000000000017, 0.2559500000000002, 0.2609000000000002, 0.2658500000000002, 0.2708000000000002, 0.2757500000000002, 0.2807000000000002, 0.28565000000000024, 0.29060000000000025, 0.29555000000000026, 0.30050000000000027, 0.3054500000000003, 0.3104000000000003, 0.3153500000000003, 0.3203000000000003, 0.32525000000000026, 0.33020000000000027, 0.3351500000000002, 0.3401000000000002, 0.3450500000000002, 0.35000000000000014, 0.3549500000000001, 0.3599000000000001, 0.36485000000000006, 0.3698, 0.37475, 0.3797, 0.38464999999999994, 0.38959999999999995, 0.3945499999999999, 0.3994999999999999, 0.40444999999999987, 0.4093999999999998, 0.41434999999999983, 0.4192999999999998, 0.42424999999999974, 0.42919999999999975, 0.4341499999999997, 0.43909999999999966, 0.44404999999999967, 0.4489999999999996, 0.45394999999999963, 0.4588999999999996, 0.46384999999999954, 0.46879999999999955, 0.4737499999999995, 0.47869999999999946, 0.48364999999999947, 0.4885999999999994, 0.4935499999999994, 0.4984999999999994, 0.5034499999999994, 0.5083999999999993, 0.5133499999999993, 0.5182999999999993, 0.5232499999999992, 0.5281999999999992, 0.5331499999999992, 0.5380999999999991, 0.5430499999999991, 0.5479999999999992, 0.552949999999999, 0.5578999999999991, 0.5628499999999991, 0.567799999999999, 0.572749999999999, 0.577699999999999, 0.5826499999999989, 0.5875999999999989, 0.5925499999999989, 0.5974999999999988, 0.6024499999999988, 0.6073999999999988, 0.6123499999999988, 0.6172999999999987, 0.6222499999999987, 0.6271999999999988, 0.6321499999999987, 0.6370999999999987, 0.6420499999999987, 0.6469999999999988, 0.6519499999999988, 0.6568999999999988, 0.6618499999999989, 0.666799999999999, 0.671749999999999, 0.676699999999999, 0.6816499999999991, 0.6865999999999991, 0.6915499999999991, 0.6964999999999992, 0.7014499999999992, 0.7063999999999993, 0.7113499999999994, 0.7162999999999994, 0.7212499999999994, 0.7261999999999995, 0.7311499999999995, 0.7360999999999995, 0.7410499999999997, 0.7459999999999997, 0.7509499999999997, 0.7558999999999998, 0.7608499999999998, 0.7657999999999998, 0.7707499999999999, 0.7757, 0.78065, 0.7856000000000001, 0.7905500000000001, 0.7955000000000001, 0.8004500000000001, 0.8054000000000002, 0.8103500000000002, 0.8153000000000002, 0.8202500000000004, 0.8252000000000004, 0.8301500000000004, 0.8351000000000005, 0.8400500000000005, 0.8450000000000005, 0.8499500000000006, 0.8549250000000006], "HCA": [0.00285, 0.007050000000000001, 0.011300000000000001, 0.015775, 0.02035, 0.025075000000000004, 0.029825000000000004, 0.034600000000000006, 0.03937500000000001, 0.044175000000000006, 0.049, 0.053825000000000005, 0.058675000000000005, 0.06352500000000001, 0.0684, 0.073275, 0.07815, 0.083025, 0.087925, 0.092825, 0.097725, 0.10262500000000001, 0.10755, 0.112475, 0.1174, 0.122325, 0.12725, 0.132175, 0.1371, 0.14202499999999998, 0.14695, 0.15189999999999998, 0.15684999999999996, 0.16179999999999997, 0.16674999999999998, 0.1717, 0.17665, 0.1816, 0.18655000000000002, 0.19150000000000003, 0.19645000000000004, 0.20140000000000005, 0.20635000000000006, 0.21130000000000007, 0.21625000000000008, 0.2212000000000001, 0.2261500000000001, 0.2311000000000001, 0.23605000000000012, 0.24100000000000013, 0.24595000000000014, 0.2509000000000001, 0.25585000000000013, 0.26080000000000014, 0.26575000000000015, 0.27070000000000016, 0.2756500000000002, 0.2806250000000002], "HPRA": [0.00285, 0.007050000000000001, 0.011300000000000001, 0.015775, 0.02035, 0.024925000000000003, 0.029500000000000002, 0.034075, 0.038650000000000004, 0.043225, 0.047799999999999995, 0.05237499999999999, 0.05694999999999999, 0.06152499999999998, 0.06634999999999998, 0.07117499999999997, 0.07599999999999998, 0.08087499999999999, 0.08574999999999999, 0.090625, 0.0955, 0.10037500000000002, 0.10525000000000002, 0.11012500000000003, 0.11500000000000003, 0.11987500000000004, 0.12475000000000006, 0.12962500000000005, 0.13450000000000006, 0.13937500000000008, 0.14425000000000007, 0.14917500000000009, 0.15412500000000007, 0.15907500000000005, 0.16402500000000006, 0.16897500000000007, 0.17392500000000008, 0.1788750000000001, 0.1838250000000001, 0.1887750000000001, 0.19372500000000012, 0.19867500000000013, 0.20362500000000014, 0.20857500000000015, 0.21352500000000016, 0.21847500000000017, 0.22342500000000018, 0.2283750000000002, 0.2333250000000002, 0.2382750000000002, 0.24322500000000022, 0.24817500000000023, 0.25312500000000027, 0.2580750000000003, 0.2630250000000003, 0.2679750000000003, 0.27295000000000025]}