{"HDA": [0.0017749999999999999, 0.005225, 0.008674999999999999, 0.01295, 0.017225, 0.021775, 0.026324999999999998, 0.030974999999999996, 0.0358, 0.040625, 0.045475, 0.05032500000000001, 0.05517500000000001, 0.060025000000000016, 0.06487500000000002, 0.06972500000000002, 0.07457500000000002, 0.07942500000000002, 0.08430000000000003, 0.08917500000000005, 0.09405000000000005, 0.09892500000000005, 0.10382500000000006, 0.10872500000000006, 0.11362500000000006, 0.11852500000000006, 0.12342500000000006, 0.12832500000000008, 0.13322500000000007, 0.13812500000000008, 0.14305000000000007, 0.14797500000000008, 0.15290000000000006, 0.15782500000000005, 0.16275000000000006, 0.16767500000000005, 0.17262500000000006, 0.17757500000000007, 0.18252500000000008, 0.18747500000000009, 0.1924250000000001, 0.1973750000000001, 0.20232500000000012, 0.20727500000000013, 0.21222500000000014, 0.21717500000000015, 0.22212500000000016, 0.22707500000000017, 0.23202500000000018, 0.23697500000000019, 0.2419250000000002, 0.2468750000000002, 0.25182500000000024, 0.25677500000000025, 0.26172500000000026, 0.2666750000000003, 0.2716250000000003, 0.2765750000000003, 0.28155000000000024], "HBA": [0.003225, 0.00655, 0.010825, 0.0151, 0.01965, 0.0242, 0.028849999999999997, 0.033499999999999995, 0.038325, 0.043149999999999994, 0.048, 0.05285, 0.0577, 0.06255000000000001, 0.06742500000000001, 0.0723, 0.07717500000000001, 0.082075, 0.086975, 0.091875, 0.096775, 0.101675, 0.106575, 0.111475, 0.1164, 0.121325, 0.12625, 0.13117499999999999, 0.1361, 0.14102499999999998, 0.14595, 0.15087499999999998, 0.1558, 0.16072499999999998, 0.16564999999999996, 0.17059999999999997, 0.17554999999999998, 0.1805, 0.18545, 0.1904, 0.19535000000000002, 0.20030000000000003, 0.20525000000000004, 0.21020000000000005, 0.21515000000000006, 0.22010000000000007, 0.22505000000000008, 0.2300000000000001, 0.2349500000000001, 0.2399000000000001, 0.24485000000000012, 0.24980000000000013, 0.25475000000000014, 0.25970000000000015, 0.26465000000000016, 0.2696000000000002, 0.2745500000000002, 0.2795000000000002, 0.2844500000000002, 0.2894000000000002, 0.2943500000000002, 0.29930000000000023, 0.30425000000000024, 0.30920000000000025, 0.31415000000000026, 0.3191000000000003, 0.3240500000000003, 0.3290000000000003, 0.33395000000000025, 0.3389000000000002, 0.3438500000000002, 0.34880000000000017, 0.3537500000000001, 0.35870000000000013, 0.3636500000000001, 0.36860000000000004, 0.37355000000000005, 0.3785, 0.38345, 0.38839999999999997, 0.3933499999999999, 0.39829999999999993, 0.4032499999999999, 0.40819999999999984, 0.41314999999999985, 0.4180999999999998, 0.42304999999999976, 0.42799999999999977, 0.4329499999999997, 0.43789999999999973, 0.4428499999999997, 0.44779999999999964, 0.45274999999999965, 0.4576999999999996, 0.46264999999999956, 0.46759999999999957, 0.4725499999999995, 0.4774999999999995, 0.4824499999999995, 0.48739999999999944, 0.4923499999999994, 0.4972999999999994, 0.5022499999999994, 0.5071999999999993, 0.5121499999999993, 0.5170999999999993, 0.5220499999999992, 0.5269999999999992, 0.5319499999999993, 0.5368999999999992, 0.5418499999999992, 0.5467999999999992, 0.5517499999999991, 0.5566999999999991, 0.5616499999999991, 0.566599999999999, 0.571549999999999, 0.576499999999999, 0.5814499999999989, 0.5863999999999989, 0.5913499999999989, 0.5962999999999989, 0.6012499999999988, 0.6061999999999989, 0.6111499999999989, 0.6160999999999988, 0.6210499999999988, 0.6259999999999988, 0.6309499999999987, 0.6358999999999987, 0.6408499999999987, 0.6457999999999987, 0.6507499999999987, 0.6556999999999988, 0.6606499999999988, 0.6655999999999989, 0.670549999999999, 0.675499999999999, 0.680449999999999, 0.6853999999999991, 0.6903499999999991, 0.6952999999999991, 0.7002499999999992, 0.7051999999999993, 0.7101499999999993, 0.7150999999999993, 0.7200499999999994, 0.7249999999999994, 0.7299499999999994, 0.7348999999999996, 0.7398499999999996, 0.7447999999999996, 0.7497499999999997, 0.7546999999999997, 0.7596499999999997, 0.7645999999999998, 0.7695499999999998, 0.7744999999999999, 0.77945, 0.7844, 0.78935, 0.7943000000000001, 0.7992500000000001, 0.8042000000000001, 0.8091500000000003, 0.8141000000000003, 0.8190500000000003, 0.8240000000000003, 0.8289500000000004, 0.8339000000000004, 0.8388500000000004, 0.8438000000000005, 0.8487500000000006, 0.8537000000000006, 0.8586500000000007, 0.8636000000000007, 0.8685500000000007, 0.8735000000000008, 0.8784500000000008, 0.8834000000000009, 0.888350000000001, 0.893300000000001, 0.898250000000001, 0.9032000000000011, 0.9081500000000011, 0.9131000000000011, 0.9180750000000012], "HCA": [0.003225, 0.00655, 0.010825, 0.0151, 0.01965, 0.0242, 0.028849999999999997, 0.033499999999999995, 0.038325, 0.043149999999999994, 0.048, 0.05285, 0.0577, 0.06255000000000001, 0.06740000000000002, 0.072275, 0.07715000000000001, 0.082025, 0.08690000000000002, 0.09177500000000002, 0.09667500000000002, 0.10157500000000003, 0.10647500000000003, 0.11137500000000003, 0.11630000000000003, 0.12122500000000003, 0.12615, 0.13107500000000002, 0.136, 0.14092500000000002, 0.14585, 0.150775, 0.1557, 0.160625, 0.16555, 0.1705, 0.17545000000000002, 0.18040000000000003, 0.18535000000000004, 0.19030000000000005, 0.19525000000000006, 0.20020000000000007, 0.20515000000000008, 0.2101000000000001, 0.2150500000000001, 0.2200000000000001, 0.22495000000000012, 0.22990000000000013, 0.23485000000000014, 0.23980000000000015, 0.24475000000000016, 0.24970000000000017, 0.25465000000000015, 0.25960000000000016, 0.2645500000000002, 0.2695000000000002, 0.2744500000000002, 0.2794000000000002, 0.2843500000000002, 0.2893250000000002], "HPRA": [0.0017749999999999999, 0.005225, 0.008674999999999999, 0.01295, 0.017225, 0.0215, 0.02605, 0.030600000000000002, 0.035325, 0.040150000000000005, 0.04497500000000001, 0.049800000000000004, 0.05462500000000001, 0.05947500000000001, 0.06432500000000001, 0.06917500000000001, 0.07402500000000002, 0.07887500000000001, 0.08372500000000002, 0.08860000000000003, 0.09347500000000003, 0.09835000000000005, 0.10322500000000005, 0.10810000000000006, 0.11297500000000006, 0.11785000000000007, 0.12272500000000008, 0.12760000000000007, 0.1324750000000001, 0.1373500000000001, 0.1422250000000001, 0.14710000000000012, 0.1519750000000001, 0.15685000000000013, 0.16172500000000015, 0.16665000000000013, 0.17160000000000014, 0.17655000000000015, 0.18150000000000016, 0.18645000000000017, 0.19140000000000018, 0.1963500000000002, 0.2013000000000002, 0.2062500000000002, 0.21120000000000022, 0.21615000000000023, 0.22110000000000024, 0.22605000000000025, 0.23100000000000026, 0.23595000000000027, 0.24090000000000028, 0.2458500000000003, 0.2508000000000003, 0.2557500000000003, 0.2607000000000003, 0.26565000000000033, 0.27060000000000034, 0.27555000000000035, 0.28052500000000036]}