{"HDA": [0.0032500000000000003, 0.006500000000000001, 0.009750000000000002, 0.014075000000000002, 0.018400000000000003, 0.022725000000000006, 0.027050000000000005, 0.03137500000000001, 0.03587500000000001, 0.04062500000000001, 0.045375000000000006, 0.050125, 0.054900000000000004, 0.059725, 0.06455, 0.069375, 0.0742, 0.079025, 0.0839, 0.088775, 0.09365000000000002, 0.09852500000000003, 0.10340000000000003, 0.10827500000000004, 0.11315000000000004, 0.11802500000000006, 0.12295000000000006, 0.12787500000000004, 0.13280000000000006, 0.13772500000000004, 0.14265000000000005, 0.14757500000000004, 0.15250000000000002, 0.15742500000000004, 0.16235000000000002, 0.16730000000000003, 0.17225000000000004, 0.17720000000000005, 0.18215000000000006, 0.18710000000000007, 0.19205000000000008, 0.1970000000000001, 0.2019500000000001, 0.2069000000000001, 0.21185000000000012, 0.21680000000000013, 0.22175000000000014, 0.22670000000000015, 0.23165000000000016, 0.23660000000000017, 0.24155000000000018, 0.2465000000000002, 0.25145000000000023, 0.25640000000000024, 0.26135000000000025, 0.26630000000000026, 0.27125000000000027, 0.2762000000000003, 0.28117500000000023], "HBA": [0.0032500000000000003, 0.0072250000000000005, 0.01155, 0.015875, 0.020425, 0.025, 0.029575, 0.03415, 0.038875, 0.043625, 0.048374999999999994, 0.053149999999999996, 0.05797499999999999, 0.06282499999999999, 0.067675, 0.072525, 0.0774, 0.08227500000000001, 0.08715000000000002, 0.09202500000000002, 0.09690000000000003, 0.10180000000000003, 0.10670000000000003, 0.11160000000000003, 0.11652500000000003, 0.12145000000000003, 0.12637500000000002, 0.13130000000000003, 0.136225, 0.14115000000000003, 0.146075, 0.15100000000000002, 0.155925, 0.16087500000000002, 0.16582500000000003, 0.17077500000000004, 0.17572500000000005, 0.18067500000000006, 0.18562500000000007, 0.19057500000000008, 0.1955250000000001, 0.2004750000000001, 0.2054250000000001, 0.21037500000000012, 0.21532500000000013, 0.22027500000000014, 0.22522500000000015, 0.23017500000000016, 0.23512500000000017, 0.24007500000000018, 0.2450250000000002, 0.2499750000000002, 0.25492500000000023, 0.25987500000000024, 0.26482500000000025, 0.26977500000000026, 0.2747250000000003, 0.2796750000000003, 0.2846250000000003, 0.2895750000000003, 0.2945250000000003, 0.2994750000000003, 0.30442500000000033, 0.30937500000000034, 0.31432500000000035, 0.31927500000000036, 0.3242250000000004, 0.32917500000000033, 0.3341250000000003, 0.3390750000000003, 0.34402500000000025, 0.3489750000000002, 0.3539250000000002, 0.35887500000000017, 0.3638250000000001, 0.36877500000000013, 0.3737250000000001, 0.3786750000000001, 0.38362500000000005, 0.388575, 0.393525, 0.39847499999999997, 0.4034249999999999, 0.40837499999999993, 0.4133249999999999, 0.41827499999999984, 0.42322499999999985, 0.4281749999999998, 0.43312499999999976, 0.43807499999999977, 0.4430249999999997, 0.44797499999999973, 0.4529249999999997, 0.45787499999999964, 0.46282499999999965, 0.4677749999999996, 0.47272499999999956, 0.47767499999999957, 0.4826249999999995, 0.4875749999999995, 0.4925249999999995, 0.49747499999999945, 0.5024249999999995, 0.5073749999999994, 0.5123249999999994, 0.5172749999999994, 0.5222249999999993, 0.5271749999999993, 0.5321249999999993, 0.5370749999999993, 0.5420249999999992, 0.5469749999999992, 0.5519249999999992, 0.5568749999999991, 0.5618249999999991, 0.5667749999999991, 0.571724999999999, 0.576674999999999, 0.5816249999999991, 0.586574999999999, 0.591524999999999, 0.596474999999999, 0.6014249999999989, 0.6063749999999989, 0.6113249999999989, 0.6162749999999988, 0.6212249999999988, 0.6261749999999988, 0.6311249999999987, 0.6360749999999987, 0.6410249999999987, 0.6459749999999989, 0.6509249999999989, 0.6558749999999989, 0.660824999999999, 0.665774999999999, 0.670724999999999, 0.6756749999999991, 0.6806249999999991, 0.6855749999999992, 0.6905249999999993, 0.6954749999999993, 0.7004249999999993, 0.7053749999999994, 0.7103249999999994, 0.7152749999999994, 0.7202249999999996, 0.7251749999999996, 0.7301249999999996, 0.7350749999999997, 0.7400249999999997, 0.7449749999999997, 0.7499249999999997, 0.7548749999999999, 0.7598249999999999, 0.7647749999999999, 0.769725, 0.774675, 0.779625, 0.7845750000000001, 0.7895250000000001, 0.7944750000000002, 0.7994500000000002], "HCA": [0.0032500000000000003, 0.0072250000000000005, 0.01155, 0.015875, 0.0202, 0.024525, 0.0291, 0.033675000000000004, 0.038400000000000004, 0.043125, 0.047874999999999994, 0.052649999999999995, 0.057475, 0.062299999999999994, 0.06712499999999999, 0.07195, 0.07682499999999999, 0.0817, 0.08657500000000001, 0.09145000000000002, 0.09632500000000002, 0.10120000000000003, 0.10610000000000003, 0.11100000000000003, 0.11592500000000003, 0.12085000000000003, 0.12577500000000003, 0.1307, 0.13562500000000002, 0.14055, 0.14547500000000002, 0.1504, 0.15532500000000002, 0.160275, 0.165225, 0.17017500000000002, 0.17512500000000003, 0.18007500000000004, 0.18502500000000005, 0.18997500000000006, 0.19492500000000007, 0.19987500000000008, 0.2048250000000001, 0.2097750000000001, 0.2147250000000001, 0.21967500000000012, 0.22462500000000013, 0.22957500000000014, 0.23452500000000015, 0.23947500000000016, 0.24442500000000017, 0.24937500000000018, 0.2543250000000002, 0.2592750000000002, 0.2642250000000002, 0.2691750000000002, 0.27412500000000023, 0.27907500000000024, 0.28402500000000025, 0.28897500000000026, 0.29395000000000027], "HPRA": [0.0032500000000000003, 0.006500000000000001, 0.009750000000000002, 0.013000000000000001, 0.017325, 0.02165, 0.025975, 0.030300000000000004, 0.034800000000000005, 0.03955, 0.044300000000000006, 0.04905, 0.0538, 0.05855, 0.0633, 0.06812499999999999, 0.07294999999999999, 0.07777499999999998, 0.08259999999999999, 0.087425, 0.09230000000000001, 0.09717500000000001, 0.10205000000000002, 0.10692500000000002, 0.11180000000000004, 0.11667500000000004, 0.12155000000000005, 0.12642500000000007, 0.13130000000000006, 0.13617500000000007, 0.14105000000000006, 0.14592500000000008, 0.1508000000000001, 0.1556750000000001, 0.1606000000000001, 0.1655500000000001, 0.17050000000000012, 0.17545000000000013, 0.18040000000000014, 0.18535000000000015, 0.19030000000000016, 0.19525000000000017, 0.20020000000000018, 0.2051500000000002, 0.2101000000000002, 0.2150500000000002, 0.22000000000000022, 0.22495000000000023, 0.22990000000000024, 0.23485000000000025, 0.23980000000000026, 0.24475000000000027, 0.24970000000000028, 0.25465000000000027, 0.2596000000000003, 0.2645500000000003, 0.2695000000000003, 0.2744500000000003, 0.2794250000000003]}