{"HDA": [0.0039250000000000005, 0.00825, 0.012574999999999998, 0.016974999999999997, 0.021574999999999997, 0.026174999999999997, 0.030799999999999998, 0.035425, 0.04007499999999999, 0.044724999999999994, 0.049499999999999995, 0.05427499999999999, 0.05907499999999999, 0.063925, 0.06879999999999999, 0.07367499999999999, 0.07854999999999998, 0.083425, 0.0883, 0.09317500000000001, 0.09805000000000001, 0.10292500000000002, 0.10780000000000003, 0.11272500000000002, 0.11765000000000002, 0.12257500000000002, 0.12750000000000003, 0.13242500000000001, 0.13735, 0.142275, 0.1472, 0.15215, 0.1571, 0.16204999999999997, 0.16699999999999998, 0.17195, 0.1769, 0.18185, 0.18680000000000002, 0.19175000000000003, 0.19670000000000004, 0.20165000000000005, 0.20660000000000006, 0.21155000000000007, 0.21650000000000008, 0.2214500000000001, 0.2264000000000001, 0.2313500000000001, 0.23630000000000012, 0.24125000000000013, 0.24620000000000014, 0.25117500000000015], "HBA": [0.0039250000000000005, 0.00825, 0.01265, 0.0172, 0.0218, 0.026425, 0.031075, 0.035725, 0.04045, 0.0452, 0.05, 0.05485, 0.0597, 0.06455000000000001, 0.06942500000000001, 0.0743, 0.07917500000000001, 0.08407500000000001, 0.08897500000000001, 0.09390000000000001, 0.098825, 0.10375, 0.108675, 0.11359999999999999, 0.11852499999999999, 0.12344999999999999, 0.128375, 0.13329999999999997, 0.138225, 0.14314999999999997, 0.14809999999999998, 0.15304999999999996, 0.15799999999999995, 0.16294999999999996, 0.16789999999999997, 0.17284999999999998, 0.17779999999999999, 0.18275, 0.1877, 0.19265000000000002, 0.19760000000000003, 0.20255000000000004, 0.20750000000000005, 0.21245000000000006, 0.21740000000000007, 0.22235000000000008, 0.22730000000000009, 0.2322500000000001, 0.2372000000000001, 0.24215000000000012, 0.24710000000000013, 0.2520500000000001, 0.2570000000000001, 0.2619500000000001, 0.26690000000000014, 0.27185000000000015, 0.27680000000000016, 0.28175000000000017, 0.2867000000000002, 0.2916500000000002, 0.2966000000000002, 0.3015500000000002, 0.3065000000000002, 0.3114500000000002, 0.31640000000000024, 0.32135000000000025, 0.32630000000000026, 0.3312500000000002, 0.33620000000000017, 0.3411500000000002, 0.34610000000000013, 0.3510500000000001, 0.3560000000000001, 0.36095000000000005, 0.36590000000000006, 0.37085, 0.37579999999999997, 0.38075, 0.38569999999999993, 0.3906499999999999, 0.3955999999999999, 0.40054999999999985, 0.4054999999999998, 0.4104499999999998, 0.41539999999999977, 0.4203499999999998, 0.42529999999999973, 0.4302499999999997, 0.4351999999999997, 0.44014999999999965, 0.4450999999999996, 0.4500499999999996, 0.45499999999999957, 0.4599499999999995, 0.46489999999999954, 0.4698499999999995, 0.47479999999999944, 0.47974999999999945, 0.4846999999999994, 0.4896499999999994, 0.4945999999999994, 0.49954999999999933, 0.5044999999999993, 0.5094499999999993, 0.5143999999999993, 0.5193499999999992, 0.5242999999999992, 0.5292499999999992, 0.5341999999999991, 0.5391499999999991, 0.5440999999999991, 0.549049999999999, 0.553999999999999, 0.5589499999999991, 0.563899999999999, 0.568849999999999, 0.573799999999999, 0.578749999999999, 0.5836999999999989, 0.5886499999999989, 0.5935999999999989, 0.5985499999999988, 0.6034999999999988, 0.6084499999999988, 0.6133999999999987, 0.6183499999999987, 0.6232999999999987, 0.6282499999999986, 0.6331999999999987, 0.6381499999999987, 0.6430999999999986, 0.6480499999999987, 0.6529999999999987, 0.6579499999999987, 0.6628999999999988, 0.6678499999999988, 0.6727999999999988, 0.677749999999999, 0.682699999999999, 0.687649999999999, 0.6925999999999991, 0.6975499999999991, 0.7024999999999991, 0.7074499999999992, 0.7123999999999993, 0.7173499999999993, 0.7222999999999993, 0.7272499999999994, 0.7321999999999994, 0.7371499999999994, 0.7420999999999995, 0.7470499999999995, 0.7519999999999996, 0.7569499999999997, 0.7618999999999997, 0.7668499999999997, 0.7717999999999998, 0.7767499999999998, 0.7816999999999998, 0.78665, 0.7916, 0.79655, 0.8015000000000001, 0.8064500000000001, 0.8114000000000001, 0.8163500000000002, 0.8213000000000003, 0.8262500000000003, 0.8312000000000004, 0.8361500000000004, 0.8411000000000004, 0.8460500000000004, 0.8510000000000005, 0.8559500000000005, 0.8609000000000006, 0.8658750000000006], "HCA": [0.0039250000000000005, 0.00825, 0.01265, 0.01705, 0.02165, 0.02625, 0.030875, 0.0355, 0.04015, 0.044899999999999995, 0.04969999999999999, 0.05449999999999999, 0.0593, 0.06415, 0.069025, 0.0739, 0.078775, 0.08365, 0.088525, 0.09345, 0.098375, 0.1033, 0.108225, 0.11315, 0.11807499999999999, 0.12299999999999998, 0.12792499999999998, 0.13285, 0.13777499999999998, 0.14269999999999997, 0.14764999999999998, 0.15259999999999996, 0.15754999999999997, 0.16249999999999998, 0.16745, 0.1724, 0.17735, 0.18230000000000002, 0.18725000000000003, 0.19220000000000004, 0.19715000000000005, 0.20210000000000006, 0.20705000000000007, 0.21200000000000008, 0.2169500000000001, 0.2219000000000001, 0.2268500000000001, 0.23180000000000012, 0.23675000000000013, 0.24170000000000014, 0.24665000000000015, 0.25160000000000016, 0.2565750000000001], "HPRA": [0.0039250000000000005, 0.00825, 0.012574999999999998, 0.016974999999999997, 0.021574999999999997, 0.026174999999999997, 0.030774999999999997, 0.035399999999999994, 0.040025, 0.04467499999999999, 0.049324999999999994, 0.054099999999999995, 0.05889999999999999, 0.06369999999999999, 0.068575, 0.07344999999999999, 0.07832499999999999, 0.08319999999999998, 0.08807499999999999, 0.09295, 0.09782500000000001, 0.10270000000000001, 0.10757500000000002, 0.11245000000000002, 0.11732500000000004, 0.12220000000000004, 0.12707500000000005, 0.13195000000000007, 0.13682500000000006, 0.14170000000000008, 0.14662500000000006, 0.15157500000000007, 0.15652500000000005, 0.16147500000000004, 0.16642500000000005, 0.17137500000000006, 0.17632500000000007, 0.18127500000000007, 0.18622500000000008, 0.1911750000000001, 0.1961250000000001, 0.20107500000000011, 0.20602500000000012, 0.21097500000000013, 0.21592500000000014, 0.22087500000000015, 0.22582500000000016, 0.23077500000000017, 0.23572500000000018, 0.2406750000000002, 0.2456250000000002, 0.2506000000000002]}