{"HDA": [0.001825, 0.005849999999999999, 0.009875, 0.014074999999999999, 0.018275, 0.022875, 0.027475, 0.032075, 0.036675, 0.041275000000000006, 0.045875000000000006, 0.050475000000000006, 0.055075000000000006, 0.059675000000000006, 0.064475, 0.069275, 0.074075, 0.07887500000000001, 0.08370000000000001, 0.08857500000000001, 0.09345000000000002, 0.09832500000000004, 0.10325000000000002, 0.10817500000000002, 0.11310000000000002, 0.11802500000000002, 0.12295000000000002, 0.12787500000000002, 0.1328, 0.13772500000000001, 0.14265, 0.147575, 0.1525, 0.157425, 0.16237500000000002, 0.16732500000000003, 0.17227500000000004, 0.17722500000000005, 0.18217500000000006, 0.18712500000000007, 0.19207500000000008, 0.1970250000000001, 0.2019750000000001, 0.2069250000000001, 0.21187500000000012, 0.21682500000000013, 0.22177500000000014, 0.22672500000000015, 0.23167500000000016, 0.23662500000000017, 0.24157500000000018, 0.2465250000000002, 0.25147500000000017, 0.2564250000000002, 0.2613750000000002, 0.2663250000000002, 0.2712750000000002, 0.2762500000000002], "HBA": [0.00255, 0.006575, 0.010725, 0.014924999999999999, 0.019299999999999998, 0.0239, 0.028575, 0.0333, 0.03805, 0.042824999999999995, 0.047624999999999994, 0.052425, 0.057249999999999995, 0.062075, 0.066925, 0.071775, 0.076625, 0.0815, 0.08637500000000001, 0.09125000000000001, 0.09612500000000003, 0.10105000000000003, 0.10597500000000001, 0.11090000000000001, 0.11582500000000001, 0.12075000000000001, 0.125675, 0.1306, 0.135525, 0.14045, 0.145375, 0.1503, 0.155225, 0.16015000000000001, 0.16510000000000002, 0.17005000000000003, 0.17500000000000004, 0.17995000000000005, 0.18490000000000006, 0.18985000000000007, 0.19480000000000008, 0.1997500000000001, 0.2047000000000001, 0.20965000000000011, 0.21460000000000012, 0.21955000000000013, 0.22450000000000014, 0.22945000000000015, 0.23440000000000016, 0.23935000000000017, 0.24430000000000018, 0.2492500000000002, 0.2542000000000002, 0.2591500000000002, 0.2641000000000002, 0.26905000000000023, 0.27400000000000024, 0.27895000000000025, 0.28390000000000026, 0.2888500000000003, 0.2938000000000003, 0.2987500000000003, 0.3037000000000003, 0.3086500000000003, 0.3136000000000003, 0.31855000000000033, 0.3235000000000003, 0.3284500000000003, 0.33340000000000025, 0.3383500000000002, 0.3433000000000002, 0.34825000000000017, 0.3532000000000001, 0.35815000000000013, 0.3631000000000001, 0.36805000000000004, 0.37300000000000005, 0.37795, 0.3829, 0.38785, 0.3927999999999999, 0.39774999999999994, 0.4026999999999999, 0.40764999999999985, 0.41259999999999986, 0.4175499999999998, 0.42249999999999976, 0.4274499999999998, 0.43239999999999973, 0.4373499999999997, 0.4422999999999997, 0.44724999999999965, 0.45219999999999966, 0.4571499999999996, 0.46209999999999957, 0.4670499999999996, 0.47199999999999953, 0.4769499999999995, 0.4818999999999995, 0.48684999999999945, 0.4917999999999994, 0.4967499999999994, 0.5016999999999994, 0.5066499999999994, 0.5115999999999993, 0.5165499999999993, 0.5214999999999993, 0.5264499999999992, 0.5313999999999992, 0.5363499999999992, 0.5412999999999992, 0.5462499999999991, 0.5511999999999991, 0.5561499999999991, 0.561099999999999, 0.566049999999999, 0.5709999999999991, 0.575949999999999, 0.580899999999999, 0.585849999999999, 0.5907999999999989, 0.5957499999999989, 0.6006999999999989, 0.6056499999999988, 0.6105999999999988, 0.6155499999999988, 0.6204999999999987, 0.6254499999999987, 0.6303999999999987, 0.6353499999999986, 0.6402999999999988, 0.6452499999999988, 0.6501999999999988, 0.6551499999999989, 0.6600999999999989, 0.6650499999999989, 0.669999999999999, 0.674949999999999, 0.6798999999999991, 0.6848499999999992, 0.6897999999999992, 0.6947499999999992, 0.6996999999999993, 0.7046499999999993, 0.7095999999999993, 0.7145499999999995, 0.7194999999999995, 0.7244499999999995, 0.7293999999999996, 0.7343499999999996, 0.7392999999999996, 0.7442499999999996, 0.7491999999999998, 0.7541499999999998, 0.7590999999999998, 0.7640499999999999, 0.7689999999999999, 0.7739499999999999, 0.7789, 0.78385, 0.7888000000000001, 0.7937500000000002, 0.7987000000000002, 0.8036500000000002, 0.8086000000000003, 0.8135500000000003, 0.8185000000000003, 0.8234500000000005, 0.8284000000000005, 0.8333500000000005, 0.8383000000000006, 0.8432500000000006, 0.8482000000000006, 0.8531500000000007, 0.8581000000000008, 0.8630500000000008, 0.8680000000000008, 0.8729500000000009, 0.8779250000000008], "HCA": [0.00255, 0.006575, 0.010725, 0.014924999999999999, 0.019299999999999998, 0.0239, 0.0285, 0.0331, 0.0377, 0.042475, 0.04727499999999999, 0.052074999999999996, 0.056875, 0.0617, 0.066525, 0.07135, 0.07617499999999999, 0.081, 0.085875, 0.09075000000000001, 0.09562500000000002, 0.10055000000000001, 0.10547500000000001, 0.11040000000000001, 0.11532500000000001, 0.12025000000000001, 0.125175, 0.1301, 0.135025, 0.13995, 0.14487499999999998, 0.1498, 0.15472499999999997, 0.15965, 0.16459999999999997, 0.16954999999999998, 0.1745, 0.17945, 0.1844, 0.18935000000000002, 0.19430000000000003, 0.19925000000000004, 0.20420000000000005, 0.20915000000000006, 0.21410000000000007, 0.21905000000000008, 0.2240000000000001, 0.2289500000000001, 0.2339000000000001, 0.23885000000000012, 0.24380000000000013, 0.24875000000000014, 0.25370000000000015, 0.25865000000000016, 0.26360000000000017, 0.2685500000000002, 0.2735000000000002, 0.2784500000000002, 0.2834250000000002], "HPRA": [0.001825, 0.00365, 0.0076749999999999995, 0.011699999999999999, 0.015899999999999997, 0.020099999999999996, 0.024574999999999996, 0.029049999999999992, 0.03364999999999999, 0.03824999999999999, 0.04284999999999999, 0.04744999999999999, 0.05204999999999999, 0.05664999999999999, 0.06124999999999999, 0.06595, 0.07075, 0.07554999999999999, 0.08035, 0.08515, 0.09002500000000001, 0.09490000000000003, 0.09977500000000003, 0.10465000000000003, 0.10952500000000004, 0.11440000000000004, 0.11927500000000006, 0.12415000000000007, 0.12902500000000006, 0.13390000000000007, 0.1387750000000001, 0.14365000000000008, 0.1485250000000001, 0.1534500000000001, 0.1584000000000001, 0.16335000000000008, 0.1683000000000001, 0.1732500000000001, 0.1782000000000001, 0.18315000000000012, 0.18810000000000013, 0.19305000000000014, 0.19800000000000015, 0.20295000000000016, 0.20790000000000017, 0.21285000000000018, 0.2178000000000002, 0.2227500000000002, 0.2277000000000002, 0.23265000000000022, 0.23760000000000023, 0.24255000000000024, 0.24750000000000025, 0.2524500000000003, 0.2574000000000003, 0.2623500000000003, 0.2673000000000003, 0.27227500000000027]}