{"HDA": [0.001975, 0.005675, 0.010225, 0.014849999999999999, 0.019475, 0.024099999999999996, 0.0288, 0.033499999999999995, 0.03825, 0.043, 0.047749999999999994, 0.05249999999999999, 0.05732499999999999, 0.06214999999999999, 0.06697499999999999, 0.07179999999999999, 0.07662499999999998, 0.08145, 0.08627499999999999, 0.09115000000000001, 0.09602500000000001, 0.10090000000000002, 0.10580000000000002, 0.11070000000000002, 0.11560000000000002, 0.12050000000000002, 0.12540000000000004, 0.13030000000000003, 0.13520000000000004, 0.14010000000000003, 0.14500000000000005, 0.14990000000000003, 0.15482500000000005, 0.15975000000000003, 0.1647, 0.16965000000000002, 0.17460000000000003, 0.17955000000000004, 0.18450000000000005, 0.18945000000000006, 0.19440000000000007, 0.19935000000000008, 0.2043000000000001, 0.2092500000000001, 0.2142000000000001, 0.21915000000000012, 0.22410000000000013, 0.22905000000000014, 0.23400000000000015, 0.23895000000000016, 0.24390000000000017, 0.24885000000000018, 0.2538000000000002, 0.2587500000000002, 0.2637000000000002, 0.2686500000000002, 0.27360000000000023, 0.27855000000000024, 0.28350000000000025, 0.28845000000000026, 0.29342500000000027], "HBA": [0.003025, 0.006725, 0.011275, 0.015899999999999997, 0.020524999999999998, 0.025199999999999997, 0.029899999999999993, 0.03464999999999999, 0.039424999999999995, 0.044224999999999993, 0.049049999999999996, 0.05387499999999999, 0.058699999999999995, 0.06357499999999999, 0.06844999999999998, 0.07332499999999999, 0.07819999999999999, 0.0831, 0.088, 0.0929, 0.0978, 0.1027, 0.1076, 0.1125, 0.1174, 0.122325, 0.12725, 0.132175, 0.1371, 0.14202499999999998, 0.14695, 0.15187499999999998, 0.15679999999999997, 0.161725, 0.16667500000000002, 0.17162500000000003, 0.17657500000000004, 0.18152500000000005, 0.18647500000000006, 0.19142500000000007, 0.19637500000000008, 0.2013250000000001, 0.2062750000000001, 0.2112250000000001, 0.21617500000000012, 0.22112500000000013, 0.22607500000000014, 0.23102500000000015, 0.23597500000000016, 0.24092500000000017, 0.24587500000000018, 0.2508250000000002, 0.2557750000000002, 0.2607250000000002, 0.2656750000000002, 0.2706250000000002, 0.27557500000000024, 0.28052500000000025, 0.28547500000000026, 0.29042500000000027, 0.2953750000000003, 0.3003250000000003, 0.3052750000000003, 0.3102250000000003, 0.3151750000000003, 0.3201250000000003, 0.3250750000000003, 0.33002500000000023, 0.33497500000000024, 0.3399250000000002, 0.3448750000000002, 0.34982500000000016, 0.3547750000000001, 0.35972500000000013, 0.3646750000000001, 0.36962500000000004, 0.37457500000000005, 0.379525, 0.38447499999999996, 0.38942499999999997, 0.3943749999999999, 0.39932499999999993, 0.4042749999999999, 0.40922499999999984, 0.41417499999999985, 0.4191249999999998, 0.42407499999999976, 0.42902499999999977, 0.4339749999999997, 0.4389249999999997, 0.4438749999999997, 0.44882499999999964, 0.4537749999999996, 0.4587249999999996, 0.46367499999999956, 0.46862499999999957, 0.4735749999999995, 0.4785249999999995, 0.4834749999999995, 0.48842499999999944, 0.4933749999999994, 0.4983249999999994, 0.5032749999999994, 0.5082249999999994, 0.5131749999999993, 0.5181249999999993, 0.5230749999999993, 0.5280249999999992, 0.5329749999999992, 0.5379249999999992, 0.5428749999999991, 0.5478249999999991, 0.5527749999999991, 0.5577249999999991, 0.562674999999999, 0.567624999999999, 0.5725749999999991, 0.577524999999999, 0.582474999999999, 0.587424999999999, 0.5923749999999989, 0.5973249999999989, 0.6022749999999989, 0.6072249999999988, 0.6121749999999988, 0.6171249999999988, 0.6220749999999987, 0.6270249999999987, 0.6319749999999987, 0.6369249999999986, 0.6418749999999988, 0.6468249999999988, 0.6517749999999988, 0.6567249999999989, 0.6616749999999989, 0.6666249999999989, 0.671574999999999, 0.676524999999999, 0.681474999999999, 0.6864249999999992, 0.6913749999999992, 0.6963249999999992, 0.7012749999999993, 0.7062249999999993, 0.7111749999999993, 0.7161249999999995, 0.7210749999999995, 0.7260249999999995, 0.7309749999999995, 0.7359249999999996, 0.7408749999999996, 0.7458249999999996, 0.7507749999999997, 0.7557249999999998, 0.7606749999999998, 0.7656249999999999, 0.7705749999999999, 0.77555], "HCA": [0.003025, 0.006725, 0.011275, 0.015899999999999997, 0.020524999999999998, 0.025149999999999995, 0.029774999999999996, 0.034525, 0.039299999999999995, 0.0441, 0.048925, 0.05375, 0.058575, 0.0634, 0.068275, 0.07314999999999999, 0.078025, 0.08292499999999998, 0.08782499999999999, 0.09272499999999999, 0.09762499999999999, 0.10252499999999999, 0.10742499999999999, 0.112325, 0.117225, 0.12215, 0.127075, 0.132, 0.136925, 0.14184999999999998, 0.146775, 0.15169999999999997, 0.156625, 0.16154999999999997, 0.16649999999999998, 0.17145, 0.1764, 0.18135, 0.18630000000000002, 0.19125000000000003, 0.19620000000000004, 0.20115000000000005, 0.20610000000000006, 0.21105000000000007, 0.21600000000000008, 0.2209500000000001, 0.2259000000000001, 0.2308500000000001, 0.23580000000000012, 0.24075000000000013, 0.24570000000000014, 0.25065000000000015, 0.25560000000000016, 0.26055000000000017, 0.2655000000000002, 0.2704500000000002, 0.2754000000000002, 0.2803500000000002, 0.2853000000000002, 0.29025000000000023, 0.29522500000000024], "HPRA": [0.001975, 0.005675, 0.010225, 0.014849999999999999, 0.019475, 0.024099999999999996, 0.028774999999999995, 0.03345, 0.0382, 0.04295, 0.04769999999999999, 0.05244999999999999, 0.05727499999999999, 0.06209999999999999, 0.06692499999999998, 0.07175, 0.07657499999999999, 0.08139999999999999, 0.08622499999999998, 0.09104999999999999, 0.09587499999999999, 0.10069999999999998, 0.10552499999999998, 0.11042499999999998, 0.11532499999999998, 0.12022499999999998, 0.125125, 0.130025, 0.134925, 0.139825, 0.144725, 0.149625, 0.154525, 0.159425, 0.164375, 0.169325, 0.174275, 0.17922500000000002, 0.18417500000000003, 0.18912500000000004, 0.19407500000000005, 0.19902500000000006, 0.20397500000000007, 0.20892500000000008, 0.2138750000000001, 0.2188250000000001, 0.2237750000000001, 0.22872500000000012, 0.23367500000000013, 0.23862500000000014, 0.24357500000000015, 0.24852500000000016, 0.2534750000000002, 0.2584250000000002, 0.2633750000000002, 0.2683250000000002, 0.2732750000000002, 0.2782250000000002, 0.28317500000000023, 0.28812500000000024, 0.29310000000000025]}