{"HDA": [0.0035750000000000005, 0.008, 0.012425000000000002, 0.0171, 0.021775000000000003, 0.026450000000000005, 0.031125000000000007, 0.03585000000000001, 0.04062500000000001, 0.04540000000000001, 0.050200000000000015, 0.05500000000000002, 0.05980000000000002, 0.06460000000000003, 0.06945000000000003, 0.07430000000000003, 0.07915000000000004, 0.08400000000000003, 0.08885000000000004, 0.09370000000000003, 0.09857500000000004, 0.10345000000000004, 0.10832500000000005, 0.11322500000000005, 0.11812500000000005, 0.12302500000000005, 0.12792500000000007, 0.13282500000000005, 0.13772500000000007, 0.14262500000000006, 0.14752500000000007, 0.15242500000000006, 0.15732500000000008, 0.16222500000000006, 0.16715000000000008, 0.17207500000000006, 0.17700000000000007, 0.18192500000000006, 0.18685000000000007, 0.19177500000000006, 0.19670000000000004, 0.20165000000000005, 0.20660000000000006, 0.21155000000000007, 0.21650000000000008, 0.2214500000000001, 0.2264000000000001, 0.2313500000000001, 0.23630000000000012, 0.24125000000000013, 0.24620000000000014, 0.25115000000000015, 0.25610000000000016, 0.26105000000000017, 0.2660000000000002, 0.2709500000000002, 0.2759000000000002, 0.2808500000000002, 0.2858000000000002, 0.29075000000000023, 0.29570000000000024, 0.30065000000000025, 0.30560000000000026, 0.31055000000000027, 0.3155250000000003], "HBA": [0.0035750000000000005, 0.008, 0.012450000000000001, 0.017125, 0.021825, 0.026550000000000004, 0.0313, 0.036075, 0.04085, 0.045649999999999996, 0.05047499999999999, 0.055325, 0.060175, 0.065025, 0.069875, 0.07472500000000001, 0.079575, 0.08445000000000003, 0.08932500000000003, 0.09422500000000003, 0.09912500000000003, 0.10402500000000003, 0.10892500000000004, 0.11382500000000004, 0.11872500000000004, 0.12362500000000004, 0.12855000000000005, 0.13347500000000004, 0.13840000000000002, 0.14332500000000004, 0.14825000000000002, 0.15317500000000003, 0.15810000000000002, 0.16302500000000003, 0.16795000000000002, 0.172875, 0.1778, 0.182725, 0.18765, 0.192575, 0.1975, 0.20245000000000002, 0.20740000000000003, 0.21235000000000004, 0.21730000000000005, 0.22225000000000006, 0.22720000000000007, 0.23215000000000008, 0.2371000000000001, 0.2420500000000001, 0.2470000000000001, 0.2519500000000001, 0.25690000000000013, 0.26185000000000014, 0.26680000000000015, 0.27175000000000016, 0.27670000000000017, 0.2816500000000002, 0.2866000000000002, 0.2915500000000002, 0.2965000000000002, 0.3014500000000002, 0.3064000000000002, 0.31135000000000024, 0.31630000000000025, 0.3212500000000002, 0.3262000000000002, 0.33115000000000017, 0.3361000000000001, 0.34105000000000013, 0.3460000000000001, 0.35095000000000004, 0.35590000000000005, 0.36085, 0.36579999999999996, 0.37074999999999997, 0.3756999999999999, 0.38064999999999993, 0.3855999999999999, 0.39054999999999984, 0.39549999999999985, 0.4004499999999998, 0.40539999999999976, 0.41034999999999977, 0.4152999999999997, 0.4202499999999997, 0.4251999999999997, 0.43014999999999964, 0.4350999999999996, 0.4400499999999996, 0.44499999999999956, 0.4499499999999996, 0.4548999999999995, 0.4598499999999995, 0.4647999999999995, 0.46974999999999945, 0.4746999999999994, 0.4796499999999994, 0.48459999999999936, 0.4895499999999993, 0.49449999999999933, 0.4994499999999993, 0.5043999999999993, 0.5093499999999992, 0.5142999999999992, 0.5192499999999992, 0.5241999999999991, 0.5291499999999991, 0.5340999999999991, 0.5390499999999991, 0.543999999999999, 0.548949999999999, 0.5538999999999991, 0.558849999999999, 0.563799999999999, 0.568749999999999, 0.5736999999999989, 0.5786499999999989, 0.5835999999999989, 0.5885499999999988, 0.5934999999999988, 0.5984499999999988, 0.6033999999999987, 0.6083499999999987, 0.6132999999999987, 0.6182499999999986, 0.6231999999999986, 0.6281499999999987, 0.6330999999999986, 0.6380499999999986, 0.6429999999999986, 0.6479499999999986, 0.6528999999999986, 0.6578499999999987, 0.6627999999999987, 0.6677499999999987, 0.6726999999999989, 0.6776499999999989, 0.6825999999999989, 0.687549999999999, 0.692499999999999, 0.697449999999999, 0.7023999999999991, 0.7073499999999991, 0.7122999999999992, 0.7172499999999993, 0.7221999999999993, 0.7271499999999993, 0.7320999999999994, 0.7370499999999994, 0.7419999999999994, 0.7469499999999996, 0.7518999999999996, 0.7568499999999996, 0.7617999999999996, 0.7667499999999997, 0.7716999999999997, 0.7766499999999997, 0.7815999999999999, 0.7865499999999999, 0.7914999999999999, 0.79645, 0.8014, 0.80635, 0.8113000000000001, 0.8162500000000001, 0.8212000000000002, 0.8261500000000003, 0.8311000000000003, 0.8360500000000003, 0.8410000000000004, 0.8459500000000004, 0.8509000000000004, 0.8558500000000006, 0.8608000000000006, 0.8657500000000006, 0.8707250000000006], "HCA": [0.0035750000000000005, 0.008, 0.012425000000000002, 0.0171, 0.021775000000000003, 0.026500000000000003, 0.031225000000000006, 0.03595000000000001, 0.040725000000000004, 0.045500000000000006, 0.05030000000000001, 0.05510000000000002, 0.05990000000000002, 0.06470000000000002, 0.06950000000000003, 0.07430000000000003, 0.07915000000000004, 0.08400000000000003, 0.08887500000000005, 0.09375000000000006, 0.09862500000000006, 0.10350000000000006, 0.10840000000000007, 0.11330000000000007, 0.11820000000000007, 0.12310000000000007, 0.12802500000000008, 0.13295000000000007, 0.13787500000000008, 0.14280000000000007, 0.14772500000000005, 0.15265000000000006, 0.15757500000000005, 0.16250000000000006, 0.16742500000000007, 0.17235000000000006, 0.17727500000000007, 0.18220000000000006, 0.18712500000000007, 0.19205000000000005, 0.19697500000000004, 0.20192500000000005, 0.20687500000000006, 0.21182500000000007, 0.21677500000000008, 0.2217250000000001, 0.2266750000000001, 0.2316250000000001, 0.23657500000000012, 0.24152500000000013, 0.24647500000000014, 0.2514250000000002, 0.2563750000000002, 0.2613250000000002, 0.2662750000000002, 0.2712250000000002, 0.2761750000000002, 0.28112500000000024, 0.28607500000000025, 0.29102500000000026, 0.29597500000000027, 0.3009250000000003, 0.3058750000000003, 0.3108250000000003, 0.31580000000000025], "HPRA": [0.0035750000000000005, 0.008, 0.012425000000000002, 0.01685, 0.021525, 0.0262, 0.030875000000000003, 0.035550000000000005, 0.04022500000000001, 0.04500000000000001, 0.04977500000000001, 0.05455000000000001, 0.05932500000000001, 0.06412500000000002, 0.06892500000000001, 0.07372500000000003, 0.07852500000000003, 0.08332500000000004, 0.08812500000000004, 0.09292500000000004, 0.09772500000000005, 0.10260000000000005, 0.10747500000000006, 0.11235000000000006, 0.11722500000000008, 0.12210000000000008, 0.1269750000000001, 0.1318500000000001, 0.1367250000000001, 0.14160000000000011, 0.1464750000000001, 0.15135000000000012, 0.15622500000000014, 0.16110000000000013, 0.16597500000000015, 0.17085000000000014, 0.17572500000000016, 0.18060000000000018, 0.18547500000000017, 0.19035000000000019, 0.19522500000000018, 0.2001500000000002, 0.2051000000000002, 0.2100500000000002, 0.21500000000000022, 0.21995000000000023, 0.22490000000000024, 0.22985000000000025, 0.23480000000000026, 0.23975000000000027, 0.24470000000000028, 0.2496500000000003, 0.25460000000000027, 0.2595500000000003, 0.2645000000000003, 0.2694500000000003, 0.2744000000000003, 0.2793500000000003, 0.28430000000000033, 0.28925000000000034, 0.29420000000000035, 0.29915000000000036, 0.30410000000000037, 0.3090750000000004]}