{"HDA": [0.002575, 0.006725, 0.011325, 0.015925, 0.020525, 0.025250000000000005, 0.029975000000000005, 0.03470000000000001, 0.03947500000000001, 0.044250000000000005, 0.049025000000000006, 0.053825000000000005, 0.05862500000000001, 0.06342500000000001, 0.06822500000000002, 0.07307500000000001, 0.07792500000000002, 0.08277500000000002, 0.08762500000000001, 0.09250000000000001, 0.09737500000000003, 0.10227500000000003, 0.10717500000000003, 0.11207500000000004, 0.11697500000000004, 0.12187500000000004, 0.12677500000000003, 0.13167500000000004, 0.13657500000000003, 0.14147500000000005, 0.14637500000000003, 0.15127500000000005, 0.15617500000000006, 0.16107500000000005, 0.16597500000000004, 0.17087500000000003, 0.17577500000000001, 0.18072500000000002, 0.18567500000000003, 0.19062500000000004, 0.19557500000000005, 0.20052500000000006, 0.20547500000000007, 0.21042500000000008, 0.2153750000000001, 0.2203250000000001, 0.22527500000000011, 0.23022500000000012, 0.23517500000000013, 0.24012500000000014, 0.24507500000000015, 0.25002500000000016, 0.2549750000000002, 0.2599250000000002, 0.2648750000000002, 0.2698250000000002, 0.2747750000000002, 0.2797250000000002, 0.28467500000000023, 0.28962500000000024, 0.29457500000000025, 0.29952500000000026, 0.3044750000000003, 0.3094250000000003, 0.31440000000000023], "HBA": [0.002575, 0.006725, 0.011325, 0.015925, 0.020550000000000002, 0.025275000000000002, 0.030050000000000004, 0.034825, 0.0396, 0.0444, 0.0492, 0.054025, 0.058875000000000004, 0.063725, 0.06857500000000001, 0.07342500000000002, 0.07830000000000001, 0.08317500000000001, 0.08805000000000002, 0.09295000000000002, 0.09785000000000002, 0.10275000000000002, 0.10765000000000002, 0.11255000000000003, 0.11745000000000003, 0.12235000000000003, 0.12727500000000003, 0.1322, 0.13712500000000002, 0.14205, 0.14697500000000002, 0.1519, 0.15682500000000002, 0.16175, 0.16667500000000002, 0.1716, 0.176525, 0.181475, 0.186425, 0.19137500000000002, 0.19632500000000003, 0.20127500000000004, 0.20622500000000005, 0.21117500000000006, 0.21612500000000007, 0.22107500000000008, 0.2260250000000001, 0.2309750000000001, 0.2359250000000001, 0.24087500000000012, 0.24582500000000013, 0.25077500000000014, 0.25572500000000015, 0.26067500000000016, 0.26562500000000017, 0.2705750000000002, 0.2755250000000002, 0.2804750000000002, 0.2854250000000002, 0.2903750000000002, 0.2953250000000002, 0.30027500000000024, 0.30522500000000025, 0.31017500000000026, 0.31512500000000027, 0.3200750000000003, 0.3250250000000003, 0.32997500000000024, 0.3349250000000002, 0.3398750000000002, 0.34482500000000016, 0.3497750000000001, 0.3547250000000001, 0.3596750000000001, 0.36462500000000003, 0.36957500000000004, 0.374525, 0.379475, 0.38442499999999996, 0.3893749999999999, 0.3943249999999999, 0.3992749999999999, 0.40422499999999983, 0.40917499999999984, 0.4141249999999998, 0.41907499999999975, 0.42402499999999976, 0.4289749999999997, 0.43392499999999967, 0.4388749999999997, 0.44382499999999964, 0.44877499999999965, 0.4537249999999996, 0.45867499999999956, 0.46362499999999957, 0.4685749999999995, 0.4735249999999995, 0.4784749999999995, 0.48342499999999944, 0.4883749999999994, 0.4933249999999994, 0.49827499999999936, 0.5032249999999994, 0.5081749999999993, 0.5131249999999993, 0.5180749999999993, 0.5230249999999992, 0.5279749999999992, 0.5329249999999992, 0.5378749999999992, 0.5428249999999991, 0.5477749999999991, 0.5527249999999991, 0.557674999999999, 0.562624999999999, 0.567574999999999, 0.572524999999999, 0.577474999999999, 0.582424999999999, 0.5873749999999989, 0.5923249999999989, 0.5972749999999989, 0.6022249999999988, 0.6071749999999988, 0.6121249999999988, 0.6170749999999987, 0.6220249999999987, 0.6269749999999987, 0.6319249999999986, 0.6368749999999986, 0.6418249999999986, 0.6467749999999987, 0.6517249999999987, 0.6566749999999988, 0.6616249999999988, 0.6665749999999988, 0.6715249999999989, 0.6764749999999989, 0.681424999999999, 0.6863749999999991, 0.6913249999999991, 0.6962749999999991, 0.7012249999999992, 0.7061749999999992, 0.7111249999999992, 0.7160749999999994, 0.7210249999999994, 0.7259749999999994, 0.7309249999999995, 0.7358749999999995, 0.7408249999999995, 0.7457749999999996, 0.7507249999999996, 0.7556749999999997, 0.7606249999999997, 0.7655749999999998, 0.7705249999999998, 0.7754749999999998, 0.7804249999999999, 0.7853749999999999, 0.7903249999999999, 0.7952750000000001, 0.8002250000000001, 0.8051750000000001, 0.8101250000000002, 0.8150750000000002, 0.8200250000000002, 0.8249750000000003, 0.8299250000000004, 0.8348750000000004, 0.8398250000000005, 0.8448000000000004], "HCA": [0.002575, 0.006725, 0.011325, 0.015925, 0.020550000000000002, 0.025275000000000002, 0.030000000000000006, 0.034725000000000006, 0.039450000000000006, 0.044225, 0.049, 0.05380000000000001, 0.05865000000000001, 0.06350000000000001, 0.06835000000000002, 0.07320000000000002, 0.07805000000000002, 0.08290000000000003, 0.08775000000000002, 0.09265000000000002, 0.09755000000000003, 0.10245000000000003, 0.10735000000000003, 0.11225000000000003, 0.11715000000000003, 0.12205000000000003, 0.12697500000000003, 0.13190000000000002, 0.13682500000000003, 0.14175000000000001, 0.14667500000000003, 0.1516, 0.15652500000000003, 0.16145000000000004, 0.16637500000000002, 0.17130000000000004, 0.17622500000000002, 0.18115000000000003, 0.18610000000000004, 0.19105000000000005, 0.19600000000000006, 0.20095000000000007, 0.20590000000000008, 0.2108500000000001, 0.2158000000000001, 0.2207500000000001, 0.22570000000000012, 0.23065000000000013, 0.23560000000000014, 0.24055000000000015, 0.24550000000000016, 0.2504500000000002, 0.2554000000000002, 0.2603500000000002, 0.2653000000000002, 0.2702500000000002, 0.2752000000000002, 0.28015000000000023, 0.28510000000000024, 0.29005000000000025, 0.29500000000000026, 0.29995000000000027, 0.3049000000000003, 0.3098500000000003, 0.3148000000000003, 0.3197500000000003, 0.3247250000000003], "HPRA": [0.002575, 0.006725, 0.011325, 0.015925, 0.020525, 0.025250000000000005, 0.029975000000000005, 0.03470000000000001, 0.03942500000000001, 0.04420000000000001, 0.04897500000000001, 0.053750000000000006, 0.05852500000000001, 0.06332500000000002, 0.06812500000000002, 0.07292500000000002, 0.07772500000000003, 0.08252500000000003, 0.08732500000000004, 0.09212500000000004, 0.09692500000000004, 0.10180000000000006, 0.10667500000000006, 0.11155000000000007, 0.11642500000000007, 0.12130000000000007, 0.1261750000000001, 0.13105000000000008, 0.1359250000000001, 0.14080000000000012, 0.1456750000000001, 0.15055000000000013, 0.15542500000000012, 0.1603000000000001, 0.16517500000000013, 0.17005000000000015, 0.17492500000000014, 0.17985000000000015, 0.18480000000000016, 0.18975000000000017, 0.19470000000000018, 0.1996500000000002, 0.2046000000000002, 0.2095500000000002, 0.21450000000000022, 0.21945000000000023, 0.22440000000000024, 0.22935000000000025, 0.23430000000000026, 0.23925000000000027, 0.24420000000000028, 0.2491500000000003, 0.25410000000000027, 0.2590500000000003, 0.2640000000000003, 0.2689500000000003, 0.2739000000000003, 0.2788500000000003, 0.28380000000000033, 0.28875000000000034, 0.29370000000000035, 0.29865000000000036, 0.30360000000000037, 0.3085750000000004]}