{"HDA": [0.0017499999999999998, 0.005375, 0.009725, 0.0141, 0.018475, 0.022850000000000002, 0.027225000000000003, 0.031825, 0.036500000000000005, 0.04130000000000001, 0.04610000000000001, 0.05092500000000001, 0.05575000000000001, 0.06057500000000001, 0.06540000000000001, 0.07022500000000001, 0.07505, 0.079875, 0.08470000000000001, 0.08952500000000001, 0.09435, 0.099175, 0.10400000000000001, 0.10890000000000001, 0.11380000000000001, 0.11870000000000001, 0.12360000000000002, 0.128525, 0.13345, 0.138375, 0.1433, 0.148225, 0.15315, 0.158075, 0.16302499999999998, 0.16797499999999999, 0.172925, 0.177875, 0.18282500000000002, 0.18777500000000003, 0.19272500000000004, 0.19767500000000005, 0.20262500000000006, 0.20757500000000007, 0.21252500000000007, 0.21747500000000008, 0.2224250000000001, 0.2273750000000001, 0.23232500000000011, 0.23727500000000012, 0.24222500000000013, 0.24717500000000014, 0.25212500000000015, 0.25710000000000016], "HBA": [0.003125, 0.006375, 0.010725, 0.015075, 0.019450000000000002, 0.023975, 0.028575, 0.03325, 0.03792500000000001, 0.042725000000000006, 0.04755000000000001, 0.052375000000000005, 0.05720000000000001, 0.06205000000000001, 0.06690000000000002, 0.07175000000000002, 0.07660000000000002, 0.08145000000000001, 0.08632500000000003, 0.09122500000000003, 0.09612500000000003, 0.10102500000000003, 0.10592500000000003, 0.11082500000000003, 0.11575000000000003, 0.12067500000000003, 0.12560000000000002, 0.13052500000000003, 0.13545000000000001, 0.14037500000000003, 0.1453, 0.150225, 0.15515, 0.160075, 0.165025, 0.16997500000000001, 0.17492500000000002, 0.17987500000000003, 0.18482500000000004, 0.18977500000000005, 0.19472500000000006, 0.19967500000000007, 0.20462500000000008, 0.2095750000000001, 0.2145250000000001, 0.21947500000000011, 0.22442500000000012, 0.22937500000000013, 0.23432500000000014, 0.23927500000000015, 0.24422500000000016, 0.24917500000000017, 0.2541250000000002, 0.2590750000000002, 0.26402500000000023, 0.26897500000000024, 0.27392500000000025, 0.27887500000000026, 0.28382500000000027, 0.2887750000000003, 0.2937250000000003, 0.2986750000000003, 0.3036250000000003, 0.3085750000000003, 0.31352500000000033, 0.31847500000000034, 0.3234250000000003, 0.32837500000000025, 0.33332500000000026, 0.3382750000000002, 0.34322500000000017, 0.3481750000000002, 0.35312500000000013, 0.35807500000000014, 0.3630250000000001, 0.36797500000000005, 0.37292500000000006, 0.377875, 0.38282499999999997, 0.387775, 0.39272499999999994, 0.3976749999999999, 0.4026249999999999, 0.40757499999999985, 0.4125249999999998, 0.4174749999999998, 0.4224249999999998, 0.4273749999999998, 0.43232499999999974, 0.4372749999999997, 0.4422249999999997, 0.44717499999999966, 0.4521249999999996, 0.4570749999999996, 0.4620249999999996, 0.46697499999999953, 0.47192499999999954, 0.4768749999999995, 0.4818249999999995, 0.48677499999999946, 0.4917249999999994, 0.4966749999999994, 0.5016249999999993, 0.5065749999999993, 0.5115249999999993, 0.5164749999999994, 0.5214249999999993, 0.5263749999999993, 0.5313249999999993, 0.5362749999999992, 0.5412249999999992, 0.5461749999999992, 0.5511249999999991, 0.5560749999999991, 0.5610249999999991, 0.565974999999999, 0.570924999999999, 0.575874999999999, 0.5808249999999989, 0.5857749999999989, 0.590724999999999, 0.5956749999999988, 0.6006249999999989, 0.6055749999999989, 0.6105249999999988, 0.6154749999999988, 0.6204249999999988, 0.6253749999999987, 0.6303249999999987, 0.6352749999999987, 0.6402249999999987, 0.6451749999999987, 0.6501249999999987, 0.6550749999999987, 0.6600249999999989, 0.6649749999999989, 0.6699249999999989, 0.674874999999999, 0.679824999999999, 0.684774999999999, 0.6897249999999991, 0.6946749999999992, 0.6996249999999992, 0.7045749999999993, 0.7095249999999993, 0.7144749999999993, 0.7194249999999994, 0.7243749999999994, 0.7293249999999994, 0.7342749999999996, 0.7392249999999996, 0.7441749999999996, 0.7491249999999997, 0.7540749999999997, 0.7590249999999997, 0.7639749999999998, 0.7689249999999999, 0.7738749999999999, 0.7788249999999999, 0.783775, 0.788725, 0.793675, 0.7986250000000001, 0.8035750000000002, 0.8085250000000002, 0.8134750000000003, 0.8184250000000003, 0.8233750000000003, 0.8283250000000004, 0.8332750000000004, 0.8382250000000004, 0.8431750000000006, 0.8481250000000006, 0.8530750000000006, 0.8580250000000007, 0.8629750000000007, 0.8679250000000007, 0.8728750000000008, 0.8778500000000008], "HCA": [0.003125, 0.00625, 0.0106, 0.014950000000000001, 0.019325000000000002, 0.023700000000000002, 0.028300000000000002, 0.0329, 0.037599999999999995, 0.04234999999999999, 0.04715, 0.051975, 0.056799999999999996, 0.061625, 0.06645, 0.07127499999999999, 0.0761, 0.08095, 0.08579999999999999, 0.09064999999999998, 0.09554999999999998, 0.10044999999999998, 0.10534999999999999, 0.11024999999999999, 0.11514999999999999, 0.12007499999999999, 0.12499999999999999, 0.12992499999999998, 0.13484999999999997, 0.13977499999999998, 0.14469999999999997, 0.14962499999999998, 0.15454999999999997, 0.15947499999999995, 0.16442499999999996, 0.16937499999999997, 0.17432499999999998, 0.179275, 0.184225, 0.189175, 0.19412500000000002, 0.19907500000000003, 0.20402500000000004, 0.20897500000000005, 0.21392500000000006, 0.21887500000000007, 0.22382500000000008, 0.2287750000000001, 0.2337250000000001, 0.2386750000000001, 0.24362500000000012, 0.24857500000000013, 0.2535250000000001, 0.2585000000000001], "HPRA": [0.0017499999999999998, 0.005375, 0.009649999999999999, 0.013925, 0.0182, 0.022575, 0.02695, 0.03155, 0.03622500000000001, 0.041025000000000006, 0.04582500000000001, 0.05062500000000002, 0.05542500000000002, 0.06025000000000002, 0.06507500000000002, 0.06990000000000002, 0.07472500000000001, 0.07955000000000002, 0.08437500000000002, 0.08920000000000002, 0.09402500000000001, 0.09885000000000002, 0.10367500000000002, 0.10857500000000002, 0.11347500000000002, 0.11837500000000002, 0.12327500000000002, 0.12817500000000004, 0.13307500000000003, 0.13797500000000004, 0.14287500000000003, 0.14777500000000005, 0.15267500000000003, 0.15757500000000005, 0.16252500000000006, 0.16747500000000007, 0.17242500000000008, 0.1773750000000001, 0.1823250000000001, 0.1872750000000001, 0.19222500000000012, 0.19717500000000013, 0.20212500000000014, 0.20707500000000015, 0.21202500000000016, 0.21697500000000017, 0.22192500000000018, 0.2268750000000002, 0.2318250000000002, 0.2367750000000002, 0.24172500000000022, 0.24667500000000023, 0.2516250000000002, 0.2566000000000002]}