{"HDA": [0.0018, 0.0052499999999999995, 0.009625, 0.013999999999999999, 0.018675, 0.02335, 0.02805, 0.032749999999999994, 0.03744999999999999, 0.04214999999999999, 0.04684999999999999, 0.051549999999999985, 0.056399999999999985, 0.06124999999999999, 0.06609999999999999, 0.07095, 0.0758, 0.08065, 0.08549999999999999, 0.09034999999999999, 0.09519999999999998, 0.10004999999999997, 0.10492499999999998, 0.10979999999999998, 0.114675, 0.119575, 0.124475, 0.1294, 0.134325, 0.13924999999999998, 0.144175, 0.14909999999999998, 0.15402499999999997, 0.15897499999999998, 0.163925, 0.168875, 0.173825, 0.17877500000000002, 0.18372500000000003, 0.18867500000000004, 0.19362500000000005, 0.19857500000000006, 0.20352500000000007, 0.20847500000000008, 0.2134250000000001, 0.2183750000000001, 0.2233250000000001, 0.22827500000000012, 0.23322500000000013, 0.23817500000000014, 0.24312500000000015, 0.24807500000000016, 0.25302500000000017, 0.2579750000000002, 0.2629250000000002, 0.2678750000000002, 0.2728250000000002, 0.2777750000000002, 0.2827250000000002, 0.28770000000000023], "HBA": [0.0032, 0.0066500000000000005, 0.011025, 0.0155, 0.020175000000000002, 0.024850000000000004, 0.02955, 0.034300000000000004, 0.039125, 0.043975, 0.048825, 0.05367500000000001, 0.05852500000000001, 0.06340000000000001, 0.068275, 0.07315, 0.078025, 0.08290000000000002, 0.08777500000000002, 0.09265000000000002, 0.09752500000000003, 0.10240000000000003, 0.10730000000000003, 0.11220000000000004, 0.11710000000000004, 0.12200000000000005, 0.12692500000000004, 0.13185000000000005, 0.13677500000000004, 0.14170000000000005, 0.14662500000000003, 0.15155000000000002, 0.15647500000000003, 0.161425, 0.16637500000000002, 0.17132500000000003, 0.17627500000000004, 0.18122500000000005, 0.18617500000000006, 0.19112500000000007, 0.19607500000000008, 0.2010250000000001, 0.2059750000000001, 0.2109250000000001, 0.21587500000000012, 0.22082500000000013, 0.22577500000000014, 0.23072500000000015, 0.23567500000000016, 0.24062500000000017, 0.24557500000000018, 0.2505250000000002, 0.25547500000000023, 0.26042500000000024, 0.26537500000000025, 0.27032500000000026, 0.27527500000000027, 0.2802250000000003, 0.2851750000000003, 0.2901250000000003, 0.2950750000000003, 0.3000250000000003, 0.30497500000000033, 0.30992500000000034, 0.31487500000000035, 0.31982500000000036, 0.32477500000000037, 0.3297250000000003, 0.3346750000000003, 0.3396250000000003, 0.34457500000000024, 0.3495250000000002, 0.3544750000000002, 0.35942500000000016, 0.3643750000000001, 0.3693250000000001, 0.3742750000000001, 0.3792250000000001, 0.38417500000000004, 0.389125, 0.394075, 0.39902499999999996, 0.4039749999999999, 0.4089249999999999, 0.4138749999999999, 0.41882499999999984, 0.42377499999999985, 0.4287249999999998, 0.4336749999999998, 0.43862499999999977, 0.4435749999999997, 0.44852499999999973, 0.4534749999999997, 0.45842499999999964, 0.46337499999999965, 0.4683249999999996, 0.47327499999999956, 0.47822499999999957, 0.4831749999999995, 0.4881249999999995, 0.4930749999999995, 0.49802499999999944, 0.5029749999999994, 0.5079249999999994, 0.5128749999999994, 0.5178249999999993, 0.5227749999999993, 0.5277249999999993, 0.5326749999999992, 0.5376249999999992, 0.5425749999999993, 0.5475249999999992, 0.5524749999999992, 0.5574249999999992, 0.5623749999999991, 0.5673249999999991, 0.5722749999999991, 0.577224999999999, 0.582174999999999, 0.587124999999999, 0.592074999999999, 0.5970249999999989, 0.6019749999999989, 0.6069249999999989, 0.6118749999999988, 0.6168249999999988, 0.6217749999999989, 0.6267249999999988, 0.6316749999999988, 0.6366249999999988, 0.6415749999999987, 0.6465249999999988, 0.6514749999999988, 0.6564249999999988, 0.6613749999999989, 0.666324999999999, 0.671274999999999, 0.6762249999999991, 0.6811749999999991, 0.6861249999999991, 0.6910749999999992, 0.6960249999999992, 0.7009749999999992, 0.7059249999999992, 0.7108749999999994, 0.7158249999999994, 0.7207749999999994, 0.7257249999999995, 0.7306749999999995, 0.7356249999999995, 0.7405749999999997, 0.7455249999999997, 0.7504749999999997, 0.7554499999999997], "HCA": [0.0032, 0.0066500000000000005, 0.011025, 0.0154, 0.020075000000000003, 0.024750000000000005, 0.029450000000000004, 0.0342, 0.038950000000000005, 0.043800000000000006, 0.04865000000000001, 0.05350000000000001, 0.05835000000000002, 0.06320000000000002, 0.06805000000000003, 0.07290000000000002, 0.07775000000000003, 0.08260000000000003, 0.08745000000000003, 0.09230000000000002, 0.09715000000000001, 0.10200000000000001, 0.10690000000000001, 0.11180000000000001, 0.11670000000000001, 0.12160000000000001, 0.12652500000000003, 0.13145, 0.13637500000000002, 0.1413, 0.146225, 0.15115, 0.156075, 0.161025, 0.165975, 0.17092500000000002, 0.17587500000000003, 0.18082500000000004, 0.18577500000000005, 0.19072500000000006, 0.19567500000000007, 0.20062500000000008, 0.2055750000000001, 0.2105250000000001, 0.2154750000000001, 0.22042500000000012, 0.22537500000000013, 0.23032500000000014, 0.23527500000000015, 0.24022500000000016, 0.24517500000000017, 0.25012500000000015, 0.25507500000000016, 0.2600250000000002, 0.2649750000000002, 0.2699250000000002, 0.2748750000000002, 0.2798250000000002, 0.2847750000000002, 0.28975000000000023], "HPRA": [0.0018, 0.0052499999999999995, 0.009625, 0.013999999999999999, 0.018675, 0.02335, 0.02805, 0.032749999999999994, 0.03744999999999999, 0.04214999999999999, 0.04684999999999999, 0.051599999999999986, 0.056399999999999985, 0.06119999999999999, 0.066, 0.0708, 0.0756, 0.08040000000000001, 0.08520000000000001, 0.09000000000000002, 0.09480000000000002, 0.09960000000000002, 0.10440000000000003, 0.10920000000000003, 0.11407500000000004, 0.11897500000000004, 0.12387500000000004, 0.12877500000000006, 0.13367500000000004, 0.13857500000000006, 0.14347500000000005, 0.14837500000000006, 0.15327500000000005, 0.15822500000000006, 0.16317500000000007, 0.16812500000000008, 0.1730750000000001, 0.1780250000000001, 0.1829750000000001, 0.18792500000000012, 0.19287500000000013, 0.19782500000000014, 0.20277500000000015, 0.20772500000000016, 0.21267500000000017, 0.21762500000000018, 0.2225750000000002, 0.2275250000000002, 0.2324750000000002, 0.23742500000000022, 0.24237500000000023, 0.24732500000000024, 0.25227500000000025, 0.25722500000000026, 0.26217500000000027, 0.2671250000000003, 0.2720750000000003, 0.2770250000000003, 0.2819750000000003, 0.28695000000000026]}