{"HDA": [0.0017, 0.00435, 0.008225, 0.0121, 0.015975, 0.0206, 0.025225, 0.029849999999999998, 0.034525, 0.039299999999999995, 0.044074999999999996, 0.04885, 0.053625, 0.0584, 0.063175, 0.06795, 0.07275000000000001, 0.07755000000000001, 0.08235, 0.08715000000000002, 0.09205000000000002, 0.09695000000000002, 0.10185000000000002, 0.10675000000000003, 0.11165000000000003, 0.11655000000000003, 0.12145000000000003, 0.12635000000000005, 0.13125000000000003, 0.13615000000000005, 0.14105000000000004, 0.14597500000000005, 0.15092500000000003, 0.155875, 0.16082500000000002, 0.16577500000000003, 0.17072500000000004, 0.17567500000000005, 0.18062500000000006, 0.18557500000000007, 0.19052500000000008, 0.1954750000000001, 0.2004250000000001, 0.2053750000000001, 0.21032500000000012, 0.21527500000000013, 0.22022500000000014, 0.22517500000000015, 0.23012500000000016, 0.23507500000000017, 0.24002500000000018, 0.2449750000000002, 0.2499250000000002, 0.25487500000000024, 0.25982500000000025, 0.26477500000000026, 0.26972500000000027, 0.2747000000000002], "HBA": [0.0029500000000000004, 0.00625, 0.0103, 0.014375, 0.01865, 0.023250000000000003, 0.027875, 0.032549999999999996, 0.03725, 0.042050000000000004, 0.04685, 0.051675000000000006, 0.0565, 0.06135000000000001, 0.06620000000000001, 0.07105000000000002, 0.07590000000000002, 0.08075000000000002, 0.08560000000000001, 0.09045, 0.09535, 0.10025, 0.10515000000000001, 0.110075, 0.115, 0.119925, 0.12484999999999999, 0.129775, 0.1347, 0.139625, 0.14454999999999998, 0.14947499999999997, 0.15442499999999998, 0.15937499999999996, 0.16432499999999997, 0.16927499999999998, 0.174225, 0.179175, 0.184125, 0.18907500000000002, 0.19402500000000003, 0.19897500000000004, 0.20392500000000005, 0.20887500000000006, 0.21382500000000007, 0.21877500000000008, 0.2237250000000001, 0.2286750000000001, 0.2336250000000001, 0.23857500000000012, 0.24352500000000013, 0.24847500000000014, 0.2534250000000002, 0.2583750000000002, 0.2633250000000002, 0.2682750000000002, 0.2732250000000002, 0.2781750000000002, 0.28312500000000024, 0.28807500000000025, 0.29302500000000026, 0.29797500000000027, 0.3029250000000003, 0.3078750000000003, 0.3128250000000003, 0.3177750000000003, 0.3227250000000003, 0.32767500000000027, 0.3326250000000002, 0.33757500000000024, 0.3425250000000002, 0.34747500000000014, 0.35242500000000015, 0.3573750000000001, 0.36232500000000006, 0.3672750000000001, 0.37222500000000003, 0.37717500000000004, 0.382125, 0.38707499999999995, 0.39202499999999996, 0.3969749999999999, 0.40192499999999987, 0.4068749999999999, 0.41182499999999983, 0.4167749999999998, 0.4217249999999998, 0.42667499999999975, 0.4316249999999997, 0.4365749999999997, 0.44152499999999967, 0.4464749999999997, 0.45142499999999963, 0.4563749999999996, 0.4613249999999996, 0.46627499999999955, 0.4712249999999995, 0.4761749999999995, 0.48112499999999947, 0.4860749999999994, 0.49102499999999943, 0.4959749999999994, 0.5009249999999994, 0.5058749999999993, 0.5108249999999993, 0.5157749999999993, 0.5207249999999992, 0.5256749999999992, 0.5306249999999992, 0.5355749999999992, 0.5405249999999991, 0.5454749999999992, 0.5504249999999992, 0.5553749999999991, 0.5603249999999991, 0.5652749999999991, 0.570224999999999, 0.575174999999999, 0.580124999999999, 0.5850749999999989, 0.5900249999999989, 0.5949749999999989, 0.5999249999999988, 0.6048749999999988, 0.6098249999999988, 0.6147749999999987, 0.6197249999999987, 0.6246749999999988, 0.6296249999999987, 0.6345749999999987, 0.6395249999999987, 0.6444749999999986, 0.6494249999999987, 0.6543749999999987, 0.6593249999999987, 0.6642749999999988, 0.6692249999999988, 0.6741749999999989, 0.679124999999999, 0.684074999999999, 0.689024999999999, 0.6939749999999991, 0.6989249999999991, 0.7038749999999991, 0.7088249999999993, 0.7137749999999993, 0.7187249999999993, 0.7236749999999994, 0.7286249999999994, 0.7335749999999994, 0.7385249999999995, 0.7434749999999996, 0.7484249999999996, 0.7533749999999997, 0.7583249999999997, 0.7632749999999997, 0.7682249999999997, 0.7731749999999998, 0.7781249999999998, 0.7830749999999999, 0.788025, 0.792975, 0.797925, 0.8028750000000001, 0.8078500000000001], "HCA": [0.0029500000000000004, 0.005900000000000001, 0.00995, 0.014025000000000001, 0.0183, 0.0229, 0.027525, 0.03215, 0.036774999999999995, 0.041575, 0.04637499999999999, 0.051175, 0.055975000000000004, 0.060775, 0.06557500000000001, 0.07037500000000002, 0.07520000000000002, 0.08002500000000001, 0.084875, 0.089725, 0.094625, 0.099525, 0.104425, 0.10935, 0.114275, 0.1192, 0.124125, 0.12905, 0.13397499999999998, 0.1389, 0.14382499999999998, 0.14875, 0.15369999999999998, 0.15864999999999996, 0.16359999999999997, 0.16854999999999998, 0.1735, 0.17845, 0.1834, 0.18835000000000002, 0.19330000000000003, 0.19825000000000004, 0.20320000000000005, 0.20815000000000006, 0.21310000000000007, 0.21805000000000008, 0.2230000000000001, 0.2279500000000001, 0.2329000000000001, 0.23785000000000012, 0.24280000000000013, 0.24775000000000014, 0.25270000000000015, 0.25765000000000016, 0.26260000000000017, 0.2675500000000002, 0.2725000000000002, 0.2774500000000002, 0.28242500000000015], "HPRA": [0.0017, 0.00435, 0.0074, 0.01045, 0.014325, 0.018199999999999997, 0.022824999999999998, 0.027449999999999995, 0.03215, 0.036925, 0.0417, 0.046475, 0.05125, 0.056025, 0.0608, 0.065575, 0.070375, 0.075175, 0.079975, 0.084775, 0.08957500000000002, 0.09447500000000002, 0.09937500000000002, 0.10427500000000002, 0.10917500000000002, 0.11407500000000002, 0.11897500000000003, 0.12387500000000003, 0.12877500000000003, 0.13367500000000004, 0.13857500000000003, 0.14347500000000005, 0.14842500000000003, 0.153375, 0.15832500000000002, 0.163275, 0.168225, 0.17317500000000002, 0.17812500000000003, 0.18307500000000004, 0.18802500000000005, 0.19297500000000006, 0.19792500000000007, 0.20287500000000008, 0.2078250000000001, 0.2127750000000001, 0.2177250000000001, 0.22267500000000012, 0.22762500000000013, 0.23257500000000014, 0.23752500000000015, 0.24247500000000016, 0.24742500000000017, 0.2523750000000002, 0.2573250000000002, 0.2622750000000002, 0.2672250000000002, 0.2722000000000002]}