{"HDA": [0.002575, 0.006875, 0.011275, 0.015899999999999997, 0.020575, 0.025250000000000005, 0.029925000000000007, 0.034600000000000006, 0.03927500000000001, 0.04395000000000002, 0.04872500000000001, 0.053550000000000014, 0.05837500000000001, 0.0632, 0.06802500000000002, 0.07285000000000001, 0.07767500000000001, 0.08255000000000001, 0.08742500000000002, 0.09230000000000002, 0.09717500000000003, 0.10205000000000003, 0.10692500000000005, 0.11180000000000005, 0.11667500000000006, 0.12155000000000006, 0.12642500000000007, 0.13135000000000008, 0.13627500000000006, 0.14120000000000008, 0.14612500000000006, 0.15105000000000005, 0.15597500000000006, 0.16090000000000007, 0.16582500000000006, 0.17077500000000007, 0.17572500000000008, 0.18067500000000009, 0.1856250000000001, 0.1905750000000001, 0.19552500000000012, 0.20047500000000013, 0.20542500000000014, 0.21037500000000015, 0.21532500000000016, 0.22027500000000017, 0.22522500000000018, 0.23017500000000019, 0.2351250000000002, 0.2400750000000002, 0.24502500000000021, 0.24997500000000022, 0.25492500000000023, 0.25987500000000024, 0.26482500000000025, 0.26977500000000026, 0.2747250000000003, 0.2796750000000003, 0.2846250000000003, 0.2895750000000003, 0.2945250000000003, 0.2994750000000003, 0.30442500000000033, 0.30937500000000034, 0.31432500000000035, 0.31930000000000036], "HBA": [0.002575, 0.006875, 0.011275, 0.015899999999999997, 0.020575, 0.025275, 0.030025, 0.0348, 0.039575, 0.0444, 0.049225000000000005, 0.054075000000000005, 0.05892500000000001, 0.06377500000000001, 0.06865000000000002, 0.07352500000000001, 0.07840000000000001, 0.083275, 0.08815, 0.09305000000000002, 0.09795000000000002, 0.10285000000000002, 0.10775000000000003, 0.11267500000000003, 0.11760000000000001, 0.12252500000000001, 0.12745, 0.13237500000000002, 0.1373, 0.142225, 0.14715, 0.152075, 0.157, 0.16195, 0.16690000000000002, 0.17185000000000003, 0.17680000000000004, 0.18175000000000005, 0.18670000000000006, 0.19165000000000007, 0.19660000000000008, 0.2015500000000001, 0.2065000000000001, 0.2114500000000001, 0.21640000000000012, 0.22135000000000013, 0.22630000000000014, 0.23125000000000015, 0.23620000000000016, 0.24115000000000017, 0.24610000000000018, 0.25105000000000016, 0.25600000000000017, 0.2609500000000002, 0.2659000000000002, 0.2708500000000002, 0.2758000000000002, 0.2807500000000002, 0.28570000000000023, 0.29065000000000024, 0.29560000000000025, 0.30055000000000026, 0.30550000000000027, 0.3104500000000003, 0.3154000000000003, 0.3203500000000003, 0.3253000000000003, 0.33025000000000027, 0.3352000000000002, 0.34015000000000023, 0.3451000000000002, 0.3500500000000002, 0.35500000000000015, 0.3599500000000001, 0.3649000000000001, 0.36985000000000007, 0.3748, 0.37975000000000003, 0.3847, 0.38964999999999994, 0.39459999999999995, 0.3995499999999999, 0.40449999999999986, 0.40944999999999987, 0.4143999999999998, 0.41934999999999983, 0.4242999999999998, 0.42924999999999974, 0.43419999999999975, 0.4391499999999997, 0.44409999999999966, 0.44904999999999967, 0.4539999999999996, 0.4589499999999996, 0.4638999999999996, 0.46884999999999954, 0.47379999999999955, 0.4787499999999995, 0.48369999999999946, 0.4886499999999995, 0.49359999999999943, 0.4985499999999994, 0.5034999999999994, 0.5084499999999994, 0.5133999999999993, 0.5183499999999993, 0.5232999999999993, 0.5282499999999992, 0.5331999999999992, 0.5381499999999992, 0.5430999999999991, 0.5480499999999991, 0.5529999999999992, 0.5579499999999991, 0.5628999999999991, 0.5678499999999991, 0.572799999999999, 0.577749999999999, 0.582699999999999, 0.5876499999999989, 0.5925999999999989, 0.5975499999999989, 0.6024999999999988, 0.6074499999999988, 0.6123999999999988, 0.6173499999999987, 0.6222999999999987, 0.6272499999999988, 0.6321999999999988, 0.6371499999999987, 0.6420999999999987, 0.6470499999999987, 0.6519999999999988, 0.6569499999999988, 0.6618999999999988, 0.6668499999999988, 0.671799999999999, 0.676749999999999, 0.681699999999999, 0.6866499999999991, 0.6915999999999991, 0.6965499999999991, 0.7014999999999992, 0.7064499999999992, 0.7113999999999993, 0.7163499999999994, 0.7212999999999994, 0.7262499999999994, 0.7311999999999995, 0.7361499999999995, 0.7410999999999995, 0.7460499999999997, 0.7509999999999997, 0.7559499999999997, 0.7608999999999998, 0.7658499999999998, 0.7707999999999998, 0.7757499999999999, 0.7807, 0.78565, 0.7906, 0.7955500000000001, 0.8005000000000001, 0.8054500000000001, 0.8104000000000002, 0.8153500000000002, 0.8203000000000003, 0.8252500000000004, 0.8302000000000004, 0.8351500000000004, 0.8401000000000005, 0.8450500000000005, 0.8500000000000005, 0.8549500000000007, 0.8599000000000007, 0.8648500000000007, 0.8698000000000008, 0.8747500000000008, 0.8797000000000008, 0.8846500000000009, 0.889600000000001, 0.894550000000001, 0.8995000000000011, 0.904475000000001], "HCA": [0.002575, 0.006875, 0.011275, 0.015899999999999997, 0.020575, 0.025250000000000005, 0.029925000000000007, 0.034675000000000004, 0.039450000000000006, 0.044225, 0.049, 0.053775, 0.05862500000000001, 0.063475, 0.06835000000000001, 0.07322500000000001, 0.0781, 0.08297500000000001, 0.08785000000000003, 0.09272500000000003, 0.09760000000000003, 0.10247500000000004, 0.10737500000000004, 0.11227500000000004, 0.11720000000000004, 0.12212500000000004, 0.12705000000000002, 0.13197500000000004, 0.13690000000000002, 0.14182500000000003, 0.14675000000000002, 0.15167500000000003, 0.15660000000000002, 0.16152500000000003, 0.16647500000000004, 0.17142500000000005, 0.17637500000000006, 0.18132500000000007, 0.18627500000000008, 0.1912250000000001, 0.1961750000000001, 0.2011250000000001, 0.20607500000000012, 0.21102500000000013, 0.21597500000000014, 0.22092500000000015, 0.22587500000000016, 0.23082500000000017, 0.23577500000000018, 0.2407250000000002, 0.2456750000000002, 0.2506250000000002, 0.2555750000000002, 0.26052500000000023, 0.26547500000000024, 0.27042500000000025, 0.27537500000000026, 0.28032500000000027, 0.2852750000000003, 0.2902250000000003, 0.2951750000000003, 0.3001250000000003, 0.3050750000000003, 0.31002500000000033, 0.31497500000000034, 0.31992500000000035, 0.3248750000000003, 0.32985000000000037], "HPRA": [0.002575, 0.006875, 0.011275, 0.015899999999999997, 0.020524999999999998, 0.025149999999999995, 0.029825, 0.0345, 0.039175, 0.04385000000000001, 0.048600000000000004, 0.053375000000000006, 0.05815000000000001, 0.06292500000000001, 0.06770000000000001, 0.07247500000000001, 0.07725, 0.082025, 0.0868, 0.09165, 0.096525, 0.1014, 0.10627500000000001, 0.11115000000000003, 0.11602500000000003, 0.12090000000000004, 0.12577500000000005, 0.13065000000000004, 0.13552500000000006, 0.14040000000000005, 0.14527500000000007, 0.1501500000000001, 0.15502500000000008, 0.1599000000000001, 0.16482500000000008, 0.1697750000000001, 0.1747250000000001, 0.1796750000000001, 0.18462500000000012, 0.18957500000000013, 0.19452500000000014, 0.19947500000000015, 0.20442500000000016, 0.20937500000000017, 0.21432500000000018, 0.2192750000000002, 0.2242250000000002, 0.2291750000000002, 0.23412500000000022, 0.23907500000000023, 0.24402500000000024, 0.24897500000000025, 0.2539250000000003, 0.2588750000000003, 0.2638250000000003, 0.2687750000000003, 0.27372500000000033, 0.27867500000000034, 0.28362500000000035, 0.28857500000000036, 0.29352500000000037, 0.2984750000000004, 0.3034250000000004, 0.3083750000000004, 0.3133250000000004, 0.31830000000000036]}