{"HDA": [0.0021000000000000003, 0.00495, 0.008600000000000002, 0.01225, 0.01645, 0.020649999999999998, 0.025275, 0.029899999999999996, 0.034525, 0.03915, 0.043774999999999994, 0.048549999999999996, 0.053325, 0.0581, 0.062875, 0.06765, 0.072425, 0.077275, 0.082125, 0.086975, 0.09182499999999999, 0.0967, 0.1016, 0.1065, 0.1114, 0.11630000000000001, 0.12120000000000002, 0.12610000000000002, 0.131, 0.13592500000000002, 0.14085, 0.14577500000000002, 0.1507, 0.155625, 0.16055, 0.1655, 0.17045000000000002, 0.17540000000000003, 0.18035000000000004, 0.18530000000000005, 0.19025000000000006, 0.19520000000000007, 0.20015000000000008, 0.2051000000000001, 0.2100500000000001, 0.2150000000000001, 0.21995000000000012, 0.22490000000000013, 0.22985000000000014, 0.23480000000000015, 0.23975000000000016, 0.24470000000000017, 0.24965000000000018, 0.25460000000000016, 0.25957500000000017], "HBA": [0.0029000000000000002, 0.00655, 0.0108, 0.0152, 0.019625, 0.024075, 0.02875, 0.033525, 0.038325, 0.043125, 0.04795, 0.0528, 0.05765000000000001, 0.06250000000000001, 0.06735000000000001, 0.07220000000000001, 0.07707500000000002, 0.08195000000000002, 0.08682500000000003, 0.09170000000000003, 0.09660000000000003, 0.10150000000000003, 0.10640000000000004, 0.11130000000000004, 0.11622500000000004, 0.12115000000000004, 0.12607500000000005, 0.13100000000000003, 0.13592500000000002, 0.14085000000000003, 0.14577500000000002, 0.15070000000000003, 0.155625, 0.16055000000000003, 0.16547500000000004, 0.17040000000000002, 0.17535000000000003, 0.18030000000000004, 0.18525000000000005, 0.19020000000000006, 0.19515000000000007, 0.20010000000000008, 0.2050500000000001, 0.2100000000000001, 0.2149500000000001, 0.21990000000000012, 0.22485000000000013, 0.22980000000000014, 0.23475000000000015, 0.23970000000000016, 0.24465000000000017, 0.24960000000000018, 0.2545500000000002, 0.25950000000000023, 0.26445000000000024, 0.26940000000000025, 0.27435000000000026, 0.27930000000000027, 0.2842500000000003, 0.2892000000000003, 0.2941500000000003, 0.2991000000000003, 0.3040500000000003, 0.30900000000000033, 0.31395000000000034, 0.31890000000000035, 0.32385000000000036, 0.3288000000000003, 0.33375000000000027, 0.3387000000000003, 0.34365000000000023, 0.3486000000000002, 0.3535500000000002, 0.35850000000000015, 0.3634500000000001, 0.3684000000000001, 0.37335000000000007, 0.3783000000000001, 0.38325000000000004, 0.3882, 0.39315, 0.39809999999999995, 0.4030499999999999, 0.4079999999999999, 0.4129499999999999, 0.4178999999999998, 0.42284999999999984, 0.4277999999999998, 0.43274999999999975, 0.43769999999999976, 0.4426499999999997, 0.4475999999999997, 0.4525499999999997, 0.45749999999999963, 0.46244999999999964, 0.4673999999999996, 0.47234999999999955, 0.47729999999999956, 0.4822499999999995, 0.48719999999999947, 0.4921499999999995, 0.49709999999999943, 0.5020499999999994, 0.5069999999999993, 0.5119499999999994, 0.5168999999999994, 0.5218499999999993, 0.5267999999999993, 0.5317499999999993, 0.5366999999999993, 0.5416499999999992, 0.5465999999999992, 0.5515499999999992, 0.5564999999999991, 0.5614499999999991, 0.5663999999999991, 0.571349999999999, 0.576299999999999, 0.581249999999999, 0.5861999999999989, 0.591149999999999, 0.596099999999999, 0.6010499999999989, 0.6059999999999989, 0.6109499999999989, 0.6158999999999988, 0.6208499999999988, 0.6257999999999988, 0.6307499999999987, 0.6356999999999987, 0.6406499999999987, 0.6455999999999987, 0.6505499999999987, 0.6554999999999989, 0.6604499999999989, 0.6653999999999989, 0.670349999999999, 0.675299999999999, 0.680249999999999, 0.6851999999999991, 0.6901499999999992, 0.6950999999999992, 0.7000499999999993, 0.7049999999999993, 0.7099499999999993, 0.7148999999999994, 0.7198499999999994, 0.7247999999999994, 0.7297499999999996, 0.7346999999999996, 0.7396499999999996, 0.7445999999999997, 0.7495499999999997, 0.7544999999999997, 0.7594499999999997, 0.7643999999999999, 0.7693499999999999, 0.7742999999999999, 0.77925, 0.7842, 0.78915, 0.7941000000000001, 0.7990500000000001, 0.8040000000000002, 0.8089500000000003, 0.8139000000000003, 0.8188500000000003, 0.8238000000000004, 0.8287500000000004, 0.8337000000000004, 0.8386500000000006, 0.8436000000000006, 0.8485500000000006, 0.8535000000000007, 0.8584500000000007, 0.8634000000000007, 0.8683500000000008, 0.8733000000000009, 0.8782500000000009, 0.8832000000000009, 0.888150000000001, 0.893100000000001, 0.898050000000001, 0.9030000000000011, 0.9079500000000011, 0.9129000000000012, 0.9178500000000013, 0.9228000000000013, 0.9277500000000013, 0.9327000000000014, 0.9376500000000014, 0.9426250000000015], "HCA": [0.0029000000000000002, 0.00655, 0.0102, 0.0146, 0.019025, 0.02345, 0.028125, 0.0329, 0.0377, 0.0425, 0.0473, 0.05210000000000001, 0.05690000000000001, 0.06170000000000002, 0.06655000000000003, 0.07140000000000002, 0.07625000000000003, 0.08110000000000003, 0.08597500000000004, 0.09085000000000004, 0.09575000000000004, 0.10065000000000004, 0.10555000000000005, 0.11045000000000005, 0.11537500000000005, 0.12030000000000005, 0.12522500000000003, 0.13015000000000004, 0.13507500000000003, 0.14000000000000004, 0.14492500000000003, 0.14985000000000004, 0.15477500000000002, 0.15970000000000004, 0.16462500000000002, 0.16955, 0.17450000000000002, 0.17945000000000003, 0.18440000000000004, 0.18935000000000005, 0.19430000000000006, 0.19925000000000007, 0.20420000000000008, 0.20915000000000009, 0.2141000000000001, 0.2190500000000001, 0.22400000000000012, 0.22895000000000013, 0.23390000000000014, 0.23885000000000015, 0.24380000000000016, 0.24875000000000017, 0.2537000000000002, 0.2586500000000002, 0.26362500000000016], "HPRA": [0.0021000000000000003, 0.00495, 0.008600000000000002, 0.01225, 0.01645, 0.020649999999999998, 0.024849999999999997, 0.02905, 0.033249999999999995, 0.03745, 0.041875, 0.04645, 0.05122499999999999, 0.055999999999999994, 0.060774999999999996, 0.06555, 0.070325, 0.0751, 0.079875, 0.08465, 0.08942499999999999, 0.09427499999999998, 0.09917499999999999, 0.10407499999999999, 0.10897499999999999, 0.11387499999999999, 0.11877499999999999, 0.123675, 0.128575, 0.133475, 0.138375, 0.143275, 0.148175, 0.15307500000000002, 0.157975, 0.16292500000000001, 0.16787500000000002, 0.17282500000000003, 0.17777500000000004, 0.18272500000000005, 0.18767500000000006, 0.19262500000000007, 0.19757500000000008, 0.2025250000000001, 0.2074750000000001, 0.2124250000000001, 0.21737500000000012, 0.22232500000000013, 0.22727500000000014, 0.23222500000000015, 0.23717500000000016, 0.24212500000000017, 0.24707500000000018, 0.25202500000000017, 0.2570000000000002]}