{"HDA": [0.003875, 0.00835, 0.012825, 0.0173, 0.02205, 0.0268, 0.03155, 0.03635, 0.04115, 0.045950000000000005, 0.05075000000000001, 0.055550000000000016, 0.06035000000000002, 0.06515000000000003, 0.06995000000000003, 0.07475000000000004, 0.07960000000000003, 0.08450000000000003, 0.08940000000000003, 0.09430000000000004, 0.09920000000000004, 0.10410000000000004, 0.10900000000000004, 0.11390000000000004, 0.11880000000000004, 0.12372500000000004, 0.12865000000000004, 0.13357500000000003, 0.13850000000000004, 0.14342500000000002, 0.14835000000000004, 0.15327500000000002, 0.158225, 0.16317500000000001, 0.16812500000000002, 0.17307500000000003, 0.17802500000000004, 0.18297500000000005, 0.18792500000000006, 0.19287500000000007, 0.19782500000000008, 0.2027750000000001, 0.2077250000000001, 0.21267500000000011, 0.21762500000000012, 0.22257500000000013, 0.22752500000000014, 0.23247500000000015, 0.23742500000000016, 0.24237500000000017, 0.24732500000000018, 0.2522750000000002, 0.2572250000000002, 0.2621750000000002, 0.2671250000000002, 0.27207500000000023, 0.27702500000000024, 0.28197500000000025, 0.28692500000000026, 0.2918750000000003, 0.2968250000000003, 0.3018000000000003], "HBA": [0.003875, 0.00835, 0.012924999999999999, 0.01755, 0.0223, 0.02705, 0.03185, 0.03665, 0.041449999999999994, 0.046275, 0.051125, 0.055975000000000004, 0.060825000000000004, 0.06567500000000001, 0.070525, 0.07540000000000001, 0.08027500000000001, 0.08517500000000001, 0.09007500000000002, 0.09497500000000002, 0.09987500000000002, 0.10477500000000002, 0.10967500000000002, 0.11460000000000002, 0.11952500000000002, 0.12445000000000002, 0.12937500000000002, 0.1343, 0.13922500000000002, 0.14415, 0.149075, 0.154, 0.15895, 0.16390000000000002, 0.16885000000000003, 0.17380000000000004, 0.17875000000000005, 0.18370000000000006, 0.18865000000000007, 0.19360000000000008, 0.1985500000000001, 0.2035000000000001, 0.2084500000000001, 0.21340000000000012, 0.21835000000000013, 0.22330000000000014, 0.22825000000000015, 0.23320000000000016, 0.23815000000000017, 0.24310000000000018, 0.2480500000000002, 0.25300000000000017, 0.2579500000000002, 0.2629000000000002, 0.2678500000000002, 0.2728000000000002, 0.2777500000000002, 0.28270000000000023, 0.28765000000000024, 0.29260000000000025, 0.29755000000000026, 0.30250000000000027, 0.3074500000000003, 0.3124000000000003, 0.3173500000000003, 0.3223000000000003, 0.3272500000000003, 0.3322000000000003, 0.3371500000000002, 0.34210000000000024, 0.3470500000000002, 0.35200000000000015, 0.35695000000000016, 0.3619000000000001, 0.3668500000000001, 0.3718000000000001, 0.37675000000000003, 0.38170000000000004, 0.38665, 0.39159999999999995, 0.39654999999999996, 0.4014999999999999, 0.40644999999999987, 0.4113999999999999, 0.41634999999999983, 0.4212999999999998, 0.4262499999999998, 0.43119999999999975, 0.43614999999999976, 0.4410999999999997, 0.44604999999999967, 0.4509999999999997, 0.45594999999999963, 0.4608999999999996, 0.4658499999999996, 0.47079999999999955, 0.4757499999999995, 0.4806999999999995, 0.48564999999999947, 0.4905999999999995, 0.49554999999999944, 0.5004999999999994, 0.5054499999999994, 0.5103999999999993, 0.5153499999999993, 0.5202999999999993, 0.5252499999999993, 0.5301999999999992, 0.5351499999999992, 0.5400999999999992, 0.5450499999999991, 0.5499999999999992, 0.5549499999999992, 0.5598999999999991, 0.5648499999999991, 0.5697999999999991, 0.574749999999999, 0.579699999999999, 0.584649999999999, 0.5895999999999989, 0.5945499999999989, 0.5994999999999989, 0.6044499999999988, 0.6093999999999988, 0.6143499999999988, 0.6192999999999987, 0.6242499999999988, 0.6291999999999988, 0.6341499999999987, 0.6390999999999987, 0.6440499999999987, 0.6489999999999988, 0.6539499999999988, 0.6588999999999988, 0.6638499999999989, 0.668799999999999, 0.673749999999999, 0.6786999999999991, 0.6836499999999991, 0.6885999999999991, 0.6935499999999992, 0.6984999999999992, 0.7034499999999992, 0.7083999999999994, 0.7133499999999994, 0.7182999999999994, 0.7232499999999995, 0.7281999999999995, 0.7331499999999995, 0.7380999999999996, 0.7430499999999997, 0.7479999999999997, 0.7529499999999998, 0.7578999999999998, 0.7628499999999998, 0.7677999999999998, 0.7727499999999999, 0.7777, 0.78265, 0.7876000000000001, 0.7925500000000001, 0.7975000000000001, 0.8024500000000002, 0.8074000000000002, 0.8123500000000002, 0.8173000000000004, 0.8222500000000004, 0.8272250000000004], "HCA": [0.003875, 0.00835, 0.012924999999999999, 0.0175, 0.022250000000000002, 0.027000000000000003, 0.0318, 0.0366, 0.041400000000000006, 0.04620000000000001, 0.05100000000000002, 0.055800000000000016, 0.06060000000000002, 0.06545000000000002, 0.07030000000000003, 0.07515000000000004, 0.08000000000000003, 0.08490000000000003, 0.08980000000000005, 0.09470000000000005, 0.09960000000000005, 0.10450000000000005, 0.10940000000000005, 0.11432500000000005, 0.11925000000000004, 0.12417500000000004, 0.12910000000000005, 0.13402500000000003, 0.13895000000000002, 0.14387500000000003, 0.14880000000000002, 0.15372500000000003, 0.158675, 0.16362500000000002, 0.16857500000000003, 0.17352500000000004, 0.17847500000000005, 0.18342500000000006, 0.18837500000000007, 0.19332500000000008, 0.1982750000000001, 0.2032250000000001, 0.2081750000000001, 0.21312500000000012, 0.21807500000000013, 0.22302500000000014, 0.22797500000000015, 0.23292500000000016, 0.23787500000000017, 0.24282500000000018, 0.2477750000000002, 0.2527250000000002, 0.2576750000000002, 0.2626250000000002, 0.26757500000000023, 0.27252500000000024, 0.27747500000000025, 0.28242500000000026, 0.28737500000000027, 0.2923250000000003, 0.2972750000000003, 0.3022250000000003, 0.30720000000000025], "HPRA": [0.003875, 0.00835, 0.012825, 0.0173, 0.021775000000000003, 0.02625, 0.031, 0.035750000000000004, 0.040549999999999996, 0.04535, 0.05015000000000001, 0.05495000000000001, 0.05975000000000001, 0.06455000000000002, 0.06935000000000002, 0.07415000000000002, 0.07895000000000003, 0.08375000000000003, 0.08855000000000005, 0.09345000000000005, 0.09835000000000005, 0.10325000000000005, 0.10815000000000005, 0.11305000000000005, 0.11795000000000005, 0.12285000000000006, 0.12775000000000006, 0.13265000000000005, 0.13755000000000006, 0.14245000000000008, 0.14735000000000006, 0.15225000000000008, 0.15720000000000006, 0.16215000000000007, 0.16710000000000008, 0.1720500000000001, 0.1770000000000001, 0.1819500000000001, 0.18690000000000012, 0.19185000000000013, 0.19680000000000014, 0.20175000000000015, 0.20670000000000016, 0.21165000000000017, 0.21660000000000018, 0.2215500000000002, 0.2265000000000002, 0.2314500000000002, 0.23640000000000022, 0.24135000000000023, 0.24630000000000024, 0.25125000000000025, 0.25620000000000026, 0.26115000000000027, 0.2661000000000003, 0.2710500000000003, 0.2760000000000003, 0.2809500000000003, 0.2859000000000003, 0.29085000000000033, 0.29580000000000034, 0.30077500000000035]}