{"HDA": [0.003675, 0.007825, 0.011975, 0.016125, 0.020274999999999998, 0.024425, 0.028925, 0.033575, 0.038224999999999995, 0.042874999999999996, 0.047525, 0.05217499999999999, 0.056824999999999994, 0.061625, 0.066425, 0.07122500000000001, 0.07602500000000001, 0.08082500000000001, 0.08562500000000002, 0.09042500000000002, 0.09530000000000002, 0.10020000000000003, 0.10510000000000003, 0.11000000000000004, 0.11490000000000004, 0.11980000000000005, 0.12470000000000005, 0.12960000000000005, 0.13450000000000004, 0.13940000000000005, 0.14430000000000004, 0.14920000000000005, 0.15410000000000004, 0.15900000000000006, 0.16390000000000005, 0.16885000000000006, 0.17380000000000007, 0.17875000000000008, 0.18370000000000009, 0.1886500000000001, 0.1936000000000001, 0.19855000000000012, 0.20350000000000013, 0.20845000000000014, 0.21340000000000015, 0.21835000000000016, 0.22330000000000017, 0.22825000000000017, 0.23320000000000018, 0.2381500000000002, 0.2431000000000002, 0.24805000000000021, 0.2530000000000002, 0.25795000000000023, 0.26290000000000024, 0.26787500000000025], "HBA": [0.003675, 0.007825, 0.012, 0.016375, 0.020949999999999996, 0.025574999999999997, 0.030275, 0.035, 0.03975, 0.04455, 0.049375, 0.0542, 0.059025, 0.063875, 0.06872500000000001, 0.073575, 0.07845, 0.08332500000000001, 0.08820000000000001, 0.09307500000000003, 0.09797500000000003, 0.10287500000000004, 0.10777500000000004, 0.11270000000000004, 0.11762500000000004, 0.12255000000000002, 0.12747500000000003, 0.13240000000000002, 0.13732500000000003, 0.14225000000000002, 0.147175, 0.1521, 0.157025, 0.16195, 0.166875, 0.171825, 0.17677500000000002, 0.18172500000000003, 0.18667500000000004, 0.19162500000000005, 0.19657500000000006, 0.20152500000000007, 0.20647500000000008, 0.21142500000000009, 0.2163750000000001, 0.2213250000000001, 0.22627500000000011, 0.23122500000000012, 0.23617500000000013, 0.24112500000000014, 0.24607500000000015, 0.25102500000000016, 0.2559750000000002, 0.2609250000000002, 0.2658750000000002, 0.2708250000000002, 0.2757750000000002, 0.2807250000000002, 0.28567500000000023, 0.29062500000000024, 0.29557500000000025, 0.30052500000000026, 0.3054750000000003, 0.3104250000000003, 0.3153750000000003, 0.32032500000000025, 0.32527500000000026, 0.3302250000000002, 0.3351750000000002, 0.3401250000000002, 0.34507500000000013, 0.35002500000000014, 0.3549750000000001, 0.35992500000000005, 0.36487500000000006, 0.369825, 0.37477499999999997, 0.379725, 0.38467499999999993, 0.3896249999999999, 0.3945749999999999, 0.39952499999999985, 0.40447499999999986, 0.4094249999999998, 0.41437499999999977, 0.4193249999999998, 0.42427499999999974, 0.4292249999999997, 0.4341749999999997, 0.43912499999999965, 0.4440749999999996, 0.4490249999999996, 0.4539749999999996, 0.4589249999999996, 0.46387499999999954, 0.4688249999999995, 0.4737749999999995, 0.47872499999999946, 0.4836749999999994, 0.4886249999999994, 0.4935749999999994, 0.49852499999999933, 0.5034749999999993, 0.5084249999999993, 0.5133749999999992, 0.5183249999999993, 0.5232749999999993, 0.5282249999999992, 0.5331749999999992, 0.5381249999999992, 0.5430749999999991, 0.5480249999999991, 0.5529749999999991, 0.557924999999999, 0.562874999999999, 0.567824999999999, 0.5727749999999989, 0.5777249999999989, 0.5826749999999989, 0.5876249999999988, 0.5925749999999989, 0.5975249999999989, 0.6024749999999988, 0.6074249999999988, 0.6123749999999988, 0.6173249999999988, 0.6222749999999987, 0.6272249999999987, 0.6321749999999987, 0.6371249999999986, 0.6420749999999987, 0.6470249999999987, 0.6519749999999987, 0.6569249999999989, 0.6618749999999989, 0.6668249999999989, 0.6717749999999989, 0.676724999999999, 0.681674999999999, 0.686624999999999, 0.6915749999999992, 0.6965249999999992, 0.7014749999999992, 0.7064249999999993, 0.7113749999999993, 0.7163249999999993, 0.7212749999999994, 0.7262249999999995, 0.7311749999999995, 0.7361249999999996, 0.7410749999999996, 0.7460249999999996, 0.7509749999999997, 0.7559249999999997, 0.7608749999999997, 0.7658249999999999, 0.7707749999999999, 0.7757249999999999, 0.780675, 0.785625, 0.790575, 0.795525, 0.8004750000000002, 0.8054250000000002, 0.8103750000000002, 0.8153250000000003, 0.8202750000000003, 0.8252500000000004], "HCA": [0.003675, 0.007825, 0.011975, 0.016125, 0.020700000000000003, 0.025325, 0.02995, 0.034575, 0.039325, 0.044125, 0.048925, 0.053725, 0.05852500000000001, 0.06332500000000002, 0.06812500000000002, 0.07292500000000002, 0.07772500000000003, 0.08252500000000003, 0.08732500000000004, 0.09220000000000005, 0.09710000000000005, 0.10200000000000005, 0.10690000000000005, 0.11182500000000005, 0.11675000000000005, 0.12167500000000003, 0.12660000000000005, 0.13152500000000003, 0.13645000000000004, 0.14137500000000003, 0.1463, 0.15122500000000003, 0.15615, 0.16107500000000002, 0.166, 0.17095000000000002, 0.17590000000000003, 0.18085000000000004, 0.18580000000000005, 0.19075000000000006, 0.19570000000000007, 0.20065000000000008, 0.2056000000000001, 0.2105500000000001, 0.2155000000000001, 0.22045000000000012, 0.22540000000000013, 0.23035000000000014, 0.23530000000000015, 0.24025000000000016, 0.24520000000000017, 0.2501500000000002, 0.2551000000000002, 0.2600500000000002, 0.26500000000000024, 0.2699750000000002], "HPRA": [0.003675, 0.007825, 0.011975, 0.016125, 0.020274999999999998, 0.024425, 0.028575, 0.033075, 0.037575000000000004, 0.042075, 0.046725, 0.051375000000000004, 0.056025, 0.060675, 0.065325, 0.069975, 0.074775, 0.07957499999999999, 0.084375, 0.089175, 0.093975, 0.09877500000000002, 0.10367500000000002, 0.10857500000000002, 0.11347500000000002, 0.11837500000000002, 0.12327500000000002, 0.12817500000000004, 0.13307500000000003, 0.13797500000000004, 0.14287500000000003, 0.14777500000000005, 0.15267500000000003, 0.15757500000000005, 0.16247500000000004, 0.16742500000000005, 0.17237500000000006, 0.17732500000000007, 0.18227500000000008, 0.18722500000000009, 0.1921750000000001, 0.1971250000000001, 0.20207500000000012, 0.20702500000000013, 0.21197500000000014, 0.21692500000000015, 0.22187500000000016, 0.22682500000000017, 0.23177500000000018, 0.23672500000000019, 0.2416750000000002, 0.2466250000000002, 0.2515750000000002, 0.2565250000000002, 0.26147500000000024, 0.2664500000000002]}