{"HDA": [0.0032500000000000003, 0.0075, 0.011850000000000001, 0.016325, 0.0208, 0.025425, 0.03005, 0.034675, 0.039299999999999995, 0.044025, 0.04877499999999999, 0.05352499999999999, 0.05827499999999999, 0.06302499999999998, 0.06787499999999999, 0.07272499999999998, 0.07757499999999999, 0.08247499999999999, 0.087375, 0.092275, 0.097175, 0.102075, 0.106975, 0.111875, 0.116775, 0.121675, 0.126575, 0.131475, 0.13637500000000002, 0.1413, 0.146225, 0.15115, 0.156075, 0.161, 0.16595000000000001, 0.17090000000000002, 0.17585000000000003, 0.18080000000000004, 0.18575000000000005, 0.19070000000000006, 0.19565000000000007, 0.20060000000000008, 0.2055500000000001, 0.2105000000000001, 0.2154500000000001, 0.22040000000000012, 0.22535000000000013, 0.23030000000000014, 0.23525000000000015, 0.24020000000000016, 0.24515000000000017, 0.2501000000000002, 0.2550500000000002, 0.26000000000000023, 0.2649750000000002], "HBA": [0.0032500000000000003, 0.0075, 0.011850000000000001, 0.016325, 0.02105, 0.025775000000000003, 0.030500000000000003, 0.035250000000000004, 0.040025000000000005, 0.044800000000000006, 0.049625, 0.0545, 0.059375, 0.06425, 0.06912499999999999, 0.074, 0.07887499999999999, 0.08377499999999999, 0.088675, 0.093575, 0.09847500000000001, 0.10337500000000001, 0.10830000000000001, 0.11322499999999999, 0.11814999999999999, 0.12307499999999999, 0.128, 0.132925, 0.13784999999999997, 0.14277499999999999, 0.14769999999999997, 0.15262499999999998, 0.15754999999999997, 0.16247499999999998, 0.167425, 0.172375, 0.177325, 0.18227500000000002, 0.18722500000000003, 0.19217500000000004, 0.19712500000000005, 0.20207500000000006, 0.20702500000000007, 0.21197500000000008, 0.2169250000000001, 0.2218750000000001, 0.2268250000000001, 0.23177500000000012, 0.23672500000000013, 0.24167500000000014, 0.24662500000000015, 0.25157500000000016, 0.25652500000000017, 0.2614750000000002, 0.2664250000000002, 0.2713750000000002, 0.2763250000000002, 0.2812750000000002, 0.28622500000000023, 0.29117500000000024, 0.29612500000000025, 0.30107500000000026, 0.30602500000000027, 0.3109750000000003, 0.3159250000000003, 0.32087500000000024, 0.32582500000000025, 0.3307750000000002, 0.3357250000000002, 0.34067500000000017, 0.3456250000000001, 0.35057500000000014, 0.3555250000000001, 0.36047500000000005, 0.36542500000000006, 0.370375, 0.37532499999999996, 0.380275, 0.38522499999999993, 0.39017499999999994, 0.3951249999999999, 0.40007499999999985, 0.40502499999999986, 0.4099749999999998, 0.41492499999999977, 0.4198749999999998, 0.42482499999999973, 0.4297749999999997, 0.4347249999999997, 0.43967499999999965, 0.4446249999999996, 0.4495749999999996, 0.45452499999999957, 0.4594749999999996, 0.46442499999999953, 0.4693749999999995, 0.4743249999999995, 0.47927499999999945, 0.4842249999999994, 0.4891749999999994, 0.49412499999999937, 0.4990749999999993, 0.5040249999999993, 0.5089749999999993, 0.5139249999999993, 0.5188749999999992, 0.5238249999999992, 0.5287749999999992, 0.5337249999999991, 0.5386749999999991, 0.5436249999999991, 0.5485749999999991, 0.553524999999999, 0.558474999999999, 0.5634249999999991, 0.568374999999999, 0.573324999999999, 0.578274999999999, 0.5832249999999989, 0.5881749999999989, 0.5931249999999989, 0.5980749999999988, 0.6030249999999988, 0.6079749999999988, 0.6129249999999987, 0.6178749999999987, 0.6228249999999987, 0.6277749999999986, 0.6327249999999986, 0.6376749999999987, 0.6426249999999986, 0.6475749999999987, 0.6525249999999987, 0.6574749999999987, 0.6624249999999988, 0.6673749999999988, 0.6723249999999988, 0.677274999999999, 0.682224999999999, 0.687174999999999, 0.6921249999999991, 0.6970749999999991, 0.7020249999999991, 0.7069749999999992, 0.7119249999999993, 0.7168749999999993, 0.7218249999999994, 0.7267749999999994, 0.7317249999999994, 0.7366749999999995, 0.7416249999999995, 0.7465749999999995, 0.7515249999999996, 0.7564749999999997, 0.7614249999999997, 0.7663749999999997, 0.7713249999999998, 0.7762749999999998, 0.7812249999999998, 0.786175, 0.791125, 0.796075, 0.8010250000000001, 0.8059750000000001, 0.8109250000000001, 0.8158750000000002, 0.8208250000000002, 0.8257750000000003, 0.8307250000000004, 0.8356750000000004, 0.8406250000000004, 0.8455750000000005, 0.8505500000000005], "HCA": [0.0032500000000000003, 0.0075, 0.011850000000000001, 0.016325, 0.0208, 0.025525000000000003, 0.030250000000000003, 0.034975000000000006, 0.039725, 0.044500000000000005, 0.049275, 0.054150000000000004, 0.059025, 0.0639, 0.06877499999999999, 0.07365, 0.07855, 0.08344999999999998, 0.08834999999999998, 0.09325, 0.09815, 0.10305, 0.10795, 0.112875, 0.11779999999999999, 0.12272499999999999, 0.12764999999999999, 0.132575, 0.13749999999999998, 0.14242499999999997, 0.14734999999999998, 0.15227499999999997, 0.15719999999999998, 0.162125, 0.16704999999999998, 0.172, 0.17695, 0.1819, 0.18685000000000002, 0.19180000000000003, 0.19675000000000004, 0.20170000000000005, 0.20665000000000006, 0.21160000000000007, 0.21655000000000008, 0.22150000000000009, 0.2264500000000001, 0.2314000000000001, 0.23635000000000012, 0.24130000000000013, 0.24625000000000014, 0.25120000000000015, 0.25615000000000016, 0.26110000000000017, 0.2660500000000002, 0.2710250000000002], "HPRA": [0.0032500000000000003, 0.0075, 0.011850000000000001, 0.016325, 0.0208, 0.025275, 0.029899999999999996, 0.034525, 0.03915, 0.04387499999999999, 0.0486, 0.053325, 0.05805, 0.0628, 0.06754999999999999, 0.07229999999999999, 0.07704999999999998, 0.08179999999999998, 0.08664999999999998, 0.09154999999999998, 0.09644999999999998, 0.10134999999999998, 0.10624999999999998, 0.11114999999999998, 0.11604999999999999, 0.12094999999999999, 0.12585, 0.13075, 0.13565, 0.14055, 0.14545, 0.15035, 0.15525, 0.1602, 0.16515000000000002, 0.17010000000000003, 0.17505000000000004, 0.18000000000000005, 0.18495000000000006, 0.18990000000000007, 0.19485000000000008, 0.1998000000000001, 0.2047500000000001, 0.2097000000000001, 0.21465000000000012, 0.21960000000000013, 0.22455000000000014, 0.22950000000000015, 0.23445000000000016, 0.23940000000000017, 0.24435000000000018, 0.2493000000000002, 0.2542500000000002, 0.2592000000000002, 0.26417500000000016]}