{"HDA": [0.0024749999999999998, 0.006599999999999999, 0.010724999999999998, 0.014849999999999999, 0.018975, 0.0231, 0.027225000000000003, 0.031725, 0.036425, 0.041124999999999995, 0.045825, 0.050524999999999994, 0.05522499999999999, 0.059924999999999985, 0.06472499999999998, 0.06952499999999999, 0.07432499999999999, 0.07915, 0.08399999999999999, 0.088875, 0.09375, 0.098625, 0.10350000000000001, 0.10837500000000003, 0.11325000000000003, 0.11812500000000004, 0.12300000000000004, 0.12787500000000004, 0.13275000000000006, 0.13765000000000005, 0.14255000000000007, 0.14745000000000005, 0.15235000000000007, 0.15727500000000005, 0.16220000000000007, 0.16712500000000005, 0.17205000000000006, 0.17700000000000007, 0.18195000000000008, 0.1869000000000001, 0.1918500000000001, 0.1968000000000001, 0.20175000000000012, 0.20670000000000013, 0.21165000000000014, 0.21660000000000015, 0.22155000000000016, 0.22650000000000017, 0.23145000000000018, 0.2364000000000002, 0.2413500000000002, 0.2463000000000002, 0.2512500000000002, 0.2562000000000002, 0.2611500000000002, 0.2661000000000002, 0.27105000000000024, 0.27600000000000025, 0.28097500000000025], "HBA": [0.0024749999999999998, 0.006599999999999999, 0.01095, 0.015349999999999999, 0.01975, 0.024375, 0.029074999999999997, 0.03377499999999999, 0.038474999999999995, 0.043224999999999986, 0.04797499999999998, 0.05277499999999998, 0.05757499999999999, 0.062374999999999986, 0.067175, 0.071975, 0.076825, 0.081675, 0.08655000000000002, 0.09142500000000002, 0.09630000000000002, 0.10117500000000003, 0.10607500000000003, 0.11097500000000003, 0.11587500000000003, 0.12077500000000004, 0.12567500000000004, 0.13057500000000005, 0.13547500000000004, 0.14040000000000005, 0.14532500000000004, 0.15025000000000005, 0.15517500000000004, 0.16010000000000005, 0.16502500000000006, 0.16995000000000005, 0.17487500000000003, 0.17980000000000004, 0.18475000000000005, 0.18970000000000006, 0.19465000000000007, 0.19960000000000008, 0.2045500000000001, 0.2095000000000001, 0.2144500000000001, 0.21940000000000012, 0.22435000000000013, 0.22930000000000014, 0.23425000000000015, 0.23920000000000016, 0.24415000000000017, 0.24910000000000018, 0.25405000000000016, 0.2590000000000002, 0.2639500000000002, 0.2689000000000002, 0.2738500000000002, 0.2788000000000002, 0.2837500000000002, 0.28870000000000023, 0.29365000000000024, 0.29860000000000025, 0.30355000000000026, 0.3085000000000003, 0.3134500000000003, 0.3184000000000003, 0.3233500000000003, 0.32830000000000026, 0.33325000000000027, 0.3382000000000002, 0.3431500000000002, 0.3481000000000002, 0.35305000000000014, 0.3580000000000001, 0.3629500000000001, 0.36790000000000006, 0.37285, 0.3778, 0.38275, 0.38769999999999993, 0.39264999999999994, 0.3975999999999999, 0.4025499999999999, 0.40749999999999986, 0.4124499999999998, 0.4173999999999998, 0.4223499999999998, 0.42729999999999974, 0.43224999999999975, 0.4371999999999997, 0.44214999999999965, 0.44709999999999966, 0.4520499999999996, 0.45699999999999963, 0.4619499999999996, 0.46689999999999954, 0.47184999999999955, 0.4767999999999995, 0.48174999999999946, 0.48669999999999947, 0.4916499999999994, 0.4965999999999994, 0.5015499999999994, 0.5064999999999994, 0.5114499999999993, 0.5163999999999993, 0.5213499999999993, 0.5262999999999992, 0.5312499999999992, 0.5361999999999992, 0.5411499999999991, 0.5460999999999991, 0.5510499999999992, 0.555999999999999, 0.5609499999999991, 0.5658999999999991, 0.570849999999999, 0.575799999999999, 0.580749999999999, 0.5856999999999989, 0.5906499999999989, 0.5955999999999989, 0.6005499999999988, 0.6054999999999988, 0.6104499999999988, 0.6153999999999988, 0.6203499999999987, 0.6252999999999987, 0.6302499999999988, 0.6351999999999987, 0.6401499999999988, 0.6450999999999988, 0.6500499999999988, 0.6549999999999989, 0.6599499999999989, 0.6648999999999989, 0.669849999999999, 0.6747999999999991, 0.6797499999999991, 0.6846999999999991, 0.6896499999999992, 0.6945999999999992, 0.6995499999999992, 0.7044999999999993, 0.7094499999999994, 0.7143999999999994, 0.7193499999999995, 0.7242999999999995, 0.7292499999999995, 0.7341999999999996, 0.7391499999999996, 0.7440999999999997, 0.7490499999999998, 0.7539999999999998, 0.7589499999999998, 0.7638999999999999, 0.7688499999999999, 0.7737999999999999, 0.77875, 0.7837000000000001, 0.7886500000000001, 0.7936000000000001, 0.7985500000000002, 0.8035000000000002, 0.8084500000000002, 0.8134000000000003, 0.8183500000000004, 0.8233000000000004, 0.8282500000000005, 0.8332000000000005, 0.8381500000000005, 0.8431000000000006, 0.8480500000000006, 0.8530000000000006, 0.8579500000000008, 0.8629000000000008, 0.8678500000000008, 0.8728000000000009, 0.8777500000000009, 0.8827000000000009, 0.887650000000001, 0.8926000000000011, 0.8975500000000011, 0.9025250000000011], "HCA": [0.0025, 0.006625, 0.010974999999999999, 0.015374999999999998, 0.019774999999999997, 0.024399999999999998, 0.0291, 0.0338, 0.0385, 0.043199999999999995, 0.04794999999999999, 0.05269999999999999, 0.05744999999999998, 0.06219999999999998, 0.06694999999999998, 0.07169999999999997, 0.07644999999999996, 0.08124999999999996, 0.08604999999999997, 0.09092499999999998, 0.09579999999999998, 0.10067499999999999, 0.10554999999999999, 0.11042500000000001, 0.11532500000000001, 0.12022500000000001, 0.12512500000000001, 0.130025, 0.13492500000000002, 0.13985, 0.14477500000000001, 0.1497, 0.154625, 0.15955, 0.164475, 0.16940000000000002, 0.174325, 0.17925000000000002, 0.184175, 0.18912500000000002, 0.19407500000000003, 0.19902500000000004, 0.20397500000000005, 0.20892500000000006, 0.21387500000000007, 0.21882500000000008, 0.22377500000000008, 0.2287250000000001, 0.2336750000000001, 0.23862500000000011, 0.24357500000000012, 0.24852500000000013, 0.2534750000000001, 0.2584250000000001, 0.26337500000000014, 0.26832500000000015, 0.27327500000000016, 0.27822500000000017, 0.2831750000000002, 0.2881500000000002], "HPRA": [0.0024749999999999998, 0.006599999999999999, 0.010724999999999998, 0.014849999999999999, 0.018975, 0.0231, 0.027225000000000003, 0.031725, 0.03622500000000001, 0.040925, 0.045625, 0.050324999999999995, 0.055025, 0.05972499999999999, 0.064425, 0.069225, 0.074025, 0.078825, 0.083625, 0.08845, 0.09327500000000001, 0.09815000000000002, 0.10302500000000002, 0.10790000000000002, 0.11277500000000003, 0.11765000000000005, 0.12252500000000005, 0.12740000000000007, 0.13227500000000006, 0.13715000000000008, 0.14202500000000007, 0.14690000000000009, 0.1517750000000001, 0.1566500000000001, 0.1615250000000001, 0.1664000000000001, 0.17127500000000012, 0.1762000000000001, 0.18115000000000012, 0.18610000000000013, 0.19105000000000014, 0.19600000000000015, 0.20095000000000016, 0.20590000000000017, 0.21085000000000018, 0.21580000000000019, 0.2207500000000002, 0.2257000000000002, 0.23065000000000022, 0.23560000000000023, 0.24055000000000024, 0.24550000000000025, 0.2504500000000003, 0.2554000000000003, 0.2603500000000003, 0.2653000000000003, 0.2702500000000003, 0.2752250000000003]}