{"HDA": [0.00395, 0.00815, 0.012525, 0.0169, 0.021275, 0.02565, 0.0302, 0.03475, 0.0393, 0.044000000000000004, 0.048725000000000004, 0.053450000000000004, 0.058175000000000004, 0.06292500000000001, 0.067675, 0.0725, 0.07735, 0.08220000000000001, 0.08705, 0.0919, 0.09674999999999999, 0.101625, 0.1065, 0.1114, 0.116325, 0.12125, 0.126175, 0.1311, 0.13602499999999998, 0.14095, 0.14587499999999998, 0.1508, 0.15572499999999997, 0.16065, 0.1656, 0.17055, 0.17550000000000002, 0.18045000000000003, 0.18540000000000004, 0.19035000000000005, 0.19530000000000006, 0.20025000000000007, 0.20520000000000008, 0.2101500000000001, 0.2151000000000001, 0.2200500000000001, 0.22500000000000012, 0.22995000000000013, 0.23490000000000014, 0.23985000000000015, 0.24480000000000016, 0.24975000000000017, 0.25470000000000015, 0.25965000000000016, 0.26460000000000017, 0.2695500000000002, 0.2745000000000002, 0.2794750000000002], "HBA": [0.00395, 0.00815, 0.012525, 0.01715, 0.021849999999999994, 0.026574999999999998, 0.0313, 0.03605, 0.0408, 0.045575000000000004, 0.05035, 0.055175, 0.06, 0.06485, 0.06970000000000001, 0.07455, 0.07942500000000001, 0.08430000000000001, 0.08920000000000002, 0.09410000000000002, 0.09900000000000002, 0.10390000000000002, 0.10880000000000002, 0.11370000000000002, 0.11862500000000002, 0.12355000000000002, 0.128475, 0.13340000000000002, 0.138325, 0.14325000000000002, 0.148175, 0.1531, 0.158025, 0.16295, 0.16790000000000002, 0.17285000000000003, 0.17780000000000004, 0.18275000000000005, 0.18770000000000006, 0.19265000000000007, 0.19760000000000008, 0.2025500000000001, 0.2075000000000001, 0.2124500000000001, 0.21740000000000012, 0.22235000000000013, 0.22730000000000014, 0.23225000000000015, 0.23720000000000016, 0.24215000000000017, 0.24710000000000018, 0.2520500000000002, 0.25700000000000023, 0.26195000000000024, 0.26690000000000025, 0.27185000000000026, 0.27680000000000027, 0.2817500000000003, 0.2867000000000003, 0.2916500000000003, 0.2966000000000003, 0.3015500000000003, 0.3065000000000003, 0.31145000000000034, 0.31640000000000035, 0.32135000000000036, 0.3263000000000003, 0.33125000000000027, 0.3362000000000003, 0.34115000000000023, 0.3461000000000002, 0.3510500000000002, 0.35600000000000015, 0.3609500000000001, 0.3659000000000001, 0.37085000000000007, 0.3758000000000001, 0.38075000000000003, 0.3857, 0.39065, 0.39559999999999995, 0.4005499999999999, 0.4054999999999999, 0.41044999999999987, 0.4153999999999998, 0.42034999999999983, 0.4252999999999998, 0.4302499999999998, 0.43519999999999975, 0.4401499999999997, 0.4450999999999997, 0.4500499999999997, 0.4549999999999996, 0.45994999999999964, 0.4648999999999996, 0.46984999999999955, 0.47479999999999956, 0.4797499999999995, 0.48469999999999946, 0.4896499999999995, 0.49459999999999943, 0.49954999999999944, 0.5044999999999994, 0.5094499999999994, 0.5143999999999993, 0.5193499999999993, 0.5242999999999993, 0.5292499999999992, 0.5341999999999992, 0.5391499999999992, 0.5440999999999991, 0.5490499999999991, 0.5539999999999992, 0.5589499999999991, 0.5638999999999991, 0.5688499999999991, 0.573799999999999, 0.578749999999999, 0.583699999999999, 0.588649999999999, 0.5935999999999989, 0.5985499999999989, 0.6034999999999989, 0.6084499999999988, 0.6133999999999988, 0.6183499999999988, 0.6232999999999987, 0.6282499999999988, 0.6331999999999988, 0.6381499999999987, 0.6430999999999988, 0.6480499999999988, 0.6529999999999988, 0.6579499999999989, 0.6628999999999989, 0.6678499999999989, 0.6727999999999991, 0.6777499999999991, 0.6826999999999991, 0.6876499999999992, 0.6925999999999992, 0.6975499999999992, 0.7024999999999992, 0.7074499999999994, 0.7123999999999994, 0.7173499999999994, 0.7222999999999995, 0.7272499999999995, 0.7321999999999995, 0.7371499999999996, 0.7420999999999996, 0.7470499999999997, 0.7519999999999998, 0.7569499999999998, 0.7618999999999998, 0.7668499999999999, 0.7717999999999999, 0.7767499999999999, 0.7817000000000001, 0.7866500000000001, 0.7916000000000001, 0.7965500000000002, 0.8015000000000002, 0.8064500000000002, 0.8114000000000003, 0.8163500000000004, 0.8213000000000004, 0.8262500000000004, 0.8312000000000005, 0.8361500000000005, 0.8411000000000005, 0.8460500000000006, 0.8510000000000006, 0.8559500000000007, 0.8609000000000008, 0.8658500000000008, 0.8708000000000008, 0.8757500000000009, 0.8807000000000009, 0.8856500000000009, 0.8906000000000011, 0.8955500000000011, 0.9005000000000011, 0.9054500000000012, 0.9104000000000012, 0.9153500000000012, 0.9203000000000013, 0.9252500000000013, 0.9302000000000014, 0.9351500000000015, 0.9401000000000015, 0.9450500000000015, 0.9500000000000015, 0.9549500000000016, 0.9599000000000016, 0.9648750000000017], "HCA": [0.00395, 0.00815, 0.012525, 0.01715, 0.021775, 0.026399999999999996, 0.031024999999999997, 0.03575, 0.040475, 0.04522499999999999, 0.049974999999999985, 0.05479999999999999, 0.059624999999999984, 0.06447499999999999, 0.069325, 0.07417499999999999, 0.079025, 0.0839, 0.088775, 0.09365000000000002, 0.09852500000000003, 0.10340000000000003, 0.10827500000000004, 0.11317500000000004, 0.11810000000000004, 0.12302500000000004, 0.12795000000000004, 0.13287500000000002, 0.13780000000000003, 0.14272500000000002, 0.14765000000000003, 0.15257500000000002, 0.15750000000000003, 0.16242500000000004, 0.16737500000000005, 0.17232500000000006, 0.17727500000000007, 0.18222500000000008, 0.1871750000000001, 0.1921250000000001, 0.1970750000000001, 0.20202500000000012, 0.20697500000000013, 0.21192500000000014, 0.21687500000000015, 0.22182500000000016, 0.22677500000000017, 0.23172500000000018, 0.2366750000000002, 0.2416250000000002, 0.2465750000000002, 0.2515250000000002, 0.25647500000000023, 0.26142500000000024, 0.26637500000000025, 0.27132500000000026, 0.27627500000000027, 0.2812250000000003, 0.2861750000000003, 0.29115000000000024], "HPRA": [0.00395, 0.00815, 0.012525, 0.0169, 0.021275, 0.02565, 0.0302, 0.03475, 0.0393, 0.04385, 0.0484, 0.05295, 0.0575, 0.06215, 0.06695000000000001, 0.071775, 0.0766, 0.081425, 0.08625, 0.091075, 0.0959, 0.100775, 0.10565000000000001, 0.11052500000000003, 0.11540000000000003, 0.12027500000000003, 0.12515000000000004, 0.13002500000000006, 0.13490000000000005, 0.13977500000000007, 0.14465000000000006, 0.14952500000000007, 0.1544000000000001, 0.15932500000000008, 0.1642750000000001, 0.1692250000000001, 0.1741750000000001, 0.17912500000000012, 0.18407500000000013, 0.18902500000000014, 0.19397500000000015, 0.19892500000000016, 0.20387500000000017, 0.20882500000000018, 0.2137750000000002, 0.2187250000000002, 0.2236750000000002, 0.22862500000000022, 0.23357500000000023, 0.23852500000000024, 0.24347500000000025, 0.24842500000000026, 0.2533750000000003, 0.2583250000000003, 0.2632750000000003, 0.2682250000000003, 0.27317500000000033, 0.2781500000000003]}