{"HDA": [0.0030499999999999998, 0.0070750000000000006, 0.011099999999999999, 0.015124999999999998, 0.019524999999999997, 0.024075, 0.028624999999999998, 0.033174999999999996, 0.03785, 0.042575, 0.0473, 0.052075, 0.056850000000000005, 0.061625000000000006, 0.0664, 0.07122500000000001, 0.07605, 0.0809, 0.08574999999999999, 0.09059999999999999, 0.09544999999999998, 0.10032499999999998, 0.1052, 0.110075, 0.11497500000000001, 0.11987500000000001, 0.12477500000000001, 0.129675, 0.134575, 0.13947500000000002, 0.14437500000000003, 0.14927500000000002, 0.1542, 0.15912500000000002, 0.16405, 0.16897500000000001, 0.1739, 0.178825, 0.18377500000000002, 0.18872500000000003, 0.19367500000000004, 0.19862500000000005, 0.20357500000000006, 0.20852500000000007, 0.21347500000000008, 0.2184250000000001, 0.2233750000000001, 0.2283250000000001, 0.23327500000000012, 0.23822500000000013, 0.24317500000000014, 0.24812500000000015, 0.25307500000000016, 0.25802500000000017, 0.2629750000000002, 0.2679250000000002, 0.2728750000000002, 0.2778250000000002, 0.2827750000000002, 0.28772500000000023, 0.29267500000000024, 0.29762500000000025, 0.30257500000000026, 0.3075500000000002], "HBA": [0.0030499999999999998, 0.0070750000000000006, 0.011625000000000002, 0.016175000000000002, 0.020725000000000004, 0.02535, 0.030025000000000003, 0.03475, 0.03947500000000001, 0.044250000000000005, 0.049025000000000006, 0.05385000000000001, 0.058675000000000005, 0.06352500000000001, 0.06837500000000002, 0.07325000000000001, 0.07812500000000001, 0.083, 0.08787500000000001, 0.09275000000000003, 0.09765000000000003, 0.10255000000000003, 0.10745000000000003, 0.11235000000000003, 0.11725000000000003, 0.12215000000000004, 0.12705000000000002, 0.13197500000000004, 0.13690000000000002, 0.14182500000000003, 0.14675000000000002, 0.15167500000000003, 0.15660000000000002, 0.16152500000000003, 0.16645000000000004, 0.17137500000000003, 0.1763, 0.18122500000000002, 0.18615, 0.19110000000000002, 0.19605000000000003, 0.20100000000000004, 0.20595000000000005, 0.21090000000000006, 0.21585000000000007, 0.22080000000000008, 0.2257500000000001, 0.2307000000000001, 0.2356500000000001, 0.24060000000000012, 0.24555000000000013, 0.25050000000000017, 0.2554500000000002, 0.2604000000000002, 0.2653500000000002, 0.2703000000000002, 0.2752500000000002, 0.2802000000000002, 0.28515000000000024, 0.29010000000000025, 0.29505000000000026, 0.30000000000000027, 0.3049500000000003, 0.3099000000000003, 0.3148500000000003, 0.3198000000000003, 0.3247500000000003, 0.32970000000000027, 0.3346500000000002, 0.33960000000000024, 0.3445500000000002, 0.34950000000000014, 0.35445000000000015, 0.3594000000000001, 0.3643500000000001, 0.3693000000000001, 0.37425, 0.37920000000000004, 0.38415, 0.38909999999999995, 0.39404999999999996, 0.3989999999999999, 0.40394999999999986, 0.4088999999999999, 0.41384999999999983, 0.41879999999999984, 0.4237499999999998, 0.42869999999999975, 0.43364999999999976, 0.4385999999999997, 0.44354999999999967, 0.4484999999999997, 0.45344999999999963, 0.4583999999999996, 0.4633499999999996, 0.46829999999999955, 0.4732499999999995, 0.4781999999999995, 0.48314999999999947, 0.4880999999999995, 0.49304999999999943, 0.4979999999999994, 0.5029499999999993, 0.5078999999999994, 0.5128499999999994, 0.5177999999999993, 0.5227499999999993, 0.5276999999999993, 0.5326499999999992, 0.5375999999999992, 0.5425499999999992, 0.5474999999999991, 0.5524499999999991, 0.5573999999999991, 0.562349999999999, 0.567299999999999, 0.572249999999999, 0.577199999999999, 0.582149999999999, 0.587099999999999, 0.592049999999999, 0.5969999999999989, 0.6019499999999989, 0.6068999999999989, 0.6118499999999988, 0.6167999999999988, 0.6217499999999988, 0.6266999999999987, 0.6316499999999987, 0.6365999999999987, 0.6415499999999987, 0.6464999999999987, 0.6514499999999989, 0.6563999999999989, 0.6613499999999989, 0.666299999999999, 0.671249999999999, 0.676199999999999, 0.6811499999999991, 0.6860999999999992, 0.6910499999999992, 0.6959999999999993, 0.7009499999999993, 0.7058999999999993, 0.7108499999999993, 0.7157999999999994, 0.7207499999999994, 0.7256999999999995, 0.7306499999999996, 0.7355999999999996, 0.7405499999999996, 0.7454999999999997, 0.7504499999999997, 0.7553999999999997, 0.7603499999999999, 0.7652999999999999, 0.7702499999999999, 0.7752, 0.78015, 0.7851, 0.7900500000000001, 0.7950000000000002, 0.7999500000000002, 0.8049000000000003, 0.8098500000000003, 0.8148000000000003, 0.8197500000000004, 0.8247000000000004, 0.8296500000000004, 0.8346000000000005, 0.8395500000000006, 0.8445000000000006, 0.8494500000000006, 0.8544250000000007], "HCA": [0.0030499999999999998, 0.0070750000000000006, 0.011625000000000002, 0.016175000000000002, 0.020725000000000004, 0.02535, 0.030025000000000003, 0.03475, 0.03947500000000001, 0.044250000000000005, 0.049025000000000006, 0.05385000000000001, 0.058675000000000005, 0.0635, 0.06832500000000001, 0.073175, 0.07802500000000001, 0.08287500000000002, 0.08775000000000002, 0.09262500000000003, 0.09752500000000003, 0.10242500000000003, 0.10732500000000003, 0.11222500000000003, 0.11712500000000003, 0.12202500000000004, 0.12692500000000004, 0.13185000000000005, 0.13677500000000004, 0.14170000000000005, 0.14662500000000003, 0.15155000000000002, 0.15647500000000003, 0.16140000000000004, 0.16632500000000003, 0.17125000000000004, 0.17617500000000003, 0.18110000000000004, 0.18602500000000002, 0.19097500000000003, 0.19592500000000004, 0.20087500000000005, 0.20582500000000006, 0.21077500000000007, 0.21572500000000008, 0.2206750000000001, 0.2256250000000001, 0.2305750000000001, 0.23552500000000012, 0.24047500000000013, 0.24542500000000014, 0.2503750000000002, 0.2553250000000002, 0.2602750000000002, 0.2652250000000002, 0.2701750000000002, 0.27512500000000023, 0.28007500000000024, 0.28502500000000025, 0.28997500000000026, 0.29492500000000027, 0.2998750000000003, 0.3048250000000003, 0.30980000000000024], "HPRA": [0.0030499999999999998, 0.0060999999999999995, 0.010125, 0.014150000000000001, 0.01855, 0.0231, 0.02765, 0.0322, 0.036750000000000005, 0.041299999999999996, 0.045975, 0.05075, 0.055525000000000005, 0.0603, 0.06507500000000001, 0.06985000000000001, 0.074675, 0.0795, 0.08432500000000001, 0.08915000000000001, 0.093975, 0.09885000000000002, 0.10372500000000003, 0.10860000000000003, 0.11347500000000003, 0.11835000000000004, 0.12322500000000006, 0.12810000000000005, 0.13297500000000007, 0.13785000000000008, 0.14272500000000007, 0.1476000000000001, 0.15247500000000008, 0.1573500000000001, 0.16222500000000012, 0.1671000000000001, 0.17197500000000013, 0.1769000000000001, 0.18185000000000012, 0.18680000000000013, 0.19175000000000014, 0.19670000000000015, 0.20165000000000016, 0.20660000000000017, 0.21155000000000018, 0.2165000000000002, 0.2214500000000002, 0.2264000000000002, 0.23135000000000022, 0.23630000000000023, 0.24125000000000024, 0.24620000000000025, 0.25115000000000026, 0.25610000000000027, 0.2610500000000003, 0.2660000000000003, 0.2709500000000003, 0.2759000000000003, 0.2808500000000003, 0.28580000000000033, 0.29075000000000034, 0.29570000000000035, 0.30065000000000036, 0.30562500000000037]}