{"HDA": [0.004375, 0.004375, 0.004666363163371489, 0.0050944249945248776, 0.005146934971420488, 0.005261719177113784, 0.005261719177113784, 0.005393915621029443, 0.005393915621029443, 0.005393915621029443, 0.005393915621029443, 0.005393915621029443, 0.005393915621029443, 0.005486371242331218, 0.00558440084727191, 0.00558440084727191, 0.00558440084727191, 0.00558440084727191, 0.00558440084727191, 0.00558440084727191, 0.00558440084727191, 0.00558440084727191, 0.00558440084727191, 0.00558440084727191, 0.00558440084727191, 0.00558440084727191, 0.00558440084727191, 0.00558440084727191, 0.00558440084727191, 0.0057884824799249715], "HBA": [0.004375, 0.004554282154254366, 0.004635421348542166, 0.005063483179695555, 0.0051159931565911655, 0.005230777362284462, 0.005230777362284462, 0.005362973806200121, 0.005362973806200121, 0.005362973806200121, 0.0054412884745375, 0.0054412884745375, 0.0054412884745375, 0.0054412884745375, 0.005539318079478193, 0.005539318079478193, 0.005539318079478193, 0.005539318079478193, 0.005539318079478193, 0.005539318079478193, 0.005539318079478193, 0.005539318079478193, 0.005539318079478193, 0.005539318079478193, 0.005539318079478193, 0.005539318079478193, 0.005539318079478193, 0.005539318079478193, 0.005539318079478193, 0.005539318079478193, 0.005539318079478193, 0.005539318079478193, 0.005539318079478193, 0.005539318079478193, 0.005539318079478193, 0.005539318079478193, 0.005539318079478193, 0.005539318079478193, 0.005539318079478193, 0.005539318079478193, 0.005539318079478193, 0.005539318079478193, 0.005539318079478193, 0.005539318079478193, 0.005539318079478193, 0.005539318079478193, 0.005539318079478193, 0.005539318079478193, 0.005539318079478193, 0.005539318079478193, 0.005539318079478193, 0.005539318079478193, 0.005539318079478193, 0.005539318079478193, 0.005539318079478193, 0.005539318079478193, 0.005539318079478193, 0.005539318079478193, 0.005539318079478193, 0.005539318079478193, 0.005539318079478193, 0.005539318079478193, 0.005539318079478193, 0.005539318079478193, 0.005539318079478193, 0.005539318079478193, 0.005539318079478193, 0.005539318079478193, 0.005539318079478193, 0.005539318079478193, 0.005539318079478193, 0.005539318079478193, 0.005539318079478193, 0.005539318079478193, 0.005539318079478193, 0.005539318079478193, 0.005539318079478193, 0.005539318079478193, 0.005539318079478193, 0.008039318079478193], "HCA": [0.004375, 0.004554282154254366, 0.004635421348542166, 0.005063483179695555, 0.0051159931565911655, 0.005230777362284462, 0.005230777362284462, 0.005362973806200121, 0.005362973806200121, 0.005362973806200121, 0.005439920559047151, 0.005439920559047151, 0.005439920559047151, 0.005439920559047151, 0.005536037437170949, 0.005536037437170949, 0.005536037437170949, 0.005536037437170949, 0.005536037437170949, 0.005536037437170949, 0.005536037437170949, 0.005536037437170949, 0.005536037437170949, 0.005536037437170949, 0.005536037437170949, 0.005536037437170949, 0.005536037437170949, 0.005536037437170949, 0.005723689904800899], "HPRA": [0.004375, 0.004375, 0.004666363163371489, 0.0050944249945248776, 0.005146934971420488, 0.005261719177113784, 0.005261719177113784, 0.005393915621029443, 0.005393915621029443, 0.005393915621029443, 0.005393915621029443, 0.005393915621029443, 0.005393915621029443, 0.005393915621029443, 0.005589974830910827, 0.005589974830910827, 0.005589974830910827, 0.005589974830910827, 0.005589974830910827, 0.005589974830910827, 0.005589974830910827, 0.005589974830910827, 0.005589974830910827, 0.005589974830910827, 0.005589974830910827, 0.005589974830910827, 0.005589974830910827, 0.005589974830910827, 0.005589974830910827, 0.005794056463563888]}