{"HDA": [0.004075, 0.004075, 0.004722767108672458, 0.004722767108672458, 0.0051195137859190365, 0.005284122839416979, 0.005344215381932453, 0.005344215381932453, 0.005485448345706198, 0.005485448345706198, 0.005566610589030603, 0.005566610589030603, 0.005660870179943979, 0.005660870179943979, 0.005660870179943979, 0.005660870179943979, 0.005660870179943979, 0.005660870179943979, 0.005660870179943979, 0.005660870179943979, 0.005660870179943979, 0.005660870179943979, 0.005660870179943979, 0.005660870179943979, 0.005660870179943979, 0.005912822812848993, 0.006190600590626771, 0.006190600590626771, 0.006190600590626771, 0.006190600590626771, 0.006190600590626771, 0.006190600590626771, 0.006190600590626771, 0.006684427751120598], "HBA": [0.004075, 0.004357933454051607, 0.0045105539479315246, 0.0046489622524297945, 0.004799513646912086, 0.005002361632631587, 0.005002361632631587, 0.005094915661045674, 0.005144508995701496, 0.0051970189725971064, 0.005252710663396839, 0.005252710663396839, 0.005252710663396839, 0.005252710663396839, 0.005252710663396839, 0.005325762018499476, 0.005325762018499476, 0.005325762018499476, 0.005325762018499476, 0.005325762018499476, 0.005325762018499476, 0.005325762018499476, 0.00543426896294392, 0.00543426896294392, 0.00543426896294392, 0.00543426896294392, 0.00543426896294392, 0.00543426896294392, 0.00543426896294392, 0.00543426896294392, 0.00543426896294392, 0.00543426896294392, 0.00543426896294392, 0.00543426896294392, 0.00543426896294392, 0.00543426896294392, 0.00543426896294392, 0.00543426896294392, 0.00543426896294392, 0.00543426896294392, 0.00543426896294392, 0.00543426896294392, 0.00543426896294392, 0.00543426896294392, 0.00543426896294392, 0.00543426896294392, 0.00543426896294392, 0.00543426896294392, 0.00543426896294392, 0.00543426896294392, 0.00543426896294392, 0.00543426896294392, 0.00543426896294392, 0.00543426896294392, 0.00543426896294392, 0.00543426896294392, 0.00543426896294392, 0.00543426896294392, 0.00543426896294392, 0.00543426896294392, 0.00543426896294392, 0.00543426896294392, 0.00543426896294392, 0.00543426896294392, 0.00543426896294392, 0.00543426896294392, 0.00543426896294392, 0.00543426896294392, 0.00543426896294392, 0.00543426896294392, 0.00543426896294392, 0.00543426896294392, 0.00543426896294392, 0.00543426896294392, 0.00543426896294392, 0.00543426896294392, 0.00543426896294392, 0.00543426896294392, 0.00543426896294392, 0.00543426896294392, 0.00543426896294392, 0.00543426896294392, 0.00543426896294392, 0.00543426896294392, 0.00543426896294392, 0.00543426896294392, 0.00543426896294392, 0.00543426896294392, 0.00543426896294392, 0.00543426896294392, 0.00543426896294392, 0.00543426896294392, 0.00543426896294392, 0.00543426896294392, 0.00543426896294392, 0.00543426896294392, 0.013698731772861275], "HCA": [0.004075, 0.004075, 0.004553789619841041, 0.004821088894791758, 0.004857378632054061, 0.0050116936661962624, 0.0050116936661962624, 0.00509940911727297, 0.00509940911727297, 0.005148311264077215, 0.005200068419503953, 0.005200068419503953, 0.005200068419503953, 0.005262068543504201, 0.005262068543504201, 0.005330369889040708, 0.005330369889040708, 0.005330369889040708, 0.005330369889040708, 0.005330369889040708, 0.005330369889040708, 0.005330369889040708, 0.005430369889040708, 0.005430369889040708, 0.005430369889040708, 0.005430369889040708, 0.005430369889040708, 0.005430369889040708, 0.005430369889040708, 0.005430369889040708, 0.005430369889040708, 0.005430369889040708, 0.005430369889040708, 0.005430369889040708, 0.005608147666818486], "HPRA": [0.004075, 0.004075, 0.004722767108672458, 0.004722767108672458, 0.0051195137859190365, 0.005284122839416979, 0.005284122839416979, 0.005349159259812401, 0.005349159259812401, 0.005349159259812401, 0.005349159259812401, 0.005349159259812401, 0.005726197623465903, 0.005726197623465903, 0.005726197623465903, 0.005726197623465903, 0.005726197623465903, 0.005726197623465903, 0.005726197623465903, 0.005726197623465903, 0.005726197623465903, 0.005726197623465903, 0.005726197623465903, 0.005726197623465903, 0.005726197623465903, 0.005726197623465903, 0.006281753179021458, 0.006281753179021458, 0.006281753179021458, 0.006281753179021458, 0.006281753179021458, 0.006281753179021458, 0.006281753179021458, 0.0067755803395152855]}