{"HDA": [0.0043, 0.0043, 0.004802191380569759, 0.004856257124514395, 0.005352258116516379, 0.005352258116516379, 0.005591416279781686, 0.005591416279781686, 0.005591416279781686, 0.005591416279781686, 0.005591416279781686, 0.005591416279781686, 0.005591416279781686, 0.005591416279781686, 0.005868232888778226, 0.005868232888778226, 0.006028463621032672, 0.006028463621032672, 0.006028463621032672, 0.006028463621032672, 0.006028463621032672, 0.006028463621032672, 0.006028463621032672, 0.006028463621032672, 0.006028463621032672, 0.006028463621032672, 0.006028463621032672, 0.006028463621032672, 0.006028463621032672, 0.006028463621032672, 0.006428463621032672], "HBA": [0.0043, 0.004483654729109275, 0.004739966404106071, 0.004794032148050707, 0.005290033140052691, 0.005290033140052691, 0.005529191303317998, 0.005616535176145319, 0.005616535176145319, 0.005616535176145319, 0.0057228163962537255, 0.0057228163962537255, 0.0057228163962537255, 0.0057228163962537255, 0.0057228163962537255, 0.0057228163962537255, 0.005883047128508172, 0.005883047128508172, 0.005883047128508172, 0.005883047128508172, 0.005883047128508172, 0.005883047128508172, 0.005883047128508172, 0.005883047128508172, 0.005883047128508172, 0.005883047128508172, 0.005883047128508172, 0.005883047128508172, 0.005883047128508172, 0.005883047128508172, 0.005883047128508172, 0.005883047128508172, 0.005883047128508172, 0.005883047128508172, 0.005883047128508172, 0.005883047128508172, 0.005883047128508172, 0.005883047128508172, 0.005883047128508172, 0.005883047128508172, 0.005883047128508172, 0.005883047128508172, 0.005883047128508172, 0.005883047128508172, 0.005883047128508172, 0.005883047128508172, 0.005883047128508172, 0.005883047128508172, 0.005883047128508172, 0.005883047128508172, 0.005883047128508172, 0.005883047128508172, 0.005883047128508172, 0.005883047128508172, 0.005883047128508172, 0.005883047128508172, 0.005883047128508172, 0.005883047128508172, 0.005883047128508172, 0.005883047128508172, 0.005883047128508172, 0.005883047128508172, 0.005883047128508172, 0.005883047128508172, 0.005883047128508172, 0.005883047128508172, 0.005883047128508172, 0.005883047128508172, 0.01180020689182178], "HCA": [0.0043, 0.0043, 0.004802191380569759, 0.004856257124514395, 0.005352258116516379, 0.005352258116516379, 0.005591416279781686, 0.005591416279781686, 0.0056856758706950615, 0.0056856758706950615, 0.005791957090803468, 0.005791957090803468, 0.005791957090803468, 0.005791957090803468, 0.005791957090803468, 0.005791957090803468, 0.005952187823057915, 0.005952187823057915, 0.005952187823057915, 0.005952187823057915, 0.005952187823057915, 0.005952187823057915, 0.005952187823057915, 0.005952187823057915, 0.005952187823057915, 0.005952187823057915, 0.005952187823057915, 0.005952187823057915, 0.005952187823057915, 0.006322010308265015], "HPRA": [0.0043, 0.0043, 0.004802191380569759, 0.004856257124514395, 0.005352258116516379, 0.005352258116516379, 0.005591416279781686, 0.005591416279781686, 0.005591416279781686, 0.005591416279781686, 0.005591416279781686, 0.005591416279781686, 0.005591416279781686, 0.005591416279781686, 0.005591416279781686, 0.005591416279781686, 0.006072108476545025, 0.006072108476545025, 0.006072108476545025, 0.006072108476545025, 0.006072108476545025, 0.006072108476545025, 0.006072108476545025, 0.006072108476545025, 0.006072108476545025, 0.006072108476545025, 0.006072108476545025, 0.006072108476545025, 0.006072108476545025, 0.006072108476545025, 0.0064721084765450255]}