{"HDA": [0.004075, 0.004907466181061394, 0.004907466181061394, 0.004907466181061394, 0.005639888056061394, 0.005639888056061394, 0.005714204346192191, 0.005714204346192191, 0.005798372345518847, 0.005798372345518847, 0.005798372345518847, 0.005798372345518847, 0.005798372345518847, 0.005798372345518847, 0.005798372345518847, 0.005798372345518847, 0.0059367806500171165, 0.0059367806500171165, 0.0059367806500171165, 0.0059367806500171165, 0.0059367806500171165, 0.0059367806500171165, 0.0059367806500171165, 0.0059367806500171165, 0.0059367806500171165, 0.0059367806500171165, 0.0059367806500171165, 0.0059367806500171165, 0.006214558427794894], "HBA": [0.004075, 0.004907466181061394, 0.0050501534581125235, 0.005155173411903744, 0.00557582120951206, 0.00557582120951206, 0.005650137499642857, 0.005650137499642857, 0.005734305498969513, 0.005734305498969513, 0.005734305498969513, 0.005734305498969513, 0.005734305498969513, 0.005734305498969513, 0.005734305498969513, 0.005734305498969513, 0.005872713803467783, 0.005872713803467783, 0.005872713803467783, 0.005872713803467783, 0.005872713803467783, 0.005872713803467783, 0.005872713803467783, 0.005872713803467783, 0.005872713803467783, 0.005872713803467783, 0.005872713803467783, 0.005872713803467783, 0.005872713803467783, 0.005872713803467783, 0.005872713803467783, 0.005872713803467783, 0.005872713803467783, 0.005872713803467783, 0.005872713803467783, 0.005872713803467783, 0.005872713803467783, 0.005872713803467783, 0.005872713803467783, 0.005872713803467783, 0.005872713803467783, 0.005872713803467783, 0.005872713803467783, 0.005872713803467783, 0.005872713803467783, 0.005872713803467783, 0.005872713803467783, 0.005872713803467783, 0.005872713803467783, 0.005872713803467783, 0.005872713803467783, 0.005872713803467783, 0.005872713803467783, 0.005872713803467783, 0.005872713803467783, 0.005872713803467783, 0.005872713803467783, 0.005872713803467783, 0.005872713803467783, 0.005872713803467783, 0.005872713803467783, 0.005872713803467783, 0.005872713803467783, 0.005872713803467783, 0.005872713803467783, 0.005872713803467783, 0.005872713803467783, 0.005872713803467783, 0.005872713803467783, 0.008642796905960858], "HCA": [0.004075, 0.004907466181061394, 0.0050501534581125235, 0.005155173411903744, 0.00557582120951206, 0.00557582120951206, 0.005650137499642857, 0.005650137499642857, 0.005734305498969513, 0.005734305498969513, 0.005734305498969513, 0.005734305498969513, 0.005734305498969513, 0.005734305498969513, 0.005734305498969513, 0.005734305498969513, 0.005872713803467783, 0.005872713803467783, 0.005872713803467783, 0.005872713803467783, 0.005872713803467783, 0.005872713803467783, 0.005872713803467783, 0.005872713803467783, 0.005872713803467783, 0.005872713803467783, 0.005872713803467783, 0.005872713803467783, 0.0061504915812455605], "HPRA": [0.004075, 0.004907466181061394, 0.004907466181061394, 0.004907466181061394, 0.005639888056061394, 0.005639888056061394, 0.005714204346192191, 0.005714204346192191, 0.005714204346192191, 0.005714204346192191, 0.005714204346192191, 0.005714204346192191, 0.005714204346192191, 0.005714204346192191, 0.005714204346192191, 0.005714204346192191, 0.005991020955188731, 0.005991020955188731, 0.005991020955188731, 0.005991020955188731, 0.005991020955188731, 0.005991020955188731, 0.005991020955188731, 0.005991020955188731, 0.005991020955188731, 0.005991020955188731, 0.005991020955188731, 0.005991020955188731, 0.006268798732966509]}