{"HDA": [0.00325, 0.004021604938271604, 0.005160264258749107, 0.005160264258749107, 0.00550257928637882, 0.00550257928637882, 0.00550257928637882, 0.005630579286378819, 0.005630579286378819, 0.005630579286378819, 0.005630579286378819, 0.005630579286378819, 0.005630579286378819, 0.005630579286378819, 0.005736860506487226, 0.005736860506487226, 0.005736860506487226, 0.005736860506487226, 0.005736860506487226, 0.005885581505892342, 0.006045812238146788, 0.006045812238146788, 0.006045812238146788, 0.006045812238146788, 0.006045812238146788, 0.006045812238146788, 0.006045812238146788, 0.006045812238146788, 0.006045812238146788, 0.006045812238146788, 0.0063430773986699746], "HBA": [0.00325, 0.004021604938271604, 0.005160264258749107, 0.005379552886440875, 0.005477357180049364, 0.005532226864548678, 0.005591398462181814, 0.005591398462181814, 0.005591398462181814, 0.005591398462181814, 0.005591398462181814, 0.005677132344211992, 0.005677132344211992, 0.005677132344211992, 0.005677132344211992, 0.005790305725832634, 0.005790305725832634, 0.005790305725832634, 0.005790305725832634, 0.005790305725832634, 0.005950536458087081, 0.005950536458087081, 0.005950536458087081, 0.005950536458087081, 0.005950536458087081, 0.005950536458087081, 0.005950536458087081, 0.005950536458087081, 0.005950536458087081, 0.005950536458087081, 0.005950536458087081, 0.005950536458087081, 0.005950536458087081, 0.005950536458087081, 0.005950536458087081, 0.005950536458087081, 0.005950536458087081, 0.005950536458087081, 0.005950536458087081, 0.005950536458087081, 0.005950536458087081, 0.005950536458087081, 0.005950536458087081, 0.005950536458087081, 0.005950536458087081, 0.005950536458087081, 0.005950536458087081, 0.005950536458087081, 0.005950536458087081, 0.005950536458087081, 0.005950536458087081, 0.005950536458087081, 0.005950536458087081, 0.005950536458087081, 0.005950536458087081, 0.005950536458087081, 0.005950536458087081, 0.005950536458087081, 0.005950536458087081, 0.005950536458087081, 0.005950536458087081, 0.005950536458087081, 0.005950536458087081, 0.005950536458087081, 0.005950536458087081, 0.005950536458087081, 0.005950536458087081, 0.00801665216056642], "HCA": [0.00325, 0.004021604938271604, 0.005160264258749107, 0.005379552886440875, 0.005477357180049364, 0.005532226864548678, 0.005591398462181814, 0.005591398462181814, 0.005591398462181814, 0.005591398462181814, 0.005591398462181814, 0.005591398462181814, 0.005591398462181814, 0.005691398462181814, 0.005691398462181814, 0.005804571843802456, 0.005804571843802456, 0.005804571843802456, 0.005804571843802456, 0.005804571843802456, 0.005964802576056903, 0.005964802576056903, 0.005964802576056903, 0.005964802576056903, 0.005964802576056903, 0.005964802576056903, 0.005964802576056903, 0.005964802576056903, 0.005964802576056903, 0.0062425803538346805], "HPRA": [0.00325, 0.004021604938271604, 0.005160264258749107, 0.005160264258749107, 0.00550257928637882, 0.00550257928637882, 0.00550257928637882, 0.005630579286378819, 0.005630579286378819, 0.005630579286378819, 0.005630579286378819, 0.005630579286378819, 0.005630579286378819, 0.005630579286378819, 0.005630579286378819, 0.005630579286378819, 0.005630579286378819, 0.005630579286378819, 0.005630579286378819, 0.005630579286378819, 0.006111271483142159, 0.006111271483142159, 0.006111271483142159, 0.006111271483142159, 0.006111271483142159, 0.006111271483142159, 0.006111271483142159, 0.006111271483142159, 0.006111271483142159, 0.006111271483142159, 0.006408536643665345]}