{"HDA": [0.00235, 0.005032742078020452, 0.005273088176402122, 0.005273088176402122, 0.005273088176402122, 0.0054479031638737145, 0.0054479031638737145, 0.005589136127647459, 0.005589136127647459, 0.005932071655768172, 0.006026331246681548, 0.006026331246681548, 0.006026331246681548, 0.006149788036805005, 0.006149788036805005, 0.006149788036805005, 0.006149788036805005, 0.006322918230710822, 0.006510570698340772, 0.006510570698340772, 0.006510570698340772, 0.006510570698340772, 0.006510570698340772, 0.006510570698340772, 0.00678834847611855], "HBA": [0.00405, 0.00458057020692238, 0.00482091630530405, 0.0049597473479251804, 0.005058934017236825, 0.005058934017236825, 0.005058934017236825, 0.005267267350570158, 0.0053428817172998366, 0.00542552634539901, 0.00542552634539901, 0.00552552634539901, 0.00552552634539901, 0.00552552634539901, 0.00552552634539901, 0.00566724970140808, 0.00566724970140808, 0.00566724970140808, 0.005845027479185858, 0.005845027479185858, 0.005845027479185858, 0.005845027479185858, 0.005845027479185858, 0.005845027479185858, 0.005845027479185858, 0.005845027479185858, 0.005845027479185858, 0.005845027479185858, 0.005845027479185858, 0.005845027479185858, 0.005845027479185858, 0.005845027479185858, 0.005845027479185858, 0.005845027479185858, 0.005845027479185858, 0.005845027479185858, 0.005845027479185858, 0.005845027479185858, 0.005845027479185858, 0.005845027479185858, 0.005845027479185858, 0.005845027479185858, 0.005845027479185858, 0.005845027479185858, 0.005845027479185858, 0.005845027479185858, 0.005845027479185858, 0.005845027479185858, 0.005845027479185858, 0.005845027479185858, 0.005845027479185858, 0.005845027479185858, 0.005845027479185858, 0.005845027479185858, 0.005845027479185858, 0.005845027479185858, 0.005845027479185858, 0.005845027479185858, 0.005845027479185858, 0.005845027479185858, 0.005845027479185858, 0.005845027479185858, 0.005845027479185858, 0.005845027479185858, 0.005845027479185858, 0.005845027479185858, 0.005845027479185858, 0.005845027479185858, 0.005845027479185858, 0.005845027479185858, 0.005845027479185858, 0.005845027479185858, 0.005845027479185858, 0.005845027479185858, 0.005845027479185858, 0.005845027479185858, 0.005845027479185858, 0.005845027479185858, 0.005845027479185858, 0.005845027479185858, 0.026253190744491978], "HCA": [0.00405, 0.00458057020692238, 0.00482091630530405, 0.00482091630530405, 0.00482091630530405, 0.005103577846374772, 0.005103577846374772, 0.005311911179708105, 0.005311911179708105, 0.005480247178361417, 0.005480247178361417, 0.005580247178361418, 0.005580247178361418, 0.005580247178361418, 0.005580247178361418, 0.005721970534370488, 0.005721970534370488, 0.005721970534370488, 0.005899748312148265, 0.005899748312148265, 0.005899748312148265, 0.005899748312148265, 0.005899748312148265, 0.006143888937148265], "HPRA": [0.00235, 0.005032742078020452, 0.005273088176402122, 0.005273088176402122, 0.005273088176402122, 0.005273088176402122, 0.005273088176402122, 0.005626170585836483, 0.005626170585836483, 0.005626170585836483, 0.00609746854040336, 0.00609746854040336, 0.00609746854040336, 0.00609746854040336, 0.006232676761063176, 0.006232676761063176, 0.006232676761063176, 0.006232676761063176, 0.006607981696323075, 0.006607981696323075, 0.006607981696323075, 0.006607981696323075, 0.006607981696323075, 0.006607981696323075, 0.006607981696323075, 0.006607981696323075, 0.006926859247343484]}