{"HDA": [0.00315, 0.00315, 0.004035478158205431, 0.004035478158205431, 0.006409835103199495, 0.006409835103199495, 0.006409835103199495, 0.006657768987497015, 0.006657768987497015, 0.006861829797618431, 0.0072013499424803595, 0.0072013499424803595, 0.0072013499424803595, 0.0072013499424803595, 0.007353765732756232, 0.007353765732756232, 0.007353765732756232, 0.007353765732756232, 0.007353765732756232, 0.007353765732756232, 0.007353765732756232, 0.007353765732756232, 0.007353765732756232, 0.007353765732756232, 0.007353765732756232, 0.007651030893279419], "HBA": [0.00315, 0.004913085399449036, 0.005036359561184736, 0.005364751379537147, 0.005639099802033717, 0.005639099802033717, 0.0058545551309621855, 0.006019844387160533, 0.006110547335006338, 0.006306606544887722, 0.006306606544887722, 0.006306606544887722, 0.006306606544887722, 0.0064328532309122135, 0.0064328532309122135, 0.0064328532309122135, 0.0064328532309122135, 0.0064328532309122135, 0.0064328532309122135, 0.0064328532309122135, 0.0064328532309122135, 0.0064328532309122135, 0.0064328532309122135, 0.0064328532309122135, 0.0064328532309122135, 0.0064328532309122135, 0.0064328532309122135, 0.0064328532309122135, 0.0064328532309122135, 0.0064328532309122135, 0.0064328532309122135, 0.0064328532309122135, 0.0064328532309122135, 0.0064328532309122135, 0.0064328532309122135, 0.0064328532309122135, 0.0064328532309122135, 0.0064328532309122135, 0.0064328532309122135, 0.0064328532309122135, 0.0064328532309122135, 0.0064328532309122135, 0.0064328532309122135, 0.0064328532309122135, 0.0064328532309122135, 0.0064328532309122135, 0.0064328532309122135, 0.0064328532309122135, 0.0064328532309122135, 0.0064328532309122135, 0.0064328532309122135, 0.0064328532309122135, 0.0064328532309122135, 0.0064328532309122135, 0.0064328532309122135, 0.0064328532309122135, 0.0064328532309122135, 0.0064328532309122135, 0.0064328532309122135, 0.0064328532309122135, 0.0064328532309122135, 0.0064328532309122135, 0.0064328532309122135, 0.0064328532309122135, 0.0064328532309122135, 0.0064328532309122135, 0.0064328532309122135, 0.0064328532309122135, 0.0064328532309122135, 0.0064328532309122135, 0.0064328532309122135, 0.0064328532309122135, 0.0064328532309122135, 0.0064328532309122135, 0.0064328532309122135, 0.0064328532309122135, 0.0064328532309122135, 0.0064328532309122135, 0.0064328532309122135, 0.0064328532309122135, 0.014697316040829569], "HCA": [0.004225, 0.004225, 0.004225, 0.0045630205516495395, 0.005040522847333653, 0.005040522847333653, 0.005040522847333653, 0.005040522847333653, 0.005040522847333653, 0.005210119771976086, 0.005210119771976086, 0.005210119771976086, 0.005210119771976086, 0.005283171127078724, 0.005283171127078724, 0.00536433337040313, 0.00536433337040313, 0.00536433337040313, 0.00536433337040313, 0.00536433337040313, 0.00536433337040313, 0.00536433337040313, 0.00536433337040313, 0.00536433337040313, 0.0055060567264122, 0.0055060567264122, 0.0055060567264122, 0.0055060567264122, 0.0055060567264122, 0.0055060567264122, 0.0055060567264122, 0.005716096633994641], "HPRA": [0.00315, 0.003921349862258953, 0.003921349862258953, 0.003921349862258953, 0.003921349862258953, 0.006609349862258952, 0.006609349862258952, 0.0068572837465564725, 0.0068572837465564725, 0.0070613445566778885, 0.007400864701539817, 0.007400864701539817, 0.007400864701539817, 0.007400864701539817, 0.00755328049181569, 0.00755328049181569, 0.00755328049181569, 0.00755328049181569, 0.00755328049181569, 0.00755328049181569, 0.00755328049181569, 0.00755328049181569, 0.00755328049181569, 0.00755328049181569, 0.00755328049181569, 0.007850545652338876]}