{"HDA": [0.004475, 0.004510430839002267, 0.0047477632230060645, 0.0047477632230060645, 0.0047477632230060645, 0.005022111645502635, 0.005142296730533583, 0.005207333150929004, 0.005207333150929004, 0.005207333150929004, 0.005450819880902221, 0.005450819880902221, 0.005450819880902221, 0.0055488494858429134, 0.0055488494858429134, 0.0055488494858429134, 0.0055488494858429134, 0.0055488494858429134, 0.0055488494858429134, 0.0055488494858429134, 0.0055488494858429134, 0.0055488494858429134, 0.0055488494858429134, 0.0055488494858429134, 0.0055488494858429134, 0.0055488494858429134, 0.0055488494858429134, 0.0055488494858429134, 0.0055488494858429134, 0.0055488494858429134, 0.0055488494858429134, 0.0055488494858429134, 0.0055488494858429134, 0.0055488494858429134, 0.0058461146463661], "HBA": [0.004475, 0.004510430839002267, 0.0047477632230060645, 0.0047477632230060645, 0.004992273957027288, 0.004992273957027288, 0.00517255158457371, 0.0052375880049691315, 0.0052375880049691315, 0.005388816738428489, 0.005388816738428489, 0.005388816738428489, 0.005479519686274294, 0.005479519686274294, 0.005479519686274294, 0.005479519686274294, 0.005479519686274294, 0.005479519686274294, 0.005479519686274294, 0.005479519686274294, 0.005479519686274294, 0.005479519686274294, 0.005479519686274294, 0.005479519686274294, 0.005479519686274294, 0.005479519686274294, 0.005479519686274294, 0.005479519686274294, 0.005479519686274294, 0.005479519686274294, 0.005479519686274294, 0.005479519686274294, 0.005479519686274294, 0.005479519686274294, 0.005479519686274294, 0.005479519686274294, 0.005479519686274294, 0.005479519686274294, 0.005479519686274294, 0.005479519686274294, 0.005479519686274294, 0.005479519686274294, 0.005479519686274294, 0.005479519686274294, 0.005479519686274294, 0.005479519686274294, 0.005479519686274294, 0.005479519686274294, 0.005479519686274294, 0.005479519686274294, 0.005479519686274294, 0.005479519686274294, 0.005479519686274294, 0.005479519686274294, 0.005479519686274294, 0.005479519686274294, 0.005479519686274294, 0.005479519686274294, 0.005479519686274294, 0.005479519686274294, 0.005479519686274294, 0.005479519686274294, 0.005479519686274294, 0.005479519686274294, 0.005479519686274294, 0.005479519686274294, 0.005479519686274294, 0.005479519686274294, 0.005479519686274294, 0.005479519686274294, 0.005479519686274294, 0.005479519686274294, 0.005479519686274294, 0.005479519686274294, 0.005479519686274294, 0.005479519686274294, 0.005479519686274294, 0.005479519686274294, 0.005479519686274294, 0.005479519686274294, 0.005479519686274294, 0.005479519686274294, 0.005479519686274294, 0.005479519686274294, 0.005479519686274294, 0.013743982496191649], "HCA": [0.004475, 0.004510430839002267, 0.0047477632230060645, 0.0047477632230060645, 0.0047477632230060645, 0.005022111645502635, 0.005196926632974228, 0.005259914791200481, 0.005394287271716472, 0.005394287271716472, 0.005394287271716472, 0.005394287271716472, 0.005478455271043127, 0.005478455271043127, 0.005478455271043127, 0.005478455271043127, 0.005478455271043127, 0.005478455271043127, 0.005478455271043127, 0.005478455271043127, 0.005478455271043127, 0.005478455271043127, 0.005478455271043127, 0.005478455271043127, 0.005478455271043127, 0.005478455271043127, 0.005478455271043127, 0.005478455271043127, 0.005478455271043127, 0.005478455271043127, 0.005478455271043127, 0.005682536903696188], "HPRA": [0.004475, 0.004510430839002267, 0.0047477632230060645, 0.0047477632230060645, 0.0047477632230060645, 0.005022111645502635, 0.005022111645502635, 0.005217220906688899, 0.005217220906688899, 0.005217220906688899, 0.005460707636662116, 0.005460707636662116, 0.005460707636662116, 0.005558737241602808, 0.005558737241602808, 0.005558737241602808, 0.005558737241602808, 0.005558737241602808, 0.005558737241602808, 0.005558737241602808, 0.005558737241602808, 0.005558737241602808, 0.005558737241602808, 0.005558737241602808, 0.005558737241602808, 0.005558737241602808, 0.005558737241602808, 0.005558737241602808, 0.005558737241602808, 0.005558737241602808, 0.005558737241602808, 0.005558737241602808, 0.005558737241602808, 0.005558737241602808, 0.005856002402125995]}