{"HDA": [0.003075, 0.005503097534284053, 0.005503097534284053, 0.005503097534284053, 0.005503097534284053, 0.005503097534284053, 0.005503097534284053, 0.005570283774542048, 0.005570283774542048, 0.005647230527389078, 0.005647230527389078, 0.005647230527389078, 0.005739686148690853, 0.0058377157536315455, 0.0058377157536315455, 0.0058377157536315455, 0.0058377157536315455, 0.0058377157536315455, 0.0058377157536315455, 0.0058377157536315455, 0.0058377157536315455, 0.0058377157536315455, 0.0058377157536315455, 0.0058377157536315455, 0.0058377157536315455, 0.0058377157536315455, 0.0058377157536315455, 0.006030616988199447], "HBA": [0.003075, 0.005503097534284053, 0.005503097534284053, 0.005554854689710791, 0.005554854689710791, 0.005554854689710791, 0.005554854689710791, 0.005622040929968786, 0.005622040929968786, 0.005622040929968786, 0.005622040929968786, 0.005622040929968786, 0.005714496551270561, 0.005812526156211253, 0.005812526156211253, 0.005812526156211253, 0.005812526156211253, 0.005812526156211253, 0.005812526156211253, 0.005812526156211253, 0.005812526156211253, 0.005812526156211253, 0.005812526156211253, 0.005812526156211253, 0.005812526156211253, 0.005812526156211253, 0.005812526156211253, 0.005812526156211253, 0.005812526156211253, 0.005812526156211253, 0.005812526156211253, 0.005812526156211253, 0.005812526156211253, 0.005812526156211253, 0.005812526156211253, 0.005812526156211253, 0.005812526156211253, 0.005812526156211253, 0.005812526156211253, 0.005812526156211253, 0.005812526156211253, 0.005812526156211253, 0.005812526156211253, 0.005812526156211253, 0.005812526156211253, 0.005812526156211253, 0.005812526156211253, 0.005812526156211253, 0.005812526156211253, 0.005812526156211253, 0.005812526156211253, 0.005812526156211253, 0.005812526156211253, 0.005812526156211253, 0.005812526156211253, 0.005812526156211253, 0.005812526156211253, 0.005812526156211253, 0.005812526156211253, 0.005812526156211253, 0.005812526156211253, 0.005812526156211253, 0.005812526156211253, 0.005812526156211253, 0.005812526156211253, 0.005812526156211253, 0.005812526156211253, 0.005812526156211253, 0.005812526156211253, 0.005812526156211253, 0.005812526156211253, 0.005812526156211253, 0.005812526156211253, 0.005812526156211253, 0.005812526156211253, 0.005812526156211253, 0.005812526156211253, 0.005812526156211253, 0.005812526156211253, 0.005812526156211253, 0.005812526156211253, 0.005812526156211253, 0.005812526156211253, 0.005812526156211253, 0.005812526156211253, 0.010914566972537783], "HCA": [0.004375, 0.004584023858580429, 0.0047240749772387396, 0.00491938747723874, 0.00491938747723874, 0.005013213711053714, 0.005063512991774, 0.005063512991774, 0.005063512991774, 0.005063512991774, 0.005063512991774, 0.005063512991774, 0.005063512991774, 0.005063512991774, 0.005241512279776848, 0.0053357718706902235, 0.0053357718706902235, 0.0053357718706902235, 0.0053357718706902235, 0.0053357718706902235, 0.0053357718706902235, 0.0053357718706902235, 0.005484492870095339, 0.005484492870095339, 0.005484492870095339, 0.005484492870095339, 0.005484492870095339, 0.005484492870095339, 0.005484492870095339, 0.005484492870095339, 0.005484492870095339, 0.005484492870095339, 0.005484492870095339, 0.005771766641999965], "HPRA": [0.003075, 0.005503097534284053, 0.005503097534284053, 0.005503097534284053, 0.005503097534284053, 0.005503097534284053, 0.005503097534284053, 0.005503097534284053, 0.005503097534284053, 0.005656991039978113, 0.005656991039978113, 0.005656991039978113, 0.005656991039978113, 0.005853050249859497, 0.005853050249859497, 0.005853050249859497, 0.005853050249859497, 0.005853050249859497, 0.005853050249859497, 0.005853050249859497, 0.005853050249859497, 0.005853050249859497, 0.005853050249859497, 0.005853050249859497, 0.005853050249859497, 0.005853050249859497, 0.005853050249859497, 0.006045951484427398]}