{"HDA": [0.00155, 0.0023047397657287765, 0.004430590105864831, 0.005704423110467066, 0.005704423110467066, 0.005704423110467066, 0.005704423110467066, 0.006614932996002966, 0.006614932996002966, 0.006614932996002966, 0.006792932284005814, 0.006890961888946507, 0.006890961888946507, 0.00700910933696163, 0.00700910933696163, 0.0071475176414599, 0.0071475176414599, 0.0071475176414599, 0.007320647835365717, 0.007320647835365717, 0.007320647835365717, 0.007320647835365717, 0.007320647835365717, 0.007320647835365717, 0.007320647835365717, 0.007320647835365717, 0.007320647835365717, 0.007320647835365717, 0.007320647835365717, 0.007320647835365717, 0.007705115347860911], "HBA": [0.00345, 0.004485805268609502, 0.004588400939072208, 0.0046289705362161085, 0.004935974614984583, 0.005126224317719422, 0.0052312442715106424, 0.0052312442715106424, 0.005355244519511138, 0.005422430759769134, 0.005495482114871771, 0.005495482114871771, 0.005579650114198427, 0.005579650114198427, 0.005579650114198427, 0.005579650114198427, 0.005685931334306834, 0.005685931334306834, 0.005685931334306834, 0.005685931334306834, 0.005685931334306834, 0.005685931334306834, 0.005685931334306834, 0.005685931334306834, 0.005685931334306834, 0.005685931334306834, 0.005685931334306834, 0.005685931334306834, 0.005685931334306834, 0.005685931334306834, 0.005685931334306834, 0.005685931334306834, 0.005685931334306834, 0.005685931334306834, 0.005685931334306834, 0.005685931334306834, 0.005685931334306834, 0.005685931334306834, 0.005685931334306834, 0.005685931334306834, 0.005685931334306834, 0.005685931334306834, 0.005685931334306834, 0.005685931334306834, 0.005685931334306834, 0.005685931334306834, 0.005685931334306834, 0.005685931334306834, 0.005685931334306834, 0.005685931334306834, 0.005685931334306834, 0.005685931334306834, 0.005685931334306834, 0.005685931334306834, 0.005685931334306834, 0.005685931334306834, 0.005685931334306834, 0.005685931334306834, 0.005685931334306834, 0.005685931334306834, 0.005685931334306834, 0.005685931334306834, 0.005685931334306834, 0.005685931334306834, 0.005685931334306834, 0.005685931334306834, 0.005685931334306834, 0.005685931334306834, 0.005685931334306834, 0.005685931334306834, 0.005685931334306834, 0.005685931334306834, 0.005685931334306834, 0.005685931334306834, 0.005685931334306834, 0.005685931334306834, 0.005685931334306834, 0.005685931334306834, 0.005685931334306834, 0.005685931334306834, 0.005685931334306834, 0.005685931334306834, 0.005685931334306834, 0.005685931334306834, 0.012630375778751278], "HCA": [0.00345, 0.004485805268609502, 0.004588400939072208, 0.004588400939072208, 0.004939262743379037, 0.005129512446113876, 0.005234532399905096, 0.005234532399905096, 0.005358532647905592, 0.005425718888163587, 0.005498770243266225, 0.005498770243266225, 0.005582938242592881, 0.005582938242592881, 0.005582938242592881, 0.005582938242592881, 0.005689219462701288, 0.005689219462701288, 0.005689219462701288, 0.005689219462701288, 0.005689219462701288, 0.005689219462701288, 0.005689219462701288, 0.005689219462701288, 0.005689219462701288, 0.005689219462701288, 0.005689219462701288, 0.005689219462701288, 0.005689219462701288, 0.005689219462701288, 0.005689219462701288, 0.005689219462701288, 0.005933360087701288], "HPRA": [0.00155, 0.0023047397657287765, 0.004430590105864831, 0.004430590105864831, 0.005865177546283175, 0.005865177546283175, 0.005865177546283175, 0.005865177546283175, 0.005865177546283175, 0.005865177546283175, 0.007087991765865671, 0.007382080580687748, 0.007382080580687748, 0.007500228028702871, 0.007500228028702871, 0.007500228028702871, 0.007500228028702871, 0.007500228028702871, 0.007846488416514506, 0.007846488416514506, 0.007846488416514506, 0.007846488416514506, 0.007846488416514506, 0.007846488416514506, 0.007846488416514506, 0.007846488416514506, 0.007846488416514506, 0.007846488416514506, 0.007846488416514506, 0.007846488416514506, 0.0082309559290097]}