{"HDA": [0.0041, 0.004747767108672459, 0.004747767108672459, 0.004747767108672459, 0.005440398575452789, 0.005440398575452789, 0.005440398575452789, 0.005508699920989296, 0.005581751276091933, 0.005581751276091933, 0.005581751276091933, 0.005581751276091933, 0.005581751276091933, 0.005681751276091934, 0.005681751276091934, 0.005681751276091934, 0.005681751276091934, 0.005810883507496893, 0.005810883507496893, 0.005810883507496893, 0.005810883507496893, 0.005810883507496893, 0.005810883507496893, 0.005810883507496893, 0.005810883507496893, 0.005810883507496893, 0.005810883507496893, 0.005810883507496893, 0.005810883507496893, 0.005810883507496893, 0.006079628468528874], "HBA": [0.0041, 0.004747767108672459, 0.005007462399531185, 0.005055024825214895, 0.005370084686588556, 0.005429256284221692, 0.005429256284221692, 0.005497557629758199, 0.005497557629758199, 0.005497557629758199, 0.005581725629084855, 0.005581725629084855, 0.005581725629084855, 0.005581725629084855, 0.005581725629084855, 0.005581725629084855, 0.005581725629084855, 0.005710857860489813, 0.005710857860489813, 0.005710857860489813, 0.005710857860489813, 0.005710857860489813, 0.005710857860489813, 0.005710857860489813, 0.005710857860489813, 0.005710857860489813, 0.005710857860489813, 0.005710857860489813, 0.005710857860489813, 0.005710857860489813, 0.005710857860489813, 0.005710857860489813, 0.005710857860489813, 0.005710857860489813, 0.005710857860489813, 0.005710857860489813, 0.005710857860489813, 0.005710857860489813, 0.005710857860489813, 0.005710857860489813, 0.005710857860489813, 0.005710857860489813, 0.005710857860489813, 0.005710857860489813, 0.005710857860489813, 0.005710857860489813, 0.005710857860489813, 0.005710857860489813, 0.005710857860489813, 0.005710857860489813, 0.005710857860489813, 0.005710857860489813, 0.005710857860489813, 0.005710857860489813, 0.005710857860489813, 0.005710857860489813, 0.005710857860489813, 0.005710857860489813, 0.005710857860489813, 0.005710857860489813, 0.005710857860489813, 0.005710857860489813, 0.005710857860489813, 0.005710857860489813, 0.005710857860489813, 0.005710857860489813, 0.005710857860489813, 0.005710857860489813, 0.005710857860489813, 0.005710857860489813, 0.005710857860489813, 0.005710857860489813, 0.005710857860489813, 0.005710857860489813, 0.005710857860489813, 0.005710857860489813, 0.005710857860489813, 0.005710857860489813, 0.011628017623803423], "HCA": [0.0041, 0.004747767108672459, 0.004997506962990878, 0.005271429534210746, 0.005321728814931032, 0.005321728814931032, 0.005438272139912093, 0.005438272139912093, 0.005438272139912093, 0.005438272139912093, 0.00551258843004289, 0.00551258843004289, 0.00551258843004289, 0.00551258843004289, 0.00551258843004289, 0.00551258843004289, 0.0056167117120087375, 0.0056167117120087375, 0.0056167117120087375, 0.0056167117120087375, 0.0056167117120087375, 0.0056167117120087375, 0.0056167117120087375, 0.0056167117120087375, 0.0056167117120087375, 0.0056167117120087375, 0.0056167117120087375, 0.0056167117120087375, 0.0056167117120087375, 0.0056167117120087375, 0.0056167117120087375, 0.0056167117120087375, 0.005853398102541282], "HPRA": [0.0041, 0.004747767108672459, 0.004747767108672459, 0.004747767108672459, 0.005440398575452789, 0.005440398575452789, 0.005440398575452789, 0.005440398575452789, 0.005440398575452789, 0.005597027912127548, 0.005597027912127548, 0.005597027912127548, 0.005597027912127548, 0.005597027912127548, 0.005597027912127548, 0.005597027912127548, 0.005597027912127548, 0.005597027912127548, 0.005873844521124088, 0.005873844521124088, 0.005873844521124088, 0.005873844521124088, 0.005873844521124088, 0.005873844521124088, 0.005873844521124088, 0.005873844521124088, 0.005873844521124088, 0.005873844521124088, 0.005873844521124088, 0.005873844521124088, 0.005873844521124088, 0.005873844521124088, 0.0061927220721444964]}