{"HDA": [0.003325, 0.005176780409706415, 0.005487891520817526, 0.005487891520817526, 0.005487891520817526, 0.005487891520817526, 0.005487891520817526, 0.005926199651433349, 0.005926199651433349, 0.006011933533463527, 0.006011933533463527, 0.006211933533463527, 0.006211933533463527, 0.006211933533463527, 0.006211933533463527, 0.006211933533463527, 0.006350341837961797, 0.006350341837961797, 0.006350341837961797, 0.006350341837961797, 0.006350341837961797, 0.006350341837961797, 0.006350341837961797, 0.006350341837961797, 0.006350341837961797, 0.006350341837961797, 0.006594482462961797], "HBA": [0.003325, 0.005176780409706415, 0.005487891520817526, 0.005536793667621771, 0.005536793667621771, 0.0056515778733150675, 0.0056515778733150675, 0.005867033202243536, 0.005946752589998638, 0.005946752589998638, 0.006039208211300413, 0.006137237816241105, 0.006137237816241105, 0.006137237816241105, 0.006137237816241105, 0.006137237816241105, 0.006275646120739375, 0.006275646120739375, 0.006275646120739375, 0.006275646120739375, 0.006275646120739375, 0.006275646120739375, 0.006275646120739375, 0.006275646120739375, 0.006275646120739375, 0.006275646120739375, 0.006275646120739375, 0.006275646120739375, 0.006275646120739375, 0.006275646120739375, 0.006275646120739375, 0.006275646120739375, 0.006275646120739375, 0.006275646120739375, 0.006275646120739375, 0.006275646120739375, 0.006275646120739375, 0.006275646120739375, 0.006275646120739375, 0.006275646120739375, 0.006275646120739375, 0.006275646120739375, 0.006275646120739375, 0.006275646120739375, 0.006275646120739375, 0.006275646120739375, 0.006275646120739375, 0.006275646120739375, 0.006275646120739375, 0.006275646120739375, 0.006275646120739375, 0.006275646120739375, 0.006275646120739375, 0.006275646120739375, 0.006275646120739375, 0.006275646120739375, 0.006275646120739375, 0.006275646120739375, 0.006275646120739375, 0.006275646120739375, 0.006275646120739375, 0.006275646120739375, 0.006275646120739375, 0.006275646120739375, 0.006275646120739375, 0.006275646120739375, 0.006275646120739375, 0.006275646120739375, 0.006275646120739375, 0.006275646120739375, 0.006275646120739375, 0.006275646120739375, 0.006275646120739375, 0.006275646120739375, 0.006275646120739375, 0.01072009056518382], "HCA": [0.003325, 0.005176780409706415, 0.005487891520817526, 0.005487891520817526, 0.005487891520817526, 0.005487891520817526, 0.005686186186691014, 0.005901641515619483, 0.005981360903374585, 0.005981360903374585, 0.005981360903374585, 0.006181360903374585, 0.006181360903374585, 0.006181360903374585, 0.006181360903374585, 0.006181360903374585, 0.006319769207872855, 0.006319769207872855, 0.006319769207872855, 0.006319769207872855, 0.006319769207872855, 0.006319769207872855, 0.006319769207872855, 0.006319769207872855, 0.006319769207872855, 0.006319769207872855, 0.006563909832872855], "HPRA": [0.003325, 0.005176780409706415, 0.005176780409706415, 0.005176780409706415, 0.005555240617318872, 0.005555240617318872, 0.005555240617318872, 0.005993548747934695, 0.005993548747934695, 0.005993548747934695, 0.006086004369236469, 0.006086004369236469, 0.006086004369236469, 0.006086004369236469, 0.006086004369236469, 0.006086004369236469, 0.006501229282731279, 0.006501229282731279, 0.006501229282731279, 0.006501229282731279, 0.006501229282731279, 0.006501229282731279, 0.006501229282731279, 0.006501229282731279, 0.006501229282731279, 0.006501229282731279, 0.006501229282731279, 0.006761374964312965]}