{"HDA": [0.0022, 0.004945865421032698, 0.004945865421032698, 0.004945865421032698, 0.005733515074466851, 0.005916620543216851, 0.005984921888753358, 0.006059238178884155, 0.006059238178884155, 0.006144972060914333, 0.006144972060914333, 0.006244972060914333, 0.006244972060914333, 0.006244972060914333, 0.006244972060914333, 0.006374104292319292, 0.006374104292319292, 0.006374104292319292, 0.006374104292319292, 0.006374104292319292, 0.006374104292319292, 0.006374104292319292, 0.006374104292319292, 0.006572477630942581], "HBA": [0.00335, 0.004737443635102324, 0.004994560255855309, 0.005036725882436519, 0.005129279910850606, 0.005180300319013871, 0.005235992009813604, 0.005235992009813604, 0.005301028430209026, 0.005301028430209026, 0.005301028430209026, 0.005301028430209026, 0.005386762312239204, 0.005386762312239204, 0.005486762312239204, 0.005486762312239204, 0.005486762312239204, 0.005486762312239204, 0.005486762312239204, 0.005486762312239204, 0.005639178102515077, 0.005639178102515077, 0.005639178102515077, 0.005639178102515077, 0.005639178102515077, 0.005639178102515077, 0.005639178102515077, 0.005639178102515077, 0.005639178102515077, 0.005639178102515077, 0.005639178102515077, 0.005639178102515077, 0.005639178102515077, 0.005639178102515077, 0.005639178102515077, 0.005639178102515077, 0.005639178102515077, 0.005639178102515077, 0.005639178102515077, 0.005639178102515077, 0.005639178102515077, 0.005639178102515077, 0.005639178102515077, 0.005639178102515077, 0.005639178102515077, 0.005639178102515077, 0.005639178102515077, 0.005639178102515077, 0.005639178102515077, 0.005639178102515077, 0.005639178102515077, 0.005639178102515077, 0.005639178102515077, 0.005639178102515077, 0.005639178102515077, 0.005639178102515077, 0.005639178102515077, 0.005639178102515077, 0.005639178102515077, 0.005639178102515077, 0.006828238744607824], "HCA": [0.00335, 0.004737443635102324, 0.004994560255855309, 0.005036725882436519, 0.005129279910850606, 0.005180300319013871, 0.005235992009813604, 0.005235992009813604, 0.005301028430209026, 0.005301028430209026, 0.005301028430209026, 0.005301028430209026, 0.005386762312239204, 0.005386762312239204, 0.005486762312239204, 0.005486762312239204, 0.005486762312239204, 0.005486762312239204, 0.005486762312239204, 0.005486762312239204, 0.005639178102515077, 0.005639178102515077, 0.005639178102515077, 0.005639178102515077, 0.005639178102515077, 0.005639178102515077, 0.005639178102515077, 0.005639178102515077, 0.005639178102515077, 0.005639178102515077, 0.005639178102515077, 0.0059364432630382635], "HPRA": [0.0022, 0.004945865421032698, 0.004945865421032698, 0.004945865421032698, 0.005733515074466851, 0.005916620543216851, 0.005984921888753358, 0.005984921888753358, 0.005984921888753358, 0.005984921888753358, 0.006169833131356908, 0.006169833131356908, 0.006169833131356908, 0.006169833131356908, 0.006169833131356908, 0.006428097594166826, 0.006428097594166826, 0.006428097594166826, 0.006428097594166826, 0.006428097594166826, 0.006428097594166826, 0.006428097594166826, 0.006428097594166826, 0.006626470932790115]}