{"HDA": [0.003625, 0.004800390266299357, 0.005146650654110992, 0.005146650654110992, 0.005146650654110992, 0.005605787476884178, 0.005605787476884178, 0.005740159957400169, 0.005740159957400169, 0.005740159957400169, 0.005740159957400169, 0.005740159957400169, 0.005740159957400169, 0.005740159957400169, 0.005740159957400169, 0.005966506720641454, 0.005966506720641454, 0.005966506720641454, 0.006104915025139724, 0.006104915025139724, 0.006104915025139724, 0.006104915025139724, 0.006104915025139724, 0.006104915025139724, 0.006104915025139724, 0.006104915025139724, 0.006104915025139724, 0.006104915025139724, 0.006104915025139724, 0.00636506070672141], "HBA": [0.003625, 0.004800390266299357, 0.005146650654110992, 0.005488965681740705, 0.005541475658636315, 0.005541475658636315, 0.005541475658636315, 0.005675848139152306, 0.005675848139152306, 0.005675848139152306, 0.005757010382476712, 0.005757010382476712, 0.005757010382476712, 0.005857010382476712, 0.005857010382476712, 0.005857010382476712, 0.005857010382476712, 0.005857010382476712, 0.005995418686974982, 0.005995418686974982, 0.005995418686974982, 0.005995418686974982, 0.005995418686974982, 0.005995418686974982, 0.005995418686974982, 0.005995418686974982, 0.005995418686974982, 0.005995418686974982, 0.005995418686974982, 0.005995418686974982, 0.005995418686974982, 0.005995418686974982, 0.005995418686974982, 0.005995418686974982, 0.005995418686974982, 0.005995418686974982, 0.005995418686974982, 0.005995418686974982, 0.005995418686974982, 0.005995418686974982, 0.005995418686974982, 0.005995418686974982, 0.005995418686974982, 0.005995418686974982, 0.005995418686974982, 0.005995418686974982, 0.005995418686974982, 0.005995418686974982, 0.005995418686974982, 0.005995418686974982, 0.005995418686974982, 0.005995418686974982, 0.005995418686974982, 0.005995418686974982, 0.005995418686974982, 0.005995418686974982, 0.005995418686974982, 0.005995418686974982, 0.005995418686974982, 0.005995418686974982, 0.005995418686974982, 0.005995418686974982, 0.005995418686974982, 0.005995418686974982, 0.005995418686974982, 0.005995418686974982, 0.005995418686974982, 0.005995418686974982, 0.005995418686974982, 0.005995418686974982, 0.005995418686974982, 0.005995418686974982, 0.005995418686974982, 0.005995418686974982, 0.009081838440061402], "HCA": [0.003625, 0.004800390266299357, 0.005146650654110992, 0.005488965681740705, 0.005541475658636315, 0.005541475658636315, 0.005541475658636315, 0.005675848139152306, 0.005675848139152306, 0.005675848139152306, 0.005675848139152306, 0.005675848139152306, 0.0057701077300656815, 0.005870107730065682, 0.005870107730065682, 0.005870107730065682, 0.005870107730065682, 0.005870107730065682, 0.006008516034563952, 0.006008516034563952, 0.006008516034563952, 0.006008516034563952, 0.006008516034563952, 0.006008516034563952, 0.006008516034563952, 0.006008516034563952, 0.006008516034563952, 0.006008516034563952, 0.006252656659563952], "HPRA": [0.003625, 0.004800390266299357, 0.005146650654110992, 0.005146650654110992, 0.005146650654110992, 0.005146650654110992, 0.005580651522112728, 0.005580651522112728, 0.005580651522112728, 0.005580651522112728, 0.005828585406410248, 0.005828585406410248, 0.005828585406410248, 0.005828585406410248, 0.005828585406410248, 0.005828585406410248, 0.005828585406410248, 0.005828585406410248, 0.006243810319905058, 0.006243810319905058, 0.006243810319905058, 0.006243810319905058, 0.006243810319905058, 0.006243810319905058, 0.006243810319905058, 0.006243810319905058, 0.006243810319905058, 0.006243810319905058, 0.006243810319905058, 0.006243810319905058, 0.006243810319905058, 0.006541075480428244]}