{"HDA": [0.0033, 0.0050578125, 0.005520582642070434, 0.005520582642070434, 0.005520582642070434, 0.005520582642070434, 0.0059045826420704335, 0.0059045826420704335, 0.0059045826420704335, 0.006064021417580638, 0.006064021417580638, 0.006064021417580638, 0.006064021417580638, 0.006064021417580638, 0.006064021417580638, 0.006300316313610883, 0.006300316313610883, 0.006300316313610883, 0.006300316313610883, 0.006300316313610883, 0.006300316313610883, 0.006300316313610883, 0.006498689652234172, 0.006498689652234172, 0.006498689652234172, 0.006498689652234172, 0.006498689652234172, 0.006498689652234172, 0.006795954812757359], "HBA": [0.0033, 0.0050578125, 0.005705690698898607, 0.005803494992507096, 0.005856774336105583, 0.005856774336105583, 0.005917809492355583, 0.005983907714313412, 0.005983907714313412, 0.005983907714313412, 0.005983907714313412, 0.005983907714313412, 0.006078167305226788, 0.006078167305226788, 0.006078167305226788, 0.006078167305226788, 0.006078167305226788, 0.006078167305226788, 0.006078167305226788, 0.006078167305226788, 0.006078167305226788, 0.006078167305226788, 0.0062658197728567375, 0.0062658197728567375, 0.0062658197728567375, 0.0062658197728567375, 0.0062658197728567375, 0.0062658197728567375, 0.0062658197728567375, 0.0062658197728567375, 0.0062658197728567375, 0.0062658197728567375, 0.0062658197728567375, 0.0062658197728567375, 0.0062658197728567375, 0.0062658197728567375, 0.0062658197728567375, 0.0062658197728567375, 0.0062658197728567375, 0.0062658197728567375, 0.0062658197728567375, 0.0062658197728567375, 0.0062658197728567375, 0.0062658197728567375, 0.0062658197728567375, 0.0062658197728567375, 0.0062658197728567375, 0.0062658197728567375, 0.0062658197728567375, 0.0062658197728567375, 0.0062658197728567375, 0.0062658197728567375, 0.0062658197728567375, 0.0062658197728567375, 0.0062658197728567375, 0.0062658197728567375, 0.0062658197728567375, 0.0062658197728567375, 0.0062658197728567375, 0.0062658197728567375, 0.0062658197728567375, 0.0062658197728567375, 0.0062658197728567375, 0.0062658197728567375, 0.007865819772856738], "HCA": [0.0033, 0.005409375, 0.005409375, 0.005779591113656347, 0.005779591113656347, 0.0058321010905519576, 0.005888633398766102, 0.005888633398766102, 0.005888633398766102, 0.005888633398766102, 0.005888633398766102, 0.005968352786521204, 0.005968352786521204, 0.005968352786521204, 0.005968352786521204, 0.005968352786521204, 0.005968352786521204, 0.005968352786521204, 0.005968352786521204, 0.006097485017926162, 0.006097485017926162, 0.006097485017926162, 0.006097485017926162, 0.006097485017926162, 0.006097485017926162, 0.006097485017926162, 0.006097485017926162, 0.006097485017926162, 0.006097485017926162, 0.006097485017926162, 0.0063341714084587065], "HPRA": [0.0033, 0.0050578125, 0.005520582642070434, 0.005520582642070434, 0.005520582642070434, 0.005520582642070434, 0.0059045826420704335, 0.0059045826420704335, 0.0059045826420704335, 0.0059045826420704335, 0.00607605040613079, 0.00607605040613079, 0.00607605040613079, 0.00607605040613079, 0.00607605040613079, 0.00607605040613079, 0.00607605040613079, 0.00607605040613079, 0.00607605040613079, 0.00607605040613079, 0.00607605040613079, 0.00607605040613079, 0.006671170422000657, 0.006671170422000657, 0.006671170422000657, 0.006671170422000657, 0.006671170422000657, 0.006671170422000657, 0.006968435582523844]}