{"HDA": [0.0036, 0.0049696128560993424, 0.005599732578846665, 0.005599732578846665, 0.005599732578846665, 0.005599732578846665, 0.005599732578846665, 0.00637133751711827, 0.00637133751711827, 0.00647133751711827, 0.00647133751711827, 0.00647133751711827, 0.006594794307241727, 0.006594794307241727, 0.006594794307241727, 0.006594794307241727, 0.00675915985622266, 0.00675915985622266, 0.00675915985622266, 0.00675915985622266, 0.00675915985622266, 0.00675915985622266, 0.00675915985622266, 0.00675915985622266, 0.007027904817254641], "HBA": [0.0036, 0.0049696128560993424, 0.005599732578846665, 0.006026978672596665, 0.006026978672596665, 0.006100030027699302, 0.006178344696036682, 0.00626407857806686, 0.00626407857806686, 0.0063640785780668604, 0.0063640785780668604, 0.0063640785780668604, 0.0063640785780668604, 0.0063640785780668604, 0.0063640785780668604, 0.006516494368342733, 0.006516494368342733, 0.006516494368342733, 0.006516494368342733, 0.006516494368342733, 0.006516494368342733, 0.006516494368342733, 0.006516494368342733, 0.006516494368342733, 0.006516494368342733, 0.006516494368342733, 0.006516494368342733, 0.006516494368342733, 0.006516494368342733, 0.006516494368342733, 0.006516494368342733, 0.006516494368342733, 0.006516494368342733, 0.006516494368342733, 0.006516494368342733, 0.006516494368342733, 0.006516494368342733, 0.006516494368342733, 0.006516494368342733, 0.006516494368342733, 0.006516494368342733, 0.006516494368342733, 0.006516494368342733, 0.006516494368342733, 0.006516494368342733, 0.006516494368342733, 0.006516494368342733, 0.006516494368342733, 0.006516494368342733, 0.006516494368342733, 0.006516494368342733, 0.006516494368342733, 0.006516494368342733, 0.006516494368342733, 0.006516494368342733, 0.006516494368342733, 0.006516494368342733, 0.006516494368342733, 0.006516494368342733, 0.006516494368342733, 0.006516494368342733, 0.006516494368342733, 0.0084068535365847], "HCA": [0.0036, 0.0049696128560993424, 0.005599732578846665, 0.006026978672596665, 0.006026978672596665, 0.006026978672596665, 0.006186417448106869, 0.006272151330137047, 0.006272151330137047, 0.006372151330137047, 0.006372151330137047, 0.006372151330137047, 0.006372151330137047, 0.006372151330137047, 0.006372151330137047, 0.00652456712041292, 0.00652456712041292, 0.00652456712041292, 0.00652456712041292, 0.00652456712041292, 0.00652456712041292, 0.00652456712041292, 0.00652456712041292, 0.00652456712041292, 0.00652456712041292, 0.006802344898190698], "HPRA": [0.0036, 0.0036, 0.005805419029615627, 0.005805419029615627, 0.005805419029615627, 0.005805419029615627, 0.005805419029615627, 0.005805419029615627, 0.005805419029615627, 0.006405419029615627, 0.006839446807393405, 0.006839446807393405, 0.006839446807393405, 0.006839446807393405, 0.006839446807393405, 0.006839446807393405, 0.007176771820043093, 0.007176771820043093, 0.007176771820043093, 0.007176771820043093, 0.007176771820043093, 0.007176771820043093, 0.007176771820043093, 0.007176771820043093, 0.007176771820043093, 0.007176771820043093, 0.007495649371063501]}