{"HDA": [0.00425, 0.004450474456213038, 0.004826852942418767, 0.004826852942418767, 0.005009467989898679, 0.005009467989898679, 0.005287926443897343, 0.005287926443897343, 0.005287926443897343, 0.005287926443897343, 0.005287926443897343, 0.005287926443897343, 0.005287926443897343, 0.005287926443897343, 0.005287926443897343, 0.00548016020014494, 0.00548016020014494, 0.00548016020014494, 0.00548016020014494, 0.00548016020014494, 0.00548016020014494, 0.00548016020014494, 0.00548016020014494, 0.005644525749125873, 0.005644525749125873, 0.005644525749125873, 0.005644525749125873, 0.005644525749125873, 0.005644525749125873, 0.005644525749125873, 0.005644525749125873, 0.005913270710157854], "HBA": [0.00425, 0.004450474456213038, 0.004826852942418767, 0.0050734012658901675, 0.0050734012658901675, 0.005222181269857634, 0.005222181269857634, 0.0052804529323481645, 0.0052804529323481645, 0.0052804529323481645, 0.0052804529323481645, 0.005354769222478961, 0.005354769222478961, 0.005354769222478961, 0.005354769222478961, 0.005354769222478961, 0.005354769222478961, 0.005354769222478961, 0.005354769222478961, 0.005354769222478961, 0.005354769222478961, 0.005354769222478961, 0.005354769222478961, 0.005511019222478961, 0.005511019222478961, 0.005511019222478961, 0.005511019222478961, 0.005511019222478961, 0.005511019222478961, 0.005511019222478961, 0.005511019222478961, 0.005511019222478961, 0.005511019222478961, 0.005511019222478961, 0.005511019222478961, 0.005511019222478961, 0.005511019222478961, 0.005511019222478961, 0.005511019222478961, 0.005511019222478961, 0.005511019222478961, 0.005511019222478961, 0.005511019222478961, 0.005511019222478961, 0.005511019222478961, 0.005511019222478961, 0.005511019222478961, 0.005511019222478961, 0.005511019222478961, 0.005511019222478961, 0.005511019222478961, 0.005511019222478961, 0.005511019222478961, 0.005511019222478961, 0.005511019222478961, 0.005511019222478961, 0.005511019222478961, 0.005511019222478961, 0.005511019222478961, 0.005511019222478961, 0.005511019222478961, 0.005511019222478961, 0.005511019222478961, 0.005511019222478961, 0.005511019222478961, 0.005511019222478961, 0.005511019222478961, 0.005511019222478961, 0.005511019222478961, 0.005511019222478961, 0.005511019222478961, 0.005511019222478961, 0.005511019222478961, 0.005511019222478961, 0.005511019222478961, 0.005511019222478961, 0.005511019222478961, 0.005511019222478961, 0.005511019222478961, 0.005511019222478961, 0.009955463666923407], "HCA": [0.00425, 0.004450474456213038, 0.004826852942418767, 0.0050734012658901675, 0.0050734012658901675, 0.005222181269857634, 0.005222181269857634, 0.005222181269857634, 0.005222181269857634, 0.005222181269857634, 0.005292797751744506, 0.005367114041875303, 0.005367114041875303, 0.005367114041875303, 0.005367114041875303, 0.005367114041875303, 0.005367114041875303, 0.005367114041875303, 0.005367114041875303, 0.005367114041875303, 0.005367114041875303, 0.005367114041875303, 0.005367114041875303, 0.005523364041875303, 0.005523364041875303, 0.005523364041875303, 0.005523364041875303, 0.005523364041875303, 0.005523364041875303, 0.005523364041875303, 0.0057600504324078474], "HPRA": [0.00425, 0.004450474456213038, 0.004826852942418767, 0.004826852942418767, 0.004826852942418767, 0.00502805006529991, 0.005306508519298573, 0.005306508519298573, 0.005306508519298573, 0.005306508519298573, 0.005306508519298573, 0.005306508519298573, 0.005306508519298573, 0.005306508519298573, 0.005306508519298573, 0.005306508519298573, 0.005306508519298573, 0.005306508519298573, 0.005306508519298573, 0.005306508519298573, 0.005306508519298573, 0.005306508519298573, 0.005306508519298573, 0.005799605166241373, 0.005799605166241373, 0.005799605166241373, 0.005799605166241373, 0.005799605166241373, 0.005799605166241373, 0.005799605166241373, 0.005799605166241373, 0.006068350127273354]}