{"HDA": [0.00455, 0.004665736275606651, 0.004665736275606651, 0.004665736275606651, 0.004665736275606651, 0.004898822925568775, 0.004898822925568775, 0.005308630998787817, 0.005381682353890454, 0.005381682353890454, 0.005381682353890454, 0.005381682353890454, 0.005381682353890454, 0.005479711958831146, 0.005479711958831146, 0.00559051528293087, 0.00559051528293087, 0.00559051528293087, 0.00559051528293087, 0.00559051528293087, 0.00559051528293087, 0.00559051528293087, 0.00559051528293087, 0.00559051528293087, 0.005763645476836687], "HBA": [0.00455, 0.004665736275606651, 0.004665736275606651, 0.0048641096142299405, 0.005023947645025401, 0.00513701226145369, 0.005199012385453938, 0.005199012385453938, 0.005272063740556575, 0.0053503784088939545, 0.0053503784088939545, 0.0053503784088939545, 0.0053503784088939545, 0.0053503784088939545, 0.0053503784088939545, 0.005461181732993678, 0.005461181732993678, 0.005461181732993678, 0.005461181732993678, 0.005461181732993678, 0.005461181732993678, 0.005461181732993678, 0.005461181732993678, 0.005461181732993678, 0.005461181732993678, 0.005461181732993678, 0.005461181732993678, 0.005461181732993678, 0.005461181732993678, 0.005461181732993678, 0.005461181732993678, 0.005461181732993678, 0.005461181732993678, 0.005461181732993678, 0.005461181732993678, 0.005461181732993678, 0.005461181732993678, 0.005461181732993678, 0.005461181732993678, 0.005461181732993678, 0.005461181732993678, 0.005461181732993678, 0.005461181732993678, 0.005461181732993678, 0.005461181732993678, 0.005461181732993678, 0.005461181732993678, 0.005461181732993678, 0.005461181732993678, 0.005461181732993678, 0.005461181732993678, 0.005461181732993678, 0.005461181732993678, 0.005913875259476249], "HCA": [0.00455, 0.004665736275606651, 0.004665736275606651, 0.0048641096142299405, 0.0048641096142299405, 0.005155467926682595, 0.005217468050682843, 0.005217468050682843, 0.00529051940578548, 0.00536883407412286, 0.00536883407412286, 0.00536883407412286, 0.00536883407412286, 0.00536883407412286, 0.00536883407412286, 0.005479637398222583, 0.005479637398222583, 0.005479637398222583, 0.005479637398222583, 0.005479637398222583, 0.005479637398222583, 0.005479637398222583, 0.005479637398222583, 0.005479637398222583, 0.0056527675921284005], "HPRA": [0.00455, 0.004665736275606651, 0.004665736275606651, 0.004665736275606651, 0.004665736275606651, 0.004665736275606651, 0.004917688908511665, 0.004917688908511665, 0.005282945684024851, 0.005282945684024851, 0.005282945684024851, 0.005282945684024851, 0.005282945684024851, 0.005282945684024851, 0.005282945684024851, 0.00561535565632402, 0.005733503104339143, 0.005733503104339143, 0.005733503104339143, 0.005733503104339143, 0.005733503104339143, 0.005733503104339143, 0.005733503104339143, 0.005733503104339143, 0.005911280882116921]}