{"HDA": [0.0041, 0.004267062046844198, 0.004820837609519725, 0.004957798895129659, 0.005216584672263348, 0.005216584672263348, 0.005216584672263348, 0.005499050599810837, 0.005499050599810837, 0.005499050599810837, 0.005586394472638158, 0.005680654063551534, 0.005680654063551534, 0.005680654063551534, 0.005680654063551534, 0.005680654063551534, 0.005680654063551534, 0.005680654063551534, 0.005680654063551534, 0.005680654063551534, 0.005853784257457351, 0.005853784257457351, 0.005853784257457351, 0.005853784257457351, 0.005853784257457351, 0.005853784257457351, 0.005853784257457351, 0.005853784257457351, 0.005853784257457351, 0.005853784257457351, 0.005853784257457351, 0.006209782833463047], "HBA": [0.0041, 0.004267062046844198, 0.004820837609519725, 0.004954170942853059, 0.005205667346454487, 0.005263059449301136, 0.005385129761801136, 0.005452316002059131, 0.005525367357161769, 0.005603682025499148, 0.005603682025499148, 0.005603682025499148, 0.005603682025499148, 0.005603682025499148, 0.005603682025499148, 0.005603682025499148, 0.005603682025499148, 0.005603682025499148, 0.005603682025499148, 0.005603682025499148, 0.0057599320254991485, 0.0057599320254991485, 0.0057599320254991485, 0.0057599320254991485, 0.0057599320254991485, 0.0057599320254991485, 0.0057599320254991485, 0.0057599320254991485, 0.0057599320254991485, 0.0057599320254991485, 0.0057599320254991485, 0.0057599320254991485, 0.0057599320254991485, 0.0057599320254991485, 0.0057599320254991485, 0.0057599320254991485, 0.0057599320254991485, 0.0057599320254991485, 0.0057599320254991485, 0.0057599320254991485, 0.0057599320254991485, 0.0057599320254991485, 0.0057599320254991485, 0.0057599320254991485, 0.0057599320254991485, 0.0057599320254991485, 0.0057599320254991485, 0.0057599320254991485, 0.0057599320254991485, 0.0057599320254991485, 0.0057599320254991485, 0.0057599320254991485, 0.0057599320254991485, 0.0057599320254991485, 0.0057599320254991485, 0.0057599320254991485, 0.0057599320254991485, 0.0057599320254991485, 0.0057599320254991485, 0.0057599320254991485, 0.0057599320254991485, 0.0057599320254991485, 0.0057599320254991485, 0.0057599320254991485, 0.0057599320254991485, 0.0057599320254991485, 0.0057599320254991485, 0.0057599320254991485, 0.0057599320254991485, 0.008027505721644273], "HCA": [0.0041, 0.004267062046844198, 0.004820837609519725, 0.004954170942853059, 0.005205667346454487, 0.005205667346454487, 0.005394631821133248, 0.005461818061391243, 0.005534869416493881, 0.00561318408483126, 0.00561318408483126, 0.00561318408483126, 0.00561318408483126, 0.00561318408483126, 0.00561318408483126, 0.00561318408483126, 0.00561318408483126, 0.00561318408483126, 0.00561318408483126, 0.00561318408483126, 0.0057694340848312604, 0.0057694340848312604, 0.0057694340848312604, 0.0057694340848312604, 0.0057694340848312604, 0.0057694340848312604, 0.0057694340848312604, 0.0057694340848312604, 0.0057694340848312604, 0.0060381790458632414], "HPRA": [0.0041, 0.004267062046844198, 0.004820837609519725, 0.004820837609519725, 0.005234894852933627, 0.005234894852933627, 0.005234894852933627, 0.005234894852933627, 0.005234894852933627, 0.0055595438262312485, 0.0056468876990585695, 0.0056468876990585695, 0.0056468876990585695, 0.0056468876990585695, 0.0056468876990585695, 0.0056468876990585695, 0.0056468876990585695, 0.0056468876990585695, 0.0056468876990585695, 0.0056468876990585695, 0.005993148086870204, 0.005993148086870204, 0.005993148086870204, 0.005993148086870204, 0.005993148086870204, 0.005993148086870204, 0.005993148086870204, 0.005993148086870204, 0.005993148086870204, 0.005993148086870204, 0.005993148086870204, 0.0063491466628759]}