{"HDA": [0.00395, 0.004673975003810395, 0.004940641670477062, 0.004940641670477062, 0.005336367827976073, 0.005336367827976073, 0.005472970519049087, 0.005472970519049087, 0.005716457249022304, 0.005805456893023728, 0.005805456893023728, 0.005909580174989576, 0.005909580174989576, 0.005909580174989576, 0.005909580174989576, 0.005909580174989576, 0.005909580174989576, 0.006065830174989576, 0.006065830174989576, 0.006065830174989576, 0.006065830174989576, 0.006065830174989576, 0.006065830174989576, 0.006065830174989576, 0.006065830174989576, 0.006065830174989576, 0.006065830174989576, 0.006065830174989576, 0.006065830174989576, 0.006065830174989576, 0.006421828750995272], "HBA": [0.00395, 0.004902598689224204, 0.004902598689224204, 0.005254693654266204, 0.005254693654266204, 0.005316693778266452, 0.005383880018524447, 0.005458196308655244, 0.005620520795304055, 0.005709520439305478, 0.005709520439305478, 0.005813643721271326, 0.005813643721271326, 0.005813643721271326, 0.005813643721271326, 0.005813643721271326, 0.005813643721271326, 0.005969893721271326, 0.005969893721271326, 0.005969893721271326, 0.005969893721271326, 0.005969893721271326, 0.005969893721271326, 0.005969893721271326, 0.005969893721271326, 0.005969893721271326, 0.005969893721271326, 0.005969893721271326, 0.005969893721271326, 0.005969893721271326, 0.005969893721271326, 0.005969893721271326, 0.005969893721271326, 0.005969893721271326, 0.005969893721271326, 0.005969893721271326, 0.005969893721271326, 0.005969893721271326, 0.005969893721271326, 0.005969893721271326, 0.005969893721271326, 0.005969893721271326, 0.005969893721271326, 0.005969893721271326, 0.005969893721271326, 0.005969893721271326, 0.005969893721271326, 0.005969893721271326, 0.005969893721271326, 0.005969893721271326, 0.005969893721271326, 0.005969893721271326, 0.005969893721271326, 0.005969893721271326, 0.00701047644759807], "HCA": [0.00395, 0.004902598689224204, 0.004902598689224204, 0.005254693654266204, 0.005254693654266204, 0.005254693654266204, 0.0053912963453392184, 0.0053912963453392184, 0.005634783075312435, 0.005720516957342613, 0.005720516957342613, 0.005820516957342614, 0.005820516957342614, 0.005820516957342614, 0.005820516957342614, 0.005820516957342614, 0.0059589252618408835, 0.0059589252618408835, 0.0059589252618408835, 0.0059589252618408835, 0.0059589252618408835, 0.0059589252618408835, 0.0059589252618408835, 0.0059589252618408835, 0.0059589252618408835, 0.0059589252618408835, 0.0059589252618408835, 0.0059589252618408835, 0.006236703039618661], "HPRA": [0.00395, 0.004673975003810395, 0.004940641670477062, 0.004940641670477062, 0.004940641670477062, 0.005374642538478798, 0.005374642538478798, 0.005374642538478798, 0.005780453755100825, 0.005780453755100825, 0.005876570633224624, 0.005876570633224624, 0.005876570633224624, 0.005876570633224624, 0.005876570633224624, 0.005876570633224624, 0.005876570633224624, 0.006189070633224624, 0.006189070633224624, 0.006189070633224624, 0.006189070633224624, 0.006189070633224624, 0.006189070633224624, 0.006189070633224624, 0.006189070633224624, 0.006189070633224624, 0.006189070633224624, 0.006189070633224624, 0.006189070633224624, 0.006189070633224624, 0.00654506920923032]}