{"HDA": [0.00295, 0.005233737024221453, 0.00532504454796141, 0.00532504454796141, 0.00532504454796141, 0.0057730445479614095, 0.0057730445479614095, 0.0057730445479614095, 0.0057730445479614095, 0.006040043479965682, 0.006040043479965682, 0.0061441667619315295, 0.0061441667619315295, 0.006262314209946653, 0.006262314209946653, 0.006262314209946653, 0.006262314209946653, 0.006262314209946653, 0.006262314209946653, 0.006262314209946653, 0.006262314209946653, 0.006262314209946653, 0.006262314209946653, 0.006262314209946653, 0.006262314209946653, 0.006262314209946653, 0.006262314209946653, 0.006514266842851666], "HBA": [0.00295, 0.005233737024221453, 0.00532504454796141, 0.00537755452485702, 0.0056036837577135975, 0.0057276840057140935, 0.0057971284501585375, 0.005945761030420131, 0.005945761030420131, 0.005945761030420131, 0.005945761030420131, 0.006047791435480839, 0.006047791435480839, 0.006163411738406033, 0.006163411738406033, 0.006163411738406033, 0.006163411738406033, 0.006163411738406033, 0.006163411738406033, 0.006163411738406033, 0.006163411738406033, 0.006163411738406033, 0.006163411738406033, 0.006163411738406033, 0.006163411738406033, 0.006163411738406033, 0.006163411738406033, 0.006163411738406033, 0.006163411738406033, 0.006163411738406033, 0.006163411738406033, 0.006163411738406033, 0.006163411738406033, 0.006163411738406033, 0.006163411738406033, 0.006163411738406033, 0.006163411738406033, 0.006163411738406033, 0.006163411738406033, 0.006163411738406033, 0.006163411738406033, 0.006163411738406033, 0.006163411738406033, 0.006163411738406033, 0.006163411738406033, 0.006163411738406033, 0.006163411738406033, 0.006163411738406033, 0.006163411738406033, 0.006163411738406033, 0.006163411738406033, 0.006163411738406033, 0.006163411738406033, 0.006163411738406033, 0.006163411738406033, 0.006163411738406033, 0.006163411738406033, 0.006163411738406033, 0.006163411738406033, 0.006163411738406033, 0.006163411738406033, 0.006163411738406033, 0.006163411738406033, 0.006163411738406033, 0.006163411738406033, 0.006163411738406033, 0.006163411738406033, 0.006163411738406033, 0.006163411738406033, 0.006163411738406033, 0.006163411738406033, 0.006163411738406033, 0.006163411738406033, 0.006163411738406033, 0.006163411738406033, 0.006163411738406033, 0.006163411738406033, 0.006163411738406033, 0.006163411738406033, 0.006163411738406033, 0.006163411738406033, 0.006163411738406033, 0.006163411738406033, 0.006163411738406033, 0.006163411738406033, 0.03394118951618381], "HCA": [0.00295, 0.005233737024221453, 0.00532504454796141, 0.00532504454796141, 0.005612005062194651, 0.005736005310195147, 0.005736005310195147, 0.005962848410384183, 0.005962848410384183, 0.005962848410384183, 0.005962848410384183, 0.006064878815444891, 0.006064878815444891, 0.006180499118370085, 0.006180499118370085, 0.006180499118370085, 0.006180499118370085, 0.006180499118370085, 0.006180499118370085, 0.006180499118370085, 0.006180499118370085, 0.006180499118370085, 0.006180499118370085, 0.006180499118370085, 0.006180499118370085, 0.006180499118370085, 0.006180499118370085, 0.006424639743370085], "HPRA": [0.00295, 0.005233737024221453, 0.00532504454796141, 0.00532504454796141, 0.00532504454796141, 0.00532504454796141, 0.005811155659072521, 0.005811155659072521, 0.005811155659072521, 0.005811155659072521, 0.006099506293443916, 0.006099506293443916, 0.006099506293443916, 0.0063358011894741615, 0.0063358011894741615, 0.0063358011894741615, 0.0063358011894741615, 0.0063358011894741615, 0.0063358011894741615, 0.0063358011894741615, 0.0063358011894741615, 0.0063358011894741615, 0.0063358011894741615, 0.0063358011894741615, 0.0063358011894741615, 0.0063358011894741615, 0.0063358011894741615, 0.0063358011894741615, 0.0066045461505061425]}