{"HDA": [0.0044, 0.0044, 0.00466346494034401, 0.004795038116959071, 0.005096833801280785, 0.005211618006974081, 0.005211618006974081, 0.005211618006974081, 0.005211618006974081, 0.005211618006974081, 0.005211618006974081, 0.005211618006974081, 0.005211618006974081, 0.005211618006974081, 0.005211618006974081, 0.005211618006974081, 0.005211618006974081, 0.005211618006974081, 0.005509060005784314, 0.005509060005784314, 0.005509060005784314, 0.005696712473414263, 0.005900794106067324, 0.005900794106067324, 0.005900794106067324, 0.005900794106067324, 0.005900794106067324, 0.005900794106067324, 0.005900794106067324, 0.005900794106067324, 0.005900794106067324, 0.005900794106067324, 0.006317287233930715], "HBA": [0.0044, 0.0046234351559258195, 0.0046234351559258195, 0.00475500833254088, 0.0050568040168625945, 0.005171588222555891, 0.005171588222555891, 0.005238774462813886, 0.005238774462813886, 0.005238774462813886, 0.005238774462813886, 0.0053277741068153105, 0.0053277741068153105, 0.0053277741068153105, 0.0053277741068153105, 0.005448532469331914, 0.005448532469331914, 0.005448532469331914, 0.005448532469331914, 0.005448532469331914, 0.005448532469331914, 0.005448532469331914, 0.005652614101984975, 0.005652614101984975, 0.005652614101984975, 0.005652614101984975, 0.005652614101984975, 0.005652614101984975, 0.005652614101984975, 0.005652614101984975, 0.005652614101984975, 0.005652614101984975, 0.005652614101984975, 0.005652614101984975, 0.005652614101984975, 0.005652614101984975, 0.005652614101984975, 0.005652614101984975, 0.005652614101984975, 0.005652614101984975, 0.005652614101984975, 0.005652614101984975, 0.005652614101984975, 0.005652614101984975, 0.005652614101984975, 0.005652614101984975, 0.005652614101984975, 0.005652614101984975, 0.005652614101984975, 0.005652614101984975, 0.005652614101984975, 0.005652614101984975, 0.005652614101984975, 0.005652614101984975, 0.005652614101984975, 0.005652614101984975, 0.005652614101984975, 0.005652614101984975, 0.005652614101984975, 0.005652614101984975, 0.005652614101984975, 0.005652614101984975, 0.005652614101984975, 0.008739033855071396], "HCA": [0.0044, 0.0044, 0.00466346494034401, 0.004795038116959071, 0.005096833801280785, 0.005211618006974081, 0.005211618006974081, 0.005211618006974081, 0.005211618006974081, 0.005211618006974081, 0.005211618006974081, 0.005211618006974081, 0.005211618006974081, 0.005424180447190895, 0.005424180447190895, 0.005544938809707499, 0.005544938809707499, 0.005544938809707499, 0.005544938809707499, 0.005544938809707499, 0.005544938809707499, 0.005544938809707499, 0.00574902044236056, 0.00574902044236056, 0.00574902044236056, 0.00574902044236056, 0.00574902044236056, 0.00574902044236056, 0.00574902044236056, 0.00574902044236056, 0.00574902044236056, 0.00574902044236056, 0.006165513570223951], "HPRA": [0.0044, 0.0044, 0.00466346494034401, 0.004795038116959071, 0.005096833801280785, 0.005211618006974081, 0.005211618006974081, 0.005211618006974081, 0.005211618006974081, 0.005211618006974081, 0.005211618006974081, 0.005211618006974081, 0.005211618006974081, 0.005211618006974081, 0.005211618006974081, 0.005211618006974081, 0.005211618006974081, 0.005211618006974081, 0.005211618006974081, 0.005211618006974081, 0.005211618006974081, 0.005211618006974081, 0.005823862904933265, 0.006046629668132195, 0.006046629668132195, 0.006046629668132195, 0.006046629668132195, 0.006046629668132195, 0.006046629668132195, 0.006046629668132195, 0.006046629668132195, 0.006046629668132195, 0.006480657445909973]}