{"HDA": [0.0039, 0.0049651974288337924, 0.0049651974288337924, 0.0049651974288337924, 0.0049651974288337924, 0.0053314083663337924, 0.0053314083663337924, 0.005405724656464589, 0.005405724656464589, 0.005677833500002004, 0.005677833500002004, 0.0057863404444464485, 0.005904487892461572, 0.005904487892461572, 0.005904487892461572, 0.005904487892461572, 0.005904487892461572, 0.005904487892461572, 0.005904487892461572, 0.006108569525114633, 0.006108569525114633, 0.006108569525114633, 0.006108569525114633, 0.006108569525114633, 0.006108569525114633, 0.006108569525114633, 0.006108569525114633, 0.006464568101120329], "HBA": [0.0039, 0.0049651974288337924, 0.0049651974288337924, 0.005113977432801259, 0.0052738154635967194, 0.005332987061229855, 0.005398023481625277, 0.005398023481625277, 0.005479185724949683, 0.005569888672795488, 0.005669888672795488, 0.005669888672795488, 0.005788036120810611, 0.005788036120810611, 0.005788036120810611, 0.005788036120810611, 0.005788036120810611, 0.005788036120810611, 0.005788036120810611, 0.0059921177534636725, 0.0059921177534636725, 0.0059921177534636725, 0.0059921177534636725, 0.0059921177534636725, 0.0059921177534636725, 0.0059921177534636725, 0.0059921177534636725, 0.0059921177534636725, 0.0059921177534636725, 0.0059921177534636725, 0.0059921177534636725, 0.0059921177534636725, 0.0059921177534636725, 0.0059921177534636725, 0.0059921177534636725, 0.0059921177534636725, 0.0059921177534636725, 0.0059921177534636725, 0.0059921177534636725, 0.0059921177534636725, 0.0059921177534636725, 0.0059921177534636725, 0.0059921177534636725, 0.0059921177534636725, 0.0059921177534636725, 0.0059921177534636725, 0.0059921177534636725, 0.0059921177534636725, 0.0059921177534636725, 0.0059921177534636725, 0.0059921177534636725, 0.0059921177534636725, 0.0059921177534636725, 0.0059921177534636725, 0.0059921177534636725, 0.0059921177534636725, 0.0059921177534636725, 0.0059921177534636725, 0.0059921177534636725, 0.0059921177534636725, 0.0059921177534636725, 0.0059921177534636725, 0.0059921177534636725, 0.0059921177534636725, 0.0059921177534636725, 0.010436562197908117], "HCA": [0.0039, 0.0049651974288337924, 0.0049651974288337924, 0.0049651974288337924, 0.0049651974288337924, 0.005320227014632609, 0.005320227014632609, 0.00552513105124213, 0.00552513105124213, 0.0056077756793413034, 0.0056984786271871085, 0.0056984786271871085, 0.0056984786271871085, 0.0058140989301123025, 0.0058140989301123025, 0.0058140989301123025, 0.0058140989301123025, 0.0058140989301123025, 0.0058140989301123025, 0.00599187670789008, 0.00599187670789008, 0.00599187670789008, 0.00599187670789008, 0.00599187670789008, 0.00599187670789008, 0.00599187670789008, 0.00599187670789008, 0.0062891418684132665], "HPRA": [0.0039, 0.0049651974288337924, 0.0049651974288337924, 0.0049651974288337924, 0.0049651974288337924, 0.0049651974288337924, 0.0049651974288337924, 0.00548541145974937, 0.00548541145974937, 0.005757520303286785, 0.005757520303286785, 0.005757520303286785, 0.00599381519931703, 0.00599381519931703, 0.00599381519931703, 0.00599381519931703, 0.00599381519931703, 0.00599381519931703, 0.00599381519931703, 0.006197896831970091, 0.006197896831970091, 0.006197896831970091, 0.006197896831970091, 0.006197896831970091, 0.006197896831970091, 0.006197896831970091, 0.006197896831970091, 0.006553895407975787]}