{"HDA": [0.00405, 0.004631375465955337, 0.004631375465955337, 0.005094145608025771, 0.005253983638821231, 0.005428798626292824, 0.005428798626292824, 0.005428798626292824, 0.005428798626292824, 0.005428798626292824, 0.005428798626292824, 0.005428798626292824, 0.005428798626292824, 0.005428798626292824, 0.0055396019503925475, 0.0055396019503925475, 0.005665848636417039, 0.005665848636417039, 0.005811007585466248, 0.005811007585466248, 0.005811007585466248, 0.005811007585466248, 0.005811007585466248, 0.005811007585466248, 0.005811007585466248, 0.006027270561244795], "HBA": [0.00405, 0.004631375465955337, 0.004671945063099237, 0.0050884381909626275, 0.005248276221758088, 0.005423091209229681, 0.005423091209229681, 0.005423091209229681, 0.005423091209229681, 0.005500037962076711, 0.005500037962076711, 0.005500037962076711, 0.005500037962076711, 0.005500037962076711, 0.005500037962076711, 0.005618185410091834, 0.005618185410091834, 0.005618185410091834, 0.005763344359141043, 0.005763344359141043, 0.005763344359141043, 0.005763344359141043, 0.005763344359141043, 0.005763344359141043, 0.005763344359141043, 0.005763344359141043, 0.005763344359141043, 0.005763344359141043, 0.005763344359141043, 0.005763344359141043, 0.005763344359141043, 0.005763344359141043, 0.005763344359141043, 0.005763344359141043, 0.005763344359141043, 0.005763344359141043, 0.005763344359141043, 0.005763344359141043, 0.005763344359141043, 0.005763344359141043, 0.005763344359141043, 0.005763344359141043, 0.005763344359141043, 0.005763344359141043, 0.005763344359141043, 0.005763344359141043, 0.005763344359141043, 0.005763344359141043, 0.005763344359141043, 0.005763344359141043, 0.005763344359141043, 0.005763344359141043, 0.005763344359141043, 0.005763344359141043, 0.005763344359141043, 0.005763344359141043, 0.005763344359141043, 0.005763344359141043, 0.005763344359141043, 0.005763344359141043, 0.005763344359141043, 0.005763344359141043, 0.005763344359141043, 0.005763344359141043, 0.006874455470252155], "HCA": [0.00405, 0.004631375465955337, 0.004631375465955337, 0.005094145608025771, 0.005253983638821231, 0.005428798626292824, 0.005428798626292824, 0.005428798626292824, 0.005428798626292824, 0.005428798626292824, 0.005428798626292824, 0.005428798626292824, 0.005428798626292824, 0.005532921908258672, 0.005532921908258672, 0.005651069356273795, 0.005651069356273795, 0.005651069356273795, 0.005796228305323004, 0.005796228305323004, 0.005796228305323004, 0.005796228305323004, 0.005796228305323004, 0.005796228305323004, 0.006000309937976065], "HPRA": [0.00405, 0.004631375465955337, 0.004631375465955337, 0.005094145608025771, 0.005253983638821231, 0.005428798626292824, 0.005428798626292824, 0.005428798626292824, 0.005428798626292824, 0.005428798626292824, 0.005428798626292824, 0.005428798626292824, 0.005428798626292824, 0.005428798626292824, 0.005428798626292824, 0.005428798626292824, 0.005428798626292824, 0.005428798626292824, 0.005864275473440451, 0.005864275473440451, 0.005864275473440451, 0.005864275473440451, 0.005864275473440451, 0.005864275473440451, 0.005864275473440451, 0.006080538449218998]}