{"HDA": [0.00275, 0.00498081499107674, 0.005336370546632295, 0.006019000246275227, 0.006076392349121875, 0.006076392349121875, 0.006076392349121875, 0.00622249505932715, 0.00622249505932715, 0.0063066630586538054, 0.0063973660064996106, 0.006495395611440303, 0.006495395611440303, 0.006495395611440303, 0.006616153973956907, 0.006616153973956907, 0.006616153973956907, 0.006616153973956907, 0.006616153973956907, 0.006616153973956907, 0.006616153973956907, 0.006616153973956907, 0.006616153973956907, 0.006616153973956907, 0.006616153973956907, 0.006616153973956907, 0.0068457223853435], "HBA": [0.00275, 0.005278256989886971, 0.0056627245023821654, 0.005709001516589209, 0.005859899358750066, 0.00591476904324938, 0.005973940640882516, 0.006040038862840345, 0.0061118573058165015, 0.0061888040586635315, 0.0061888040586635315, 0.0062761479314908525, 0.0062761479314908525, 0.0062761479314908525, 0.0062761479314908525, 0.0062761479314908525, 0.006394295379505976, 0.006394295379505976, 0.006394295379505976, 0.006394295379505976, 0.006394295379505976, 0.006394295379505976, 0.006394295379505976, 0.006394295379505976, 0.006394295379505976, 0.006394295379505976, 0.006394295379505976, 0.006394295379505976, 0.006394295379505976, 0.006394295379505976, 0.006394295379505976, 0.006394295379505976, 0.006394295379505976, 0.006394295379505976, 0.006394295379505976, 0.006394295379505976, 0.006394295379505976, 0.006394295379505976, 0.006394295379505976, 0.006394295379505976, 0.006394295379505976, 0.006394295379505976, 0.006394295379505976, 0.006394295379505976, 0.006394295379505976, 0.006394295379505976, 0.006394295379505976, 0.006394295379505976, 0.006394295379505976, 0.006394295379505976, 0.006394295379505976, 0.006394295379505976, 0.006394295379505976, 0.006394295379505976, 0.006394295379505976, 0.006394295379505976, 0.006394295379505976, 0.006394295379505976, 0.006394295379505976, 0.006394295379505976, 0.006394295379505976, 0.006394295379505976, 0.006394295379505976, 0.006394295379505976, 0.006394295379505976, 0.007669805583587608], "HCA": [0.00375, 0.0044211589572874434, 0.004822393525188678, 0.004855805934557517, 0.004855805934557517, 0.004932963451628618, 0.004973533048772518, 0.004973533048772518, 0.004973533048772518, 0.005072719718084162, 0.005072719718084162, 0.005072719718084162, 0.005072719718084162, 0.005072719718084162, 0.005072719718084162, 0.005213952681857907, 0.005213952681857907, 0.005213952681857907, 0.00529659730995708, 0.005383941182784401, 0.005383941182784401, 0.005383941182784401, 0.005383941182784401, 0.005383941182784401, 0.005383941182784401, 0.005383941182784401, 0.005383941182784401, 0.005383941182784401, 0.005383941182784401, 0.005383941182784401, 0.005383941182784401, 0.005383941182784401, 0.005540191182784401], "HPRA": [0.00275, 0.00498081499107674, 0.005336370546632295, 0.005966490269379617, 0.005966490269379617, 0.005966490269379617, 0.006100862749895608, 0.006100862749895608, 0.006100862749895608, 0.006100862749895608, 0.006100862749895608, 0.006492981169658376, 0.006492981169658376, 0.006492981169658376, 0.006734497894691585, 0.006734497894691585, 0.006734497894691585, 0.006734497894691585, 0.006734497894691585, 0.006734497894691585, 0.006734497894691585, 0.006734497894691585, 0.006734497894691585, 0.006734497894691585, 0.006734497894691585, 0.006734497894691585, 0.006964066306078178]}