{"HDA": [0.004075, 0.004075, 0.005008333333333333, 0.005008333333333333, 0.005295293847566575, 0.005295293847566575, 0.005295293847566575, 0.005295293847566575, 0.005651292423572271, 0.0059512924235722705, 0.0059512924235722705, 0.0059512924235722705, 0.0059512924235722705, 0.0059512924235722705, 0.006100013422977386, 0.006100013422977386, 0.006100013422977386, 0.006100013422977386, 0.006100013422977386, 0.006322780186176317, 0.006322780186176317, 0.006322780186176317, 0.006322780186176317, 0.006322780186176317, 0.006322780186176317, 0.006322780186176317, 0.006322780186176317, 0.006722780186176317], "HBA": [0.004075, 0.004769417653639906, 0.005111166553635634, 0.005111166553635634, 0.005111166553635634, 0.005297166925636378, 0.005365468271172885, 0.005365468271172885, 0.005613402155470406, 0.005613402155470406, 0.005613402155470406, 0.005715432560531114, 0.005715432560531114, 0.005715432560531114, 0.005715432560531114, 0.005715432560531114, 0.005715432560531114, 0.005715432560531114, 0.005879798109512047, 0.005879798109512047, 0.005879798109512047, 0.005879798109512047, 0.005879798109512047, 0.005879798109512047, 0.005879798109512047, 0.005879798109512047, 0.005879798109512047, 0.005879798109512047, 0.005879798109512047, 0.005879798109512047, 0.005879798109512047, 0.005879798109512047, 0.005879798109512047, 0.005879798109512047, 0.005879798109512047, 0.005879798109512047, 0.005879798109512047, 0.005879798109512047, 0.005879798109512047, 0.005879798109512047, 0.005879798109512047, 0.005879798109512047, 0.005879798109512047, 0.005879798109512047, 0.005879798109512047, 0.005879798109512047, 0.005879798109512047, 0.005879798109512047, 0.005879798109512047, 0.005879798109512047, 0.005879798109512047, 0.005879798109512047, 0.005879798109512047, 0.005879798109512047, 0.005879798109512047, 0.005879798109512047, 0.005879798109512047, 0.005879798109512047, 0.005879798109512047, 0.005879798109512047, 0.005879798109512047, 0.005879798109512047, 0.007479798109512047], "HCA": [0.004075, 0.004769417653639906, 0.005111166553635634, 0.005111166553635634, 0.005111166553635634, 0.005297166925636378, 0.0053632651475942076, 0.0053632651475942076, 0.005602423310859514, 0.005602423310859514, 0.005693126258705319, 0.005693126258705319, 0.005693126258705319, 0.005693126258705319, 0.005693126258705319, 0.005693126258705319, 0.005693126258705319, 0.005838285207754528, 0.005838285207754528, 0.005838285207754528, 0.005838285207754528, 0.005838285207754528, 0.005838285207754528, 0.005838285207754528, 0.005838285207754528, 0.005838285207754528, 0.006082425832754528], "HPRA": [0.004075, 0.004075, 0.004075, 0.005131284895125999, 0.0054182454093592404, 0.0054182454093592404, 0.0054182454093592404, 0.0054182454093592404, 0.005774243985364936, 0.005774243985364936, 0.005774243985364936, 0.006128686329410305, 0.006128686329410305, 0.006128686329410305, 0.006128686329410305, 0.006128686329410305, 0.006128686329410305, 0.006128686329410305, 0.006128686329410305, 0.006574219855808167, 0.006574219855808167, 0.006574219855808167, 0.006574219855808167, 0.006574219855808167, 0.006574219855808167, 0.006574219855808167, 0.006574219855808167, 0.006974219855808167]}