{"HDA": [0.00325, 0.004240883868410622, 0.005409512677274888, 0.00571563512625448, 0.00571563512625448, 0.00571563512625448, 0.00571563512625448, 0.005791249492984159, 0.005791249492984159, 0.005791249492984159, 0.005987308702865543, 0.005987308702865543, 0.006102929005790737, 0.006102929005790737, 0.006102929005790737, 0.006102929005790737, 0.006102929005790737, 0.006271591512115581, 0.006271591512115581, 0.006271591512115581, 0.006271591512115581, 0.006271591512115581, 0.006271591512115581, 0.006271591512115581, 0.006271591512115581, 0.006271591512115581, 0.006568856672638767], "HBA": [0.004025, 0.004290703050271017, 0.004758476781434771, 0.004939925467746282, 0.004939925467746282, 0.0050680813052446805, 0.0050680813052446805, 0.0050680813052446805, 0.005173101259035901, 0.005228792949835633, 0.005228792949835633, 0.005228792949835633, 0.005228792949835633, 0.005228792949835633, 0.005307107618173013, 0.005307107618173013, 0.005307107618173013, 0.005307107618173013, 0.005307107618173013, 0.005307107618173013, 0.005307107618173013, 0.005427865980689617, 0.005427865980689617, 0.005427865980689617, 0.005427865980689617, 0.005427865980689617, 0.005427865980689617, 0.005427865980689617, 0.005427865980689617, 0.005427865980689617, 0.005427865980689617, 0.005427865980689617, 0.005427865980689617, 0.005427865980689617, 0.005427865980689617, 0.005427865980689617, 0.005427865980689617, 0.005427865980689617, 0.005427865980689617, 0.005427865980689617, 0.005427865980689617, 0.005427865980689617, 0.005427865980689617, 0.005427865980689617, 0.005427865980689617, 0.005427865980689617, 0.005427865980689617, 0.005427865980689617, 0.005427865980689617, 0.005427865980689617, 0.005427865980689617, 0.005427865980689617, 0.005427865980689617, 0.005427865980689617, 0.005427865980689617, 0.005427865980689617, 0.005427865980689617, 0.005427865980689617, 0.005427865980689617, 0.006085328176613352], "HCA": [0.004025, 0.004290703050271017, 0.004758476781434771, 0.004939925467746282, 0.004939925467746282, 0.0050680813052446805, 0.0050680813052446805, 0.0050680813052446805, 0.005173101259035901, 0.005228792949835633, 0.005228792949835633, 0.005228792949835633, 0.005228792949835633, 0.005228792949835633, 0.005307107618173013, 0.005307107618173013, 0.005307107618173013, 0.005307107618173013, 0.005307107618173013, 0.005307107618173013, 0.005307107618173013, 0.005427865980689617, 0.005427865980689617, 0.005427865980689617, 0.005427865980689617, 0.005427865980689617, 0.005427865980689617, 0.005427865980689617, 0.005427865980689617, 0.005427865980689617, 0.005427865980689617, 0.005427865980689617, 0.005427865980689617, 0.005427865980689617, 0.005672006605689617], "HPRA": [0.00325, 0.004240883868410622, 0.005409512677274888, 0.00571563512625448, 0.00571563512625448, 0.00571563512625448, 0.00571563512625448, 0.00571563512625448, 0.005798279754353653, 0.005798279754353653, 0.005798279754353653, 0.005798279754353653, 0.006145140663129234, 0.006145140663129234, 0.006145140663129234, 0.006145140663129234, 0.006145140663129234, 0.006313803169454078, 0.006313803169454078, 0.006313803169454078, 0.006313803169454078, 0.006313803169454078, 0.006313803169454078, 0.006313803169454078, 0.006313803169454078, 0.006313803169454078, 0.006611068329977265]}