{"HDA": [0.004425, 0.004819420739359604, 0.004819420739359604, 0.004819420739359604, 0.0049158713566435554, 0.0049158713566435554, 0.0050854682812859885, 0.0051465034375359885, 0.0051465034375359885, 0.0051465034375359885, 0.0051465034375359885, 0.0051465034375359885, 0.0051465034375359885, 0.005335022619362739, 0.005335022619362739, 0.005335022619362739, 0.005335022619362739, 0.005335022619362739, 0.005335022619362739, 0.005335022619362739, 0.005639854199914484, 0.005639854199914484, 0.005639854199914484, 0.005639854199914484, 0.005639854199914484, 0.005639854199914484, 0.005639854199914484, 0.005639854199914484, 0.005639854199914484, 0.005639854199914484, 0.005639854199914484, 0.005639854199914484, 0.005639854199914484, 0.005639854199914484, 0.006009676685121585], "HBA": [0.004425, 0.004819420739359604, 0.004899536105486828, 0.004899536105486828, 0.0049477614141288035, 0.005051275724982279, 0.005107808033196423, 0.005107808033196423, 0.005107808033196423, 0.005177252477640867, 0.005251568767771664, 0.005251568767771664, 0.005251568767771664, 0.005251568767771664, 0.005251568767771664, 0.005251568767771664, 0.005251568767771664, 0.005375025557895121, 0.005375025557895121, 0.005375025557895121, 0.005527441348170994, 0.005527441348170994, 0.005527441348170994, 0.005527441348170994, 0.005527441348170994, 0.005527441348170994, 0.005527441348170994, 0.005527441348170994, 0.005527441348170994, 0.005527441348170994, 0.005527441348170994, 0.005527441348170994, 0.005527441348170994, 0.005527441348170994, 0.005527441348170994, 0.005527441348170994, 0.005527441348170994, 0.005527441348170994, 0.005527441348170994, 0.005527441348170994, 0.005527441348170994, 0.005527441348170994, 0.005527441348170994, 0.005527441348170994, 0.005527441348170994, 0.005527441348170994, 0.005527441348170994, 0.005527441348170994, 0.005527441348170994, 0.005527441348170994, 0.005527441348170994, 0.005527441348170994, 0.005527441348170994, 0.005527441348170994, 0.005527441348170994, 0.005527441348170994, 0.005527441348170994, 0.005527441348170994, 0.005527441348170994, 0.005527441348170994, 0.005527441348170994, 0.005527441348170994, 0.005527441348170994, 0.005527441348170994, 0.005527441348170994, 0.005527441348170994, 0.005527441348170994, 0.005527441348170994, 0.005527441348170994, 0.005527441348170994, 0.005527441348170994, 0.005527441348170994, 0.005527441348170994, 0.005527441348170994, 0.005527441348170994, 0.005527441348170994, 0.005527441348170994, 0.005527441348170994, 0.005527441348170994, 0.005527441348170994, 0.005527441348170994, 0.045527441348170994], "HCA": [0.004425, 0.004819420739359604, 0.004819420739359604, 0.004905985836312513, 0.004905985836312513, 0.005110067468965574, 0.005110067468965574, 0.005110067468965574, 0.005110067468965574, 0.005110067468965574, 0.0052466701600385884, 0.0052466701600385884, 0.0052466701600385884, 0.0052466701600385884, 0.0052466701600385884, 0.0052466701600385884, 0.005348700565099297, 0.005348700565099297, 0.005348700565099297, 0.005348700565099297, 0.005480818414220713, 0.005480818414220713, 0.005480818414220713, 0.005480818414220713, 0.005480818414220713, 0.005480818414220713, 0.005480818414220713, 0.005480818414220713, 0.005480818414220713, 0.005480818414220713, 0.005480818414220713, 0.005480818414220713, 0.005480818414220713, 0.005480818414220713, 0.005480818414220713, 0.005799695965241122], "HPRA": [0.004425, 0.004819420739359604, 0.004819420739359604, 0.004819420739359604, 0.0049158713566435554, 0.0049158713566435554, 0.0049158713566435554, 0.0051600119816435554, 0.0051600119816435554, 0.0051600119816435554, 0.0051600119816435554, 0.0051600119816435554, 0.0051600119816435554, 0.005348531163470306, 0.005348531163470306, 0.005348531163470306, 0.005348531163470306, 0.005348531163470306, 0.005348531163470306, 0.005348531163470306, 0.005653362744022051, 0.005653362744022051, 0.005653362744022051, 0.005653362744022051, 0.005653362744022051, 0.005653362744022051, 0.005653362744022051, 0.005653362744022051, 0.005653362744022051, 0.005653362744022051, 0.005653362744022051, 0.005653362744022051, 0.005653362744022051, 0.005653362744022051, 0.006023185229229152]}