{"HDA": [0.004075, 0.004075, 0.004075, 0.004075, 0.0049758603216071345, 0.0049758603216071345, 0.005469687482100962, 0.005469687482100962, 0.005469687482100962, 0.005469687482100962, 0.0057005277406420515, 0.0057005277406420515, 0.0057005277406420515, 0.00579664461876585, 0.00579664461876585, 0.00579664461876585, 0.00579664461876585, 0.005922891304790342, 0.005922891304790342, 0.005922891304790342, 0.005922891304790342, 0.005922891304790342, 0.006105506352270254, 0.006105506352270254, 0.006105506352270254, 0.006105506352270254, 0.006105506352270254, 0.006105506352270254, 0.006105506352270254, 0.006392780124174879], "HBA": [0.004075, 0.004430113636363636, 0.004533919864737338, 0.0047941816136962915, 0.004835804922749361, 0.005146916033860472, 0.005146916033860472, 0.0052566554028591, 0.005314927065349631, 0.005314927065349631, 0.005384371509794075, 0.005384371509794075, 0.005384371509794075, 0.005384371509794075, 0.005384371509794075, 0.0054804883879178735, 0.0054804883879178735, 0.0054804883879178735, 0.0054804883879178735, 0.0054804883879178735, 0.0054804883879178735, 0.005622211743926944, 0.005622211743926944, 0.005622211743926944, 0.005622211743926944, 0.005622211743926944, 0.005622211743926944, 0.005622211743926944, 0.005622211743926944, 0.005622211743926944, 0.005622211743926944, 0.005622211743926944, 0.005622211743926944, 0.005622211743926944, 0.005622211743926944, 0.005622211743926944, 0.005622211743926944, 0.005622211743926944, 0.005622211743926944, 0.005622211743926944, 0.005622211743926944, 0.005622211743926944, 0.005622211743926944, 0.005622211743926944, 0.005622211743926944, 0.005622211743926944, 0.005622211743926944, 0.005622211743926944, 0.005622211743926944, 0.005622211743926944, 0.005622211743926944, 0.005622211743926944, 0.005622211743926944, 0.005622211743926944, 0.005622211743926944, 0.005622211743926944, 0.005622211743926944, 0.005622211743926944, 0.005622211743926944, 0.005622211743926944, 0.005622211743926944, 0.005622211743926944, 0.005622211743926944, 0.005622211743926944, 0.005622211743926944, 0.005622211743926944, 0.005622211743926944, 0.005622211743926944, 0.005622211743926944, 0.005622211743926944, 0.005622211743926944, 0.005622211743926944, 0.005622211743926944, 0.005622211743926944, 0.005622211743926944, 0.005622211743926944, 0.005622211743926944, 0.005622211743926944, 0.005622211743926944, 0.005622211743926944, 0.010724252560253474], "HCA": [0.004075, 0.004075, 0.004559429065743944, 0.004819690814702898, 0.004819690814702898, 0.005219690814702898, 0.005267253240386608, 0.005319763217282218, 0.005319763217282218, 0.005381763341282466, 0.005381763341282466, 0.005381763341282466, 0.005381763341282466, 0.005381763341282466, 0.005381763341282466, 0.00547076298528389, 0.00547076298528389, 0.00547076298528389, 0.00547076298528389, 0.00547076298528389, 0.00547076298528389, 0.005599895216688848, 0.005599895216688848, 0.005599895216688848, 0.005599895216688848, 0.005599895216688848, 0.005599895216688848, 0.005599895216688848, 0.005599895216688848, 0.005599895216688848, 0.005599895216688848, 0.005599895216688848, 0.005599895216688848, 0.005599895216688848, 0.005868640177720829], "HPRA": [0.004075, 0.004075, 0.004075, 0.004075, 0.004075, 0.004075, 0.005156314878892733, 0.005697147761531998, 0.005697147761531998, 0.005697147761531998, 0.005697147761531998, 0.005697147761531998, 0.005697147761531998, 0.006081615274027192, 0.006081615274027192, 0.006081615274027192, 0.006081615274027192, 0.006081615274027192, 0.006081615274027192, 0.006081615274027192, 0.006081615274027192, 0.006081615274027192, 0.006446845368987017, 0.006446845368987017, 0.006446845368987017, 0.006446845368987017, 0.006446845368987017, 0.006446845368987017, 0.006446845368987017, 0.006734119140891642]}