{"HDA": [0.00465, 0.00465, 0.00465, 0.004786961285609934, 0.00483726056633022, 0.00483726056633022, 0.00483726056633022, 0.00483726056633022, 0.005049110011990837, 0.005203003517684897, 0.005203003517684897, 0.005292003161686321, 0.005292003161686321, 0.005292003161686321, 0.005292003161686321, 0.005292003161686321, 0.005415459951809778, 0.005415459951809778, 0.005415459951809778, 0.005567875742085651, 0.005567875742085651, 0.005567875742085651, 0.005567875742085651, 0.005567875742085651, 0.005567875742085651, 0.005567875742085651, 0.005567875742085651, 0.005567875742085651, 0.005567875742085651, 0.005567875742085651, 0.005567875742085651, 0.005567875742085651, 0.0059108112702063636], "HBA": [0.00465, 0.00465, 0.00465, 0.004786961285609934, 0.00483726056633022, 0.005001869619828163, 0.005001869619828163, 0.005066906040223584, 0.005136350484668028, 0.005136350484668028, 0.0052189951127672015, 0.0052189951127672015, 0.0052189951127672015, 0.00532102551782791, 0.00532102551782791, 0.00532102551782791, 0.00532102551782791, 0.00532102551782791, 0.00532102551782791, 0.005473441308103783, 0.005473441308103783, 0.005473441308103783, 0.005473441308103783, 0.005473441308103783, 0.005473441308103783, 0.005473441308103783, 0.005473441308103783, 0.005473441308103783, 0.005473441308103783, 0.005473441308103783, 0.005473441308103783, 0.005473441308103783, 0.005473441308103783, 0.005473441308103783, 0.005473441308103783, 0.005473441308103783, 0.005473441308103783, 0.005473441308103783, 0.005473441308103783, 0.005473441308103783, 0.005473441308103783, 0.005473441308103783, 0.005473441308103783, 0.005473441308103783, 0.005473441308103783, 0.005473441308103783, 0.005473441308103783, 0.005473441308103783, 0.005473441308103783, 0.005473441308103783, 0.005473441308103783, 0.005473441308103783, 0.005473441308103783, 0.005473441308103783, 0.005473441308103783, 0.005473441308103783, 0.005473441308103783, 0.005473441308103783, 0.005473441308103783, 0.005473441308103783, 0.006952731248932185], "HCA": [0.00465, 0.00465, 0.00465, 0.004786961285609934, 0.00483726056633022, 0.00483726056633022, 0.0050175381938766415, 0.0050175381938766415, 0.0050175381938766415, 0.005168766927335999, 0.005249929170660405, 0.005249929170660405, 0.005249929170660405, 0.005349929170660405, 0.005349929170660405, 0.005349929170660405, 0.005349929170660405, 0.005349929170660405, 0.005349929170660405, 0.005498650170065521, 0.005498650170065521, 0.005498650170065521, 0.005498650170065521, 0.005498650170065521, 0.005498650170065521, 0.005498650170065521, 0.005498650170065521, 0.005498650170065521, 0.005498650170065521, 0.005498650170065521, 0.005498650170065521, 0.00580643718145364], "HPRA": [0.00465, 0.00465, 0.00465, 0.004786961285609934, 0.004786961285609934, 0.004841830970109248, 0.004841830970109248, 0.004841830970109248, 0.005053680415769865, 0.005053680415769865, 0.005053680415769865, 0.005320679347774138, 0.005320679347774138, 0.005320679347774138, 0.005320679347774138, 0.005320679347774138, 0.005320679347774138, 0.005320679347774138, 0.005320679347774138, 0.0056255109283258825, 0.0056255109283258825, 0.0056255109283258825, 0.0056255109283258825, 0.0056255109283258825, 0.0056255109283258825, 0.0056255109283258825, 0.0056255109283258825, 0.0056255109283258825, 0.0056255109283258825, 0.0056255109283258825, 0.0056255109283258825, 0.0056255109283258825, 0.0059684464564465954]}