{"HDA": [0.0046, 0.0046, 0.0046, 0.0046, 0.004906122448979592, 0.004906122448979592, 0.004906122448979592, 0.004906122448979592, 0.005265214663860374, 0.005265214663860374, 0.005265214663860374, 0.005265214663860374, 0.005265214663860374, 0.0053714958839687806, 0.0053714958839687806, 0.0053714958839687806, 0.005503613733090197, 0.005503613733090197, 0.005503613733090197, 0.00566797928207113, 0.00566797928207113, 0.00566797928207113, 0.00566797928207113, 0.00566797928207113, 0.00566797928207113, 0.00566797928207113, 0.00566797928207113, 0.00566797928207113, 0.00566797928207113, 0.0059757662934592495], "HBA": [0.0046, 0.004750551394482291, 0.004791120991626191, 0.004836774753496169, 0.004836774753496169, 0.004946514122494797, 0.004946514122494797, 0.005144808788368285, 0.005144808788368285, 0.005144808788368285, 0.005228976787694941, 0.005228976787694941, 0.005228976787694941, 0.005228976787694941, 0.005228976787694941, 0.005352433577818398, 0.005352433577818398, 0.005352433577818398, 0.005352433577818398, 0.005516799126799332, 0.005516799126799332, 0.005516799126799332, 0.005516799126799332, 0.005516799126799332, 0.005516799126799332, 0.005516799126799332, 0.005516799126799332, 0.005516799126799332, 0.005516799126799332, 0.005516799126799332, 0.005516799126799332, 0.005516799126799332, 0.005516799126799332, 0.005516799126799332, 0.005516799126799332, 0.005516799126799332, 0.005516799126799332, 0.005516799126799332, 0.005516799126799332, 0.005516799126799332, 0.005516799126799332, 0.005516799126799332, 0.005516799126799332, 0.005516799126799332, 0.005516799126799332, 0.005516799126799332, 0.005516799126799332, 0.005516799126799332, 0.005516799126799332, 0.005516799126799332, 0.005516799126799332, 0.005516799126799332, 0.005516799126799332, 0.005516799126799332, 0.005516799126799332, 0.005516799126799332, 0.005516799126799332, 0.005516799126799332, 0.005516799126799332, 0.005516799126799332, 0.006996089067627734], "HCA": [0.0046, 0.0046, 0.004810828132906055, 0.004856481894776033, 0.004856481894776033, 0.004856481894776033, 0.004978552207276033, 0.005173661468462297, 0.005173661468462297, 0.005173661468462297, 0.00525630609656147, 0.00525630609656147, 0.00525630609656147, 0.00525630609656147, 0.00525630609656147, 0.005377064459078074, 0.005377064459078074, 0.005377064459078074, 0.00552578545848319, 0.00552578545848319, 0.00552578545848319, 0.00552578545848319, 0.00552578545848319, 0.00552578545848319, 0.00552578545848319, 0.00552578545848319, 0.00552578545848319, 0.00552578545848319, 0.00552578545848319, 0.005813059230387815], "HPRA": [0.0046, 0.0046, 0.0046, 0.0046, 0.0046, 0.004934150144798396, 0.004934150144798396, 0.004934150144798396, 0.004934150144798396, 0.005325723486485294, 0.005325723486485294, 0.005325723486485294, 0.005325723486485294, 0.005434230430929738, 0.005434230430929738, 0.005434230430929738, 0.005434230430929738, 0.005434230430929738, 0.005434230430929738, 0.005771555443579426, 0.005771555443579426, 0.005771555443579426, 0.005771555443579426, 0.005771555443579426, 0.005771555443579426, 0.005771555443579426, 0.005771555443579426, 0.005771555443579426, 0.005771555443579426, 0.005771555443579426, 0.006114490971700139]}