{"HDA": [0.004325, 0.004680113636363636, 0.004680113636363636, 0.004680113636363636, 0.004911498707398852, 0.004911498707398852, 0.004911498707398852, 0.005089013500298261, 0.005153013500298261, 0.00529190238918715, 0.00529190238918715, 0.00529190238918715, 0.005379246262014471, 0.005379246262014471, 0.005379246262014471, 0.005379246262014471, 0.005379246262014471, 0.005379246262014471, 0.005379246262014471, 0.005517654566512741, 0.005517654566512741, 0.005517654566512741, 0.005517654566512741, 0.00570530703414269, 0.00570530703414269, 0.00570530703414269, 0.00570530703414269, 0.00570530703414269, 0.00570530703414269, 0.00570530703414269, 0.00570530703414269, 0.00570530703414269, 0.006048242562263403], "HBA": [0.004325, 0.004680113636363636, 0.004758238636363636, 0.004884735516107269, 0.0050235665587284, 0.005072468705532645, 0.005072468705532645, 0.005072468705532645, 0.005198445021985152, 0.005198445021985152, 0.005198445021985152, 0.005278164409740254, 0.005278164409740254, 0.005278164409740254, 0.005278164409740254, 0.005382287691706102, 0.005382287691706102, 0.005382287691706102, 0.005382287691706102, 0.005382287691706102, 0.005382287691706102, 0.005382287691706102, 0.005550950198030946, 0.005550950198030946, 0.005550950198030946, 0.005550950198030946, 0.005550950198030946, 0.005550950198030946, 0.005550950198030946, 0.005550950198030946, 0.005550950198030946, 0.005550950198030946, 0.005550950198030946, 0.005550950198030946, 0.005550950198030946, 0.005550950198030946, 0.005550950198030946, 0.005550950198030946, 0.005550950198030946, 0.005550950198030946, 0.005550950198030946, 0.005550950198030946, 0.005550950198030946, 0.005550950198030946, 0.005550950198030946, 0.005550950198030946, 0.005550950198030946, 0.005550950198030946, 0.005550950198030946, 0.005550950198030946, 0.005550950198030946, 0.005550950198030946, 0.005550950198030946, 0.005550950198030946, 0.005550950198030946, 0.005550950198030946, 0.005550950198030946, 0.005550950198030946, 0.005550950198030946, 0.005550950198030946, 0.005550950198030946, 0.005550950198030946, 0.005550950198030946, 0.005550950198030946, 0.005550950198030946, 0.005550950198030946, 0.005550950198030946, 0.005550950198030946, 0.005550950198030946, 0.008050950198030945], "HCA": [0.004325, 0.004680113636363636, 0.004680113636363636, 0.004893706698860966, 0.005032537741482096, 0.005032537741482096, 0.005032537741482096, 0.005032537741482096, 0.005221502216160857, 0.005221502216160857, 0.005221502216160857, 0.005301221603915959, 0.005301221603915959, 0.005301221603915959, 0.005301221603915959, 0.005405344885881807, 0.005405344885881807, 0.005405344885881807, 0.005405344885881807, 0.005405344885881807, 0.005405344885881807, 0.005405344885881807, 0.005574007392206651, 0.005574007392206651, 0.005574007392206651, 0.005574007392206651, 0.005574007392206651, 0.005574007392206651, 0.005574007392206651, 0.005574007392206651, 0.005574007392206651, 0.005871272552729837], "HPRA": [0.004325, 0.004680113636363636, 0.004680113636363636, 0.004680113636363636, 0.004680113636363636, 0.004931610039965065, 0.004931610039965065, 0.004931610039965065, 0.004931610039965065, 0.005348276706631731, 0.005348276706631731, 0.005348276706631731, 0.005435620579459052, 0.005435620579459052, 0.005435620579459052, 0.005435620579459052, 0.005435620579459052, 0.005435620579459052, 0.005435620579459052, 0.005435620579459052, 0.005435620579459052, 0.005435620579459052, 0.005435620579459052, 0.005810925514718951, 0.005810925514718951, 0.005810925514718951, 0.005810925514718951, 0.005810925514718951, 0.005810925514718951, 0.005810925514718951, 0.005810925514718951, 0.005810925514718951, 0.006153861042839664]}