{"HDA": [0.00405, 0.004952135052958669, 0.004952135052958669, 0.004952135052958669, 0.004952135052958669, 0.004952135052958669, 0.005185221702920792, 0.005248209861147045, 0.005248209861147045, 0.00539431257135232, 0.00539431257135232, 0.00539431257135232, 0.00539431257135232, 0.00539431257135232, 0.00539431257135232, 0.00539431257135232, 0.00539431257135232, 0.00539431257135232, 0.005526430420473736, 0.005668153776482806, 0.005668153776482806, 0.005668153776482806, 0.005668153776482806, 0.005668153776482806, 0.005668153776482806, 0.005668153776482806, 0.005668153776482806, 0.005668153776482806, 0.005668153776482806, 0.005668153776482806, 0.005668153776482806, 0.005668153776482806, 0.005668153776482806, 0.005668153776482806, 0.005668153776482806, 0.006052621288978001], "HBA": [0.00405, 0.004952135052958669, 0.004952135052958669, 0.004995992778497022, 0.0050429058954045095, 0.0050429058954045095, 0.005157690101097806, 0.005220678259324059, 0.005220678259324059, 0.005366780969529333, 0.005366780969529333, 0.005366780969529333, 0.005366780969529333, 0.005462897847653132, 0.005462897847653132, 0.005462897847653132, 0.005462897847653132, 0.005462897847653132, 0.005462897847653132, 0.005604621203662202, 0.005604621203662202, 0.005604621203662202, 0.005604621203662202, 0.005604621203662202, 0.005604621203662202, 0.005604621203662202, 0.005604621203662202, 0.005604621203662202, 0.005604621203662202, 0.005604621203662202, 0.005604621203662202, 0.005604621203662202, 0.005604621203662202, 0.005604621203662202, 0.005604621203662202, 0.005604621203662202, 0.005604621203662202, 0.005604621203662202, 0.005604621203662202, 0.005604621203662202, 0.005604621203662202, 0.005604621203662202, 0.005604621203662202, 0.005604621203662202, 0.005604621203662202, 0.005604621203662202, 0.005604621203662202, 0.005604621203662202, 0.005604621203662202, 0.005604621203662202, 0.005604621203662202, 0.005604621203662202, 0.005604621203662202, 0.005604621203662202, 0.005604621203662202, 0.005604621203662202, 0.005604621203662202, 0.005604621203662202, 0.005604621203662202, 0.005604621203662202, 0.005604621203662202, 0.005604621203662202, 0.005604621203662202, 0.005604621203662202, 0.005604621203662202, 0.005604621203662202, 0.005604621203662202, 0.005604621203662202, 0.005604621203662202, 0.00906482881611895], "HCA": [0.00405, 0.004952135052958669, 0.004952135052958669, 0.004952135052958669, 0.0050010371997629135, 0.005053547176658524, 0.00516833138235182, 0.0052313195405780735, 0.0052313195405780735, 0.005377422250783348, 0.005377422250783348, 0.005377422250783348, 0.005377422250783348, 0.005473539128907147, 0.005473539128907147, 0.005473539128907147, 0.005473539128907147, 0.005473539128907147, 0.005473539128907147, 0.005615262484916217, 0.005615262484916217, 0.005615262484916217, 0.005615262484916217, 0.005615262484916217, 0.005615262484916217, 0.005615262484916217, 0.005615262484916217, 0.005615262484916217, 0.005615262484916217, 0.005615262484916217, 0.005615262484916217, 0.005615262484916217, 0.005615262484916217, 0.005615262484916217, 0.005615262484916217, 0.005999729997411411], "HPRA": [0.00405, 0.004952135052958669, 0.004952135052958669, 0.004952135052958669, 0.004952135052958669, 0.004952135052958669, 0.004952135052958669, 0.0052670758440899355, 0.0052670758440899355, 0.0052670758440899355, 0.0052670758440899355, 0.0052670758440899355, 0.005448481739781546, 0.005448481739781546, 0.005448481739781546, 0.005448481739781546, 0.005448481739781546, 0.005448481739781546, 0.005448481739781546, 0.005448481739781546, 0.005760981739781546, 0.005760981739781546, 0.005760981739781546, 0.005760981739781546, 0.005760981739781546, 0.005760981739781546, 0.005760981739781546, 0.005760981739781546, 0.005760981739781546, 0.005760981739781546, 0.005760981739781546, 0.005760981739781546, 0.005760981739781546, 0.005760981739781546, 0.005760981739781546, 0.005760981739781546, 0.006213675266264118]}