{"HDA": [0.003075, 0.004798642631427751, 0.005038988729809421, 0.00513679302341791, 0.005415251477416573, 0.00573019226854784, 0.00573019226854784, 0.00573019226854784, 0.00573019226854784, 0.00573019226854784, 0.005826309146671638, 0.005826309146671638, 0.005826309146671638, 0.005826309146671638, 0.005826309146671638, 0.005826309146671638, 0.005826309146671638, 0.005826309146671638, 0.005994971652996482, 0.0061775867004763944, 0.0061775867004763944, 0.0061775867004763944, 0.0061775867004763944, 0.0061775867004763944, 0.006429539333381408], "HBA": [0.004025, 0.004206137543774907, 0.004577940042287697, 0.005210424441005862, 0.005313938751859338, 0.005370471060073482, 0.005370471060073482, 0.005370471060073482, 0.005370471060073482, 0.00544608542680316, 0.00544608542680316, 0.00544608542680316, 0.00544608542680316, 0.00544608542680316, 0.00544608542680316, 0.005561705729728354, 0.005561705729728354, 0.005561705729728354, 0.005561705729728354, 0.005561705729728354, 0.0057260712787092875, 0.0057260712787092875, 0.0057260712787092875, 0.0057260712787092875, 0.0057260712787092875, 0.0057260712787092875, 0.0057260712787092875, 0.0057260712787092875, 0.0057260712787092875, 0.0057260712787092875, 0.0057260712787092875, 0.0057260712787092875, 0.0057260712787092875, 0.0057260712787092875, 0.0057260712787092875, 0.0057260712787092875, 0.0057260712787092875, 0.0057260712787092875, 0.0057260712787092875, 0.0057260712787092875, 0.0057260712787092875, 0.0057260712787092875, 0.0057260712787092875, 0.0057260712787092875, 0.0057260712787092875, 0.0057260712787092875, 0.0057260712787092875, 0.0057260712787092875, 0.0057260712787092875, 0.0057260712787092875, 0.0057260712787092875, 0.006351071278709287], "HCA": [0.004025, 0.004206137543774907, 0.004206137543774907, 0.005332212945783826, 0.005435727256637301, 0.005492259564851445, 0.005492259564851445, 0.005492259564851445, 0.005492259564851445, 0.005567873931581124, 0.005567873931581124, 0.005567873931581124, 0.005567873931581124, 0.005567873931581124, 0.005567873931581124, 0.005683494234506318, 0.005683494234506318, 0.005683494234506318, 0.005683494234506318, 0.005683494234506318, 0.005847859783487251, 0.005847859783487251, 0.005847859783487251, 0.005847859783487251, 0.005847859783487251, 0.005847859783487251, 0.006084546174019796], "HPRA": [0.003075, 0.004798642631427751, 0.005038988729809421, 0.00513679302341791, 0.005415251477416573, 0.00573019226854784, 0.00573019226854784, 0.00573019226854784, 0.00573019226854784, 0.00573019226854784, 0.005826309146671638, 0.005826309146671638, 0.005826309146671638, 0.005826309146671638, 0.005826309146671638, 0.005826309146671638, 0.005826309146671638, 0.005826309146671638, 0.005826309146671638, 0.006191539241631463, 0.006191539241631463, 0.006191539241631463, 0.006191539241631463, 0.006191539241631463, 0.006443491874536477]}