{"HDA": [0.003875, 0.004725340136054422, 0.004769784580498866, 0.005080327513059292, 0.005424680130139182, 0.005424680130139182, 0.005494124574583626, 0.0055697389413133045, 0.0055697389413133045, 0.0055697389413133045, 0.005758258123140055, 0.0058602885282007635, 0.0058602885282007635, 0.0058602885282007635, 0.0058602885282007635, 0.00599240637732218, 0.00599240637732218, 0.00599240637732218, 0.00599240637732218, 0.00599240637732218, 0.00599240637732218, 0.00599240637732218, 0.00599240637732218, 0.00599240637732218, 0.00599240637732218, 0.00599240637732218, 0.00599240637732218, 0.006252552058903866], "HBA": [0.003875, 0.004725340136054422, 0.004769784580498866, 0.005080327513059292, 0.005424680130139182, 0.005488680130139182, 0.005558124574583626, 0.005558124574583626, 0.005637843962338728, 0.005723577844368906, 0.005817837435282282, 0.005817837435282282, 0.005817837435282282, 0.005817837435282282, 0.005817837435282282, 0.00594696966668724, 0.00594696966668724, 0.00594696966668724, 0.00594696966668724, 0.00594696966668724, 0.00594696966668724, 0.00594696966668724, 0.00594696966668724, 0.00594696966668724, 0.00594696966668724, 0.00594696966668724, 0.00594696966668724, 0.00594696966668724, 0.00594696966668724, 0.00594696966668724, 0.00594696966668724, 0.00594696966668724, 0.00594696966668724, 0.00594696966668724, 0.00594696966668724, 0.00594696966668724, 0.00594696966668724, 0.00594696966668724, 0.00594696966668724, 0.00594696966668724, 0.00594696966668724, 0.00594696966668724, 0.00594696966668724, 0.00594696966668724, 0.00594696966668724, 0.00594696966668724, 0.00594696966668724, 0.00594696966668724, 0.00594696966668724, 0.00594696966668724, 0.00594696966668724, 0.00594696966668724, 0.00594696966668724, 0.00594696966668724, 0.00594696966668724, 0.00594696966668724, 0.00594696966668724, 0.00594696966668724, 0.00594696966668724, 0.00594696966668724, 0.00594696966668724, 0.00594696966668724, 0.007426259607515642], "HCA": [0.003875, 0.004725340136054422, 0.004769784580498866, 0.005080327513059292, 0.005424680130139182, 0.005488680130139182, 0.005488680130139182, 0.00556429449686886, 0.00556429449686886, 0.005735762260929217, 0.0058282178822309915, 0.0058282178822309915, 0.0058282178822309915, 0.0058282178822309915, 0.0058282178822309915, 0.005954464568255483, 0.005954464568255483, 0.005954464568255483, 0.005954464568255483, 0.005954464568255483, 0.005954464568255483, 0.005954464568255483, 0.005954464568255483, 0.005954464568255483, 0.005954464568255483, 0.005954464568255483, 0.005954464568255483, 0.005954464568255483, 0.006214610249837169], "HPRA": [0.003875, 0.004725340136054422, 0.004769784580498866, 0.004769784580498866, 0.005458489814658646, 0.005458489814658646, 0.00552793425910309, 0.00552793425910309, 0.00552793425910309, 0.0057899658775850535, 0.0057899658775850535, 0.0057899658775850535, 0.0057899658775850535, 0.0057899658775850535, 0.0057899658775850535, 0.006048230340394971, 0.006048230340394971, 0.006048230340394971, 0.006048230340394971, 0.006048230340394971, 0.006048230340394971, 0.006048230340394971, 0.006048230340394971, 0.006048230340394971, 0.006048230340394971, 0.006048230340394971, 0.006048230340394971, 0.006048230340394971, 0.006048230340394971, 0.006048230340394971, 0.00635601735178309]}