{"HDA": [0.004275, 0.005188075237399562, 0.005291589548253038, 0.005406373753946334, 0.005406373753946334, 0.005406373753946334, 0.005406373753946334, 0.005406373753946334, 0.005406373753946334, 0.005406373753946334, 0.005581061499600976, 0.005581061499600976, 0.005581061499600976, 0.005685184781566824, 0.005685184781566824, 0.005685184781566824, 0.005685184781566824, 0.005685184781566824, 0.005685184781566824, 0.005685184781566824, 0.005685184781566824, 0.005685184781566824, 0.005685184781566824, 0.005685184781566824, 0.005685184781566824, 0.005872837249196773], "HBA": [0.004275, 0.005279382761139518, 0.005381423577466049, 0.005381423577466049, 0.005381423577466049, 0.005443423701466297, 0.005508460121861718, 0.005508460121861718, 0.005508460121861718, 0.005508460121861718, 0.005508460121861718, 0.005508460121861718, 0.0055991630697075235, 0.0055991630697075235, 0.0055991630697075235, 0.0055991630697075235, 0.0055991630697075235, 0.0055991630697075235, 0.0055991630697075235, 0.0055991630697075235, 0.0055991630697075235, 0.0055991630697075235, 0.0055991630697075235, 0.0055991630697075235, 0.0055991630697075235, 0.0055991630697075235, 0.0055991630697075235, 0.0055991630697075235, 0.0055991630697075235, 0.0055991630697075235, 0.0055991630697075235, 0.0055991630697075235, 0.0055991630697075235, 0.0055991630697075235, 0.0055991630697075235, 0.0055991630697075235, 0.0055991630697075235, 0.0055991630697075235, 0.0055991630697075235, 0.0055991630697075235, 0.0055991630697075235, 0.0055991630697075235, 0.0055991630697075235, 0.0055991630697075235, 0.0055991630697075235, 0.0055991630697075235, 0.0055991630697075235, 0.0055991630697075235, 0.0055991630697075235, 0.0055991630697075235, 0.0055991630697075235, 0.0055991630697075235, 0.0055991630697075235, 0.0055991630697075235, 0.0055991630697075235, 0.0055991630697075235, 0.0055991630697075235, 0.0055991630697075235, 0.0055991630697075235, 0.0055991630697075235, 0.0055991630697075235, 0.0055991630697075235, 0.0055991630697075235, 0.0055991630697075235, 0.0055991630697075235, 0.0055991630697075235, 0.0055991630697075235, 0.0055991630697075235, 0.0055991630697075235, 0.0055991630697075235, 0.0055991630697075235, 0.0055991630697075235, 0.0055991630697075235, 0.0055991630697075235, 0.0055991630697075235, 0.0055991630697075235, 0.0055991630697075235, 0.0055991630697075235, 0.0055991630697075235, 0.0055991630697075235, 0.0055991630697075235, 0.0055991630697075235, 0.0055991630697075235, 0.0055991630697075235, 0.0055991630697075235, 0.0055991630697075235, 0.0055991630697075235, 0.0055991630697075235, 0.0055991630697075235, 0.0055991630697075235, 0.0055991630697075235, 0.0055991630697075235, 0.0055991630697075235, 0.0179448420820532], "HCA": [0.004275, 0.005279382761139518, 0.005381423577466049, 0.005381423577466049, 0.005381423577466049, 0.005381423577466049, 0.0055136200213817075, 0.0055136200213817075, 0.0055136200213817075, 0.0055136200213817075, 0.0055136200213817075, 0.0055136200213817075, 0.005604322969227513, 0.005604322969227513, 0.005604322969227513, 0.005604322969227513, 0.005604322969227513, 0.005604322969227513, 0.005604322969227513, 0.005604322969227513, 0.005604322969227513, 0.005604322969227513, 0.005604322969227513, 0.005604322969227513, 0.005604322969227513, 0.005604322969227513, 0.00577745316313333], "HPRA": [0.004275, 0.005188075237399562, 0.005291589548253038, 0.005406373753946334, 0.005406373753946334, 0.005406373753946334, 0.005406373753946334, 0.005406373753946334, 0.005406373753946334, 0.005406373753946334, 0.005406373753946334, 0.005406373753946334, 0.005406373753946334, 0.005718743599843877, 0.005718743599843877, 0.005718743599843877, 0.005718743599843877, 0.005718743599843877, 0.005718743599843877, 0.005718743599843877, 0.005718743599843877, 0.005718743599843877, 0.005718743599843877, 0.005718743599843877, 0.005718743599843877, 0.005906396067473826]}