{"HDA": [0.0041, 0.0041, 0.0041, 0.0041, 0.004886709241519738, 0.004886709241519738, 0.005395500015447037, 0.005395500015447037, 0.00560383334878037, 0.00560383334878037, 0.00560383334878037, 0.00560383334878037, 0.005897922163602447, 0.0060042033837108535, 0.0060042033837108535, 0.0060042033837108535, 0.006133335615115813, 0.006133335615115813, 0.006133335615115813, 0.006133335615115813, 0.006133335615115813, 0.006133335615115813, 0.006133335615115813, 0.006133335615115813, 0.006133335615115813, 0.006343375522698254], "HBA": [0.0034, 0.004758531578311798, 0.00502276727655463, 0.005058623707405503, 0.005096727654974471, 0.005178910429464938, 0.005178910429464938, 0.005178910429464938, 0.005178910429464938, 0.005293694635158234, 0.005354729791408234, 0.005354729791408234, 0.005354729791408234, 0.005427781146510871, 0.005427781146510871, 0.005427781146510871, 0.005427781146510871, 0.005518484094356676, 0.005518484094356676, 0.005518484094356676, 0.005518484094356676, 0.005518484094356676, 0.005518484094356676, 0.005518484094356676, 0.005518484094356676, 0.005518484094356676, 0.005518484094356676, 0.005518484094356676, 0.005518484094356676, 0.005518484094356676, 0.005518484094356676, 0.005518484094356676, 0.005518484094356676, 0.005518484094356676, 0.005518484094356676, 0.005518484094356676, 0.005518484094356676, 0.005518484094356676, 0.005518484094356676, 0.005518484094356676, 0.005518484094356676, 0.005518484094356676, 0.005518484094356676, 0.005518484094356676, 0.005518484094356676, 0.005518484094356676, 0.005518484094356676, 0.005518484094356676, 0.005518484094356676, 0.005518484094356676, 0.005518484094356676, 0.005518484094356676, 0.005518484094356676, 0.005518484094356676, 0.005518484094356676, 0.005518484094356676, 0.005518484094356676, 0.005518484094356676, 0.005518484094356676, 0.005518484094356676, 0.005518484094356676, 0.005518484094356676, 0.005518484094356676, 0.005518484094356676, 0.005518484094356676, 0.005518484094356676, 0.005518484094356676, 0.005518484094356676, 0.005518484094356676, 0.005518484094356676, 0.005518484094356676, 0.005518484094356676, 0.005518484094356676, 0.005518484094356676, 0.005518484094356676, 0.005518484094356676, 0.005518484094356676, 0.005518484094356676, 0.005518484094356676, 0.005518484094356676, 0.005518484094356676, 0.005518484094356676, 0.005518484094356676, 0.005518484094356676, 0.005518484094356676, 0.005518484094356676, 0.005518484094356676, 0.005518484094356676, 0.005518484094356676, 0.005518484094356676, 0.011435643857670284], "HCA": [0.0041, 0.0041, 0.004702324263038549, 0.004702324263038549, 0.004702324263038549, 0.005161507936507937, 0.005161507936507937, 0.005161507936507937, 0.00536984126984127, 0.00536984126984127, 0.0055381772684945825, 0.0055381772684945825, 0.005636206873435275, 0.005742488093543682, 0.005742488093543682, 0.005742488093543682, 0.00587162032494864, 0.00587162032494864, 0.00587162032494864, 0.00587162032494864, 0.00587162032494864, 0.00587162032494864, 0.00587162032494864, 0.00587162032494864, 0.00587162032494864, 0.006081660232531081], "HPRA": [0.0041, 0.0041, 0.0041, 0.0041, 0.0041, 0.0041, 0.0051175815478546, 0.0051175815478546, 0.005673137103410155, 0.005673137103410155, 0.005673137103410155, 0.005673137103410155, 0.006359344337995, 0.006359344337995, 0.006359344337995, 0.006480102700511604, 0.006480102700511604, 0.006480102700511604, 0.006480102700511604, 0.006480102700511604, 0.006480102700511604, 0.006480102700511604, 0.006480102700511604, 0.006480102700511604, 0.006673003935079505]}