{"HDA": [0.0027, 0.004467453604342886, 0.005404953604342886, 0.005449996620423243, 0.005449996620423243, 0.005449996620423243, 0.00578048773021239, 0.00578048773021239, 0.005939926505722594, 0.005939926505722594, 0.005939926505722594, 0.005939926505722594, 0.005939926505722594, 0.00616627326896388, 0.00616627326896388, 0.00616627326896388, 0.00616627326896388, 0.00616627326896388, 0.00616627326896388, 0.00616627326896388, 0.00616627326896388, 0.006334935775288724], "HBA": [0.00415, 0.004767283950617284, 0.004767283950617284, 0.0048078535477611845, 0.004988025612082611, 0.004988025612082611, 0.005043717302882344, 0.00510288890051548, 0.0051679253209109014, 0.005239743763887058, 0.005239743763887058, 0.005325477645917236, 0.005325477645917236, 0.005325477645917236, 0.005436280970016959, 0.005436280970016959, 0.005565413201421917, 0.005565413201421917, 0.005565413201421917, 0.005565413201421917, 0.005565413201421917, 0.005565413201421917, 0.005565413201421917, 0.005565413201421917, 0.005565413201421917, 0.005565413201421917, 0.005565413201421917, 0.005565413201421917, 0.005565413201421917, 0.005565413201421917, 0.005565413201421917, 0.005565413201421917, 0.005565413201421917, 0.005565413201421917, 0.005565413201421917, 0.005565413201421917, 0.005565413201421917, 0.005565413201421917, 0.005565413201421917, 0.005565413201421917, 0.005565413201421917, 0.005565413201421917, 0.005565413201421917, 0.005565413201421917, 0.005565413201421917, 0.005565413201421917, 0.005565413201421917, 0.005565413201421917, 0.005565413201421917, 0.005565413201421917, 0.005565413201421917, 0.005565413201421917, 0.005565413201421917, 0.005565413201421917, 0.005565413201421917, 0.005565413201421917, 0.005565413201421917, 0.005565413201421917, 0.005565413201421917, 0.005565413201421917, 0.005565413201421917, 0.005565413201421917, 0.005565413201421917, 0.005565413201421917, 0.005565413201421917, 0.005565413201421917, 0.005565413201421917, 0.005565413201421917, 0.005565413201421917, 0.005565413201421917, 0.005565413201421917, 0.005565413201421917, 0.009025620813878664], "HCA": [0.00415, 0.004767283950617284, 0.004767283950617284, 0.004767283950617284, 0.004989506172839507, 0.004989506172839507, 0.004989506172839507, 0.004989506172839507, 0.005191064893613493, 0.005262883336589649, 0.005262883336589649, 0.005348617218619827, 0.005348617218619827, 0.005348617218619827, 0.00545942054271955, 0.00545942054271955, 0.005588552774124509, 0.005588552774124509, 0.005588552774124509, 0.005588552774124509, 0.005588552774124509, 0.005588552774124509, 0.005588552774124509, 0.005588552774124509, 0.005588552774124509, 0.005588552774124509, 0.005588552774124509, 0.005588552774124509, 0.005588552774124509, 0.005588552774124509, 0.005875826546029135], "HPRA": [0.0027, 0.004467453604342886, 0.004467453604342886, 0.0055785647154539975, 0.0055785647154539975, 0.0055785647154539975, 0.0059090558252431445, 0.0059090558252431445, 0.006068494600753349, 0.006068494600753349, 0.006068494600753349, 0.006068494600753349, 0.006068494600753349, 0.006294841363994635, 0.006294841363994635, 0.006294841363994635, 0.006294841363994635, 0.006294841363994635, 0.006294841363994635, 0.006294841363994635, 0.006294841363994635, 0.006294841363994635, 0.006472619141772412]}