{"HDA": [0.004275, 0.004737412471924957, 0.004737412471924957, 0.004737412471924957, 0.004737412471924957, 0.004787711752645243, 0.005288936969842837, 0.005288936969842837, 0.005288936969842837, 0.005360755412818993, 0.005439070081156373, 0.005439070081156373, 0.005526413953983694, 0.005526413953983694, 0.005526413953983694, 0.005526413953983694, 0.005526413953983694, 0.005526413953983694, 0.005526413953983694, 0.005526413953983694, 0.005526413953983694, 0.005526413953983694, 0.005526413953983694, 0.005526413953983694, 0.005526413953983694, 0.005526413953983694, 0.005526413953983694, 0.005699544147889511], "HBA": [0.004275, 0.004737412471924957, 0.0047750503205455305, 0.004857233095035997, 0.004901677539480441, 0.004950579686284686, 0.0052209084060078695, 0.0052209084060078695, 0.0052209084060078695, 0.005292726848984026, 0.005371041517321405, 0.005371041517321405, 0.005458385390148726, 0.005458385390148726, 0.005458385390148726, 0.005458385390148726, 0.005458385390148726, 0.005458385390148726, 0.005458385390148726, 0.005458385390148726, 0.005458385390148726, 0.005458385390148726, 0.005458385390148726, 0.005458385390148726, 0.005458385390148726, 0.005458385390148726, 0.005458385390148726, 0.005458385390148726, 0.005458385390148726, 0.005458385390148726, 0.005458385390148726, 0.005458385390148726, 0.005458385390148726, 0.005458385390148726, 0.005458385390148726, 0.005458385390148726, 0.005458385390148726, 0.005458385390148726, 0.005458385390148726, 0.005458385390148726, 0.005458385390148726, 0.005458385390148726, 0.005458385390148726, 0.005458385390148726, 0.005458385390148726, 0.005458385390148726, 0.005458385390148726, 0.005458385390148726, 0.005458385390148726, 0.005458385390148726, 0.005458385390148726, 0.005458385390148726, 0.005458385390148726, 0.005458385390148726, 0.005458385390148726, 0.005458385390148726, 0.005458385390148726, 0.005458385390148726, 0.005458385390148726, 0.005458385390148726, 0.005458385390148726, 0.005458385390148726, 0.005458385390148726, 0.005458385390148726, 0.005458385390148726, 0.005458385390148726, 0.005458385390148726, 0.005458385390148726, 0.005458385390148726, 0.005458385390148726, 0.005458385390148726, 0.005458385390148726, 0.005458385390148726, 0.005458385390148726, 0.005458385390148726, 0.005458385390148726, 0.005458385390148726, 0.005458385390148726, 0.005458385390148726, 0.005458385390148726, 0.005458385390148726, 0.005458385390148726, 0.005458385390148726, 0.005458385390148726, 0.005458385390148726, 0.005458385390148726, 0.005458385390148726, 0.005458385390148726, 0.005458385390148726, 0.005458385390148726, 0.005458385390148726, 0.005458385390148726, 0.005458385390148726, 0.015458385390148727], "HCA": [0.004275, 0.004737412471924957, 0.0047750503205455305, 0.0047750503205455305, 0.004866357844285487, 0.004866357844285487, 0.005250445635780686, 0.005250445635780686, 0.005250445635780686, 0.005322264078756842, 0.005400578747094222, 0.005400578747094222, 0.005487922619921543, 0.005487922619921543, 0.005487922619921543, 0.005487922619921543, 0.005487922619921543, 0.005487922619921543, 0.005487922619921543, 0.005487922619921543, 0.005487922619921543, 0.005487922619921543, 0.005487922619921543, 0.005487922619921543, 0.005487922619921543, 0.005487922619921543, 0.005487922619921543, 0.00566105281382736], "HPRA": [0.004275, 0.004737412471924957, 0.004737412471924957, 0.004737412471924957, 0.004737412471924957, 0.004787711752645243, 0.005288936969842837, 0.005288936969842837, 0.005288936969842837, 0.005360755412818993, 0.005360755412818993, 0.005360755412818993, 0.005535443158473635, 0.005535443158473635, 0.005535443158473635, 0.005535443158473635, 0.005535443158473635, 0.005535443158473635, 0.005535443158473635, 0.005535443158473635, 0.005535443158473635, 0.005535443158473635, 0.005535443158473635, 0.005535443158473635, 0.005535443158473635, 0.005535443158473635, 0.005535443158473635, 0.005708573352379453]}