{"HDA": [0.003175, 0.004845620468441979, 0.005136983631813467, 0.005368368702848684, 0.005470409519175215, 0.005470409519175215, 0.005650687146721636, 0.005650687146721636, 0.005791920110495381, 0.005791920110495381, 0.005791920110495381, 0.005877653992525559, 0.005877653992525559, 0.005877653992525559, 0.005877653992525559, 0.005877653992525559, 0.005877653992525559, 0.005877653992525559, 0.006009771841646976, 0.006009771841646976, 0.006009771841646976, 0.006009771841646976, 0.006009771841646976, 0.006009771841646976, 0.006009771841646976, 0.006009771841646976, 0.006009771841646976, 0.006009771841646976, 0.006239340253033569], "HBA": [0.003175, 0.004845620468441979, 0.005136983631813467, 0.005368368702848684, 0.005468967264289255, 0.005633576317787198, 0.005692747915420334, 0.005756747915420334, 0.005756747915420334, 0.00583106420555113, 0.00583106420555113, 0.00583106420555113, 0.00583106420555113, 0.00583106420555113, 0.00583106420555113, 0.00583106420555113, 0.00583106420555113, 0.00583106420555113, 0.005957310891575622, 0.005957310891575622, 0.005957310891575622, 0.005957310891575622, 0.005957310891575622, 0.005957310891575622, 0.005957310891575622, 0.005957310891575622, 0.005957310891575622, 0.005957310891575622, 0.005957310891575622, 0.005957310891575622, 0.005957310891575622, 0.005957310891575622, 0.005957310891575622, 0.005957310891575622, 0.005957310891575622, 0.005957310891575622, 0.005957310891575622, 0.005957310891575622, 0.005957310891575622, 0.005957310891575622, 0.005957310891575622, 0.005957310891575622, 0.005957310891575622, 0.005957310891575622, 0.005957310891575622, 0.005957310891575622, 0.005957310891575622, 0.005957310891575622, 0.005957310891575622, 0.005957310891575622, 0.005957310891575622, 0.005957310891575622, 0.005957310891575622, 0.005957310891575622, 0.005957310891575622, 0.005957310891575622, 0.005957310891575622, 0.005957310891575622, 0.005957310891575622, 0.005957310891575622, 0.005957310891575622, 0.005957310891575622, 0.005957310891575622, 0.005957310891575622, 0.005957310891575622, 0.005957310891575622, 0.005957310891575622, 0.005957310891575622, 0.005957310891575622, 0.005957310891575622, 0.005957310891575622, 0.005957310891575622, 0.005957310891575622, 0.005957310891575622, 0.005957310891575622, 0.005957310891575622, 0.005957310891575622, 0.005957310891575622, 0.005957310891575622, 0.005957310891575622, 0.005957310891575622, 0.005957310891575622, 0.005957310891575622, 0.011059351707902152], "HCA": [0.003175, 0.004845620468441979, 0.005136983631813467, 0.005368368702848684, 0.005468967264289255, 0.005633576317787198, 0.005692747915420334, 0.005756747915420334, 0.005756747915420334, 0.00583106420555113, 0.00583106420555113, 0.00583106420555113, 0.00583106420555113, 0.00583106420555113, 0.00583106420555113, 0.00583106420555113, 0.00583106420555113, 0.00583106420555113, 0.005957310891575622, 0.005957310891575622, 0.005957310891575622, 0.005957310891575622, 0.005957310891575622, 0.005957310891575622, 0.005957310891575622, 0.005957310891575622, 0.005957310891575622, 0.006161392524228683], "HPRA": [0.003175, 0.004845620468441979, 0.005136983631813467, 0.005368368702848684, 0.005470409519175215, 0.005470409519175215, 0.005470409519175215, 0.005665518780361479, 0.005665518780361479, 0.005816747513820836, 0.005816747513820836, 0.005816747513820836, 0.005816747513820836, 0.005816747513820836, 0.005816747513820836, 0.005816747513820836, 0.005816747513820836, 0.005816747513820836, 0.006080983212063669, 0.006080983212063669, 0.006080983212063669, 0.006080983212063669, 0.006080983212063669, 0.006080983212063669, 0.006080983212063669, 0.006080983212063669, 0.006080983212063669, 0.006080983212063669, 0.006310551623450262]}