{"HDA": [0.004325, 0.004832030827474311, 0.004832030827474311, 0.004832030827474311, 0.004832030827474311, 0.004972770178196773, 0.004972770178196773, 0.004972770178196773, 0.0052094565687293174, 0.0052094565687293174, 0.0052094565687293174, 0.005282507923831954, 0.005282507923831954, 0.005282507923831954, 0.005282507923831954, 0.005282507923831954, 0.005382507923831954, 0.005382507923831954, 0.005495681305452597, 0.005495681305452597, 0.005495681305452597, 0.005495681305452597, 0.005495681305452597, 0.005495681305452597, 0.005495681305452597, 0.005495681305452597, 0.005495681305452597, 0.005495681305452597, 0.005495681305452597, 0.005495681305452597, 0.005495681305452597, 0.005495681305452597, 0.005495681305452597, 0.005495681305452597, 0.005764426266484578], "HBA": [0.004325, 0.004832030827474311, 0.004832030827474311, 0.004832030827474311, 0.004832030827474311, 0.004972770178196773, 0.005125831402686569, 0.005180701087185883, 0.005180701087185883, 0.005180701087185883, 0.00524900243272239, 0.00524900243272239, 0.00524900243272239, 0.00524900243272239, 0.0053380020767238145, 0.0053380020767238145, 0.0053380020767238145, 0.0053380020767238145, 0.005451175458344457, 0.005451175458344457, 0.005451175458344457, 0.005451175458344457, 0.005451175458344457, 0.005451175458344457, 0.005451175458344457, 0.005451175458344457, 0.005451175458344457, 0.005451175458344457, 0.005451175458344457, 0.005451175458344457, 0.005451175458344457, 0.005451175458344457, 0.005451175458344457, 0.005451175458344457, 0.005451175458344457, 0.005451175458344457, 0.005451175458344457, 0.005451175458344457, 0.005451175458344457, 0.005451175458344457, 0.005451175458344457, 0.005451175458344457, 0.005451175458344457, 0.005451175458344457, 0.005451175458344457, 0.005451175458344457, 0.005451175458344457, 0.005451175458344457, 0.005451175458344457, 0.005451175458344457, 0.005451175458344457, 0.005451175458344457, 0.005451175458344457, 0.005451175458344457, 0.005451175458344457, 0.005451175458344457, 0.005451175458344457, 0.005451175458344457, 0.005451175458344457, 0.005451175458344457, 0.005451175458344457, 0.005451175458344457, 0.005451175458344457, 0.005451175458344457, 0.005451175458344457, 0.005451175458344457, 0.005451175458344457, 0.005451175458344457, 0.005451175458344457, 0.005451175458344457, 0.005451175458344457, 0.005451175458344457, 0.005451175458344457, 0.005451175458344457, 0.005451175458344457, 0.005451175458344457, 0.005451175458344457, 0.005451175458344457, 0.005451175458344457, 0.005451175458344457, 0.005451175458344457, 0.005451175458344457, 0.005451175458344457, 0.005451175458344457, 0.005451175458344457, 0.005451175458344457, 0.005451175458344457, 0.005451175458344457, 0.02585933872365058], "HCA": [0.004325, 0.004832030827474311, 0.004832030827474311, 0.004832030827474311, 0.004832030827474311, 0.004970861870095441, 0.005121759712256298, 0.005175825456200935, 0.005175825456200935, 0.005175825456200935, 0.00524301169645893, 0.00524301169645893, 0.00524301169645893, 0.00524301169645893, 0.005330355569286251, 0.005330355569286251, 0.005330355569286251, 0.005330355569286251, 0.005441158893385974, 0.005441158893385974, 0.005441158893385974, 0.005441158893385974, 0.005441158893385974, 0.005441158893385974, 0.005441158893385974, 0.005441158893385974, 0.005441158893385974, 0.005441158893385974, 0.005441158893385974, 0.005441158893385974, 0.005441158893385974, 0.005441158893385974, 0.005441158893385974, 0.005685299518385974], "HPRA": [0.004325, 0.004325, 0.004875964187327823, 0.004875964187327823, 0.004875964187327823, 0.005016703538050286, 0.005016703538050286, 0.005016703538050286, 0.00525338992858283, 0.00525338992858283, 0.00525338992858283, 0.00525338992858283, 0.00533170459692021, 0.00533170459692021, 0.00533170459692021, 0.00533170459692021, 0.00533170459692021, 0.00533170459692021, 0.005558051360161496, 0.005558051360161496, 0.005558051360161496, 0.005558051360161496, 0.005558051360161496, 0.005558051360161496, 0.005558051360161496, 0.005558051360161496, 0.005558051360161496, 0.005558051360161496, 0.005558051360161496, 0.005558051360161496, 0.005558051360161496, 0.005558051360161496, 0.005558051360161496, 0.005558051360161496, 0.005826796321193477]}