{"HDA": [0.00265, 0.004908783309422789, 0.004908783309422789, 0.004908783309422789, 0.005410974689992548, 0.005410974689992548, 0.005410974689992548, 0.00552931788525882, 0.00552931788525882, 0.005598762329703264, 0.005598762329703264, 0.005598762329703264, 0.005598762329703264, 0.005598762329703264, 0.005700792734763972, 0.005811596058863696, 0.005811596058863696, 0.005811596058863696, 0.005811596058863696, 0.006101913956962113, 0.006101913956962113, 0.006101913956962113, 0.006101913956962113, 0.006101913956962113, 0.006101913956962113, 0.006101913956962113, 0.006101913956962113, 0.006101913956962113, 0.006101913956962113, 0.006101913956962113, 0.006101913956962113, 0.006101913956962113, 0.006420791507982522], "HBA": [0.0041, 0.0045830334500664175, 0.004840150070819402, 0.0049192608654873345, 0.0049192608654873345, 0.0050118148939014215, 0.0050118148939014215, 0.005066684578400735, 0.005244199371300144, 0.005244199371300144, 0.005314815853187016, 0.005314815853187016, 0.005314815853187016, 0.005314815853187016, 0.005407271474488791, 0.005407271474488791, 0.005407271474488791, 0.005407271474488791, 0.005407271474488791, 0.005533518160513283, 0.005533518160513283, 0.005533518160513283, 0.005533518160513283, 0.005533518160513283, 0.005533518160513283, 0.005533518160513283, 0.005533518160513283, 0.005533518160513283, 0.005533518160513283, 0.005533518160513283, 0.005533518160513283, 0.005533518160513283, 0.005533518160513283, 0.005533518160513283, 0.005533518160513283, 0.005533518160513283, 0.005533518160513283, 0.005533518160513283, 0.005533518160513283, 0.005533518160513283, 0.005533518160513283, 0.005533518160513283, 0.005533518160513283, 0.005533518160513283, 0.005533518160513283, 0.005533518160513283, 0.005533518160513283, 0.005533518160513283, 0.005533518160513283, 0.005533518160513283, 0.005533518160513283, 0.005533518160513283, 0.005533518160513283, 0.005533518160513283, 0.005533518160513283, 0.005533518160513283, 0.005533518160513283, 0.005533518160513283, 0.005533518160513283, 0.005533518160513283, 0.005533518160513283, 0.005533518160513283, 0.005533518160513283, 0.005533518160513283, 0.005533518160513283, 0.005533518160513283, 0.005533518160513283, 0.005533518160513283, 0.005533518160513283, 0.005533518160513283, 0.005533518160513283, 0.005533518160513283, 0.005533518160513283, 0.005533518160513283, 0.005533518160513283, 0.005533518160513283, 0.005533518160513283, 0.005533518160513283, 0.005533518160513283, 0.005533518160513283, 0.009439768160513283], "HCA": [0.0041, 0.0045830334500664175, 0.004840150070819402, 0.0049192608654873345, 0.0049192608654873345, 0.005010568389227291, 0.005010568389227291, 0.005065438073726605, 0.0052429528666260135, 0.0052429528666260135, 0.005313569348512886, 0.005313569348512886, 0.005313569348512886, 0.005313569348512886, 0.005406024969814661, 0.005406024969814661, 0.005406024969814661, 0.005406024969814661, 0.005406024969814661, 0.005532271655839152, 0.005532271655839152, 0.005532271655839152, 0.005532271655839152, 0.005532271655839152, 0.005532271655839152, 0.005532271655839152, 0.005532271655839152, 0.005532271655839152, 0.005532271655839152, 0.005532271655839152, 0.005761840067225746], "HPRA": [0.00265, 0.004908783309422789, 0.004908783309422789, 0.004908783309422789, 0.005410974689992548, 0.005410974689992548, 0.005410974689992548, 0.005410974689992548, 0.005410974689992548, 0.005619308023325881, 0.005619308023325881, 0.005619308023325881, 0.005619308023325881, 0.005619308023325881, 0.0057213384283865895, 0.0057213384283865895, 0.0057213384283865895, 0.0057213384283865895, 0.0057213384283865895, 0.0061568152755342165, 0.0061568152755342165, 0.0061568152755342165, 0.0061568152755342165, 0.0061568152755342165, 0.0061568152755342165, 0.0061568152755342165, 0.0061568152755342165, 0.0061568152755342165, 0.0061568152755342165, 0.0061568152755342165, 0.0061568152755342165, 0.0061568152755342165, 0.0061568152755342165, 0.006499750803654929]}