{"HDA": [0.0034, 0.004517175779629097, 0.0051981563917104946, 0.0051981563917104946, 0.0051981563917104946, 0.0051981563917104946, 0.0051981563917104946, 0.005684267502821605, 0.005684267502821605, 0.005684267502821605, 0.005684267502821605, 0.005684267502821605, 0.005684267502821605, 0.005684267502821605, 0.005684267502821605, 0.005925784227854814, 0.006054916459259773, 0.006054916459259773, 0.006054916459259773, 0.006054916459259773, 0.006054916459259773, 0.006054916459259773, 0.006054916459259773, 0.006054916459259773, 0.006054916459259773, 0.006054916459259773, 0.006054916459259773, 0.006054916459259773, 0.006054916459259773, 0.006054916459259773, 0.006054916459259773, 0.006054916459259773, 0.006054916459259773, 0.006410915035265469], "HBA": [0.003775, 0.004855246913580247, 0.004931454808718183, 0.005054728970453883, 0.005054728970453883, 0.0051043223051097045, 0.0052665195369436145, 0.0052665195369436145, 0.0052665195369436145, 0.0052665195369436145, 0.0052665195369436145, 0.0053434662897906444, 0.0053434662897906444, 0.005430810162617965, 0.005430810162617965, 0.005430810162617965, 0.005430810162617965, 0.005430810162617965, 0.0055489576106330886, 0.0055489576106330886, 0.0055489576106330886, 0.0055489576106330886, 0.0055489576106330886, 0.0055489576106330886, 0.0055489576106330886, 0.0055489576106330886, 0.0055489576106330886, 0.0055489576106330886, 0.0055489576106330886, 0.0055489576106330886, 0.0055489576106330886, 0.0055489576106330886, 0.0055489576106330886, 0.0055489576106330886, 0.0055489576106330886, 0.0055489576106330886, 0.0055489576106330886, 0.0055489576106330886, 0.0055489576106330886, 0.0055489576106330886, 0.0055489576106330886, 0.0055489576106330886, 0.0055489576106330886, 0.0055489576106330886, 0.0055489576106330886, 0.0055489576106330886, 0.0055489576106330886, 0.0055489576106330886, 0.0055489576106330886, 0.0055489576106330886, 0.0055489576106330886, 0.0055489576106330886, 0.0055489576106330886, 0.0055489576106330886, 0.0055489576106330886, 0.0055489576106330886, 0.0055489576106330886, 0.0055489576106330886, 0.0055489576106330886, 0.0055489576106330886, 0.0055489576106330886, 0.0055489576106330886, 0.0055489576106330886, 0.0055489576106330886, 0.0055489576106330886, 0.0055489576106330886, 0.0055489576106330886, 0.0055489576106330886, 0.0055489576106330886, 0.0055489576106330886, 0.0055489576106330886, 0.0055489576106330886, 0.0055489576106330886, 0.0055489576106330886, 0.0055489576106330886, 0.0055489576106330886, 0.0055489576106330886, 0.0055489576106330886, 0.0055489576106330886, 0.0055489576106330886, 0.0055489576106330886, 0.0055489576106330886, 0.013813420420550445], "HCA": [0.003775, 0.004855246913580247, 0.004855246913580247, 0.0050660750464863015, 0.0050660750464863015, 0.005115668381142123, 0.005277865612976033, 0.005277865612976033, 0.005277865612976033, 0.005277865612976033, 0.005277865612976033, 0.005277865612976033, 0.005360510241075206, 0.005447854113902527, 0.005447854113902527, 0.005447854113902527, 0.005447854113902527, 0.005447854113902527, 0.0055660015619176505, 0.0055660015619176505, 0.0055660015619176505, 0.0055660015619176505, 0.0055660015619176505, 0.0055660015619176505, 0.0055660015619176505, 0.0055660015619176505, 0.0055660015619176505, 0.0055660015619176505, 0.0055660015619176505, 0.0055660015619176505, 0.0055660015619176505, 0.0055660015619176505, 0.0055660015619176505, 0.0055660015619176505, 0.005853275333822276], "HPRA": [0.0034, 0.004517175779629097, 0.0051981563917104946, 0.0051981563917104946, 0.0051981563917104946, 0.0051981563917104946, 0.0051981563917104946, 0.005684267502821605, 0.005684267502821605, 0.005684267502821605, 0.005684267502821605, 0.005684267502821605, 0.005684267502821605, 0.005684267502821605, 0.005684267502821605, 0.005684267502821605, 0.006071664197036482, 0.006071664197036482, 0.006071664197036482, 0.006071664197036482, 0.006071664197036482, 0.006071664197036482, 0.006071664197036482, 0.006071664197036482, 0.006071664197036482, 0.006071664197036482, 0.006071664197036482, 0.006071664197036482, 0.006071664197036482, 0.006071664197036482, 0.006071664197036482, 0.006071664197036482, 0.006071664197036482, 0.006427662773042178]}