{"HDA": [0.00375, 0.00375, 0.005007430269775948, 0.005007430269775948, 0.005007430269775948, 0.0054155935350820705, 0.0054155935350820705, 0.005652279925614615, 0.005652279925614615, 0.005652279925614615, 0.005652279925614615, 0.005652279925614615, 0.005734924553713788, 0.005734924553713788, 0.005734924553713788, 0.005734924553713788, 0.005841205773822195, 0.005841205773822195, 0.005841205773822195, 0.005841205773822195, 0.005979614078320465, 0.005979614078320465, 0.005979614078320465, 0.005979614078320465, 0.005979614078320465, 0.005979614078320465, 0.005979614078320465, 0.005979614078320465, 0.0061958770540990115], "HBA": [0.00375, 0.0037812100121719047, 0.004914996860244467, 0.005265858664551296, 0.005265858664551296, 0.005366457225991867, 0.005419736569590355, 0.005536279894571416, 0.005536279894571416, 0.005536279894571416, 0.005536279894571416, 0.005536279894571416, 0.005618924522670589, 0.005618924522670589, 0.005618924522670589, 0.005618924522670589, 0.005618924522670589, 0.005618924522670589, 0.005737071970685712, 0.005737071970685712, 0.005737071970685712, 0.005737071970685712, 0.005737071970685712, 0.005737071970685712, 0.005737071970685712, 0.005737071970685712, 0.005737071970685712, 0.005737071970685712, 0.005737071970685712, 0.005737071970685712, 0.005737071970685712, 0.005737071970685712, 0.005737071970685712, 0.005737071970685712, 0.005737071970685712, 0.005737071970685712, 0.005737071970685712, 0.005737071970685712, 0.005737071970685712, 0.005737071970685712, 0.005737071970685712, 0.005737071970685712, 0.005737071970685712, 0.005737071970685712, 0.005737071970685712, 0.005737071970685712, 0.005737071970685712, 0.005737071970685712, 0.005737071970685712, 0.005737071970685712, 0.005737071970685712, 0.005737071970685712, 0.005737071970685712, 0.005737071970685712, 0.005737071970685712, 0.005737071970685712, 0.005737071970685712, 0.005737071970685712, 0.005737071970685712, 0.005737071970685712, 0.005737071970685712, 0.005737071970685712, 0.005737071970685712, 0.005737071970685712, 0.005737071970685712, 0.005737071970685712, 0.005737071970685712, 0.005737071970685712, 0.005737071970685712, 0.005737071970685712, 0.005737071970685712, 0.005737071970685712, 0.005737071970685712, 0.005737071970685712, 0.005737071970685712, 0.005737071970685712, 0.005737071970685712, 0.005737071970685712, 0.005737071970685712, 0.005737071970685712, 0.005737071970685712, 0.005737071970685712, 0.005737071970685712, 0.005737071970685712, 0.005737071970685712, 0.005737071970685712, 0.005737071970685712, 0.005737071970685712, 0.012681516415130156], "HCA": [0.00375, 0.00375, 0.005007430269775948, 0.005358292074082777, 0.005358292074082777, 0.005358292074082777, 0.005520489305916687, 0.005637032630897748, 0.005637032630897748, 0.005637032630897748, 0.005637032630897748, 0.005637032630897748, 0.005719677258996921, 0.005719677258996921, 0.005719677258996921, 0.005719677258996921, 0.005719677258996921, 0.005719677258996921, 0.0058378247070120445, 0.0058378247070120445, 0.0058378247070120445, 0.0058378247070120445, 0.0058378247070120445, 0.0058378247070120445, 0.0058378247070120445, 0.0058378247070120445, 0.0058378247070120445, 0.006025477174641994], "HPRA": [0.00375, 0.00375, 0.005007430269775948, 0.005007430269775948, 0.005007430269775948, 0.005007430269775948, 0.0054463877457704615, 0.0054463877457704615, 0.0054463877457704615, 0.0054463877457704615, 0.0054463877457704615, 0.0054463877457704615, 0.005859610886266329, 0.005859610886266329, 0.005859610886266329, 0.005859610886266329, 0.005859610886266329, 0.005859610886266329, 0.005859610886266329, 0.005859610886266329, 0.005859610886266329, 0.006157052885076561, 0.006157052885076561, 0.006157052885076561, 0.006157052885076561, 0.006157052885076561, 0.006157052885076561, 0.006157052885076561, 0.006157052885076561, 0.006157052885076561, 0.006409005517981575]}