{"HDA": [0.00215, 0.004444408887815481, 0.005319728379429921, 0.005436915879429921, 0.005480773604968275, 0.00552899891361025, 0.00552899891361025, 0.00552899891361025, 0.00552899891361025, 0.00552899891361025, 0.005603315203741047, 0.005603315203741047, 0.005603315203741047, 0.005791834385567797, 0.005791834385567797, 0.005791834385567797, 0.006028129281598043, 0.006154375967622534, 0.006154375967622534, 0.006154375967622534, 0.006154375967622534, 0.006154375967622534, 0.006154375967622534, 0.006154375967622534, 0.006154375967622534, 0.006154375967622534, 0.006154375967622534, 0.006154375967622534, 0.006154375967622534, 0.006398516592622534], "HBA": [0.00285, 0.004222644342131602, 0.0050979638337460415, 0.0052151513337460416, 0.005259009059284395, 0.005307234367926371, 0.005307234367926371, 0.005307234367926371, 0.005307234367926371, 0.005374420608184366, 0.005374420608184366, 0.005455582851508772, 0.005542926724336093, 0.005637186315249469, 0.005637186315249469, 0.005637186315249469, 0.005755333763264592, 0.005881580449289083, 0.005881580449289083, 0.005881580449289083, 0.005881580449289083, 0.005881580449289083, 0.005881580449289083, 0.005881580449289083, 0.005881580449289083, 0.005881580449289083, 0.005881580449289083, 0.005881580449289083, 0.005881580449289083, 0.005881580449289083, 0.005881580449289083, 0.005881580449289083, 0.005881580449289083, 0.005881580449289083, 0.005881580449289083, 0.005881580449289083, 0.005881580449289083, 0.005881580449289083, 0.005881580449289083, 0.005881580449289083, 0.005881580449289083, 0.005881580449289083, 0.005881580449289083, 0.005881580449289083, 0.005881580449289083, 0.005881580449289083, 0.005881580449289083, 0.005881580449289083, 0.005881580449289083, 0.005881580449289083, 0.005881580449289083, 0.005881580449289083, 0.005881580449289083, 0.005881580449289083, 0.005881580449289083, 0.005881580449289083, 0.005881580449289083, 0.005881580449289083, 0.005881580449289083, 0.005881580449289083, 0.005881580449289083, 0.005881580449289083, 0.005881580449289083, 0.005881580449289083, 0.005881580449289083, 0.005881580449289083, 0.005881580449289083, 0.005881580449289083, 0.005881580449289083, 0.005881580449289083, 0.005881580449289083, 0.005881580449289083, 0.005881580449289083, 0.005881580449289083, 0.005881580449289083, 0.005881580449289083, 0.005881580449289083, 0.005881580449289083, 0.005881580449289083, 0.005881580449289083, 0.010326024893733528], "HCA": [0.0039, 0.004064469175735314, 0.0046589994967816874, 0.0046589994967816874, 0.004817221086117552, 0.004940495247853252, 0.005162717470075475, 0.005162717470075475, 0.005215227446971085, 0.005328292063399374, 0.005388384605914848, 0.005388384605914848, 0.005388384605914848, 0.005461435961017485, 0.005461435961017485, 0.005461435961017485, 0.005461435961017485, 0.005461435961017485, 0.0055594655659581774, 0.0055594655659581774, 0.0055594655659581774, 0.0055594655659581774, 0.0055594655659581774, 0.0055594655659581774, 0.0055594655659581774, 0.0055594655659581774, 0.0055594655659581774, 0.0055594655659581774, 0.0055594655659581774, 0.0055594655659581774, 0.0055594655659581774, 0.0055594655659581774, 0.0055594655659581774, 0.0055594655659581774, 0.005775728541736724], "HPRA": [0.00215, 0.004444408887815481, 0.004444408887815481, 0.005538158887815481, 0.005582016613353835, 0.005582016613353835, 0.005582016613353835, 0.005639408716200484, 0.005639408716200484, 0.005639408716200484, 0.00571372500633128, 0.00571372500633128, 0.00571372500633128, 0.00571372500633128, 0.005917785816452696, 0.005917785816452696, 0.005917785816452696, 0.006296525874526172, 0.006296525874526172, 0.006296525874526172, 0.006296525874526172, 0.006296525874526172, 0.006296525874526172, 0.006296525874526172, 0.006296525874526172, 0.006296525874526172, 0.006296525874526172, 0.006296525874526172, 0.006296525874526172, 0.006540666499526172]}