{"HDA": [0.004025, 0.004873732687782107, 0.005003580333211469, 0.005003580333211469, 0.00527792875570804, 0.00527792875570804, 0.005479487476482026, 0.005479487476482026, 0.00563892625199223, 0.00563892625199223, 0.00563892625199223, 0.00563892625199223, 0.00563892625199223, 0.005747433196436674, 0.005747433196436674, 0.005747433196436674, 0.0058795510455580905, 0.0058795510455580905, 0.0058795510455580905, 0.0058795510455580905, 0.0058795510455580905, 0.0058795510455580905, 0.0058795510455580905, 0.0058795510455580905, 0.0058795510455580905, 0.0058795510455580905, 0.0058795510455580905, 0.0061236916705580905], "HBA": [0.004025, 0.004873732687782107, 0.005003580333211469, 0.005101384626819958, 0.005263581858653868, 0.005324617014903868, 0.005458989495419859, 0.005533305785550655, 0.0056130251733057576, 0.0056130251733057576, 0.0056130251733057576, 0.005709142051429556, 0.005709142051429556, 0.005709142051429556, 0.005709142051429556, 0.005709142051429556, 0.005841259900550973, 0.005841259900550973, 0.005841259900550973, 0.005841259900550973, 0.005841259900550973, 0.005841259900550973, 0.005841259900550973, 0.005841259900550973, 0.005841259900550973, 0.005841259900550973, 0.005841259900550973, 0.005841259900550973, 0.005841259900550973, 0.005841259900550973, 0.005841259900550973, 0.005841259900550973, 0.005841259900550973, 0.005841259900550973, 0.005841259900550973, 0.005841259900550973, 0.005841259900550973, 0.005841259900550973, 0.005841259900550973, 0.005841259900550973, 0.005841259900550973, 0.005841259900550973, 0.005841259900550973, 0.005841259900550973, 0.005841259900550973, 0.005841259900550973, 0.005841259900550973, 0.005841259900550973, 0.005841259900550973, 0.005841259900550973, 0.005841259900550973, 0.005841259900550973, 0.005841259900550973, 0.005841259900550973, 0.005841259900550973, 0.005841259900550973, 0.005841259900550973, 0.005841259900550973, 0.005841259900550973, 0.005841259900550973, 0.005841259900550973, 0.005841259900550973, 0.005841259900550973, 0.005841259900550973, 0.005841259900550973, 0.005841259900550973, 0.005841259900550973, 0.005841259900550973, 0.005841259900550973, 0.005841259900550973, 0.005841259900550973, 0.005841259900550973, 0.005841259900550973, 0.005841259900550973, 0.005841259900550973, 0.005841259900550973, 0.005841259900550973, 0.005841259900550973, 0.005841259900550973, 0.012785704344995416], "HCA": [0.004025, 0.004989468963388758, 0.004989468963388758, 0.004989468963388758, 0.005248254740522447, 0.005305646843369096, 0.005431623159821603, 0.005431623159821603, 0.005431623159821603, 0.005591061935331807, 0.005591061935331807, 0.005591061935331807, 0.005591061935331807, 0.0056910619353318075, 0.0056910619353318075, 0.0056910619353318075, 0.0056910619353318075, 0.0056910619353318075, 0.0058294702398300775, 0.0058294702398300775, 0.0058294702398300775, 0.0058294702398300775, 0.0058294702398300775, 0.0058294702398300775, 0.0058294702398300775, 0.0058294702398300775, 0.0058294702398300775, 0.006059038651216671], "HPRA": [0.004025, 0.004680838895104356, 0.00502709928291599, 0.00502709928291599, 0.005301447705412561, 0.005301447705412561, 0.0055030064261865465, 0.0055030064261865465, 0.005662445201696751, 0.005662445201696751, 0.005662445201696751, 0.005662445201696751, 0.005662445201696751, 0.005662445201696751, 0.005662445201696751, 0.005662445201696751, 0.005926680899939583, 0.005926680899939583, 0.005926680899939583, 0.005926680899939583, 0.005926680899939583, 0.005926680899939583, 0.005926680899939583, 0.005926680899939583, 0.005926680899939583, 0.005926680899939583, 0.005926680899939583, 0.006170821524939583]}