{"HDA": [0.003875, 0.003875, 0.004800890204853208, 0.004800890204853208, 0.005120466537943054, 0.005418026545877988, 0.005418026545877988, 0.005418026545877988, 0.005418026545877988, 0.005486327891414495, 0.0056324306016197695, 0.0056324306016197695, 0.0056324306016197695, 0.005723133549465575, 0.005723133549465575, 0.005827256831431422, 0.005827256831431422, 0.005827256831431422, 0.005953503517455914, 0.005953503517455914, 0.005953503517455914, 0.005953503517455914, 0.005953503517455914, 0.005953503517455914, 0.005953503517455914, 0.005953503517455914, 0.006146404752023815], "HBA": [0.003875, 0.004820345050943594, 0.004820345050943594, 0.004986838287155873, 0.0051670103514773, 0.005264814645085789, 0.0053713733322827625, 0.005427905640496907, 0.005427905640496907, 0.005427905640496907, 0.005427905640496907, 0.005504852393343937, 0.005504852393343937, 0.005504852393343937, 0.005600969271467735, 0.005600969271467735, 0.005600969271467735, 0.005600969271467735, 0.005600969271467735, 0.005600969271467735, 0.0057426926274768055, 0.0057426926274768055, 0.0057426926274768055, 0.0057426926274768055, 0.0057426926274768055, 0.0057426926274768055, 0.0057426926274768055, 0.0057426926274768055, 0.0057426926274768055, 0.0057426926274768055, 0.0057426926274768055, 0.0057426926274768055, 0.0057426926274768055, 0.0057426926274768055, 0.0057426926274768055, 0.0057426926274768055, 0.0057426926274768055, 0.0057426926274768055, 0.0057426926274768055, 0.0057426926274768055, 0.0057426926274768055, 0.0057426926274768055, 0.0057426926274768055, 0.0057426926274768055, 0.0057426926274768055, 0.0057426926274768055, 0.0057426926274768055, 0.0057426926274768055, 0.0057426926274768055, 0.0057426926274768055, 0.0057426926274768055, 0.0057426926274768055, 0.0057426926274768055, 0.0057426926274768055, 0.0057426926274768055, 0.0057426926274768055, 0.0057426926274768055, 0.0057426926274768055, 0.0057426926274768055, 0.0057426926274768055, 0.0057426926274768055, 0.0057426926274768055, 0.0057426926274768055, 0.0057426926274768055, 0.0057426926274768055, 0.0057426926274768055, 0.0057426926274768055, 0.0057426926274768055, 0.0057426926274768055, 0.0057426926274768055, 0.0057426926274768055, 0.0057426926274768055, 0.0057426926274768055, 0.0057426926274768055, 0.0057426926274768055, 0.0057426926274768055, 0.0057426926274768055, 0.0057426926274768055, 0.0057426926274768055, 0.0057426926274768055, 0.0057426926274768055, 0.0057426926274768055, 0.014007155437394161], "HCA": [0.003875, 0.004820345050943594, 0.004970896445425885, 0.0050957663725850946, 0.005140809388665451, 0.005237260005949401, 0.005237260005949401, 0.005237260005949401, 0.005299260129949649, 0.005299260129949649, 0.0054428970159019615, 0.0054428970159019615, 0.005525541644001135, 0.005525541644001135, 0.005525541644001135, 0.005629664925966982, 0.005629664925966982, 0.005629664925966982, 0.005629664925966982, 0.005764873146626799, 0.005764873146626799, 0.005764873146626799, 0.005764873146626799, 0.005764873146626799, 0.005764873146626799, 0.005764873146626799, 0.005764873146626799, 0.00597491305420924], "HPRA": [0.003875, 0.003875, 0.004800890204853208, 0.004800890204853208, 0.004800890204853208, 0.004800890204853208, 0.004800890204853208, 0.005546987541859636, 0.005546987541859636, 0.005546987541859636, 0.005546987541859636, 0.005546987541859636, 0.005546987541859636, 0.0059097993332428555, 0.0059097993332428555, 0.0059097993332428555, 0.0059097993332428555, 0.0059097993332428555, 0.0061622927052918395, 0.0061622927052918395, 0.0061622927052918395, 0.0061622927052918395, 0.0061622927052918395, 0.0061622927052918395, 0.0061622927052918395, 0.0061622927052918395, 0.0061622927052918395, 0.0063663743379449005]}