{"HDA": [0.0041, 0.004302812330989725, 0.004804336191951879, 0.004804336191951879, 0.004804336191951879, 0.005290927887453609, 0.005290927887453609, 0.005423124331369268, 0.005423124331369268, 0.005423124331369268, 0.005423124331369268, 0.005423124331369268, 0.005423124331369268, 0.005741967991694488, 0.005741967991694488, 0.005741967991694488, 0.005741967991694488, 0.005741967991694488, 0.005741967991694488, 0.005741967991694488, 0.005741967991694488, 0.005741967991694488, 0.0059520078992769294, 0.0059520078992769294, 0.0059520078992769294, 0.0059520078992769294, 0.0059520078992769294, 0.0059520078992769294, 0.006270885450297338], "HBA": [0.004125, 0.004795305467777459, 0.004864509620026594, 0.004902147468647167, 0.004944866081146633, 0.004990519843016611, 0.005040113177672433, 0.005040113177672433, 0.005214928165144026, 0.005214928165144026, 0.005214928165144026, 0.005287979520246663, 0.005287979520246663, 0.005287979520246663, 0.005287979520246663, 0.005386009125187356, 0.005386009125187356, 0.005386009125187356, 0.005386009125187356, 0.005515141356592314, 0.005515141356592314, 0.005515141356592314, 0.005515141356592314, 0.005515141356592314, 0.005515141356592314, 0.005515141356592314, 0.005515141356592314, 0.005515141356592314, 0.005515141356592314, 0.005515141356592314, 0.005515141356592314, 0.005515141356592314, 0.005515141356592314, 0.005515141356592314, 0.005515141356592314, 0.005515141356592314, 0.005515141356592314, 0.005515141356592314, 0.005515141356592314, 0.005515141356592314, 0.005515141356592314, 0.005515141356592314, 0.005515141356592314, 0.005515141356592314, 0.005515141356592314, 0.005515141356592314, 0.005515141356592314, 0.005515141356592314, 0.005515141356592314, 0.005515141356592314, 0.005515141356592314, 0.005515141356592314, 0.005515141356592314, 0.005515141356592314, 0.005515141356592314, 0.005515141356592314, 0.005515141356592314, 0.005515141356592314, 0.005515141356592314, 0.005515141356592314, 0.005515141356592314, 0.005515141356592314, 0.005515141356592314, 0.005515141356592314, 0.005515141356592314, 0.005515141356592314, 0.005515141356592314, 0.005515141356592314, 0.005515141356592314, 0.005515141356592314, 0.005515141356592314, 0.005515141356592314, 0.005515141356592314, 0.005515141356592314, 0.005515141356592314, 0.005515141356592314, 0.005515141356592314, 0.005515141356592314, 0.009421391356592314], "HCA": [0.004125, 0.004795305467777459, 0.004899111696151161, 0.004899111696151161, 0.004899111696151161, 0.0049435561405956055, 0.005038680991963025, 0.005038680991963025, 0.005203290045460968, 0.005203290045460968, 0.005203290045460968, 0.005269388267418797, 0.005269388267418797, 0.005269388267418797, 0.005350550510743203, 0.005350550510743203, 0.005350550510743203, 0.005350550510743203, 0.0054546737927090505, 0.0054546737927090505, 0.0054546737927090505, 0.0054546737927090505, 0.0054546737927090505, 0.0054546737927090505, 0.0054546737927090505, 0.0054546737927090505, 0.0054546737927090505, 0.0054546737927090505, 0.0054546737927090505, 0.005632451570486828], "HPRA": [0.0041, 0.004302812330989725, 0.004804336191951879, 0.004804336191951879, 0.004804336191951879, 0.005290927887453609, 0.005290927887453609, 0.005423124331369268, 0.005423124331369268, 0.005423124331369268, 0.005423124331369268, 0.005423124331369268, 0.005423124331369268, 0.005741967991694488, 0.005741967991694488, 0.005741967991694488, 0.005741967991694488, 0.005741967991694488, 0.005741967991694488, 0.005741967991694488, 0.005741967991694488, 0.005741967991694488, 0.0059520078992769294, 0.0059520078992769294, 0.0059520078992769294, 0.0059520078992769294, 0.0059520078992769294, 0.0059520078992769294, 0.006270885450297338]}