{"HDA": [5.0503775157193e-05, 0.00010151897768754704, 0.0001272861966316064, 0.0001533170171230683, 0.00020591399279696704, 0.00025905460285117045, 0.00028590096114266823, 0.00039440790558711267, 0.0004766424934547698, 0.0005043433244797006, 0.0005323380614691465, 0.0009284448971413964, 0.0010428319256523633, 0.0011873573043088555, 0.0012165757119056413, 0.0012165757119056413, 0.001246436263131417, 0.001246436263131417, 0.001246436263131417, 0.0012773004606622812, 0.0012773004606622812, 0.0012773004606622812, 0.0012773004606622812, 0.0012773004606622812, 0.0012773004606622812, 0.0013103299229426353], "HBA": [5.0503775157193e-05, 0.00010151897768754704, 0.0001272861966316064, 0.0001533170171230683, 0.00020591399279696704, 0.00025905460285117045, 0.00028590096114266823, 0.00039440790558711267, 0.0004766424934547698, 0.0005043433244797006, 0.0005323380614691465, 0.0009284448971413964, 0.0010428319256523633, 0.0011873573043088555, 0.0012165757119056413, 0.0012165757119056413, 0.001246436263131417, 0.001246436263131417, 0.001246436263131417, 0.0012773004606622812, 0.0012773004606622812, 0.0012773004606622812, 0.0012773004606622812, 0.0012773004606622812, 0.0012773004606622812, 0.0012773004606622812, 0.0012773004606622812, 0.0012773004606622812, 0.0012773004606622812, 0.0012773004606622812, 0.0012773004606622812, 0.0012773004606622812, 0.0012773004606622812, 0.0012773004606622812, 0.0012773004606622812, 0.0012773004606622812, 0.0012773004606622812, 0.0012773004606622812, 0.0012773004606622812, 0.0012773004606622812, 0.0012773004606622812, 0.0012773004606622812, 0.0012773004606622812, 0.0012773004606622812, 0.0012773004606622812, 0.0012773004606622812, 0.0012773004606622812, 0.0012773004606622812, 0.0012773004606622812, 0.0012773004606622812, 0.0012773004606622812, 0.0012773004606622812, 0.0012773004606622812, 0.0012773004606622812, 0.0012773004606622812, 0.0012773004606622812, 0.0012773004606622812, 0.0012773004606622812, 0.0012773004606622812, 0.0012773004606622812, 0.0012773004606622812, 0.0012773004606622812, 0.0012773004606622812, 0.0012773004606622812, 0.0012773004606622812, 0.0012773004606622812, 0.0012773004606622812, 0.0012773004606622812, 0.0012773004606622812, 0.0012773004606622812, 0.0012773004606622812, 0.0012773004606622812, 0.0012773004606622812, 0.0012773004606622812, 0.0012773004606622812, 0.0012773004606622812, 0.0012773004606622812, 0.0012773004606622812, 0.0012773004606622812, 0.0012773004606622812, 0.0012773004606622812, 0.0012773004606622812, 0.0012773004606622812, 0.0012773004606622812, 0.0012773004606622812, 0.0012773004606622812, 0.0012773004606622812, 0.0012773004606622812, 0.0012773004606622812, 0.0012773004606622812, 0.0012773004606622812, 0.0012773004606622812, 0.0012773004606622812, 0.0012773004606622812, 0.0012773004606622812, 0.0012773004606622812, 0.0012773004606622812, 0.0012773004606622812, 0.0012773004606622812, 0.0012773004606622812, 0.0012773004606622812, 0.0012773004606622812, 0.0012773004606622812, 0.0012773004606622812, 0.0012773004606622812, 0.0012773004606622812, 0.0012773004606622812, 0.0012773004606622812, 0.0012773004606622812, 0.0012773004606622812, 0.0012773004606622812, 0.0012773004606622812, 0.0012773004606622812, 0.0012773004606622812, 0.0012773004606622812, 0.0012773004606622812, 0.0012773004606622812, 0.0012773004606622812, 0.0012773004606622812, 0.0012773004606622812, 0.0012773004606622812, 0.0012773004606622812, 0.0012773004606622812, 0.0012773004606622812, 0.0012773004606622812, 0.0012773004606622812, 0.0012773004606622812, 0.0012773004606622812, 0.0012773004606622812, 0.0012773004606622812, 0.0012773004606622812, 0.0012773004606622812, 0.0012773004606622812, 0.0012773004606622812, 0.0012773004606622812, 0.0012773004606622812, 0.0012773004606622812, 0.0012773004606622812, 0.0012773004606622812, 0.0012773004606622812, 0.0015645742325669063], "HCA": [5.0503775157193e-05, 0.00010151897768754704, 0.0001272861966316064, 0.0001533170171230683, 0.00020591399279696704, 0.00023248429782406874, 0.0002593306561155665, 0.0003407108644488998, 0.00036812239373811885, 0.00042352405578798035, 0.0004515187927774263, 0.0005081054835877478, 0.0007368795406096814, 0.0010837404493852624, 0.0011129588569820483, 0.0012311063049971712, 0.0012609668562229468, 0.0012609668562229468, 0.0012609668562229468, 0.001291831053753811, 0.001291831053753811, 0.001291831053753811, 0.001291831053753811, 0.001291831053753811, 0.001291831053753811, 0.0013248605160341652], "HPRA": [5.0503775157193e-05, 0.00010151897768754704, 0.0001272861966316064, 0.0001533170171230683, 0.00020591399279696704, 0.00025905460285117045, 0.00028590096114266823, 0.00039440790558711267, 0.0004766424934547698, 0.0005043433244797006, 0.0005323380614691465, 0.0009284448971413964, 0.0010428319256523633, 0.0011873573043088555, 0.0012165757119056413, 0.0012165757119056413, 0.0012165757119056413, 0.0012165757119056413, 0.0012165757119056413, 0.0012783041069673697, 0.0012783041069673697, 0.0012783041069673697, 0.0012783041069673697, 0.0012783041069673697, 0.0012783041069673697, 0.0013113335692477239]}