{"HDA": [5.0503775157193e-05, 7.601137642237001e-05, 0.00010177859536642937, 0.00012780941585789128, 0.00015410790369484065, 0.00018067820872194235, 0.0002075245670134401, 0.00023465130312455123, 0.00028947436170298935, 0.0003171751927279201, 0.00034516992971736607, 0.00040175662052768747, 0.0004589501347831709, 0.00048785521051446934, 0.0005755104333048272, 0.0006050472953086079, 0.0010529555636952423, 0.0010529555636952423, 0.0011445278600231933, 0.0011753920575540576, 0.0011753920575540576, 0.0013016387435785494, 0.0013016387435785494, 0.001333921801429789, 0.001333921801429789, 0.001366951263710143], "HBA": [5.0503775157193e-05, 7.601137642237001e-05, 0.00015331303325454812, 0.00017934385374601003, 0.00023194082941990876, 0.0002585111344470105, 0.0002853574927385083, 0.0003667377010718416, 0.00039414923036106063, 0.0004772517234358529, 0.0005332411974147449, 0.0005615345428199056, 0.0005901312999476473, 0.0006190363756789456, 0.0006774731908725176, 0.0007956206388876405, 0.0008553417413391918, 0.0008855313319683428, 0.0010076277270722775, 0.0011619487147265985, 0.0012867887634142176, 0.0012867887634142176, 0.0012867887634142176, 0.0012867887634142176, 0.0013194418246387073, 0.0013194418246387073, 0.0013194418246387073, 0.0013194418246387073, 0.0013194418246387073, 0.0013194418246387073, 0.0013194418246387073, 0.0013194418246387073, 0.0013194418246387073, 0.0013194418246387073, 0.0013194418246387073, 0.0013194418246387073, 0.0013194418246387073, 0.0013194418246387073, 0.0013194418246387073, 0.0013194418246387073, 0.0013194418246387073, 0.0013194418246387073, 0.0013194418246387073, 0.0013194418246387073, 0.0013194418246387073, 0.0013194418246387073, 0.0013194418246387073, 0.0013194418246387073, 0.0013194418246387073, 0.0013194418246387073, 0.0013194418246387073, 0.0013194418246387073, 0.0013657188388457506], "HCA": [5.0503775157193e-05, 7.601137642237001e-05, 0.00010177859536642937, 0.00012780941585789128, 0.00015410790369484065, 0.00018067820872194235, 0.00023437092530493786, 0.00026149766141604896, 0.000288909190705268, 0.00031661002173019874, 0.00037259949570909073, 0.00040089284111425146, 0.0004580863553697349, 0.00048699143110103333, 0.0005162098386978193, 0.000870652182743188, 0.0010498154900978418, 0.0010498154900978418, 0.0011719118852017763, 0.001264504477794369, 0.0012957144899662738, 0.0012957144899662738, 0.0012957144899662738, 0.0012957144899662738, 0.0013283675511907636, 0.0013613970134711178], "HPRA": [5.0503775157193e-05, 7.601137642237001e-05, 0.00010177859536642937, 0.00012780941585789128, 0.00015410790369484065, 0.00018067820872194235, 0.0002075245670134401, 0.0002617780392356623, 0.00028918956852488133, 0.0003168903995498121, 0.00034488513653925805, 0.00040147182734957945, 0.0004586653416050629, 0.0004875704173363613, 0.0005752256401267193, 0.0006638362261380614, 0.0008728600847184908, 0.0008728600847184908, 0.0009339082822704581, 0.0010573650723939149, 0.001150995108909629, 0.001214118451921875, 0.0013098763758900833, 0.0013421594337413231, 0.0013421594337413231, 0.0013751888960216773]}