{"HDA": [2.52518875785965e-05, 7.626709010895054e-05, 0.00010203430905300991, 0.00012806512954447182, 0.00018066210521837058, 0.0002603730202996757, 0.0002872193785911735, 0.00034147285081339576, 0.0003688843801026148, 0.00039658521112754554, 0.00045257468510643753, 0.00048086803051159826, 0.00050946478763934, 0.0005383698633706384, 0.0007428987165481401, 0.000979193612578386, 0.000979193612578386, 0.0010999519750949903, 0.0010999519750949903, 0.0011616803701567186, 0.0011616803701567186, 0.0011932420416628415, 0.0012251613496522442, 0.0012251613496522442, 0.0012251613496522442, 0.0012251613496522442, 0.0012585737590210839], "HBA": [2.52518875785965e-05, 7.626709010895054e-05, 0.00012780152799706928, 0.00017986316897999305, 0.00020616165681694242, 0.00025930226687114583, 0.00031299498345414134, 0.00034012171956525247, 0.0003949447781436906, 0.00042264560916862134, 0.0004506403461580673, 0.0005638137277787102, 0.0006496039991619353, 0.0006785090748932336, 0.0007077274824900196, 0.0008258749305051425, 0.0010647593403113477, 0.0010949489309404986, 0.001155997128492466, 0.0011868613260233303, 0.0011868613260233303, 0.0011868613260233303, 0.001218780634012733, 0.001218780634012733, 0.001218780634012733, 0.001218780634012733, 0.001218780634012733, 0.001218780634012733, 0.001218780634012733, 0.001218780634012733, 0.001218780634012733, 0.001218780634012733, 0.001218780634012733, 0.001218780634012733, 0.001218780634012733, 0.001218780634012733, 0.001218780634012733, 0.001218780634012733, 0.001218780634012733, 0.001218780634012733, 0.001218780634012733, 0.001218780634012733, 0.001218780634012733, 0.001218780634012733, 0.001218780634012733, 0.001218780634012733, 0.001218780634012733, 0.001218780634012733, 0.001218780634012733, 0.001218780634012733, 0.001218780634012733, 0.001218780634012733, 0.001218780634012733, 0.001218780634012733, 0.001218780634012733, 0.001218780634012733, 0.001218780634012733, 0.001218780634012733, 0.001218780634012733, 0.001218780634012733, 0.001218780634012733, 0.001218780634012733, 0.001218780634012733, 0.001218780634012733, 0.001218780634012733, 0.001218780634012733, 0.001218780634012733, 0.001218780634012733, 0.001218780634012733, 0.001218780634012733, 0.001218780634012733, 0.001218780634012733, 0.001218780634012733, 0.001218780634012733, 0.001218780634012733, 0.001218780634012733, 0.001218780634012733, 0.0012859668742707282], "HCA": [2.52518875785965e-05, 7.626709010895054e-05, 0.00010203430905300991, 0.00012806512954447182, 0.00015436361738142119, 0.0002075042274356246, 0.0002880433023101179, 0.000315170038421229, 0.0003699930969996671, 0.00039769392802459783, 0.0004536834020034898, 0.00048197674740865055, 0.0005105735045363922, 0.0007129090346554811, 0.0007421274422522671, 0.000978422338282513, 0.000978422338282513, 0.0011293702914282682, 0.0011293702914282682, 0.0011602344889591325, 0.0011914445011310373, 0.0011914445011310373, 0.00122336380912044, 0.00122336380912044, 0.00122336380912044, 0.00122336380912044, 0.00122336380912044, 0.001257165864285394], "HPRA": [2.52518875785965e-05, 7.626709010895054e-05, 0.00010203430905300991, 0.00012806512954447182, 0.00020696059305531992, 0.00026010120310952334, 0.00031379391969251885, 0.00034092065580362997, 0.000368332185092849, 0.0004237338471427105, 0.00045172858413215647, 0.0005649019657527993, 0.0006506922371360244, 0.0006795973128673228, 0.0007672525356576807, 0.0008263262596652422, 0.0009159079133425691, 0.0010064766852300223, 0.0010064766852300223, 0.0010682050802917507, 0.001161835116807465, 0.001224958459819711, 0.001224958459819711, 0.001224958459819711, 0.001224958459819711, 0.001257987922100065]}