{"HDA": [2.52518875785965e-05, 7.626709010895054e-05, 0.00010203430905300991, 0.0001540959500359337, 0.00018039443787288306, 0.00020696474289998477, 0.0002606574594829803, 0.0002877841955940914, 0.00037001878346174855, 0.00048082210756147156, 0.0005368115815403635, 0.0006216916177558456, 0.0007360786462668125, 0.0009673192521171997, 0.0010549744749075577, 0.0010845113369113385, 0.0010845113369113385, 0.0010845113369113385, 0.001115035435687322, 0.001115035435687322, 0.0011462454478592269, 0.0011462454478592269, 0.0011781647558486296], "HBA": [5.0503775157193e-05, 7.601137642237001e-05, 0.00010177859536642937, 0.00015384023634935315, 0.00018013872418630252, 0.00020670902921340423, 0.0002872481040878975, 0.00031437484019900864, 0.00045143248664510386, 0.0005068341486949654, 0.0007307920446105332, 0.0008722587716363367, 0.0009008555287640784, 0.0009875707559579736, 0.0010167891635547595, 0.0010758628875623209, 0.0010758628875623209, 0.0011060524781914718, 0.0011060524781914718, 0.0011060524781914718, 0.0011372624903633766, 0.0011372624903633766, 0.0011372624903633766, 0.0011372624903633766, 0.0011372624903633766, 0.0011372624903633766, 0.0011372624903633766, 0.0011372624903633766, 0.0011372624903633766, 0.0011372624903633766, 0.0011372624903633766, 0.0011372624903633766, 0.0011372624903633766, 0.0011372624903633766, 0.0011372624903633766, 0.0011372624903633766, 0.0011372624903633766, 0.0011372624903633766, 0.0011372624903633766, 0.0011372624903633766, 0.0011372624903633766, 0.0011372624903633766, 0.0011372624903633766, 0.0011372624903633766, 0.0011372624903633766, 0.0011372624903633766, 0.0011372624903633766, 0.0011372624903633766, 0.0011372624903633766, 0.0011372624903633766, 0.0011372624903633766, 0.0011372624903633766, 0.0011372624903633766, 0.0011372624903633766, 0.0011372624903633766, 0.0011372624903633766, 0.0011372624903633766, 0.0011372624903633766, 0.0011372624903633766, 0.0011372624903633766, 0.0011372624903633766, 0.0011372624903633766, 0.0011372624903633766, 0.0011372624903633766, 0.0011372624903633766, 0.0011372624903633766, 0.0011372624903633766, 0.0011372624903633766, 0.0011372624903633766, 0.0011372624903633766, 0.0011372624903633766, 0.0011372624903633766, 0.0011372624903633766, 0.0011372624903633766, 0.0011372624903633766, 0.0011372624903633766, 0.0011372624903633766, 0.0011372624903633766, 0.0011372624903633766, 0.0011372624903633766, 0.0011372624903633766, 0.0011372624903633766, 0.0011372624903633766, 0.0011372624903633766, 0.0011372624903633766, 0.0011372624903633766, 0.0011372624903633766, 0.0011372624903633766, 0.0011372624903633766, 0.0011372624903633766, 0.0011372624903633766, 0.0011372624903633766, 0.0011372624903633766, 0.0011372624903633766, 0.0011372624903633766, 0.0011372624903633766, 0.0011372624903633766, 0.0011372624903633766, 0.0011372624903633766, 0.0011372624903633766, 0.0011372624903633766, 0.0011372624903633766, 0.0011372624903633766, 0.0011372624903633766, 0.0011372624903633766, 0.0011372624903633766, 0.0011372624903633766, 0.0011372624903633766, 0.0011372624903633766, 0.0011372624903633766, 0.0011372624903633766, 0.0011372624903633766, 0.0011372624903633766, 0.0011372624903633766, 0.0011372624903633766, 0.0011372624903633766, 0.0011372624903633766, 0.0011372624903633766, 0.0011372624903633766, 0.0011372624903633766, 0.0011372624903633766, 0.0011372624903633766, 0.0011372624903633766, 0.0011372624903633766, 0.0011372624903633766, 0.0011372624903633766, 0.0011372624903633766, 0.0011372624903633766, 0.0011372624903633766, 0.0011372624903633766, 0.0011372624903633766, 0.0011372624903633766, 0.0011372624903633766, 0.0011372624903633766, 0.0011372624903633766, 0.0011372624903633766, 0.0011372624903633766, 0.0011372624903633766, 0.0011372624903633766, 0.0011372624903633766, 0.0011372624903633766, 0.0011372624903633766, 0.0011372624903633766, 0.0011372624903633766, 0.0011372624903633766, 0.0011372624903633766, 0.0011372624903633766, 0.0011372624903633766, 0.0011372624903633766, 0.0011372624903633766, 0.0011372624903633766, 0.0011372624903633766, 0.0011372624903633766, 0.0011372624903633766, 0.0011372624903633766, 0.0011372624903633766, 0.0011372624903633766, 0.0011372624903633766, 0.0011372624903633766, 0.0011372624903633766, 0.0011372624903633766, 0.0011372624903633766, 0.0011372624903633766, 0.0011372624903633766, 0.0011372624903633766, 0.0011372624903633766, 0.0011372624903633766, 0.0011372624903633766, 0.0011372624903633766, 0.0011372624903633766, 0.0011372624903633766, 0.0011372624903633766, 0.0011372624903633766, 0.0011372624903633766, 0.0011372624903633766, 0.0011372624903633766, 0.0011372624903633766, 0.0011372624903633766, 0.0011372624903633766, 0.0011372624903633766, 0.0011372624903633766, 0.0011372624903633766, 0.0011372624903633766, 0.0011372624903633766, 0.0011372624903633766, 0.0011372624903633766, 0.0011372624903633766, 0.0011372624903633766, 0.009401725300280732], "HCA": [2.52518875785965e-05, 7.626709010895054e-05, 0.00010203430905300991, 0.0001540959500359337, 0.00018039443787288306, 0.00020696474289998477, 0.00023381110119148252, 0.00031519130952481586, 0.0003426028388140349, 0.0003980045008638964, 0.00042599923785334237, 0.00048258592866366377, 0.0008543437713243061, 0.0008543437713243061, 0.001029654216905022, 0.0010591910789088028, 0.0010890516301345784, 0.0011192412207637293, 0.0011192412207637293, 0.0011501054182945936, 0.0011501054182945936, 0.0011501054182945936, 0.0011501054182945936, 0.0011501054182945936, 0.0011501054182945936, 0.0011831348805749478], "HPRA": [5.0503775157193e-05, 7.601137642237001e-05, 0.00010177859536642937, 0.00015384023634935315, 0.00018013872418630252, 0.00020670902921340423, 0.00023355538750490198, 0.0003149355958382353, 0.00034234712512745436, 0.0004808512802521081, 0.000564835491220446, 0.0006214221820307675, 0.0007358092105417344, 0.0009670498163921216, 0.0010547050391824795, 0.0010547050391824795, 0.0010547050391824795, 0.0010547050391824795, 0.0010547050391824795, 0.0011164334342442079, 0.0011476434464161127, 0.0011476434464161127, 0.0011795627544055154]}