{"HDA": [2.52518875785965e-05, 7.626709010895054e-05, 0.00012780152799706928, 0.00015383234848853118, 0.00018013083632548055, 0.00020670114135258225, 0.00023354749964408, 0.00031492770797741335, 0.0003423392372666324, 0.00037004006829156313, 0.0003980348052810091, 0.00042632815068616983, 0.0005121184220693949, 0.0007144539521884839, 0.0008021091749788418, 0.0008021091749788418, 0.0009812724823334957, 0.0010416516635917978, 0.0010416516635917978, 0.0010725158611226621, 0.0010725158611226621, 0.0010725158611226621, 0.0010725158611226621, 0.001104798918973902], "HBA": [5.0503775157193e-05, 0.00010151897768754704, 0.00017882063451972515, 0.00020485145501118705, 0.00023114994284813642, 0.00031086085792944156, 0.00033770721622093934, 0.00036483395233205047, 0.0003922454816212695, 0.00041994631264620025, 0.0004479410496356462, 0.00047623439504080695, 0.0005048311521685487, 0.0008227869852128313, 0.0008520053928096173, 0.0009701528408247402, 0.0010298739432762914, 0.0010298739432762914, 0.0010298739432762914, 0.0010298739432762914, 0.0010610839554481962, 0.0010610839554481962, 0.0010610839554481962, 0.0010610839554481962, 0.0010610839554481962, 0.0010610839554481962, 0.0010610839554481962, 0.0010610839554481962, 0.0010610839554481962, 0.0010610839554481962, 0.0010610839554481962, 0.0010610839554481962, 0.0010610839554481962, 0.0010610839554481962, 0.0010610839554481962, 0.0010610839554481962, 0.0010610839554481962, 0.0010610839554481962, 0.0010610839554481962, 0.0010610839554481962, 0.0010610839554481962, 0.0010610839554481962, 0.0010610839554481962, 0.0010610839554481962, 0.0010610839554481962, 0.0010610839554481962, 0.0010610839554481962, 0.0010610839554481962, 0.0010610839554481962, 0.0010610839554481962, 0.0010610839554481962, 0.0010610839554481962, 0.0010610839554481962, 0.0010610839554481962, 0.0010610839554481962, 0.0010610839554481962, 0.0010610839554481962, 0.0010610839554481962, 0.0010610839554481962, 0.0010610839554481962, 0.0010610839554481962, 0.0010610839554481962, 0.0010610839554481962, 0.0010610839554481962, 0.0010610839554481962, 0.0010610839554481962, 0.0010610839554481962, 0.0010610839554481962, 0.0010610839554481962, 0.0010610839554481962, 0.0010610839554481962, 0.0010610839554481962, 0.0010610839554481962, 0.0010610839554481962, 0.0010610839554481962, 0.0010610839554481962, 0.0010610839554481962, 0.0010610839554481962, 0.0011293853009847034], "HCA": [2.52518875785965e-05, 7.626709010895054e-05, 0.00010203430905300991, 0.00012806512954447182, 0.00018066210521837058, 0.0002072324102454723, 0.00023407876853697004, 0.00026120550464808117, 0.0003434400925157383, 0.00037114092354066907, 0.00039913566053011504, 0.00042742900593527577, 0.0007705900914681764, 0.0008284002429307732, 0.0009452738733179172, 0.0009452738733179172, 0.0009452738733179172, 0.0010358426452053704, 0.0010358426452053704, 0.0010358426452053704, 0.0010670526573772752, 0.0010670526573772752, 0.0010989719653666779], "HPRA": [5.0503775157193e-05, 7.601137642237001e-05, 0.00012754581431048874, 0.00015357663480195064, 0.0001798751226389, 0.0002064454276660017, 0.00023329178595749947, 0.0003146719942908328, 0.00034208352358005184, 0.00039748518562991334, 0.00045347465960880534, 0.00048176800501396606, 0.0005103647621417077, 0.000597079989335603, 0.0007723904349163189, 0.0007723904349163189, 0.0009814142934967483, 0.0009814142934967483, 0.0009814142934967483, 0.0010431426885584767, 0.0010743527007303815, 0.0010743527007303815, 0.0011062720087197842]}