{"HDA": [2.52518875785965e-05, 7.626709010895054e-05, 0.00010203430905300991, 0.00012806512954447182, 0.00018066210521837058, 0.0002072324102454723, 0.00023407876853697004, 0.00026120550464808117, 0.00031602856322651923, 0.00034372939425145, 0.00042771360521978794, 0.00048430029603010934, 0.0005414938102855927, 0.0009461648705237706, 0.0010338200933141285, 0.0011519675413292514, 0.001181828092555027, 0.0012422072738133292, 0.0012727313725893127, 0.0012727313725893127, 0.0013351513969331221, 0.0013351513969331221, 0.0013351513969331221, 0.0013351513969331221, 0.0013351513969331221, 0.0013351513969331221, 0.0013351513969331221, 0.0013689534520980762], "HBA": [5.0503775157193e-05, 0.00010151897768754704, 0.0001272861966316064, 0.0001533170171230683, 0.00017961550496001767, 0.00020618580998711937, 0.00023303216827861713, 0.00028728564050083935, 0.0004791663455253727, 0.0005068671765503034, 0.0005348619135397494, 0.0005914486043500708, 0.0006486421186055543, 0.0007064522700681511, 0.0010278547536327967, 0.0011460022016479196, 0.0011758627528736952, 0.0012362419341319974, 0.001266766032907981, 0.0012976302304388452, 0.00132884024261075, 0.00132884024261075, 0.00132884024261075, 0.00132884024261075, 0.00132884024261075, 0.00132884024261075, 0.00132884024261075, 0.00132884024261075, 0.00132884024261075, 0.00132884024261075, 0.00132884024261075, 0.00132884024261075, 0.00132884024261075, 0.00132884024261075, 0.00132884024261075, 0.00132884024261075, 0.00132884024261075, 0.00132884024261075, 0.00132884024261075, 0.00132884024261075, 0.00132884024261075, 0.00132884024261075, 0.00132884024261075, 0.00132884024261075, 0.00132884024261075, 0.00132884024261075, 0.00132884024261075, 0.00132884024261075, 0.00132884024261075, 0.00132884024261075, 0.00132884024261075, 0.00132884024261075, 0.00132884024261075, 0.00132884024261075, 0.00132884024261075, 0.00132884024261075, 0.00132884024261075, 0.00132884024261075, 0.00132884024261075, 0.00132884024261075, 0.00132884024261075, 0.00132884024261075, 0.00132884024261075, 0.00132884024261075, 0.00132884024261075, 0.00132884024261075, 0.00132884024261075, 0.00132884024261075, 0.00132884024261075, 0.00132884024261075, 0.00132884024261075, 0.00132884024261075, 0.00132884024261075, 0.00132884024261075, 0.00132884024261075, 0.00132884024261075, 0.00132884024261075, 0.00132884024261075, 0.00132884024261075, 0.00132884024261075, 0.00132884024261075, 0.00132884024261075, 0.00132884024261075, 0.00132884024261075, 0.00132884024261075, 0.00132884024261075, 0.00132884024261075, 0.00132884024261075, 0.00132884024261075, 0.00132884024261075, 0.00132884024261075, 0.00132884024261075, 0.00132884024261075, 0.00132884024261075, 0.00132884024261075, 0.00132884024261075, 0.00132884024261075, 0.00132884024261075, 0.00132884024261075, 0.00132884024261075, 0.00132884024261075, 0.00132884024261075, 0.00132884024261075, 0.00132884024261075, 0.00132884024261075, 0.00132884024261075, 0.00132884024261075, 0.00132884024261075, 0.00132884024261075, 0.00132884024261075, 0.00132884024261075, 0.00132884024261075, 0.00132884024261075, 0.00132884024261075, 0.00132884024261075, 0.00132884024261075, 0.00132884024261075, 0.00132884024261075, 0.00132884024261075, 0.00132884024261075, 0.00132884024261075, 0.00132884024261075, 0.00132884024261075, 0.00132884024261075, 0.00132884024261075, 0.00132884024261075, 0.00132884024261075, 0.00132884024261075, 0.00132884024261075, 0.00132884024261075, 0.00132884024261075, 0.00132884024261075, 0.00132884024261075, 0.00132884024261075, 0.00132884024261075, 0.00132884024261075, 0.00132884024261075, 0.001588985924192436], "HCA": [2.52518875785965e-05, 5.075948884377352e-05, 7.652670778783289e-05, 0.00012858834877075667, 0.00015488683660770604, 0.00020802744666190945, 0.0002348738049534072, 0.0002620005410645183, 0.00028941207035373733, 0.00034481373240359884, 0.0004287979433719368, 0.0004853846341822582, 0.0005139813913099999, 0.0005717915427725967, 0.0010100676567243864, 0.0010100676567243864, 0.0012190915153048158, 0.001279470696563118, 0.001279470696563118, 0.001279470696563118, 0.001279470696563118, 0.001342594039575364, 0.001342594039575364, 0.001342594039575364, 0.001342594039575364, 0.001342594039575364, 0.001342594039575364, 0.001342594039575364, 0.001376792596396266], "HPRA": [5.0503775157193e-05, 7.601137642237001e-05, 0.00012754581431048874, 0.00015357663480195064, 0.0001798751226389, 0.0002064454276660017, 0.00023329178595749947, 0.00026041852206861056, 0.00031524158064704863, 0.0003429424116719794, 0.00042692662264031734, 0.00048351331345063874, 0.0005407068277061221, 0.0009453778879443, 0.0010330331107346578, 0.0010330331107346578, 0.0010330331107346578, 0.001183981063880413, 0.001275553360208364, 0.001275553360208364, 0.0013379733845521734, 0.0013379733845521734, 0.0013379733845521734, 0.0013379733845521734, 0.0013379733845521734, 0.0013379733845521734, 0.0013379733845521734, 0.0013717754397171275]}