{"HDA": [2.52518875785965e-05, 5.075948884377352e-05, 0.00010229392673189225, 0.00015435556771481603, 0.0001806540555517654, 0.0002603649706330705, 0.00031405768721606603, 0.00034118442332717715, 0.0003960074819056152, 0.0004514091439554767, 0.0005073986179343687, 0.0005922786541498507, 0.0006208754112775924, 0.0006497804870088908, 0.0008543093401863927, 0.0010019936502052964, 0.0010915753038826233, 0.0010915753038826233, 0.0011831476002105742, 0.0011831476002105742, 0.001214357612382479, 0.001214357612382479, 0.001214357612382479, 0.0012466406702337186], "HBA": [7.57556627357895e-05, 0.00010126326400096652, 0.00012703048294502588, 0.00017909212392794966, 0.0002316890996018484, 0.0002848297096560518, 0.0003116760679475496, 0.00036592954016977184, 0.0003933410694589909, 0.0004487427315088524, 0.00047673746849829834, 0.000505030813903459, 0.0005336275710312007, 0.00090939355553808, 0.00090939355553808, 0.0009980041415494222, 0.0010577252440009735, 0.0010879148346301245, 0.0011489630321820919, 0.0011798272297129562, 0.0011798272297129562, 0.001211388901219079, 0.001211388901219079, 0.001211388901219079, 0.001211388901219079, 0.001211388901219079, 0.001211388901219079, 0.001211388901219079, 0.001211388901219079, 0.001211388901219079, 0.001211388901219079, 0.001211388901219079, 0.001211388901219079, 0.001211388901219079, 0.001211388901219079, 0.001211388901219079, 0.001211388901219079, 0.001211388901219079, 0.001211388901219079, 0.001211388901219079, 0.001211388901219079, 0.001211388901219079, 0.001211388901219079, 0.001211388901219079, 0.001211388901219079, 0.001211388901219079, 0.001211388901219079, 0.001211388901219079, 0.001211388901219079, 0.001211388901219079, 0.001211388901219079, 0.001211388901219079, 0.001211388901219079, 0.001211388901219079, 0.001211388901219079, 0.001211388901219079, 0.001211388901219079, 0.001211388901219079, 0.001211388901219079, 0.001211388901219079, 0.001211388901219079, 0.001211388901219079, 0.001211388901219079, 0.001211388901219079, 0.001211388901219079, 0.001211388901219079, 0.001211388901219079, 0.001211388901219079, 0.001211388901219079, 0.001211388901219079, 0.001211388901219079, 0.001211388901219079, 0.001211388901219079, 0.001211388901219079, 0.001211388901219079, 0.001211388901219079, 0.001211388901219079, 0.001211388901219079, 0.001211388901219079, 0.001211388901219079, 0.001211388901219079, 0.001211388901219079, 0.001211388901219079, 0.001211388901219079, 0.001211388901219079, 0.001211388901219079, 0.001211388901219079, 0.001211388901219079, 0.001211388901219079, 0.001211388901219079, 0.001211388901219079, 0.001211388901219079, 0.001211388901219079, 0.001211388901219079, 0.001211388901219079, 0.001211388901219079, 0.001211388901219079, 0.001211388901219079, 0.001211388901219079, 0.001211388901219079, 0.001211388901219079, 0.001211388901219079, 0.001211388901219079, 0.001211388901219079, 0.001211388901219079, 0.001211388901219079, 0.001211388901219079, 0.001211388901219079, 0.001211388901219079, 0.001211388901219079, 0.001211388901219079, 0.001211388901219079, 0.001211388901219079, 0.001211388901219079, 0.001211388901219079, 0.001211388901219079, 0.001211388901219079, 0.001211388901219079, 0.001211388901219079, 0.001211388901219079, 0.001211388901219079, 0.001211388901219079, 0.001211388901219079, 0.001211388901219079, 0.001211388901219079, 0.001211388901219079, 0.001211388901219079, 0.0014042901357869803], "HCA": [2.52518875785965e-05, 5.075948884377352e-05, 0.00010229392673189225, 0.00012832474722335416, 0.00018092172289725292, 0.00026063263797855807, 0.0003143253545615536, 0.0003685788267837758, 0.00039599035607299486, 0.0004236911870979256, 0.0004516859240873716, 0.000508272614897693, 0.0005654661291531765, 0.0005943712048844748, 0.0006528080200780468, 0.0009777135021196348, 0.0009777135021196348, 0.00112866145526539, 0.00112866145526539, 0.0011595256527962543, 0.0011907356649681592, 0.001222297336474282, 0.001222297336474282, 0.001222297336474282, 0.001222297336474282, 0.0012553267987546362], "HPRA": [2.52518875785965e-05, 5.075948884377352e-05, 0.00010229392673189225, 0.00015435556771481603, 0.00023325103122566416, 0.0002598213362527659, 0.0003135140528357614, 0.00034064078894687253, 0.00039546384752531065, 0.00045086550957517215, 0.0005068549835540641, 0.0005917350197695462, 0.0006203317768972878, 0.0006492368526285862, 0.0007368920754189442, 0.0008255026614302863, 0.0009748054175591644, 0.0009748054175591644, 0.0010358536151111317, 0.0010975820101728601, 0.0011600020345166695, 0.0012231253775289155, 0.0012231253775289155, 0.001255408435380155]}