{"HDA": [5.0503775157193e-05, 0.00010151897768754704, 0.00017882063451972515, 0.00023088227550264892, 0.0002571807633395983, 0.00031032137339380173, 0.0003371677316852995, 0.00036429446779641064, 0.00039170599708562967, 0.0004748084901604219, 0.0005307979641393139, 0.0005590913095444746, 0.0006448815809276998, 0.0008183120353154902, 0.001022840888492992, 0.0011409883365081149, 0.0012007094389596662, 0.0012007094389596662, 0.0012007094389596662, 0.0012007094389596662, 0.0012007094389596662, 0.0012953944534780351, 0.0012953944534780351, 0.0012953944534780351, 0.0012953944534780351, 0.0013284239157583893], "HBA": [5.0503775157193e-05, 0.00010151897768754704, 0.00017882063451972515, 0.00023088227550264892, 0.0002571807633395983, 0.00031032137339380173, 0.0003371677316852995, 0.00036429446779641064, 0.0005287636435317249, 0.0006395669676314479, 0.0007235511785997858, 0.0008367245602204286, 0.0008653213173481703, 0.0009809416202733639, 0.0011270336582572937, 0.001186107382264855, 0.001186107382264855, 0.001186107382264855, 0.0012166314810408386, 0.001247495678571703, 0.001247495678571703, 0.0012790573500778258, 0.0012790573500778258, 0.0012790573500778258, 0.0012790573500778258, 0.0012790573500778258, 0.0012790573500778258, 0.0012790573500778258, 0.0012790573500778258, 0.0012790573500778258, 0.0012790573500778258, 0.0012790573500778258, 0.0012790573500778258, 0.0012790573500778258, 0.0012790573500778258, 0.0012790573500778258, 0.0012790573500778258, 0.0012790573500778258, 0.0012790573500778258, 0.0012790573500778258, 0.0012790573500778258, 0.0012790573500778258, 0.0012790573500778258, 0.0012790573500778258, 0.0012790573500778258, 0.0012790573500778258, 0.0012790573500778258, 0.0012790573500778258, 0.0012790573500778258, 0.0012790573500778258, 0.0012790573500778258, 0.0012790573500778258, 0.0012790573500778258, 0.0012790573500778258, 0.0012790573500778258, 0.0012790573500778258, 0.0012790573500778258, 0.0012790573500778258, 0.0012790573500778258, 0.0012790573500778258, 0.0012790573500778258, 0.0012790573500778258, 0.0012790573500778258, 0.0012790573500778258, 0.0012790573500778258, 0.0012790573500778258, 0.0012790573500778258, 0.0012790573500778258, 0.0012790573500778258, 0.0012790573500778258, 0.0012790573500778258, 0.0012790573500778258, 0.0012790573500778258, 0.0012790573500778258, 0.0012790573500778258, 0.0012790573500778258, 0.0012790573500778258, 0.0012790573500778258, 0.0012790573500778258, 0.0012790573500778258, 0.0012790573500778258, 0.0012790573500778258, 0.0012790573500778258, 0.0012790573500778258, 0.0012790573500778258, 0.0012790573500778258, 0.0012790573500778258, 0.0012790573500778258, 0.0012790573500778258, 0.0012790573500778258, 0.0012790573500778258, 0.0012790573500778258, 0.0012790573500778258, 0.0012790573500778258, 0.0012790573500778258, 0.0012790573500778258, 0.0012790573500778258, 0.0012790573500778258, 0.0012790573500778258, 0.0012790573500778258, 0.0012790573500778258, 0.0012790573500778258, 0.0012790573500778258, 0.0012790573500778258, 0.0012790573500778258, 0.0012790573500778258, 0.0012790573500778258, 0.0012790573500778258, 0.0012790573500778258, 0.0012790573500778258, 0.0012790573500778258, 0.0012790573500778258, 0.0012790573500778258, 0.0012790573500778258, 0.0012790573500778258, 0.0012790573500778258, 0.0012790573500778258, 0.0014277783494829417], "HCA": [5.0503775157193e-05, 0.00010151897768754704, 0.00017882063451972515, 0.00023088227550264892, 0.0002571807633395983, 0.00028375106836670005, 0.00033744378494969556, 0.0003645705210608067, 0.0003919820503500257, 0.00041968288137495647, 0.00044767761836440244, 0.00047597096376956316, 0.0005045677208973049, 0.0009381438568667811, 0.0009381438568667811, 0.0011449018908932461, 0.0011747624421190217, 0.0011747624421190217, 0.001235810639670989, 0.001235810639670989, 0.001267020651842894, 0.001267020651842894, 0.0012989399598322966, 0.0012989399598322966, 0.0012989399598322966, 0.0012989399598322966, 0.0012989399598322966, 0.0013327420149972507], "HPRA": [5.0503775157193e-05, 0.00010151897768754704, 0.00017882063451972515, 0.00023088227550264892, 0.0002571807633395983, 0.00031032137339380173, 0.0003371677316852995, 0.00036429446779641064, 0.0004739405849532868, 0.0005016414159782175, 0.0005296361529676635, 0.0006145161891831456, 0.0006431129463108872, 0.0008165434006986777, 0.0010210722538761794, 0.0011392197018913024, 0.0011392197018913024, 0.0011392197018913024, 0.0011392197018913024, 0.0011392197018913024, 0.0012016397262351118, 0.0012647630692473578, 0.0012966823772367604, 0.0012966823772367604, 0.0013293354384612502]}