{"HDA": [5.0503775157193e-05, 0.00010151897768754704, 0.00015305341557566578, 0.0001790842360671277, 0.00020538272390407706, 0.0002850936389853822, 0.00031193999727687996, 0.0003390667333879911, 0.0003664782626772101, 0.00039417909370214086, 0.0004781633046704788, 0.0005064566500756395, 0.000563650164331123, 0.0006214603157937198, 0.0006798971309872918, 0.0007389708549948533, 0.0008584130598979558, 0.00097917142241456, 0.0011317919162944783, 0.0011317919162944783, 0.0012254219528101925, 0.0012569836243163154, 0.0012569836243163154, 0.0012569836243163154, 0.0012896366855408052], "HBA": [7.57556627357895e-05, 0.00012677086526614355, 0.0001783053031542623, 0.00023036694413718607, 0.00025666543197413544, 0.0002832357370012372, 0.00031008209529273496, 0.00039146230362606827, 0.0004188738329152873, 0.00044657466394021805, 0.000530558874908556, 0.0005871455657188774, 0.0006443390799743609, 0.0007021492314369577, 0.0007605860466305297, 0.0009082703566494333, 0.0009679914591009845, 0.0009981810497301355, 0.00112027744483407, 0.0011820058398957984, 0.0012132158520677032, 0.001244777523573826, 0.001244777523573826, 0.001244777523573826, 0.001244777523573826, 0.001244777523573826, 0.001244777523573826, 0.001244777523573826, 0.001244777523573826, 0.001244777523573826, 0.001244777523573826, 0.001244777523573826, 0.001244777523573826, 0.001244777523573826, 0.001244777523573826, 0.001244777523573826, 0.001244777523573826, 0.001244777523573826, 0.001244777523573826, 0.001244777523573826, 0.001244777523573826, 0.001244777523573826, 0.001244777523573826, 0.001244777523573826, 0.001244777523573826, 0.001244777523573826, 0.001244777523573826, 0.001244777523573826, 0.001244777523573826, 0.001244777523573826, 0.001244777523573826, 0.001244777523573826, 0.001244777523573826, 0.001244777523573826, 0.001244777523573826, 0.001244777523573826, 0.001244777523573826, 0.001244777523573826, 0.001244777523573826, 0.001244777523573826, 0.001244777523573826, 0.001244777523573826, 0.001244777523573826, 0.001244777523573826, 0.001244777523573826, 0.001244777523573826, 0.001244777523573826, 0.001244777523573826, 0.001244777523573826, 0.001244777523573826, 0.001244777523573826, 0.001244777523573826, 0.001244777523573826, 0.001244777523573826, 0.001244777523573826, 0.001244777523573826, 0.001244777523573826, 0.001244777523573826, 0.001244777523573826, 0.001244777523573826, 0.001244777523573826, 0.001244777523573826, 0.001244777523573826, 0.001244777523573826, 0.001244777523573826, 0.001244777523573826, 0.001244777523573826, 0.001244777523573826, 0.001244777523573826, 0.001244777523573826, 0.001244777523573826, 0.001244777523573826, 0.001244777523573826, 0.001244777523573826, 0.001244777523573826, 0.001244777523573826, 0.001244777523573826, 0.001244777523573826, 0.001244777523573826, 0.001244777523573826, 0.001244777523573826, 0.001244777523573826, 0.001244777523573826, 0.001244777523573826, 0.001244777523573826, 0.001244777523573826, 0.001244777523573826, 0.001244777523573826, 0.001244777523573826, 0.001244777523573826, 0.001244777523573826, 0.001244777523573826, 0.001244777523573826, 0.001244777523573826, 0.001244777523573826, 0.001244777523573826, 0.001244777523573826, 0.001244777523573826, 0.001244777523573826, 0.001244777523573826, 0.001244777523573826, 0.001244777523573826, 0.001244777523573826, 0.001244777523573826, 0.001244777523573826, 0.001244777523573826, 0.001244777523573826, 0.001244777523573826, 0.001244777523573826, 0.001244777523573826, 0.001244777523573826, 0.001244777523573826, 0.001244777523573826, 0.001244777523573826, 0.001244777523573826, 0.001244777523573826, 0.001244777523573826, 0.001244777523573826, 0.001244777523573826, 0.001244777523573826, 0.001244777523573826, 0.001244777523573826, 0.001244777523573826, 0.001244777523573826, 0.001244777523573826, 0.001244777523573826, 0.001244777523573826, 0.001244777523573826, 0.001244777523573826, 0.001244777523573826, 0.001244777523573826, 0.001244777523573826, 0.001244777523573826, 0.001244777523573826, 0.001244777523573826, 0.001244777523573826, 0.001244777523573826, 0.001244777523573826, 0.001244777523573826, 0.001244777523573826, 0.001244777523573826, 0.001244777523573826, 0.001244777523573826, 0.001244777523573826, 0.001244777523573826, 0.001244777523573826, 0.001244777523573826, 0.001244777523573826, 0.001244777523573826, 0.001244777523573826, 0.001244777523573826, 0.001244777523573826, 0.001244777523573826, 0.001244777523573826, 0.001244777523573826, 0.001244777523573826, 0.001244777523573826, 0.001244777523573826, 0.001244777523573826, 0.001244777523573826, 0.001244777523573826, 0.001244777523573826, 0.001244777523573826, 0.001244777523573826, 0.001244777523573826, 0.001244777523573826, 0.001244777523573826, 0.001244777523573826, 0.001244777523573826, 0.001244777523573826, 0.001244777523573826, 0.016869777523573826], "HCA": [5.0503775157193e-05, 0.00010151897768754704, 0.0001272861966316064, 0.00017934783761453017, 0.00020564632545147954, 0.00023221663047858125, 0.000259062988770079, 0.00028618972488119013, 0.0003684243127488473, 0.00039612514377377803, 0.000480109354742116, 0.0005366960455524374, 0.0005652928026801791, 0.0006231029541427759, 0.0006815397693363479, 0.0007110766313401286, 0.0009798215923721091, 0.0010703903642595622, 0.0011619626605875132, 0.0011928268581183775, 0.0011928268581183775, 0.0012559502011306235, 0.0012559502011306235, 0.0012559502011306235, 0.0012559502011306235, 0.0012889796634109776], "HPRA": [5.0503775157193e-05, 0.00010151897768754704, 0.00015305341557566578, 0.00023114587705005146, 0.00025744436488700083, 0.00028401466991410257, 0.00031086102820560035, 0.00033798776431671147, 0.0003653992936059305, 0.00044850178668072276, 0.0004764965236701687, 0.0005330832144804902, 0.0005616799716082318, 0.0006194901230708287, 0.0006779269382644007, 0.0007960743862795236, 0.0008557954887310748, 0.0009463642606185281, 0.0010684606557224627, 0.0010684606557224627, 0.001130880680066272, 0.0012571273660907639, 0.0012571273660907639, 0.0012571273660907639, 0.0012897804273152536]}