{"HDA": [2.52518875785965e-05, 7.626709010895054e-05, 0.00010203430905300991, 0.00012806512954447182, 0.00018066210521837058, 0.000233802715272574, 0.0002606490735640718, 0.000314902545786294, 0.0003697256043647321, 0.00039742643538966284, 0.0005094053833474468, 0.0005942854195629288, 0.0006228821766906705, 0.0006517872524219689, 0.0006810056600187549, 0.0007105425220225355, 0.0008001241756998625, 0.0008906929475873157, 0.0011654098365711685, 0.001227138231632897, 0.001227138231632897, 0.0012586999031390198, 0.0012586999031390198, 0.0012909829609902596, 0.0012909829609902596, 0.0012909829609902596, 0.0012909829609902596, 0.0012909829609902596, 0.0013251815178111617], "HBA": [2.52518875785965e-05, 5.075948884377352e-05, 7.652670778783289e-05, 0.00015461916926221857, 0.00018091765709916794, 0.00023405826715337135, 0.00028775098373636686, 0.000314877719847478, 0.0004245238370043542, 0.0005076263300791465, 0.0005916105410474844, 0.0006199038864526451, 0.0006770974007081286, 0.0007638126279020238, 0.0007930310354988098, 0.0008521047595063712, 0.0008819653107321469, 0.000912154901361298, 0.001156347691569167, 0.0012180760866308954, 0.0012492860988028002, 0.0012492860988028002, 0.0012492860988028002, 0.0012492860988028002, 0.0012492860988028002, 0.0012492860988028002, 0.0012492860988028002, 0.0012492860988028002, 0.0012492860988028002, 0.0012838881749273677, 0.0012838881749273677, 0.0012838881749273677, 0.0012838881749273677, 0.0012838881749273677, 0.0012838881749273677, 0.0012838881749273677, 0.0012838881749273677, 0.0012838881749273677, 0.0012838881749273677, 0.0012838881749273677, 0.0012838881749273677, 0.0012838881749273677, 0.0012838881749273677, 0.0012838881749273677, 0.0012838881749273677, 0.0012838881749273677, 0.0012838881749273677, 0.0012838881749273677, 0.0012838881749273677, 0.0012838881749273677, 0.0012838881749273677, 0.0012838881749273677, 0.0012838881749273677, 0.0012838881749273677, 0.0012838881749273677, 0.0012838881749273677, 0.0012838881749273677, 0.0012838881749273677, 0.0012838881749273677, 0.0012838881749273677, 0.0012838881749273677, 0.0012838881749273677, 0.0012838881749273677, 0.0012838881749273677, 0.0012838881749273677, 0.0012838881749273677, 0.0012838881749273677, 0.0012838881749273677, 0.0013421598374178986], "HCA": [2.52518875785965e-05, 7.626709010895054e-05, 0.00010203430905300991, 0.00012806512954447182, 0.00018066210521837058, 0.000233802715272574, 0.0002606490735640718, 0.000314902545786294, 0.0003697256043647321, 0.00039742643538966284, 0.0004254211723791088, 0.00045371451778426953, 0.000596698303422978, 0.0006256033791542764, 0.0006548217867510624, 0.0007138955107586239, 0.0009826404717906045, 0.0010128300624197555, 0.0010738782599717229, 0.0011047424575025872, 0.0012295825061902062, 0.0012295825061902062, 0.0012295825061902062, 0.001261865564041446, 0.001261865564041446, 0.0012948950263218001, 0.0012948950263218001, 0.0012948950263218001, 0.0013290935831427023], "HPRA": [5.0503775157193e-05, 7.601137642237001e-05, 0.00010177859536642937, 0.00012780941585789128, 0.00018040639153179004, 0.00023354700158599345, 0.00028723971816898896, 0.0003143664542801001, 0.0003691895128585382, 0.00039689034388346896, 0.0005088692918412529, 0.000593749328056735, 0.0006509428423122184, 0.0006798479180435168, 0.0007090663256403028, 0.0007976769116516449, 0.0009171191165547474, 0.0010076878884422006, 0.0010076878884422006, 0.001069416283503929, 0.001194256332191548, 0.001257379675203794, 0.001257379675203794, 0.001257379675203794, 0.001257379675203794, 0.001257379675203794, 0.0012907920845726336, 0.0012907920845726336, 0.0013249906413935358]}