{"HDA": [5.0503775157193e-05, 0.00012702657895272406, 0.00015279379789678342, 0.00017882461838824532, 0.0002314215940621441, 0.0003377028141705509, 0.0003913955307535464, 0.0004456490029757686, 0.0005552951201326449, 0.000638397613207437, 0.0008623555091230049, 0.0008906488545281656, 0.0009478423687836491, 0.0009478423687836491, 0.0009478423687836491, 0.0009478423687836491, 0.0009777029200094248], "HBA": [7.57556627357895e-05, 0.00012677086526614355, 0.0001525380842102029, 0.0001785689047016648, 0.00028376285604946234, 0.00033690346610366575, 0.00036374982439516353, 0.00047225676883960797, 0.0006093144152857032, 0.0007478185704103569, 0.0008318027813786948, 0.0008883894721890162, 0.0008883894721890162, 0.0009461996236516131, 0.0009461996236516131, 0.0009461996236516131, 0.0009461996236516131, 0.0009461996236516131, 0.0009461996236516131, 0.0009461996236516131, 0.0009461996236516131, 0.0009461996236516131, 0.0009461996236516131, 0.0009461996236516131, 0.0009461996236516131, 0.0009461996236516131, 0.0009461996236516131, 0.0009461996236516131, 0.0009461996236516131, 0.0009461996236516131, 0.0009461996236516131, 0.0009461996236516131, 0.0009461996236516131, 0.0009461996236516131, 0.0009461996236516131, 0.0009461996236516131, 0.0009461996236516131, 0.0009461996236516131, 0.0009461996236516131, 0.0009461996236516131, 0.0009461996236516131, 0.0009461996236516131, 0.0009461996236516131, 0.0009461996236516131, 0.0009461996236516131, 0.0009461996236516131, 0.0009461996236516131, 0.0009461996236516131, 0.0009461996236516131, 0.0009461996236516131, 0.0009461996236516131, 0.0009461996236516131, 0.0009461996236516131, 0.0009461996236516131, 0.0009461996236516131, 0.0009461996236516131, 0.0009461996236516131, 0.0009461996236516131, 0.0009461996236516131, 0.0009461996236516131, 0.0009461996236516131, 0.0009461996236516131, 0.0009461996236516131, 0.0009461996236516131, 0.0009461996236516131, 0.0009461996236516131, 0.0009461996236516131, 0.0009461996236516131, 0.0009461996236516131, 0.0009461996236516131, 0.0009461996236516131, 0.0009461996236516131, 0.0009461996236516131, 0.0009461996236516131, 0.0009461996236516131, 0.0009461996236516131, 0.0009461996236516131, 0.0009461996236516131, 0.0009461996236516131, 0.0009461996236516131, 0.0009461996236516131, 0.0009461996236516131, 0.0009461996236516131, 0.0009461996236516131, 0.0009461996236516131, 0.0009461996236516131, 0.0009461996236516131, 0.0009461996236516131, 0.0009461996236516131, 0.0009461996236516131, 0.0009461996236516131, 0.0009461996236516131, 0.0009461996236516131, 0.0009461996236516131, 0.0009461996236516131, 0.0009461996236516131, 0.0009461996236516131, 0.0009461996236516131, 0.0009461996236516131, 0.0009461996236516131, 0.0009461996236516131, 0.0009461996236516131, 0.0009461996236516131, 0.0009461996236516131, 0.0009461996236516131, 0.001059373005272256], "HCA": [5.0503775157193e-05, 0.00012702657895272406, 0.00015279379789678342, 0.00017882461838824532, 0.0002051231062251947, 0.0002316934112522964, 0.00028538612783529193, 0.00039389307227973637, 0.0004761276601473935, 0.0006146318152720473, 0.0008385897111876151, 0.0008385897111876151, 0.000952976739698582, 0.000952976739698582, 0.000952976739698582, 0.000952976739698582, 0.0009828372909243576], "HPRA": [5.0503775157193e-05, 0.00012702657895272406, 0.00015279379789678342, 0.00017882461838824532, 0.0002314215940621441, 0.0003377028141705509, 0.0003913955307535464, 0.0004456490029757686, 0.0005552951201326449, 0.000638397613207437, 0.0008623555091230049, 0.0008906488545281656, 0.0009478423687836491, 0.0009478423687836491, 0.0009478423687836491, 0.0009478423687836491, 0.0009777029200094248]}