{"HDA": [5.0503775157193e-05, 7.601137642237001e-05, 0.00010177859536642937, 0.00012780941585789128, 0.00015410790369484065, 0.00018067820872194235, 0.0002075245670134401, 0.0002617780392356623, 0.00028918956852488133, 0.00034459123057474283, 0.0003725859675641888, 0.0004291726583745102, 0.0004577694155022519, 0.0005155795669648487, 0.0006032347897552067, 0.0006327716517589873, 0.000662632202984763, 0.0007230113842430652, 0.0012113969646588034, 0.0013348537547822601, 0.0013972737791260695, 0.0014603971221383155, 0.0014603971221383155, 0.0015249632378407949, 0.0015576162990652846, 0.0015576162990652846, 0.0015576162990652846, 0.0015576162990652846, 0.0015918148558861868], "HBA": [5.0503775157193e-05, 0.00010151897768754704, 0.00017882063451972515, 0.00023088227550264892, 0.0002571807633395983, 0.00028375106836670005, 0.00031059742665819783, 0.0003648508988804201, 0.0003922624281696391, 0.0005584674143192237, 0.0005864621513086696, 0.0006147554967138304, 0.000643352253841572, 0.0006722573295728704, 0.0007014757371696564, 0.0007605494611772178, 0.0007904100124029935, 0.0008205996030321446, 0.001217412887119932, 0.0012791412821816603, 0.0014351913430411842, 0.0014351913430411842, 0.0014351913430411842, 0.0014674744008924237, 0.0015001274621169135, 0.0015331569243972676, 0.0015331569243972676, 0.0015331569243972676, 0.0015331569243972676, 0.0015331569243972676, 0.0015331569243972676, 0.0015331569243972676, 0.0015331569243972676, 0.0015331569243972676, 0.0015331569243972676, 0.0015331569243972676, 0.0015331569243972676, 0.0015331569243972676, 0.0015331569243972676, 0.0015331569243972676, 0.0015331569243972676, 0.0015331569243972676, 0.0015331569243972676, 0.0015331569243972676, 0.0015331569243972676, 0.0015331569243972676, 0.0015331569243972676, 0.0015331569243972676, 0.0015331569243972676, 0.0015331569243972676, 0.0015331569243972676, 0.0015331569243972676, 0.0015331569243972676, 0.0015331569243972676, 0.0015331569243972676, 0.0015331569243972676, 0.0015331569243972676, 0.0015331569243972676, 0.0015331569243972676, 0.0015331569243972676, 0.0015331569243972676, 0.0015331569243972676, 0.0015331569243972676, 0.0015331569243972676, 0.0015331569243972676, 0.0015331569243972676, 0.0015331569243972676, 0.0015331569243972676, 0.0015331569243972676, 0.0015331569243972676, 0.0015331569243972676, 0.0015331569243972676, 0.0015331569243972676, 0.0015331569243972676, 0.0015331569243972676, 0.0015331569243972676, 0.0015331569243972676, 0.0015331569243972676, 0.0015331569243972676, 0.0015331569243972676, 0.0015331569243972676, 0.0015331569243972676, 0.0015331569243972676, 0.0015331569243972676, 0.0015331569243972676, 0.0015331569243972676, 0.0015331569243972676, 0.0015331569243972676, 0.0015331569243972676, 0.0015331569243972676, 0.0015331569243972676, 0.0015331569243972676, 0.0015331569243972676, 0.0015331569243972676, 0.0015331569243972676, 0.0015331569243972676, 0.0015331569243972676, 0.0015331569243972676, 0.0015331569243972676, 0.0015331569243972676, 0.0015331569243972676, 0.0015331569243972676, 0.0015331569243972676, 0.0015331569243972676, 0.0015331569243972676, 0.0015331569243972676, 0.0015331569243972676, 0.0015331569243972676, 0.0015331569243972676, 0.0015331569243972676, 0.0015331569243972676, 0.0015331569243972676, 0.0015331569243972676, 0.0015331569243972676, 0.0015331569243972676, 0.0015331569243972676, 0.0015331569243972676, 0.0015331569243972676, 0.0015331569243972676, 0.0015331569243972676, 0.0015331569243972676, 0.0015331569243972676, 0.0015331569243972676, 0.0015331569243972676, 0.0015331569243972676, 0.0015331569243972676, 0.0015331569243972676, 0.0015331569243972676, 0.0015331569243972676, 0.0015331569243972676, 0.0015331569243972676, 0.0015331569243972676, 0.0015331569243972676, 0.001762725335783861], "HCA": [5.0503775157193e-05, 7.601137642237001e-05, 0.00010177859536642937, 0.00012780941585789128, 0.00015410790369484065, 0.00018067820872194235, 0.0002075245670134401, 0.00023465130312455123, 0.00028947436170298935, 0.00034487602375285085, 0.0003728707607422968, 0.00040116410614745755, 0.00048695437753068266, 0.0005447645289932795, 0.0005739829365900655, 0.0006035197985938462, 0.0007826831059484999, 0.0009940102403525573, 0.0011161066354564919, 0.0013938844132342697, 0.0013938844132342697, 0.0014570077562465157, 0.0014889270642359184, 0.0014889270642359184, 0.0015215801254604081, 0.0015546095877407623, 0.0015546095877407623, 0.0015546095877407623, 0.0015888081445616644], "HPRA": [5.0503775157193e-05, 7.601137642237001e-05, 0.00012754581431048874, 0.00020563827578487441, 0.00023193676362182378, 0.0002585070686489255, 0.0002853534269404233, 0.0003124801630515344, 0.00033989169234075346, 0.0003675925233656842, 0.0003955872603551302, 0.00045217395116545157, 0.000509367465420935, 0.0005382725411522334, 0.0005674909487490194, 0.0006265646727565808, 0.000775867428885459, 0.0009268153820312144, 0.001048911777135149, 0.001048911777135149, 0.0013298018866822916, 0.0013298018866822916, 0.0014893984266293055, 0.001521681484480545, 0.0015543345457050349, 0.0015543345457050349, 0.0015543345457050349, 0.0015543345457050349, 0.001588533102525937]}