{"HDA": [2.52518875785965e-05, 5.075948884377352e-05, 7.652670778783289e-05, 0.00023271163073660425, 0.000285308606410503, 0.00036501952149180813, 0.0004992513129492969, 0.0005263780490604081, 0.0005263780490604081, 0.0005263780490604081, 0.0005823675230393, 0.0005823675230393, 0.0005823675230393, 0.0006112725987705984], "HBA": [2.52518875785965e-05, 0.00017829749516965864, 0.000204064714113718, 0.0002300955346051799, 0.00028269251027907867, 0.0004421143404416889, 0.0004958070570246845, 0.0005229337931357956, 0.0005229337931357956, 0.0005783354551856571, 0.0005783354551856571, 0.0005783354551856571, 0.0005783354551856571, 0.0005783354551856571, 0.0005783354551856571, 0.0005783354551856571, 0.0005783354551856571, 0.0005783354551856571, 0.0005783354551856571, 0.0005783354551856571, 0.0005783354551856571, 0.0005783354551856571, 0.0005783354551856571, 0.0005783354551856571, 0.0005783354551856571, 0.0005783354551856571, 0.0005783354551856571, 0.0005783354551856571, 0.0005783354551856571, 0.0005783354551856571, 0.0005783354551856571, 0.0005783354551856571, 0.0005783354551856571, 0.0005783354551856571, 0.0005783354551856571, 0.0005783354551856571, 0.0005783354551856571, 0.0005783354551856571, 0.0005783354551856571, 0.0005783354551856571, 0.0005783354551856571, 0.0005783354551856571, 0.0005783354551856571, 0.0005783354551856571, 0.0005783354551856571, 0.0005783354551856571, 0.0005783354551856571, 0.0005783354551856571, 0.0005783354551856571, 0.0005783354551856571, 0.0005783354551856571, 0.0005783354551856571, 0.0005783354551856571, 0.0005783354551856571, 0.0005783354551856571, 0.0005783354551856571, 0.0005783354551856571, 0.0005783354551856571, 0.0005783354551856571, 0.0005783354551856571, 0.0005783354551856571, 0.0005783354551856571, 0.0005783354551856571, 0.0005783354551856571, 0.0005783354551856571, 0.0005783354551856571, 0.0005783354551856571, 0.0005783354551856571, 0.0005783354551856571, 0.0005783354551856571, 0.0005783354551856571, 0.0005783354551856571, 0.0005783354551856571, 0.0005783354551856571, 0.0005783354551856571, 0.0005783354551856571, 0.0005783354551856571, 0.0005783354551856571, 0.0005783354551856571, 0.0005783354551856571, 0.0005783354551856571, 0.0005783354551856571, 0.0005783354551856571, 0.0005783354551856571, 0.0005783354551856571, 0.0005783354551856571, 0.0005783354551856571, 0.0005783354551856571, 0.0005783354551856571, 0.0005783354551856571, 0.0005783354551856571, 0.0005783354551856571, 0.0005783354551856571, 0.0005783354551856571, 0.0005783354551856571, 0.0005783354551856571, 0.0005783354551856571, 0.0005783354551856571, 0.0005783354551856571, 0.0005783354551856571, 0.0005783354551856571, 0.0005783354551856571, 0.0005783354551856571, 0.0005783354551856571, 0.0005783354551856571, 0.0005783354551856571, 0.0005783354551856571, 0.0005783354551856571, 0.0005783354551856571, 0.0005783354551856571, 0.0005783354551856571, 0.0005783354551856571, 0.0005783354551856571, 0.0005783354551856571, 0.0005783354551856571, 0.0005783354551856571, 0.0005783354551856571, 0.0005783354551856571, 0.0005783354551856571, 0.0005783354551856571, 0.0005783354551856571, 0.0005783354551856571, 0.0005783354551856571, 0.0005783354551856571, 0.0007561132329634349], "HCA": [2.52518875785965e-05, 0.00017829749516965864, 0.000204064714113718, 0.0002300955346051799, 0.00028269251027907867, 0.00046868464546879064, 0.00046868464546879064, 0.0004958113815799018, 0.0005506344401583398, 0.0005506344401583398, 0.0005786291771477858, 0.0005786291771477858, 0.0005786291771477858, 0.0005786291771477858, 0.0006078475847445718], "HPRA": [2.52518875785965e-05, 5.075948884377352e-05, 0.00020536280250812972, 0.00023139362299959162, 0.00028399059867349036, 0.00044341242883610065, 0.0004971051454190962, 0.0004971051454190962, 0.0004971051454190962, 0.0004971051454190962, 0.0005530946193979882, 0.0005813879648031489, 0.0006099847219308905]}