{"HDA": [2.52518875785965e-05, 5.075948884377352e-05, 7.652670778783289e-05, 0.00012858834877075667, 0.00018118532444465543, 0.00023432593449885885, 0.00031486500937335214, 0.0004233719538177966, 0.0004781950123962347, 0.0006443999985458192, 0.0007563789465036032, 0.0008978456735294067, 0.0008978456735294067, 0.0008978456735294067, 0.0009270640811261927, 0.0009566009431299734, 0.0009566009431299734, 0.0009566009431299734, 0.000987125041905957], "HBA": [2.52518875785965e-05, 5.075948884377352e-05, 0.00010229392673189225, 0.00012832474722335416, 0.00018092172289725292, 0.00023406233295145633, 0.0003146014078259496, 0.00034172814393706075, 0.0006158434368292512, 0.0007266467609289742, 0.0008386257088867582, 0.0008669190542919189, 0.0008955158114196606, 0.0009244208871509589, 0.0009536392947477449, 0.0009536392947477449, 0.0009536392947477449, 0.0009536392947477449, 0.0009536392947477449, 0.0009536392947477449, 0.0009536392947477449, 0.0009536392947477449, 0.0009536392947477449, 0.0009536392947477449, 0.0009536392947477449, 0.0009536392947477449, 0.0009536392947477449, 0.0009536392947477449, 0.0009536392947477449, 0.0009536392947477449, 0.0009536392947477449, 0.0009536392947477449, 0.0009536392947477449, 0.0009536392947477449, 0.0009536392947477449, 0.0009536392947477449, 0.0009536392947477449, 0.0009536392947477449, 0.0009536392947477449, 0.0009536392947477449, 0.0009536392947477449, 0.0009536392947477449, 0.0009536392947477449, 0.0009536392947477449, 0.0009536392947477449, 0.0009536392947477449, 0.0009536392947477449, 0.0009536392947477449, 0.0009536392947477449, 0.0009536392947477449, 0.0009536392947477449, 0.0009536392947477449, 0.0009536392947477449, 0.0009536392947477449, 0.0009536392947477449, 0.0009536392947477449, 0.0009536392947477449, 0.0009536392947477449, 0.0009536392947477449, 0.0009536392947477449, 0.0009536392947477449, 0.0009536392947477449, 0.0009536392947477449, 0.0009536392947477449, 0.0009536392947477449, 0.0009536392947477449, 0.0009536392947477449, 0.0009536392947477449, 0.0009536392947477449, 0.0009536392947477449, 0.0009536392947477449, 0.0009536392947477449, 0.0009536392947477449, 0.0009536392947477449, 0.0009536392947477449, 0.0009536392947477449, 0.0009536392947477449, 0.0009536392947477449, 0.0009536392947477449, 0.0009536392947477449, 0.0009536392947477449, 0.0009536392947477449, 0.0009536392947477449, 0.0009536392947477449, 0.0009536392947477449, 0.0009536392947477449, 0.0009536392947477449, 0.0009536392947477449, 0.0009536392947477449, 0.0009536392947477449, 0.0009536392947477449, 0.0009536392947477449, 0.0009536392947477449, 0.0009536392947477449, 0.0009536392947477449, 0.0009536392947477449, 0.0009536392947477449, 0.0009536392947477449, 0.0009536392947477449, 0.0009536392947477449, 0.0009536392947477449, 0.0009536392947477449, 0.0009536392947477449, 0.0009536392947477449, 0.0009536392947477449, 0.0009536392947477449, 0.0009536392947477449, 0.0009536392947477449, 0.0009536392947477449, 0.0009536392947477449, 0.0009536392947477449, 0.0009536392947477449, 0.0009536392947477449, 0.0009536392947477449, 0.0009536392947477449, 0.0009536392947477449, 0.0009536392947477449, 0.0009536392947477449, 0.0009536392947477449, 0.0009536392947477449, 0.0009536392947477449, 0.0009536392947477449, 0.0009536392947477449, 0.0009536392947477449, 0.0009536392947477449, 0.0009536392947477449, 0.0009536392947477449, 0.0009536392947477449, 0.0009536392947477449, 0.0009536392947477449, 0.0009536392947477449, 0.0009536392947477449, 0.0009536392947477449, 0.0009536392947477449, 0.0009536392947477449, 0.0009536392947477449, 0.0009536392947477449, 0.0009536392947477449, 0.0009536392947477449, 0.0009536392947477449, 0.0009536392947477449, 0.0009536392947477449, 0.0009536392947477449, 0.0009536392947477449, 0.0009536392947477449, 0.0009536392947477449, 0.0009536392947477449, 0.0013234617799548455], "HCA": [2.52518875785965e-05, 5.075948884377352e-05, 7.652670778783289e-05, 0.00012858834877075667, 0.00018118532444465543, 0.00023432593449885885, 0.00031486500937335214, 0.00034199174548446326, 0.0006983416262443109, 0.0006983416262443109, 0.0008103205742020948, 0.0008669072650124163, 0.0008669072650124163, 0.0009247174164750131, 0.0009247174164750131, 0.0009247174164750131, 0.0009545779677007888, 0.0009545779677007888, 0.0009851020664767725], "HPRA": [2.52518875785965e-05, 7.626709010895054e-05, 0.00010203430905300991, 0.00012806512954447182, 0.00018066210521837058, 0.000233802715272574, 0.0003143417901470673, 0.0004228487345915117, 0.0004776717931699498, 0.0006438767793195343, 0.0007278609902878722, 0.0008127410265033543, 0.0008985312978865794, 0.0008985312978865794, 0.0009569681130801514, 0.0009569681130801514, 0.0009569681130801514, 0.0009569681130801514, 0.000987492211856135]}