{"HDA": [2.52518875785965e-05, 7.626709010895054e-05, 0.00010203430905300991, 0.00012806512954447182, 0.00018066210521837058, 0.000233802715272574, 0.0003143417901470673, 0.0003414685262581784, 0.00036888005554739744, 0.0003965808865723282, 0.00042457562356177416, 0.00048116231437209556, 0.0005097590714998372, 0.0007409996773502245, 0.0008578733077373685, 0.0009760207557524914, 0.0010357418582040427, 0.001156500220720647, 0.0011870243194966306, 0.001248752714558359, 0.0012799627267302638, 0.0012799627267302638, 0.0012799627267302638, 0.0012799627267302638, 0.0012799627267302638, 0.0012799627267302638, 0.0013133751360991034], "HBA": [2.52518875785965e-05, 7.626709010895054e-05, 0.00012780152799706928, 0.00017986316897999305, 0.00023246014465389182, 0.00028560075470809523, 0.000312447112999593, 0.00033957384911070414, 0.00036698537839992317, 0.0003946862094248539, 0.0005626546313615298, 0.0005909479767666905, 0.0007053350052776574, 0.000878765459665448, 0.0009079838672622339, 0.0011442787632924797, 0.0011442787632924797, 0.0011744683539216306, 0.0011744683539216306, 0.001236196748983359, 0.0012674067611552638, 0.0012674067611552638, 0.0012674067611552638, 0.0012674067611552638, 0.0012674067611552638, 0.0012674067611552638, 0.0012674067611552638, 0.0012674067611552638, 0.0012674067611552638, 0.0012674067611552638, 0.0012674067611552638, 0.0012674067611552638, 0.0012674067611552638, 0.0012674067611552638, 0.0012674067611552638, 0.0012674067611552638, 0.0012674067611552638, 0.0012674067611552638, 0.0012674067611552638, 0.0012674067611552638, 0.0012674067611552638, 0.0012674067611552638, 0.0012674067611552638, 0.0012674067611552638, 0.0012674067611552638, 0.0012674067611552638, 0.0012674067611552638, 0.0012674067611552638, 0.0012674067611552638, 0.0012674067611552638, 0.0012674067611552638, 0.0012674067611552638, 0.0012674067611552638, 0.0012674067611552638, 0.0012674067611552638, 0.0012674067611552638, 0.0012674067611552638, 0.0012674067611552638, 0.0012674067611552638, 0.0012674067611552638, 0.0012674067611552638, 0.0012674067611552638, 0.0012674067611552638, 0.0012674067611552638, 0.0012674067611552638, 0.0012674067611552638, 0.0012674067611552638, 0.0012674067611552638, 0.0012674067611552638, 0.0012674067611552638, 0.0012674067611552638, 0.0012674067611552638, 0.0012674067611552638, 0.0012674067611552638, 0.0012674067611552638, 0.0012674067611552638, 0.0012674067611552638, 0.0012674067611552638, 0.0012674067611552638, 0.0012674067611552638, 0.0012674067611552638, 0.0012674067611552638, 0.0012674067611552638, 0.0012674067611552638, 0.0012674067611552638, 0.0012674067611552638, 0.0012674067611552638, 0.0012674067611552638, 0.0012674067611552638, 0.0012674067611552638, 0.0012674067611552638, 0.0012674067611552638, 0.0012674067611552638, 0.0012674067611552638, 0.0012674067611552638, 0.0012674067611552638, 0.0012674067611552638, 0.0012674067611552638, 0.0012674067611552638, 0.0012674067611552638, 0.0012674067611552638, 0.0012674067611552638, 0.0012674067611552638, 0.0012674067611552638, 0.0012674067611552638, 0.0012674067611552638, 0.0012674067611552638, 0.0012674067611552638, 0.0012674067611552638, 0.0012674067611552638, 0.0012674067611552638, 0.0012674067611552638, 0.0012674067611552638, 0.0012674067611552638, 0.0012674067611552638, 0.0012674067611552638, 0.0012674067611552638, 0.0012674067611552638, 0.0012674067611552638, 0.0012674067611552638, 0.0012674067611552638, 0.0012674067611552638, 0.0012674067611552638, 0.0012674067611552638, 0.0012674067611552638, 0.0012674067611552638, 0.0012674067611552638, 0.0012674067611552638, 0.0012674067611552638, 0.0012674067611552638, 0.0012674067611552638, 0.0012674067611552638, 0.0012674067611552638, 0.0012674067611552638, 0.0012674067611552638, 0.0012674067611552638, 0.0012674067611552638, 0.0012674067611552638, 0.0012674067611552638, 0.0012674067611552638, 0.0012674067611552638, 0.0012674067611552638, 0.0012674067611552638, 0.0012674067611552638, 0.0012674067611552638, 0.0012674067611552638, 0.0012674067611552638, 0.0012674067611552638, 0.0012674067611552638, 0.0012674067611552638, 0.0012674067611552638, 0.0012674067611552638, 0.0012674067611552638, 0.0012674067611552638, 0.0012674067611552638, 0.0012674067611552638, 0.0012674067611552638, 0.0012674067611552638, 0.0012674067611552638, 0.0012674067611552638, 0.0012674067611552638, 0.0012674067611552638, 0.0012674067611552638, 0.0012674067611552638, 0.0012674067611552638, 0.0012674067611552638, 0.0012674067611552638, 0.0012674067611552638, 0.0012674067611552638, 0.0012674067611552638, 0.0012674067611552638, 0.0012674067611552638, 0.0012674067611552638, 0.0012674067611552638, 0.0012674067611552638, 0.003003517872266375], "HCA": [2.52518875785965e-05, 7.626709010895054e-05, 0.00010203430905300991, 0.00012806512954447182, 0.00018066210521837058, 0.0002603730202996757, 0.00031406573688267124, 0.00034119247299378236, 0.0003686040022830014, 0.00039630483330793214, 0.0004242995702973781, 0.00045259291570253884, 0.0005097864299580222, 0.0005386915056893206, 0.0005679099132861066, 0.0009814259813390367, 0.0011008681862421392, 0.0011612473675004413, 0.001191771466276425, 0.0012534998613381533, 0.0012534998613381533, 0.0012850615328442762, 0.0012850615328442762, 0.0012850615328442762, 0.0012850615328442762, 0.0012850615328442762, 0.0013184739422131158], "HPRA": [2.52518875785965e-05, 7.626709010895054e-05, 0.00010203430905300991, 0.0001540959500359337, 0.00018039443787288306, 0.0002335350479270865, 0.0003140741228015798, 0.0003412008589126909, 0.00036861238820190995, 0.0003963132192268407, 0.0004523026932057327, 0.0004805960386108934, 0.0005949830671218603, 0.0006238881428531586, 0.0008576354036274464, 0.0009167091276350078, 0.0010361513325381105, 0.0011870992856838657, 0.0011870992856838657, 0.0011870992856838657, 0.0012495193100276751, 0.001281080981533798, 0.001281080981533798, 0.001281080981533798, 0.001281080981533798, 0.0013141104438141522]}