{"HDA": [2.52518875785965e-05, 5.075948884377352e-05, 0.00010229392673189225, 0.00015435556771481603, 0.00020695254338871477, 0.00023352284841581647, 0.00026036920670731423, 0.00028749594281842535, 0.0003697305306860825, 0.00045283302376087476, 0.0005088224977397667, 0.0005654091885500882, 0.0006511994599333133, 0.0007090096113959102, 0.0007674464265894821, 0.0009742044606159472, 0.001063786114293274, 0.0012147340674390293, 0.0012147340674390293, 0.0012764624625007577, 0.001338882486844567, 0.00137044415835069, 0.00137044415835069, 0.00137044415835069, 0.0014030972195751797], "HBA": [2.52518875785965e-05, 5.075948884377352e-05, 0.00010229392673189225, 0.00015435556771481603, 0.00020695254338871477, 0.00023352284841581647, 0.000287215564998812, 0.00034146903722103426, 0.0004237036250886914, 0.0004791052871385529, 0.0005071000241279989, 0.0005353933695331596, 0.000592586883788643, 0.0008816376411016272, 0.001056948086682343, 0.0011455586726936851, 0.0011455586726936851, 0.0012059378539519873, 0.0012975101502799382, 0.0012975101502799382, 0.001328720162451843, 0.001360281833957966, 0.001360281833957966, 0.001360281833957966, 0.001360281833957966, 0.001360281833957966, 0.001360281833957966, 0.001360281833957966, 0.001360281833957966, 0.001360281833957966, 0.001360281833957966, 0.001360281833957966, 0.001360281833957966, 0.001360281833957966, 0.001360281833957966, 0.001360281833957966, 0.001360281833957966, 0.001360281833957966, 0.001360281833957966, 0.001360281833957966, 0.001360281833957966, 0.001360281833957966, 0.001360281833957966, 0.001360281833957966, 0.001360281833957966, 0.001360281833957966, 0.001360281833957966, 0.001360281833957966, 0.001360281833957966, 0.001360281833957966, 0.001360281833957966, 0.001360281833957966, 0.001360281833957966, 0.001360281833957966, 0.001360281833957966, 0.001360281833957966, 0.001360281833957966, 0.001360281833957966, 0.001360281833957966, 0.001360281833957966, 0.001360281833957966, 0.001360281833957966, 0.001360281833957966, 0.001360281833957966, 0.001360281833957966, 0.001360281833957966, 0.001360281833957966, 0.001360281833957966, 0.001360281833957966, 0.001360281833957966, 0.001360281833957966, 0.001360281833957966, 0.001360281833957966, 0.001360281833957966, 0.001360281833957966, 0.001360281833957966, 0.001360281833957966, 0.001360281833957966, 0.001360281833957966, 0.001360281833957966, 0.001360281833957966, 0.001360281833957966, 0.001360281833957966, 0.001360281833957966, 0.001360281833957966, 0.001360281833957966, 0.001360281833957966, 0.001360281833957966, 0.001360281833957966, 0.001360281833957966, 0.001360281833957966, 0.001360281833957966, 0.001360281833957966, 0.001360281833957966, 0.001360281833957966, 0.001360281833957966, 0.001360281833957966, 0.001360281833957966, 0.001360281833957966, 0.001360281833957966, 0.001360281833957966, 0.001360281833957966, 0.001360281833957966, 0.001360281833957966, 0.001360281833957966, 0.001360281833957966, 0.001360281833957966, 0.001360281833957966, 0.001360281833957966, 0.001360281833957966, 0.001360281833957966, 0.001360281833957966, 0.001360281833957966, 0.001360281833957966, 0.001360281833957966, 0.001360281833957966, 0.001360281833957966, 0.001360281833957966, 0.001360281833957966, 0.001360281833957966, 0.001360281833957966, 0.001360281833957966, 0.001360281833957966, 0.001360281833957966, 0.001360281833957966, 0.001360281833957966, 0.001360281833957966, 0.001360281833957966, 0.001360281833957966, 0.001360281833957966, 0.001360281833957966, 0.001360281833957966, 0.001360281833957966, 0.001360281833957966, 0.001360281833957966, 0.001360281833957966, 0.001360281833957966, 0.0016204275155396516], "HCA": [2.52518875785965e-05, 5.075948884377352e-05, 0.00010229392673189225, 0.00015435556771481603, 0.0001806540555517654, 0.0002072243605788671, 0.0002609170771618626, 0.00028804381327297374, 0.0003702784011406309, 0.0004256800631904924, 0.00045367480017993836, 0.0004819681455850991, 0.0005391616598405825, 0.0009727377958100587, 0.0010019562034068446, 0.0010019562034068446, 0.0011512589595357226, 0.0012116381407940248, 0.0012421622395700084, 0.0013038906346317367, 0.0013351006468036416, 0.0013666623183097644, 0.0013666623183097644, 0.0013666623183097644, 0.0013666623183097644, 0.0013666623183097644, 0.001400074727678604], "HPRA": [2.52518875785965e-05, 5.075948884377352e-05, 0.00010229392673189225, 0.00015435556771481603, 0.00020695254338871477, 0.00023352284841581647, 0.00026036920670731423, 0.00028749594281842535, 0.0003697305306860825, 0.00045283302376087476, 0.0005088224977397667, 0.0005654091885500882, 0.0006511994599333133, 0.0007090096113959102, 0.0007674464265894821, 0.0009742044606159472, 0.001063786114293274, 0.0012147340674390293, 0.0012147340674390293, 0.0012764624625007577, 0.001338882486844567, 0.00137044415835069, 0.00137044415835069, 0.00137044415835069, 0.0014030972195751797]}