{"HDA": [5.0503775157193e-05, 7.601137642237001e-05, 0.00010177859536642937, 0.00012780941585789128, 0.00018040639153179004, 0.00020697669655889175, 0.0002606694131418873, 0.0002877961492529984, 0.00031520767854221744, 0.0003983101716170097, 0.00042630490860645566, 0.00048289159941677706, 0.0005400851136722605, 0.0006846104923287525, 0.0007722657151191105, 0.0008018025771228911, 0.0008615236795744424, 0.0011634195858659531, 0.0012855159809698877, 0.001347244376031616, 0.001347244376031616, 0.001378806047537739, 0.001378806047537739, 0.0014110891053889787, 0.0014437421666134685, 0.0014437421666134685, 0.0014437421666134685, 0.0014437421666134685, 0.0014779407234343706], "HBA": [5.0503775157193e-05, 7.601137642237001e-05, 0.00012754581431048874, 0.00015357663480195064, 0.00020617361047584938, 0.00023274391550295108, 0.00025959027379444884, 0.00028671700990555996, 0.000314128539194779, 0.00045263269431943274, 0.0004806274313088787, 0.0005655074675243608, 0.0006227009817798443, 0.0007094162089737395, 0.0007678530241673115, 0.0007973898861710921, 0.0010959953984288483, 0.0012167537609454526, 0.00127780195849742, 0.0013395303535591483, 0.0013395303535591483, 0.0013710920250652712, 0.0013710920250652712, 0.0014356581407677506, 0.0014356581407677506, 0.0014356581407677506, 0.0014356581407677506, 0.0014356581407677506, 0.0014356581407677506, 0.0014356581407677506, 0.0014356581407677506, 0.0014356581407677506, 0.0014356581407677506, 0.0014356581407677506, 0.0014356581407677506, 0.0014356581407677506, 0.0014356581407677506, 0.0014356581407677506, 0.0014356581407677506, 0.0014356581407677506, 0.0014356581407677506, 0.0014356581407677506, 0.0014356581407677506, 0.0014356581407677506, 0.0014356581407677506, 0.0014356581407677506, 0.0014356581407677506, 0.0014356581407677506, 0.0014356581407677506, 0.0014356581407677506, 0.0014356581407677506, 0.0014356581407677506, 0.0014356581407677506, 0.0014356581407677506, 0.0014356581407677506, 0.0014356581407677506, 0.0014356581407677506, 0.0014356581407677506, 0.0014356581407677506, 0.0014356581407677506, 0.0014356581407677506, 0.0014356581407677506, 0.0014356581407677506, 0.0014356581407677506, 0.0014356581407677506, 0.0014356581407677506, 0.0014356581407677506, 0.0014356581407677506, 0.0014356581407677506, 0.0014356581407677506, 0.0014356581407677506, 0.0014356581407677506, 0.0014356581407677506, 0.0014356581407677506, 0.0014356581407677506, 0.0014356581407677506, 0.0014356581407677506, 0.0014356581407677506, 0.0014356581407677506, 0.0014356581407677506, 0.0014356581407677506, 0.0014356581407677506, 0.0014356581407677506, 0.0014356581407677506, 0.0014356581407677506, 0.0014356581407677506, 0.0014356581407677506, 0.0014356581407677506, 0.0014356581407677506, 0.0014356581407677506, 0.0014356581407677506, 0.0014356581407677506, 0.0014356581407677506, 0.0014356581407677506, 0.0014356581407677506, 0.0014356581407677506, 0.0014356581407677506, 0.0014356581407677506, 0.0014356581407677506, 0.0014356581407677506, 0.0014356581407677506, 0.0014356581407677506, 0.0014356581407677506, 0.0014356581407677506, 0.0014356581407677506, 0.0014356581407677506, 0.0014356581407677506, 0.0014356581407677506, 0.0014356581407677506, 0.0014356581407677506, 0.0014356581407677506, 0.0014356581407677506, 0.0014356581407677506, 0.0014356581407677506, 0.0014356581407677506, 0.0014356581407677506, 0.0014356581407677506, 0.0014356581407677506, 0.0014356581407677506, 0.0014356581407677506, 0.0014356581407677506, 0.0014356581407677506, 0.0014356581407677506, 0.0014356581407677506, 0.0014356581407677506, 0.0014356581407677506, 0.0014356581407677506, 0.0014356581407677506, 0.0014356581407677506, 0.0014356581407677506, 0.0014356581407677506, 0.0014356581407677506, 0.0014356581407677506, 0.0014356581407677506, 0.0014356581407677506, 0.0014356581407677506, 0.0014356581407677506, 0.0014356581407677506, 0.0014356581407677506, 0.0014356581407677506, 0.0014356581407677506, 0.0014356581407677506, 0.0014356581407677506, 0.0014356581407677506, 0.0014356581407677506, 0.0014356581407677506, 0.0014356581407677506, 0.0014356581407677506, 0.0014356581407677506, 0.0014356581407677506, 0.0014356581407677506, 0.0014356581407677506, 0.0014356581407677506, 0.0014356581407677506, 0.0014356581407677506, 0.0014356581407677506, 0.0014356581407677506, 0.0014356581407677506, 0.0014356581407677506, 0.0014356581407677506, 0.0014356581407677506, 0.0014356581407677506, 0.0021661183306874], "HCA": [5.0503775157193e-05, 7.601137642237001e-05, 0.00010177859536642937, 0.00012780941585789128, 0.00015410790369484065, 0.00020724851374904406, 0.0002340948720405418, 0.00028834834426276403, 0.00031575987355198307, 0.0003988623666267753, 0.0004268571036162213, 0.0004834437944265427, 0.0005406373086820261, 0.0006851626873385181, 0.0007143810949353041, 0.0008029916809466463, 0.0008627127833981975, 0.0011947982803188592, 0.0012253223790948428, 0.0013487791692182996, 0.0013487791692182996, 0.0013803408407244225, 0.0014122601487138251, 0.0014122601487138251, 0.001444913209938315, 0.001444913209938315, 0.001444913209938315, 0.001444913209938315, 0.001479111766759217], "HPRA": [5.0503775157193e-05, 7.601137642237001e-05, 0.00010177859536642937, 0.00012780941585789128, 0.00018040639153179004, 0.00020697669655889175, 0.0002606694131418873, 0.0003420496214752206, 0.00036946115076443963, 0.0003971619817893704, 0.00042515671877881635, 0.00048174340958913775, 0.0005389369238446212, 0.0006834623025011133, 0.0007711175252914712, 0.0008301912492990327, 0.0009197729029763596, 0.0011612896280095682, 0.0012833860231135027, 0.0012833860231135027, 0.0012833860231135027, 0.0012833860231135027, 0.0012833860231135027, 0.001347952138815982, 0.0014132582612649616, 0.0014462877235453158, 0.0014462877235453158, 0.0014800897787102698]}