{"HDA": [2.52518875785965e-05, 5.075948884377352e-05, 7.652670778783289e-05, 0.00010255752827929478, 0.00012885601611624416, 0.0001819966261704476, 0.00020884298446194536, 0.00023596972057305645, 0.0002633812498622755, 0.00029108208088720624, 0.00034707155486609823, 0.00037536490027125896, 0.0004325584145267424, 0.0004614634902580408, 0.0005491187130483988, 0.0006672661610635217, 0.000726987263515073, 0.0008175560354025262, 0.0008480801341785099, 0.0010641295168945593, 0.0011577595534102735, 0.0011893212249163964, 0.001221240532905799, 0.001221240532905799, 0.001221240532905799, 0.0012542699951861532], "HBA": [2.52518875785965e-05, 5.075948884377352e-05, 7.652670778783289e-05, 0.00012858834877075667, 0.00015488683660770604, 0.00020802744666190945, 0.0002348738049534072, 0.0002620005410645183, 0.00028941207035373733, 0.00034481373240359884, 0.0003728084693930448, 0.00040110181479820553, 0.00042969857192594725, 0.0004586036476572457, 0.00048782205525403166, 0.0006945800892804967, 0.0007244406405062724, 0.0009357677749103298, 0.0010578641700142643, 0.0010887283675451286, 0.001151148391888938, 0.001151148391888938, 0.0011830676998783407, 0.0011830676998783407, 0.0012157207611028305, 0.0012157207611028305, 0.0012157207611028305, 0.0012157207611028305, 0.0012157207611028305, 0.0012157207611028305, 0.0012157207611028305, 0.0012157207611028305, 0.0012157207611028305, 0.0012157207611028305, 0.0012157207611028305, 0.0012157207611028305, 0.0012157207611028305, 0.0012157207611028305, 0.0012157207611028305, 0.0012157207611028305, 0.0012157207611028305, 0.0012157207611028305, 0.0012157207611028305, 0.0012157207611028305, 0.0012157207611028305, 0.0012157207611028305, 0.0012157207611028305, 0.0012157207611028305, 0.0012157207611028305, 0.0012157207611028305, 0.0012157207611028305, 0.0012157207611028305, 0.0012157207611028305, 0.0012157207611028305, 0.0012157207611028305, 0.0012157207611028305, 0.0012157207611028305, 0.0012157207611028305, 0.0012157207611028305, 0.0012157207611028305, 0.0012157207611028305, 0.0012157207611028305, 0.0012157207611028305, 0.0012157207611028305, 0.0012157207611028305, 0.0012157207611028305, 0.0012157207611028305, 0.0012157207611028305, 0.0012157207611028305, 0.0012157207611028305, 0.0012157207611028305, 0.0012157207611028305, 0.0012157207611028305, 0.0012157207611028305, 0.0012157207611028305, 0.0012157207611028305, 0.0012157207611028305, 0.0012157207611028305, 0.0012157207611028305, 0.0012157207611028305, 0.0012157207611028305, 0.0012157207611028305, 0.0012157207611028305, 0.0012157207611028305, 0.0012157207611028305, 0.0012157207611028305, 0.0012157207611028305, 0.0012157207611028305, 0.0012157207611028305, 0.0012157207611028305, 0.0012157207611028305, 0.0012157207611028305, 0.0012157207611028305, 0.0012157207611028305, 0.0012157207611028305, 0.0012157207611028305, 0.0012157207611028305, 0.0012157207611028305, 0.0012157207611028305, 0.0012157207611028305, 0.0013177511661635385], "HCA": [2.52518875785965e-05, 5.075948884377352e-05, 7.652670778783289e-05, 0.00010255752827929478, 0.00012885601611624416, 0.0001819966261704476, 0.00020884298446194536, 0.00023596972057305645, 0.0002633812498622755, 0.00029108208088720624, 0.0003190768178766522, 0.0003756635086869736, 0.00043285702294245705, 0.0004617620986737555, 0.0004909805062705415, 0.0008158859883121293, 0.0009651887444410074, 0.0009651887444410074, 0.000995712843216991, 0.0011191696333404477, 0.0011503796455123525, 0.0011503796455123525, 0.0011503796455123525, 0.0011826627033635923, 0.0011826627033635923, 0.0012156921656439465, 0.001249104575012786], "HPRA": [2.52518875785965e-05, 5.075948884377352e-05, 7.652670778783289e-05, 0.00012858834877075667, 0.00015488683660770604, 0.00018145714163480774, 0.0002083034999263055, 0.00023543023603741662, 0.00026284176532663566, 0.0002905425963515664, 0.0003465320703304584, 0.0003748254157356191, 0.0004606156871188443, 0.0005473309143127395, 0.0006057677295063115, 0.0006648414535138729, 0.0007245625559654242, 0.0008151313278528774, 0.0009067036241808284, 0.0010301604143042851, 0.0011237904508199993, 0.0011869137938322453, 0.001218833101821648, 0.001218833101821648, 0.0012514861630461378]}