{"HDA": [5.0503775157193e-05, 7.601137642237001e-05, 0.00010177859536642937, 0.00012780941585789128, 0.00015410790369484065, 0.00018067820872194235, 0.0002075245670134401, 0.0002617780392356623, 0.00031660109781410037, 0.0003443019288390311, 0.0004002914028179231, 0.00042858474822308383, 0.00045718150535082556, 0.0005149916568134224, 0.0005442100644102083, 0.0006032837884177698, 0.0008720287494497505, 0.0010229767025955057, 0.0010535008013714893, 0.0010535008013714893, 0.0011159208257152987, 0.0011159208257152987, 0.0011159208257152987, 0.0011159208257152987, 0.0011159208257152987, 0.0011489502879956529], "HBA": [5.0503775157193e-05, 7.601137642237001e-05, 0.00012754581431048874, 0.00015357663480195064, 0.0001798751226389, 0.0002595860377202051, 0.0003401251125946984, 0.00036725184870580954, 0.0004494864365734667, 0.00047718726759839744, 0.0005051820045878434, 0.0005617686953981649, 0.0005903654525259065, 0.0006192705282572049, 0.0007653625662411348, 0.0008244362902486963, 0.0008841573927002475, 0.0009445365739585497, 0.0010361088702865006, 0.0010361088702865006, 0.00109852889463031, 0.00109852889463031, 0.00109852889463031, 0.00109852889463031, 0.00109852889463031, 0.00109852889463031, 0.00109852889463031, 0.00109852889463031, 0.00109852889463031, 0.00109852889463031, 0.00109852889463031, 0.00109852889463031, 0.00109852889463031, 0.00109852889463031, 0.00109852889463031, 0.00109852889463031, 0.00109852889463031, 0.00109852889463031, 0.00109852889463031, 0.00109852889463031, 0.00109852889463031, 0.00109852889463031, 0.00109852889463031, 0.00109852889463031, 0.00109852889463031, 0.00109852889463031, 0.00109852889463031, 0.00109852889463031, 0.00109852889463031, 0.00109852889463031, 0.00109852889463031, 0.00109852889463031, 0.00109852889463031, 0.00109852889463031, 0.00109852889463031, 0.00109852889463031, 0.00109852889463031, 0.00109852889463031, 0.00109852889463031, 0.00109852889463031, 0.00109852889463031, 0.00109852889463031, 0.00109852889463031, 0.00109852889463031, 0.00109852889463031, 0.00109852889463031, 0.00109852889463031, 0.00109852889463031, 0.00109852889463031, 0.00109852889463031, 0.00109852889463031, 0.00109852889463031, 0.00109852889463031, 0.00109852889463031, 0.00109852889463031, 0.00109852889463031, 0.00109852889463031, 0.00109852889463031, 0.00109852889463031, 0.00109852889463031, 0.00109852889463031, 0.00109852889463031, 0.00109852889463031, 0.00109852889463031, 0.00109852889463031, 0.00109852889463031, 0.00109852889463031, 0.00109852889463031, 0.00109852889463031, 0.00109852889463031, 0.00109852889463031, 0.00109852889463031, 0.00109852889463031, 0.00109852889463031, 0.00109852889463031, 0.00109852889463031, 0.00109852889463031, 0.00109852889463031, 0.00109852889463031, 0.00109852889463031, 0.00109852889463031, 0.00109852889463031, 0.00109852889463031, 0.00109852889463031, 0.00109852889463031, 0.00109852889463031, 0.00109852889463031, 0.00109852889463031, 0.00109852889463031, 0.00109852889463031, 0.00109852889463031, 0.00109852889463031, 0.00109852889463031, 0.00109852889463031, 0.00109852889463031, 0.00109852889463031, 0.00109852889463031, 0.00109852889463031, 0.00109852889463031, 0.00109852889463031, 0.00109852889463031, 0.00109852889463031, 0.00109852889463031, 0.00109852889463031, 0.00109852889463031, 0.00109852889463031, 0.00109852889463031, 0.00109852889463031, 0.00109852889463031, 0.00109852889463031, 0.00109852889463031, 0.00109852889463031, 0.00109852889463031, 0.00109852889463031, 0.00109852889463031, 0.00109852889463031, 0.00109852889463031, 0.00109852889463031, 0.00109852889463031, 0.00109852889463031, 0.00109852889463031, 0.00109852889463031, 0.00109852889463031, 0.00109852889463031, 0.00109852889463031, 0.00109852889463031, 0.00109852889463031, 0.00109852889463031, 0.00109852889463031, 0.00109852889463031, 0.00109852889463031, 0.00109852889463031, 0.00109852889463031, 0.00109852889463031, 0.00109852889463031, 0.00109852889463031, 0.0016393617772695744], "HCA": [5.0503775157193e-05, 7.601137642237001e-05, 0.00010177859536642937, 0.00012780941585789128, 0.00015410790369484065, 0.00018067820872194235, 0.0002075245670134401, 0.00023465130312455123, 0.00028947436170298935, 0.0003171751927279201, 0.00040115940369625806, 0.0004294527491014188, 0.0004580495062291605, 0.0005158596576917573, 0.0005450780652885433, 0.0007518360993150083, 0.0009011388554438864, 0.0010218972179604907, 0.0010524213167364743, 0.0010524213167364743, 0.0011148413410802837, 0.0011148413410802837, 0.0011148413410802837, 0.0011148413410802837, 0.0011148413410802837, 0.0011478708033606378], "HPRA": [5.0503775157193e-05, 7.601137642237001e-05, 0.00010177859536642937, 0.00012780941585789128, 0.00015410790369484065, 0.00018067820872194235, 0.0002075245670134401, 0.0002617780392356623, 0.00031660109781410037, 0.0003443019288390311, 0.0003722966658284771, 0.0004288833566387985, 0.00048607687089428193, 0.0005438870223568788, 0.0007191974679375947, 0.0007782711919451561, 0.0009574344992998099, 0.001017813680558112, 0.001017813680558112, 0.001017813680558112, 0.0010802337049019214, 0.0011117953764080443, 0.0011117953764080443, 0.0011117953764080443, 0.0011444484376325341]}