{"HDA": [2.52518875785965e-05, 5.075948884377352e-05, 7.652670778783289e-05, 0.00010255752827929478, 0.00012885601611624416, 0.00015542632114334587, 0.00020911903772634138, 0.0002362457738374525, 0.00031848036170510966, 0.00037388202375497116, 0.0004018767607444171, 0.00043017010614957785, 0.0005445571346605447, 0.0005734622103918431, 0.0006318990255854151, 0.0006909727495929765, 0.0008402755057218547, 0.000961033868238459, 0.00105260616456641, 0.0011143345596281383, 0.0011767545839719477, 0.0011767545839719477, 0.0011767545839719477, 0.0011767545839719477, 0.0011767545839719477, 0.0011767545839719477, 0.0012101669933407874], "HBA": [5.0503775157193e-05, 7.601137642237001e-05, 0.00010177859536642937, 0.00020590187733227696, 0.0002584988530061757, 0.00028506915803327743, 0.0003119155163247752, 0.00036616898854699746, 0.0003935805178362165, 0.000448982179886078, 0.00050497165386497, 0.0005332649992701307, 0.0005618617563978724, 0.0005907668321291707, 0.0006784220549195287, 0.0007079589169233094, 0.0008274011218264119, 0.0010387282562304694, 0.0010387282562304694, 0.001131320848823062, 0.0011625308609949669, 0.0011625308609949669, 0.0011625308609949669, 0.0011625308609949669, 0.0011625308609949669, 0.0011625308609949669, 0.0011625308609949669, 0.0011625308609949669, 0.0011625308609949669, 0.0011625308609949669, 0.0011625308609949669, 0.0011625308609949669, 0.0011625308609949669, 0.0011625308609949669, 0.0011625308609949669, 0.0011625308609949669, 0.0011625308609949669, 0.0011625308609949669, 0.0011625308609949669, 0.0011625308609949669, 0.0011625308609949669, 0.0011625308609949669, 0.0011625308609949669, 0.0011625308609949669, 0.0011625308609949669, 0.0011625308609949669, 0.0011625308609949669, 0.0011625308609949669, 0.0011625308609949669, 0.0011625308609949669, 0.0011625308609949669, 0.0011625308609949669, 0.0011625308609949669, 0.0011625308609949669, 0.0011625308609949669, 0.0011625308609949669, 0.0011625308609949669, 0.0011625308609949669, 0.0011625308609949669, 0.0011625308609949669, 0.0011625308609949669, 0.0011625308609949669, 0.0011625308609949669, 0.0011625308609949669, 0.0011625308609949669, 0.0011625308609949669, 0.0011625308609949669, 0.0011625308609949669, 0.0011625308609949669, 0.0011625308609949669, 0.0011625308609949669, 0.0011625308609949669, 0.0011625308609949669, 0.0011625308609949669, 0.0011625308609949669, 0.0011625308609949669, 0.0011625308609949669, 0.0011625308609949669, 0.0011625308609949669, 0.0011625308609949669, 0.0011625308609949669, 0.0011625308609949669, 0.0011625308609949669, 0.0011625308609949669, 0.0011625308609949669, 0.0011625308609949669, 0.0011625308609949669, 0.0011625308609949669, 0.0011625308609949669, 0.0011625308609949669, 0.0011625308609949669, 0.0011625308609949669, 0.0011625308609949669, 0.0011625308609949669, 0.0011625308609949669, 0.0011625308609949669, 0.0011625308609949669, 0.0011625308609949669, 0.0011625308609949669, 0.0011625308609949669, 0.0011625308609949669, 0.0011625308609949669, 0.0011625308609949669, 0.0011625308609949669, 0.0011625308609949669, 0.0011625308609949669, 0.0011625308609949669, 0.0011625308609949669, 0.0011625308609949669, 0.0011625308609949669, 0.0011625308609949669, 0.0011625308609949669, 0.0011625308609949669, 0.0011625308609949669, 0.0011625308609949669, 0.0011625308609949669, 0.0011625308609949669, 0.0011625308609949669, 0.0011625308609949669, 0.0011625308609949669, 0.0011625308609949669, 0.0011625308609949669, 0.0011625308609949669, 0.0011625308609949669, 0.0011625308609949669, 0.0011625308609949669, 0.0011625308609949669, 0.0011625308609949669, 0.0011625308609949669, 0.0011625308609949669, 0.0011625308609949669, 0.0011625308609949669, 0.0011625308609949669, 0.0011625308609949669, 0.0011625308609949669, 0.0011625308609949669, 0.0011625308609949669, 0.0011625308609949669, 0.0014312758220269475], "HCA": [2.52518875785965e-05, 5.075948884377352e-05, 7.652670778783289e-05, 0.00010255752827929478, 0.00012885601611624416, 0.00015542632114334587, 0.00018227267943484362, 0.00023652615165706584, 0.000318760739524723, 0.00034646157054965375, 0.00040245104452854574, 0.00043074438993370647, 0.0005451314184446734, 0.0005740364941759717, 0.0006032549017727577, 0.0007214023497878806, 0.0007811234522394319, 0.0010528297679017916, 0.0010528297679017916, 0.0011454223604943842, 0.001176632372666289, 0.001176632372666289, 0.001176632372666289, 0.001176632372666289, 0.001176632372666289, 0.001176632372666289, 0.0012100447820351287], "HPRA": [2.52518875785965e-05, 5.075948884377352e-05, 7.652670778783289e-05, 0.00010255752827929478, 0.00012885601611624416, 0.00020856693119754928, 0.00023541328948904704, 0.00028966676171126926, 0.0003170782910004883, 0.0003724799530503498, 0.0004844589010081337, 0.0005127522464132944, 0.0005699457606687778, 0.0005988508364000762, 0.0006280692439968622, 0.0006871429680044236, 0.0008364457241333018, 0.0009572040866499061, 0.001048776382977857, 0.0011105047780395855, 0.0011729248023833949, 0.0011729248023833949, 0.0011729248023833949, 0.0011729248023833949, 0.0011729248023833949, 0.0011729248023833949, 0.0012063372117522345]}