{"HDA": [2.52518875785965e-05, 7.626709010895054e-05, 0.00010203430905300991, 0.00012806512954447182, 0.00018066210521837058, 0.0002072324102454723, 0.00023407876853697004, 0.0002883322407591923, 0.0003157437700484113, 0.0004265470941481343, 0.0004825365681270263, 0.0006240032951528298, 0.0006526000522805715, 0.0007393152794744667, 0.0007685336870712527, 0.0008571442730825948, 0.0012154708877919025, 0.0012154708877919025, 0.0013070431841198534, 0.0013687715791815818, 0.0013687715791815818, 0.0013687715791815818, 0.0014326101951603874, 0.0014326101951603874, 0.0014326101951603874, 0.0014326101951603874, 0.0014326101951603874, 0.0014326101951603874, 0.0014326101951603874, 0.0014672122712849549], "HBA": [5.0503775157193e-05, 0.00010151897768754704, 0.0001272861966316064, 0.0001533170171230683, 0.0002585109684708658, 0.0002850812734979675, 0.0003656203483724608, 0.0003927470844835719, 0.0005023932016404481, 0.0005300940326653788, 0.0005860835066442707, 0.0006143768520494315, 0.0007001671234326566, 0.000729072199163955, 0.0008751642371478848, 0.0010819222711743498, 0.0011117828224001254, 0.0012325411849167297, 0.0013546375800206642, 0.0013546375800206642, 0.001385847592192569, 0.001385847592192569, 0.001385847592192569, 0.0014181306500438088, 0.0014181306500438088, 0.0014181306500438088, 0.0014181306500438088, 0.0014181306500438088, 0.0014181306500438088, 0.0014181306500438088, 0.0014181306500438088, 0.0014181306500438088, 0.0014181306500438088, 0.0014181306500438088, 0.0014181306500438088, 0.0014181306500438088, 0.0014181306500438088, 0.0014181306500438088, 0.0014181306500438088, 0.0014181306500438088, 0.0014181306500438088, 0.0014181306500438088, 0.0014181306500438088, 0.0014181306500438088, 0.0014181306500438088, 0.0014181306500438088, 0.0014181306500438088, 0.0014181306500438088, 0.0014181306500438088, 0.0014181306500438088, 0.0014181306500438088, 0.0014181306500438088, 0.0014181306500438088, 0.0014181306500438088, 0.0014181306500438088, 0.0014181306500438088, 0.0014181306500438088, 0.0014181306500438088, 0.0014181306500438088, 0.0014181306500438088, 0.0014181306500438088, 0.0014181306500438088, 0.0014181306500438088, 0.0014181306500438088, 0.0014181306500438088, 0.0014181306500438088, 0.0014181306500438088, 0.0014181306500438088, 0.0014181306500438088, 0.0014181306500438088, 0.0014181306500438088, 0.0014181306500438088, 0.0014181306500438088, 0.0014181306500438088, 0.0014181306500438088, 0.0014181306500438088, 0.0014181306500438088, 0.0014181306500438088, 0.0014181306500438088, 0.0014181306500438088, 0.0014181306500438088, 0.0014181306500438088, 0.0014181306500438088, 0.0014181306500438088, 0.0014181306500438088, 0.0014181306500438088, 0.0014181306500438088, 0.0014181306500438088, 0.0014181306500438088, 0.0014181306500438088, 0.0014181306500438088, 0.0014181306500438088, 0.0014181306500438088, 0.0014181306500438088, 0.0014181306500438088, 0.0014181306500438088, 0.0014181306500438088, 0.0014181306500438088, 0.0014181306500438088, 0.0014181306500438088, 0.0014181306500438088, 0.0014181306500438088, 0.0014181306500438088, 0.0014181306500438088, 0.0014181306500438088, 0.0014181306500438088, 0.0014181306500438088, 0.0014181306500438088, 0.0014181306500438088, 0.0014181306500438088, 0.0014181306500438088, 0.0014181306500438088, 0.0014181306500438088, 0.0014181306500438088, 0.0014181306500438088, 0.0014181306500438088, 0.0014181306500438088, 0.0014181306500438088, 0.0014181306500438088, 0.0014181306500438088, 0.0014181306500438088, 0.0014181306500438088, 0.0014181306500438088, 0.0014181306500438088, 0.0014181306500438088, 0.0014181306500438088, 0.0014181306500438088, 0.0014181306500438088, 0.0014181306500438088, 0.0014181306500438088, 0.0014181306500438088, 0.0014181306500438088, 0.0014181306500438088, 0.0014181306500438088, 0.0014181306500438088, 0.0014181306500438088, 0.0014181306500438088, 0.0014181306500438088, 0.0014181306500438088, 0.0014181306500438088, 0.0014181306500438088, 0.0014181306500438088, 0.0014181306500438088, 0.0014181306500438088, 0.0014181306500438088, 0.0014181306500438088, 0.0014181306500438088, 0.0014181306500438088, 0.0014181306500438088, 0.0014181306500438088, 0.0014181306500438088, 0.0014181306500438088, 0.0014181306500438088, 0.0014181306500438088, 0.0014181306500438088, 0.0014181306500438088, 0.0014181306500438088, 0.0014181306500438088, 0.0014181306500438088, 0.0014181306500438088, 0.0014181306500438088, 0.0014181306500438088, 0.0021485908399634583], "HCA": [2.52518875785965e-05, 7.626709010895054e-05, 0.00010203430905300991, 0.00012806512954447182, 0.00018066210521837058, 0.0002072324102454723, 0.00031461784341146334, 0.00034174457952257446, 0.0003691561088117935, 0.00045225860188658574, 0.0004802533388760317, 0.0005085466842811924, 0.0005657401985366758, 0.0006235503499992727, 0.0007112055727896306, 0.0007998161588009728, 0.0012178638759618315, 0.0012178638759618315, 0.0013094361722897825, 0.0014020287648823751, 0.0014020287648823751, 0.0014020287648823751, 0.0014339480728717778, 0.0014339480728717778, 0.0014339480728717778, 0.0014339480728717778, 0.0014339480728717778, 0.0014339480728717778, 0.0014339480728717778, 0.0014685501489963453], "HPRA": [2.52518875785965e-05, 7.626709010895054e-05, 0.00010203430905300991, 0.00012806512954447182, 0.00018066210521837058, 0.0002072324102454723, 0.00031461784341146334, 0.00039599805174479665, 0.0004234095810340157, 0.0005342129051337386, 0.0005902023791126306, 0.0006184957245177913, 0.0007042859959010164, 0.0007331910716323148, 0.0008208462944226727, 0.0009094568804340149, 0.0010288990853371174, 0.0012100366291120238, 0.0012100366291120238, 0.0012100366291120238, 0.001303666665627738, 0.001366790008639984, 0.0014306286246187896, 0.0014306286246187896, 0.0014306286246187896, 0.0014306286246187896, 0.0014306286246187896, 0.0014306286246187896, 0.0014306286246187896, 0.001465230700743357]}