{"HDA": [2.52518875785965e-05, 5.075948884377352e-05, 7.652670778783289e-05, 0.00012858834877075667, 0.00015488683660770604, 0.00018145714163480774, 0.0002083034999263055, 0.00023543023603741662, 0.0002902532946158547, 0.0003456549566657162, 0.0004016444306446082, 0.0004865244668600903, 0.000515121223987832, 0.0005440262997191303, 0.0007485551528966321, 0.0008076288769041936, 0.001016652735484623, 0.001016652735484623, 0.001016652735484623, 0.0010783811305463513, 0.001109591142718256, 0.001109591142718256, 0.001109591142718256, 0.001109591142718256, 0.0011422442039427459], "HBA": [2.52518875785965e-05, 5.075948884377352e-05, 7.652670778783289e-05, 0.00012858834877075667, 0.00020748381228160478, 0.00023405411730870648, 0.000287746833891702, 0.00031487357000281314, 0.0003422850992920322, 0.0003699859303169629, 0.0003979806673064089, 0.0004545673581167303, 0.0005975511437554389, 0.0006264562194867372, 0.0006848930346803092, 0.0008916510687067742, 0.0010110932736098767, 0.0010110932736098767, 0.0010416173723858603, 0.0011033457674475887, 0.0011033457674475887, 0.0011033457674475887, 0.0011033457674475887, 0.0011033457674475887, 0.0011033457674475887, 0.0011033457674475887, 0.0011033457674475887, 0.0011033457674475887, 0.0011033457674475887, 0.0011033457674475887, 0.0011033457674475887, 0.0011033457674475887, 0.0011033457674475887, 0.0011033457674475887, 0.0011033457674475887, 0.0011033457674475887, 0.0011033457674475887, 0.0011033457674475887, 0.0011033457674475887, 0.0011033457674475887, 0.0011033457674475887, 0.0011033457674475887, 0.0011033457674475887, 0.0011033457674475887, 0.0011033457674475887, 0.0011033457674475887, 0.0011033457674475887, 0.0011033457674475887, 0.0011033457674475887, 0.0011033457674475887, 0.0011033457674475887, 0.0011033457674475887, 0.0011033457674475887, 0.0011033457674475887, 0.0011033457674475887, 0.0011033457674475887, 0.0011033457674475887, 0.0011033457674475887, 0.0011033457674475887, 0.0011033457674475887, 0.0011033457674475887, 0.0011033457674475887, 0.0011033457674475887, 0.0011033457674475887, 0.0011033457674475887, 0.0011033457674475887, 0.0011033457674475887, 0.0011033457674475887, 0.0011033457674475887, 0.0011033457674475887, 0.0011033457674475887, 0.0011033457674475887, 0.0011033457674475887, 0.0011033457674475887, 0.0011033457674475887, 0.0011033457674475887, 0.0011033457674475887, 0.0011033457674475887, 0.0011033457674475887, 0.0011033457674475887, 0.0011033457674475887, 0.0011033457674475887, 0.0011033457674475887, 0.0011033457674475887, 0.0011033457674475887, 0.0011033457674475887, 0.0011033457674475887, 0.0011033457674475887, 0.0011033457674475887, 0.0011033457674475887, 0.0011033457674475887, 0.0011033457674475887, 0.0011033457674475887, 0.0011033457674475887, 0.0011033457674475887, 0.0011033457674475887, 0.0011033457674475887, 0.0011033457674475887, 0.0011033457674475887, 0.0011033457674475887, 0.0011033457674475887, 0.0011033457674475887, 0.0011033457674475887, 0.0011033457674475887, 0.0011033457674475887, 0.0011033457674475887, 0.0011033457674475887, 0.0011033457674475887, 0.0011033457674475887, 0.0011033457674475887, 0.0011033457674475887, 0.0011033457674475887, 0.0011033457674475887, 0.0011033457674475887, 0.0011033457674475887, 0.0011033457674475887, 0.0011033457674475887, 0.0011033457674475887, 0.0011033457674475887, 0.0011033457674475887, 0.0011033457674475887, 0.0011033457674475887, 0.0011033457674475887, 0.0011033457674475887, 0.0011033457674475887, 0.0011033457674475887, 0.0011033457674475887, 0.0011033457674475887, 0.0011033457674475887, 0.0011033457674475887, 0.0011033457674475887, 0.0011033457674475887, 0.0011033457674475887, 0.0011033457674475887, 0.0011033457674475887, 0.0011033457674475887, 0.0011033457674475887, 0.0011033457674475887, 0.0011033457674475887, 0.0011033457674475887, 0.0011033457674475887, 0.0011033457674475887, 0.0011033457674475887, 0.0011033457674475887, 0.0011033457674475887, 0.0011033457674475887, 0.0011033457674475887, 0.0011033457674475887, 0.0011033457674475887, 0.0011033457674475887, 0.0011033457674475887, 0.0011033457674475887, 0.0011033457674475887, 0.0011033457674475887, 0.0011033457674475887, 0.0011033457674475887, 0.0011033457674475887, 0.0011033457674475887, 0.0011033457674475887, 0.0011033457674475887, 0.0011033457674475887, 0.0011033457674475887, 0.0011033457674475887, 0.0011033457674475887, 0.0011033457674475887, 0.0011033457674475887, 0.0011033457674475887, 0.0011033457674475887, 0.0011033457674475887, 0.0011033457674475887, 0.0011033457674475887, 0.0011033457674475887, 0.0011033457674475887, 0.002582635708275991], "HCA": [2.52518875785965e-05, 5.075948884377352e-05, 7.652670778783289e-05, 0.00010255752827929478, 0.00012885601611624416, 0.0001819966261704476, 0.00020884298446194536, 0.00023596972057305645, 0.0002633812498622755, 0.00029108208088720624, 0.0003190768178766522, 0.00034737016328181293, 0.0004045636775372964, 0.0004334687532685948, 0.0008133080520268125, 0.0008133080520268125, 0.0009028897057041395, 0.0009632688869624416, 0.0010548411832903926, 0.0010857053808212569, 0.0010857053808212569, 0.0010857053808212569, 0.0011176246888106596, 0.0011176246888106596, 0.0011176246888106596, 0.0011506541510910137], "HPRA": [2.52518875785965e-05, 5.075948884377352e-05, 7.652670778783289e-05, 0.00012858834877075667, 0.00015488683660770604, 0.00018145714163480774, 0.0002083034999263055, 0.00023543023603741662, 0.0002902532946158547, 0.00037335578769064694, 0.00042934526166953893, 0.00048593195247986033, 0.000514528709607602, 0.0005434337853389004, 0.0007479626385164023, 0.0008070363625239638, 0.0009264785674270663, 0.0010170473393145195, 0.0010170473393145195, 0.0010787757343762479, 0.0011099857465481527, 0.0011099857465481527, 0.0011099857465481527, 0.0011099857465481527, 0.0011426388077726425]}