{"HDA": [2.52518875785965e-05, 5.075948884377352e-05, 7.652670778783289e-05, 0.00012858834877075667, 0.00020748381228160478, 0.00023405411730870648, 0.000287746833891702, 0.00031487357000281314, 0.0003422850992920322, 0.0003699859303169629, 0.0003979806673064089, 0.0004262740127115696, 0.00048346752696705307, 0.0005123726026983515, 0.0006292462330854954, 0.000776930543104399, 0.000866512196781726, 0.0009268913780400281, 0.0011710841682478971, 0.0011710841682478971, 0.0012647142047636113, 0.0012647142047636113, 0.001328552820742417, 0.0013931189364448963, 0.0013931189364448963, 0.0013931189364448963, 0.0013931189364448963, 0.0014269209916098504], "HBA": [2.52518875785965e-05, 5.075948884377352e-05, 0.00010229392673189225, 0.00015435556771481603, 0.00020695254338871477, 0.0002600931534429182, 0.00028693951173441596, 0.0003411929839566382, 0.00042342757182429536, 0.0005065300648990877, 0.0005345248018885336, 0.0005911114926988551, 0.0006769017640820802, 0.0007058068398133786, 0.0008226804702005225, 0.0009703647802194261, 0.0010002253314452018, 0.001060604512703504, 0.0011827009078074385, 0.0012752935004000311, 0.0013377135247438405, 0.0013377135247438405, 0.0013377135247438405, 0.0013377135247438405, 0.0013703665859683303, 0.0013703665859683303, 0.0013703665859683303, 0.0013703665859683303, 0.0013703665859683303, 0.0013703665859683303, 0.0013703665859683303, 0.0013703665859683303, 0.0013703665859683303, 0.0013703665859683303, 0.0013703665859683303, 0.0013703665859683303, 0.0013703665859683303, 0.0013703665859683303, 0.0013703665859683303, 0.0013703665859683303, 0.0013703665859683303, 0.0013703665859683303, 0.0013703665859683303, 0.0013703665859683303, 0.0013703665859683303, 0.0013703665859683303, 0.0013703665859683303, 0.0013703665859683303, 0.0013703665859683303, 0.0013703665859683303, 0.0013703665859683303, 0.0013703665859683303, 0.0013703665859683303, 0.0013703665859683303, 0.0013703665859683303, 0.0013703665859683303, 0.0013703665859683303, 0.0013703665859683303, 0.0013703665859683303, 0.0013703665859683303, 0.0013703665859683303, 0.0013703665859683303, 0.0013703665859683303, 0.0013703665859683303, 0.0013703665859683303, 0.0013703665859683303, 0.0013703665859683303, 0.0013703665859683303, 0.0013703665859683303, 0.0013703665859683303, 0.0013703665859683303, 0.0013703665859683303, 0.0013703665859683303, 0.0013703665859683303, 0.0013703665859683303, 0.0013703665859683303, 0.0013703665859683303, 0.0013703665859683303, 0.0013703665859683303, 0.0013703665859683303, 0.0013703665859683303, 0.0013703665859683303, 0.0013703665859683303, 0.0013703665859683303, 0.0013703665859683303, 0.0013703665859683303, 0.0013703665859683303, 0.0013703665859683303, 0.0013703665859683303, 0.0013703665859683303, 0.0013703665859683303, 0.0013703665859683303, 0.0013703665859683303, 0.0013703665859683303, 0.0013703665859683303, 0.0013703665859683303, 0.0013703665859683303, 0.0013703665859683303, 0.0013703665859683303, 0.0013703665859683303, 0.0013703665859683303, 0.0013703665859683303, 0.0013703665859683303, 0.0013703665859683303, 0.0013703665859683303, 0.0013703665859683303, 0.0013703665859683303, 0.0013703665859683303, 0.0013703665859683303, 0.001493823376091787], "HCA": [2.52518875785965e-05, 5.075948884377352e-05, 0.00010229392673189225, 0.00012832474722335416, 0.00015462323506030352, 0.00023433415014160867, 0.00026118050843310645, 0.0003154339806553287, 0.00034284550994454773, 0.0003705463409694785, 0.0004265358149483705, 0.0004548291603535312, 0.0004834259174812729, 0.0005123309932125713, 0.0005415494008093573, 0.000571086262813138, 0.0010189945311997724, 0.0010491841218289233, 0.0012628528132608088, 0.0012628528132608088, 0.0012940628254327136, 0.0012940628254327136, 0.001389820749400922, 0.001389820749400922, 0.001389820749400922, 0.001389820749400922, 0.001389820749400922, 0.001389820749400922, 0.001424019306221824], "HPRA": [2.52518875785965e-05, 5.075948884377352e-05, 0.00010229392673189225, 0.00012832474722335416, 0.00020722021073420226, 0.0002603608207884057, 0.00028720717907990346, 0.0003143339151910146, 0.0003417454444802336, 0.0003971471065300951, 0.0005091260544878791, 0.0005374193998930398, 0.0005660161570207815, 0.0005949212327520799, 0.0007410132707360098, 0.0007705501327397905, 0.0008601317864171174, 0.0010412693301920237, 0.0010412693301920237, 0.0011955903178463448, 0.001289220354362059, 0.001289220354362059, 0.0013530589703408646, 0.0013853420281921044, 0.0013853420281921044, 0.0013853420281921044, 0.0013853420281921044, 0.0014191440833570585]}