{"HDA": [5.0503775157193e-05, 0.00010151897768754704, 0.0001272861966316064, 0.00017934783761453017, 0.00020564632545147954, 0.00023221663047858125, 0.0002859093470615768, 0.000340162819283799, 0.000367574348573018, 0.0004229760106228795, 0.0004789654846017715, 0.0005638455208172536, 0.0007926195778391872, 0.0007926195778391872, 0.0008802748006295452, 0.0009688853866408873, 0.0010286064890924387, 0.0010286064890924387, 0.0010286064890924387, 0.0010286064890924387, 0.0010598165012643435], "HBA": [5.0503775157193e-05, 0.00010151897768754704, 0.00015305341557566578, 0.00020511505655858956, 0.00023141354439553893, 0.00028455415444974234, 0.0003114005127412401, 0.0003656539849634623, 0.00039306551425268135, 0.00044846717630254285, 0.0004764619132919888, 0.0006745153311281137, 0.0007889023596390806, 0.0009334277382955727, 0.0009334277382955727, 0.0009629646002993534, 0.0010226857027509047, 0.0010226857027509047, 0.0010226857027509047, 0.0010226857027509047, 0.0010226857027509047, 0.0010226857027509047, 0.0010226857027509047, 0.0010226857027509047, 0.0010226857027509047, 0.0010226857027509047, 0.0010226857027509047, 0.0010226857027509047, 0.0010226857027509047, 0.0010226857027509047, 0.0010226857027509047, 0.0010226857027509047, 0.0010226857027509047, 0.0010226857027509047, 0.0010226857027509047, 0.0010226857027509047, 0.0010226857027509047, 0.0010226857027509047, 0.0010226857027509047, 0.0010226857027509047, 0.0010226857027509047, 0.0010226857027509047, 0.0010226857027509047, 0.0010226857027509047, 0.0010226857027509047, 0.0010226857027509047, 0.0010226857027509047, 0.0010226857027509047, 0.0010226857027509047, 0.0010226857027509047, 0.0010226857027509047, 0.0010226857027509047, 0.0010226857027509047, 0.001069598819658392], "HCA": [5.0503775157193e-05, 0.00010151897768754704, 0.0001272861966316064, 0.0001533170171230683, 0.00017961550496001767, 0.00020618580998711937, 0.0002598785265701149, 0.0003141319987923371, 0.00039636658665999423, 0.000424067417684925, 0.000480056891663817, 0.000564936927879299, 0.0008223077420289745, 0.0008512128177602729, 0.0009680864481474168, 0.0009680864481474168, 0.0009680864481474168, 0.0009982760387765679, 0.0010288001375525515, 0.0010596643350834158], "HPRA": [5.0503775157193e-05, 0.00010151897768754704, 0.00015305341557566578, 0.0001790842360671277, 0.00020538272390407706, 0.0002585233339582805, 0.000312216050541276, 0.00033934278665238713, 0.00036675431594160616, 0.00042215597799146766, 0.00047814545197035965, 0.0005630254881858418, 0.0007917995452077755, 0.0007917995452077755, 0.0008794547679981334, 0.0009385284920056949, 0.0009982495944572461, 0.001028439185086397, 0.001028439185086397, 0.0010593033826172614]}