{"HDA": [2.52518875785965e-05, 7.626709010895054e-05, 0.00010203430905300991, 0.0001540959500359337, 0.00020669292570983243, 0.00023326323073693414, 0.0002869559473199297, 0.00034120941954215187, 0.0003686209488313709, 0.0004240226108812324, 0.0004800120848601244, 0.0005365987756704458, 0.0005651955327981875, 0.0006230056842607844, 0.0006814424994543563, 0.0009472742574883827, 0.0009472742574883827, 0.001068032620004987, 0.001068032620004987, 0.001068032620004987, 0.001068032620004987, 0.001068032620004987, 0.0010999519279943897], "HBA": [5.0503775157193e-05, 0.00010151897768754704, 0.00015305341557566578, 0.00023114587705005146, 0.00028374285272395023, 0.00031031315775105196, 0.00039085223262554526, 0.0004179789687366564, 0.0004453904980258754, 0.0005561938221255984, 0.0006121832961044903, 0.0006687699869148117, 0.0007259635011702952, 0.0007548685769015936, 0.0008133053920951655, 0.000872379116102727, 0.0009918213210058295, 0.0010220109116349805, 0.001052535010410964, 0.001052535010410964, 0.001052535010410964, 0.001052535010410964, 0.001052535010410964, 0.001052535010410964, 0.001052535010410964, 0.001052535010410964, 0.001052535010410964, 0.001052535010410964, 0.001052535010410964, 0.001052535010410964, 0.001052535010410964, 0.001052535010410964, 0.001052535010410964, 0.001052535010410964, 0.001052535010410964, 0.001052535010410964, 0.001052535010410964, 0.001052535010410964, 0.001052535010410964, 0.001052535010410964, 0.001052535010410964, 0.001052535010410964, 0.001052535010410964, 0.001052535010410964, 0.001052535010410964, 0.001052535010410964, 0.001052535010410964, 0.001052535010410964, 0.001052535010410964, 0.001052535010410964, 0.001052535010410964, 0.001052535010410964, 0.001052535010410964, 0.001052535010410964, 0.001052535010410964, 0.001052535010410964, 0.001052535010410964, 0.001052535010410964, 0.001052535010410964, 0.001052535010410964, 0.001052535010410964, 0.001052535010410964, 0.001052535010410964, 0.001052535010410964, 0.001052535010410964, 0.001052535010410964, 0.001052535010410964, 0.001052535010410964, 0.001052535010410964, 0.001052535010410964, 0.0011126275529264379], "HCA": [2.52518875785965e-05, 7.626709010895054e-05, 0.00012780152799706928, 0.00015383234848853118, 0.00018013083632548055, 0.00023327144637968399, 0.0002869641629626795, 0.00034121763518490174, 0.0003960406937633398, 0.00042374152478827056, 0.00045173626177771653, 0.00048002960718287725, 0.0005658198785661024, 0.0005947249542974008, 0.0008576906226684745, 0.0009463012086798167, 0.0009463012086798167, 0.0010670595711964209, 0.0010670595711964209, 0.0010670595711964209, 0.0010670595711964209, 0.0010670595711964209, 0.0010989788791858236], "HPRA": [5.0503775157193e-05, 0.00010151897768754704, 0.0001272861966316064, 0.00017934783761453017, 0.00023194481328842894, 0.00025851511831553067, 0.00028536147660702846, 0.00033961494882925065, 0.0003670264781184697, 0.0004224281401683312, 0.00047841761414722317, 0.0005350043049575446, 0.0005921978192130281, 0.0006789130464069233, 0.0007373498616004953, 0.000973644757630741, 0.000973644757630741, 0.0010340239388890431, 0.0010645480376650267, 0.0010645480376650267, 0.0010645480376650267, 0.0010961097091711496]}