{"HDA": [5.0503775157193e-05, 7.601137642237001e-05, 0.00010177859536642937, 0.00015384023634935315, 0.00018013872418630252, 0.00020670902921340423, 0.00023355538750490198, 0.00034206233194934645, 0.0003968853905277845, 0.00042458622155271526, 0.00048057569553160726, 0.0005654557317470894, 0.0007370362745135397, 0.0008526565774387334, 0.0009110933926323053, 0.0011178514266587704, 0.0011178514266587704, 0.0011178514266587704, 0.0011178514266587704, 0.0011487156241896347, 0.0011487156241896347, 0.0011487156241896347, 0.0011806349321790374], "HBA": [5.0503775157193e-05, 7.601137642237001e-05, 0.00015331303325454812, 0.00017934385374601003, 0.00023194082941990876, 0.0002585111344470105, 0.000312203851030006, 0.00033933058714111713, 0.00039415364571955525, 0.00044955530776941675, 0.0004775500447588627, 0.0005058433901640234, 0.0007918109614414406, 0.0008785261886353358, 0.0008785261886353358, 0.0009375999126428972, 0.001116763219997551, 0.001116763219997551, 0.001116763219997551, 0.0011476274175284153, 0.0011476274175284153, 0.0011476274175284153, 0.0011476274175284153, 0.0011476274175284153, 0.0011476274175284153, 0.0011476274175284153, 0.0011476274175284153, 0.0011476274175284153, 0.0011476274175284153, 0.0011476274175284153, 0.0011476274175284153, 0.0011476274175284153, 0.0011476274175284153, 0.0011476274175284153, 0.0011476274175284153, 0.0011476274175284153, 0.0011476274175284153, 0.0011476274175284153, 0.0011476274175284153, 0.0011476274175284153, 0.0011476274175284153, 0.0011476274175284153, 0.0011476274175284153, 0.0011476274175284153, 0.0011476274175284153, 0.0011476274175284153, 0.0011476274175284153, 0.0011476274175284153, 0.0011476274175284153, 0.0011476274175284153, 0.0011476274175284153, 0.0011476274175284153, 0.0011476274175284153, 0.0011476274175284153, 0.0011476274175284153, 0.0011476274175284153, 0.0011476274175284153, 0.0011476274175284153, 0.0011476274175284153, 0.0011476274175284153, 0.0011476274175284153, 0.0011476274175284153, 0.0011476274175284153, 0.0011476274175284153, 0.0011476274175284153, 0.0011476274175284153, 0.0011476274175284153, 0.0011476274175284153, 0.0011476274175284153, 0.0011476274175284153, 0.0011476274175284153, 0.0011476274175284153, 0.0011476274175284153, 0.0011476274175284153, 0.0011476274175284153, 0.0011476274175284153, 0.0011476274175284153, 0.0011476274175284153, 0.0011476274175284153, 0.0011476274175284153, 0.0011476274175284153, 0.0011476274175284153, 0.0011476274175284153, 0.0011476274175284153, 0.0011476274175284153, 0.0011476274175284153, 0.0011476274175284153, 0.0011476274175284153, 0.0011476274175284153, 0.0011476274175284153, 0.0011476274175284153, 0.0011476274175284153, 0.0011476274175284153, 0.0011476274175284153, 0.0011476274175284153, 0.0011476274175284153, 0.0011476274175284153, 0.0011476274175284153, 0.0011476274175284153, 0.0011476274175284153, 0.0011476274175284153, 0.0011476274175284153, 0.0011476274175284153, 0.0011476274175284153, 0.0011476274175284153, 0.0011476274175284153, 0.0011476274175284153, 0.0011476274175284153, 0.0011476274175284153, 0.0011476274175284153, 0.0011476274175284153, 0.0011476274175284153, 0.0011476274175284153, 0.0011476274175284153, 0.0011476274175284153, 0.0011476274175284153, 0.0011476274175284153, 0.0011476274175284153, 0.0011476274175284153, 0.0011476274175284153, 0.0011476274175284153, 0.0011476274175284153, 0.0011476274175284153, 0.0011476274175284153, 0.0011476274175284153, 0.0011476274175284153, 0.0011476274175284153, 0.0011476274175284153, 0.0011476274175284153, 0.0011476274175284153, 0.0011476274175284153, 0.0011476274175284153, 0.0011476274175284153, 0.0011476274175284153, 0.0011476274175284153, 0.0011476274175284153, 0.0011476274175284153, 0.0011476274175284153, 0.0011476274175284153, 0.0011476274175284153, 0.0011476274175284153, 0.0011476274175284153, 0.0011476274175284153, 0.0011476274175284153, 0.0011476274175284153, 0.0011476274175284153, 0.0011476274175284153, 0.0011476274175284153, 0.0011476274175284153, 0.0011476274175284153, 0.0011476274175284153, 0.0011476274175284153, 0.0011476274175284153, 0.0011476274175284153, 0.0011476274175284153, 0.0011476274175284153, 0.0011476274175284153, 0.0017145208415646966], "HCA": [5.0503775157193e-05, 7.601137642237001e-05, 0.00010177859536642937, 0.00012780941585789128, 0.00018040639153179004, 0.00020697669655889175, 0.0002338230548503895, 0.00028807652707261175, 0.0003154880563618308, 0.0003708897184116923, 0.00039888445540113825, 0.00045547114621145965, 0.0005412614175946848, 0.0008881223263702658, 0.0008881223263702658, 0.00106534349839295, 0.0010952040496187256, 0.0011253936402478766, 0.0011559177390238601, 0.0011559177390238601, 0.0011559177390238601, 0.0011559177390238601, 0.0011559177390238601, 0.0011882007968750997], "HPRA": [5.0503775157193e-05, 7.601137642237001e-05, 0.00010177859536642937, 0.00015384023634935315, 0.00018013872418630252, 0.00020670902921340423, 0.00031409446237939525, 0.00034122119849050637, 0.0003960442570689445, 0.00042374508809387524, 0.00047973456207276723, 0.0005646145982882494, 0.0006790016267992163, 0.0008524320811870067, 0.0008524320811870067, 0.0009115058051945682, 0.0011205296637749975, 0.0011205296637749975, 0.0011205296637749975, 0.0011513938613058618, 0.0011513938613058618, 0.0011513938613058618, 0.0011833131692952645]}