{"HDA": [2.52518875785965e-05, 5.075948884377352e-05, 0.00010229392673189225, 0.00012832474722335416, 0.00018092172289725292, 0.00020749202792435463, 0.00023433838621585238, 0.0002885918584380746, 0.00039823797559495076, 0.00045363963764481226, 0.0005376238486131502, 0.0005942105394234717, 0.0006800008108066968, 0.0008245261894631889, 0.0008829630046567608, 0.0009420367286643223, 0.0011510605872447517, 0.0011812501778739027, 0.00124229837542587, 0.00124229837542587, 0.0012735083875977749, 0.0013050700591038977], "HBA": [5.0503775157193e-05, 0.00012702657895272406, 0.00017856101684084278, 0.00023062265782376656, 0.0002832196334976653, 0.00033636024355186873, 0.0003632066018433665, 0.00041746007406558876, 0.0004996946619332459, 0.0005273954929581766, 0.0006393744409159606, 0.000695961131726282, 0.0007531546459817655, 0.0009554901761008544, 0.0010431453988912123, 0.0011022191228987736, 0.0011320796741245492, 0.0011622692647537001, 0.0012233174623056675, 0.0012541816598365318, 0.0012541816598365318, 0.0012541816598365318, 0.0012541816598365318, 0.0012541816598365318, 0.0012541816598365318, 0.0012541816598365318, 0.0012541816598365318, 0.0012541816598365318, 0.0012541816598365318, 0.0012541816598365318, 0.0012541816598365318, 0.0012541816598365318, 0.0012541816598365318, 0.0012541816598365318, 0.0012541816598365318, 0.0012541816598365318, 0.0012541816598365318, 0.0012541816598365318, 0.0012541816598365318, 0.0012541816598365318, 0.0012541816598365318, 0.0012541816598365318, 0.0012541816598365318, 0.0012541816598365318, 0.0012541816598365318, 0.0012541816598365318, 0.0012541816598365318, 0.0012541816598365318, 0.0012541816598365318, 0.0012541816598365318, 0.0012541816598365318, 0.0012541816598365318, 0.0012541816598365318, 0.0012541816598365318, 0.0012541816598365318, 0.0012541816598365318, 0.0012541816598365318, 0.0012541816598365318, 0.0012541816598365318, 0.0012541816598365318, 0.0012541816598365318, 0.0012541816598365318, 0.0012541816598365318, 0.0012541816598365318, 0.0012541816598365318, 0.0012541816598365318, 0.0012541816598365318, 0.0012541816598365318, 0.0012541816598365318, 0.0012541816598365318, 0.0012541816598365318, 0.0012541816598365318, 0.0012541816598365318, 0.0012541816598365318, 0.0012541816598365318, 0.0012541816598365318, 0.0012541816598365318, 0.0012541816598365318, 0.0012541816598365318, 0.0012541816598365318, 0.0012541816598365318, 0.0012541816598365318, 0.0012541816598365318, 0.0012541816598365318, 0.0012541816598365318, 0.0012541816598365318, 0.0012541816598365318, 0.0012541816598365318, 0.0012541816598365318, 0.0012541816598365318, 0.0012541816598365318, 0.0012541816598365318, 0.0012541816598365318, 0.0012541816598365318, 0.0012541816598365318, 0.0012541816598365318, 0.0012541816598365318, 0.0012541816598365318, 0.0012541816598365318, 0.0012541816598365318, 0.0012541816598365318, 0.0012541816598365318, 0.0012541816598365318, 0.0012541816598365318, 0.0012541816598365318, 0.0012541816598365318, 0.0012541816598365318, 0.0012541816598365318, 0.0012541816598365318, 0.0012541816598365318, 0.0012541816598365318, 0.0012541816598365318, 0.0012541816598365318, 0.0012541816598365318, 0.0012541816598365318, 0.0012541816598365318, 0.0012541816598365318, 0.0012541816598365318, 0.0012541816598365318, 0.0012541816598365318, 0.0012541816598365318, 0.0012541816598365318, 0.0012541816598365318, 0.0012541816598365318, 0.0012541816598365318, 0.0012541816598365318, 0.0012541816598365318, 0.0012541816598365318, 0.0012541816598365318, 0.0012541816598365318, 0.0012541816598365318, 0.0012541816598365318, 0.0012541816598365318, 0.0012541816598365318, 0.0012541816598365318, 0.0012541816598365318, 0.0012541816598365318, 0.0012541816598365318, 0.0012541816598365318, 0.0012541816598365318, 0.0012541816598365318, 0.0012541816598365318, 0.0012541816598365318, 0.0012541816598365318, 0.0012541816598365318, 0.0012541816598365318, 0.0012541816598365318, 0.0012541816598365318, 0.0012541816598365318, 0.0012541816598365318, 0.001670674787699922], "HCA": [2.52518875785965e-05, 7.626709010895054e-05, 0.00010203430905300991, 0.0001540959500359337, 0.00018039443787288306, 0.00020696474289998477, 0.00023381110119148252, 0.00028806457341370474, 0.0003428876319921428, 0.0004536909560918658, 0.0005096804300707577, 0.0005945604662862399, 0.0006517539805417234, 0.0007095641320043202, 0.0007972193547946782, 0.0010925879748324855, 0.0010925879748324855, 0.0012133463373490898, 0.0012438704361250733, 0.0012438704361250733, 0.0012750804482969781, 0.0012750804482969781, 0.0013069997562863808], "HPRA": [2.52518875785965e-05, 7.626709010895054e-05, 0.00010203430905300991, 0.00012806512954447182, 0.00018066210521837058, 0.0002603730202996757, 0.000340912095174169, 0.0003951655673963912, 0.00042257709668561025, 0.00047797875873547175, 0.0005619629697038097, 0.0006468430059192918, 0.0007326332773025169, 0.0008193485044964121, 0.0008777853196899841, 0.0009368590436975455, 0.0010264406973748725, 0.0011773886505206277, 0.0011773886505206277, 0.0012391170455823561, 0.001270327057754261, 0.0013018887292603838]}