{"HDA": [2.52518875785965e-05, 7.626709010895054e-05, 0.00015356874694112866, 0.00017959956743259057, 0.00020589805526953993, 0.0002590386653237434, 0.00028588502361524116, 0.0003130117597263523, 0.0003404232890155713, 0.00042352578209036356, 0.00045152051907980953, 0.0005081072098901309, 0.0005367039670178726, 0.0005945141184804694, 0.0006821693412708274, 0.0007117062032746081, 0.0008908695106292618, 0.000981438282516715, 0.0010730105788446659, 0.0011656031714372586, 0.0011656031714372586, 0.0011971648429433815, 0.0011971648429433815, 0.001229447900794621], "HBA": [7.57556627357895e-05, 0.00012677086526614355, 0.0001525380842102029, 0.00020459972519312668, 0.00023089821303007605, 0.00028403882308427946, 0.00031088518137577725, 0.0003651386535979995, 0.00041996171217643756, 0.0004476625432013683, 0.0004756572801908143, 0.000503950625595975, 0.0005611441398514584, 0.0007056695185079505, 0.0007641063337015224, 0.0009708643677279875, 0.0010604460214053144, 0.0010604460214053144, 0.0011214942189572818, 0.0011214942189572818, 0.0011527042311291866, 0.0011842659026353095, 0.0011842659026353095, 0.0011842659026353095, 0.0011842659026353095, 0.0011842659026353095, 0.0011842659026353095, 0.0011842659026353095, 0.0011842659026353095, 0.0011842659026353095, 0.0011842659026353095, 0.0011842659026353095, 0.0011842659026353095, 0.0011842659026353095, 0.0011842659026353095, 0.0011842659026353095, 0.0011842659026353095, 0.0011842659026353095, 0.0011842659026353095, 0.0011842659026353095, 0.0011842659026353095, 0.0011842659026353095, 0.0011842659026353095, 0.0011842659026353095, 0.0011842659026353095, 0.0011842659026353095, 0.0011842659026353095, 0.0011842659026353095, 0.0011842659026353095, 0.0011842659026353095, 0.0011842659026353095, 0.0011842659026353095, 0.0011842659026353095, 0.0011842659026353095, 0.0011842659026353095, 0.0011842659026353095, 0.0011842659026353095, 0.0011842659026353095, 0.0011842659026353095, 0.0011842659026353095, 0.0011842659026353095, 0.0011842659026353095, 0.0011842659026353095, 0.0011842659026353095, 0.0011842659026353095, 0.0011842659026353095, 0.0011842659026353095, 0.0011842659026353095, 0.0011842659026353095, 0.0011842659026353095, 0.0011842659026353095, 0.0011842659026353095, 0.0011842659026353095, 0.0011842659026353095, 0.0011842659026353095, 0.0011842659026353095, 0.0011842659026353095, 0.0011842659026353095, 0.0011842659026353095, 0.0011842659026353095, 0.0011842659026353095, 0.0011842659026353095, 0.0011842659026353095, 0.0011842659026353095, 0.0011842659026353095, 0.0011842659026353095, 0.0011842659026353095, 0.0011842659026353095, 0.0011842659026353095, 0.0011842659026353095, 0.0011842659026353095, 0.0011842659026353095, 0.0011842659026353095, 0.0011842659026353095, 0.0011842659026353095, 0.0011842659026353095, 0.0011842659026353095, 0.0011842659026353095, 0.0012822955075760015], "HCA": [2.52518875785965e-05, 7.626709010895054e-05, 0.00015356874694112866, 0.00017959956743259057, 0.00020589805526953993, 0.0002590386653237434, 0.00028588502361524116, 0.0003130117597263523, 0.0003404232890155713, 0.00036812412004050206, 0.00045210833100884, 0.00048040167641400075, 0.0005375951906694842, 0.000595405342132081, 0.000653842157325653, 0.0009492107773634602, 0.0009790713285892359, 0.0010998296911058402, 0.0011303537898818238, 0.001161217987412688, 0.001161217987412688, 0.001192779658918811, 0.001192779658918811, 0.0012250627167700507], "HPRA": [2.52518875785965e-05, 0.00010177469137412756, 0.0001533091292622463, 0.0001793399497537082, 0.00020563843759065757, 0.00023220874261775928, 0.00031274781749225254, 0.0003670012897144748, 0.00042182434829291285, 0.0004495251793178436, 0.00047751991630728957, 0.0005058132617124502, 0.0005916035330956754, 0.0006494136845582722, 0.0007078504997518442, 0.0007669242237594056, 0.0008266453262109569, 0.0009775932793567122, 0.0009775932793567122, 0.0010701858719493048, 0.0011326058962931142, 0.0011957292393053602, 0.0011957292393053602, 0.0012280122971565998]}