{"HDA": [2.52518875785965e-05, 5.075948884377352e-05, 7.652670778783289e-05, 0.00012858834877075667, 0.00015488683660770604, 0.00018145714163480774, 0.00023514985821780326, 0.0002894033304400255, 0.00037163791830768263, 0.0003993387493326134, 0.00045532822331150537, 0.0004836215687166661, 0.0005408150829721495, 0.0005697201587034479, 0.0006281569738970198, 0.0006872306979045813, 0.0007469518003561325, 0.0008073309816144347, 0.0008378550803904184, 0.0009921760680447393, 0.0012418561654199774, 0.0012418561654199774, 0.0013376140893881856, 0.0013376140893881856, 0.0013702671506126754, 0.0014032966128930296, 0.0014032966128930296, 0.0014370986680579837], "HBA": [5.0503775157193e-05, 7.601137642237001e-05, 0.00015331303325454812, 0.0002053746742374719, 0.00023167316207442127, 0.000258243467101523, 0.0003119361836845185, 0.00033906291979562964, 0.00036647444908484867, 0.00042187611113471017, 0.00047786558511360216, 0.0005061589305187629, 0.0005347556876465046, 0.0005636607633778029, 0.0005928791709745889, 0.0006519528949821504, 0.0007116739974337016, 0.0008928115412086081, 0.0010454320350885263, 0.0012306172202737114, 0.0012930372446175208, 0.0013245989161236437, 0.0013245989161236437, 0.0013245989161236437, 0.0013572519773481335, 0.0013902814396284876, 0.0013902814396284876, 0.0013902814396284876, 0.0013902814396284876, 0.0013902814396284876, 0.0013902814396284876, 0.0013902814396284876, 0.0013902814396284876, 0.0013902814396284876, 0.0013902814396284876, 0.0013902814396284876, 0.0013902814396284876, 0.0013902814396284876, 0.0013902814396284876, 0.0013902814396284876, 0.0013902814396284876, 0.0013902814396284876, 0.0013902814396284876, 0.0013902814396284876, 0.0013902814396284876, 0.0013902814396284876, 0.0013902814396284876, 0.0013902814396284876, 0.0013902814396284876, 0.0013902814396284876, 0.0013902814396284876, 0.0013902814396284876, 0.0013902814396284876, 0.0013902814396284876, 0.0013902814396284876, 0.0013902814396284876, 0.0013902814396284876, 0.0013902814396284876, 0.0013902814396284876, 0.0013902814396284876, 0.0013902814396284876, 0.0013902814396284876, 0.0013902814396284876, 0.0013902814396284876, 0.0013902814396284876, 0.0013902814396284876, 0.0013902814396284876, 0.0013902814396284876, 0.0013902814396284876, 0.0013902814396284876, 0.0013902814396284876, 0.0013902814396284876, 0.0013902814396284876, 0.0013902814396284876, 0.0013902814396284876, 0.0013902814396284876, 0.0013902814396284876, 0.0013902814396284876, 0.0013902814396284876, 0.0013902814396284876, 0.0013902814396284876, 0.0013902814396284876, 0.0013902814396284876, 0.0013902814396284876, 0.0013902814396284876, 0.0013902814396284876, 0.0013902814396284876, 0.0013902814396284876, 0.0013902814396284876, 0.0013902814396284876, 0.0013902814396284876, 0.0013902814396284876, 0.0013902814396284876, 0.0013902814396284876, 0.0013902814396284876, 0.0013902814396284876, 0.0013902814396284876, 0.0013902814396284876, 0.0013902814396284876, 0.0013902814396284876, 0.0013902814396284876, 0.0013902814396284876, 0.0013902814396284876, 0.0013902814396284876, 0.0013902814396284876, 0.0013902814396284876, 0.0013902814396284876, 0.0013902814396284876, 0.0013902814396284876, 0.0013902814396284876, 0.0013902814396284876, 0.0013902814396284876, 0.0013902814396284876, 0.0013902814396284876, 0.0013902814396284876, 0.0013902814396284876, 0.0013902814396284876, 0.0013902814396284876, 0.0013902814396284876, 0.0013902814396284876, 0.0013902814396284876, 0.0013902814396284876, 0.0013902814396284876, 0.0013902814396284876, 0.0013902814396284876, 0.0013902814396284876, 0.0013902814396284876, 0.0013902814396284876, 0.0013902814396284876, 0.0013902814396284876, 0.0013902814396284876, 0.0013902814396284876, 0.0013902814396284876, 0.0013902814396284876, 0.0013902814396284876, 0.0013902814396284876, 0.0013902814396284876, 0.0013902814396284876, 0.0013902814396284876, 0.0013902814396284876, 0.0013902814396284876, 0.0013902814396284876, 0.0013902814396284876, 0.0013902814396284876, 0.0013902814396284876, 0.0013902814396284876, 0.0017462800156341836], "HCA": [2.52518875785965e-05, 5.075948884377352e-05, 7.652670778783289e-05, 0.00012858834877075667, 0.00015488683660770604, 0.00018145714163480774, 0.00023514985821780326, 0.0002894033304400255, 0.0003168148597292445, 0.00034451569075417526, 0.0003725104277436212, 0.0004290971185539426, 0.00048629063280942607, 0.0005730058600033213, 0.0006314426751968933, 0.0006905163992044547, 0.0007203769504302304, 0.0007505665410593815, 0.0007810906398353652, 0.0008428190348970935, 0.001154919156616141, 0.001154919156616141, 0.0013145156965631549, 0.0013467987544143944, 0.0013467987544143944, 0.0013798282166947486, 0.0014132406260635882, 0.0014132406260635882, 0.0014474391828844903], "HPRA": [2.52518875785965e-05, 5.075948884377352e-05, 7.652670778783289e-05, 0.00012858834877075667, 0.00018118532444465543, 0.00020775562947175714, 0.0002346019877632549, 0.0002888554599854771, 0.00037109004785313424, 0.00042649170990299574, 0.0004544864468924417, 0.0005110731377027632, 0.0005396698948305048, 0.0005685749705618032, 0.0006270117857553752, 0.0006860855097629366, 0.0007458066122144879, 0.00080618579347279, 0.0008672339910247573, 0.0009598265836173499, 0.0010222466079611594, 0.0012431783085040202, 0.0012431783085040202, 0.0012431783085040202, 0.0013411374921774896, 0.0014071964167381977, 0.0014071964167381977, 0.0014409984719031517]}