{"HDA": [2.52518875785965e-05, 5.075948884377352e-05, 7.652670778783289e-05, 0.00010255752827929478, 0.00012885601611624416, 0.0001819966261704476, 0.00020884298446194536, 0.00023596972057305645, 0.0002633812498622755, 0.00034648374293706774, 0.0003744784799265137, 0.00040277182533167443, 0.0006029491252258664, 0.0007474745038823585, 0.0008351297266727165, 0.00098281403669162, 0.001072395690368947, 0.0011327748716272491, 0.0012243471679552, 0.0012552113654860644, 0.0012864213776579692, 0.0012864213776579692, 0.0013183406856473719], "HBA": [2.52518875785965e-05, 5.075948884377352e-05, 0.00010229392673189225, 0.00018038638820627793, 0.00025928185171712607, 0.0002858521567442278, 0.0003126985150357256, 0.0003398252511468367, 0.00042205983901449386, 0.0005051623320892862, 0.0005331570690787321, 0.0005897437598890536, 0.0006183405170167953, 0.0006472455927480936, 0.0009978664839095253, 0.0009978664839095253, 0.0011471692400384034, 0.0011773588306675544, 0.001207882929443538, 0.0012387471269744022, 0.001269957139146307, 0.001269957139146307, 0.001269957139146307, 0.001269957139146307, 0.001269957139146307, 0.001269957139146307, 0.001269957139146307, 0.001269957139146307, 0.001269957139146307, 0.001269957139146307, 0.001269957139146307, 0.001269957139146307, 0.001269957139146307, 0.001269957139146307, 0.001269957139146307, 0.001269957139146307, 0.001269957139146307, 0.001269957139146307, 0.001269957139146307, 0.001269957139146307, 0.001269957139146307, 0.001269957139146307, 0.001269957139146307, 0.001269957139146307, 0.001269957139146307, 0.001269957139146307, 0.001269957139146307, 0.001269957139146307, 0.001269957139146307, 0.001269957139146307, 0.001269957139146307, 0.001269957139146307, 0.001269957139146307, 0.001269957139146307, 0.001269957139146307, 0.001269957139146307, 0.001269957139146307, 0.001269957139146307, 0.001269957139146307, 0.001269957139146307, 0.001269957139146307, 0.001269957139146307, 0.001269957139146307, 0.001269957139146307, 0.001269957139146307, 0.001269957139146307, 0.001269957139146307, 0.001269957139146307, 0.001269957139146307, 0.001269957139146307, 0.001269957139146307, 0.001269957139146307, 0.001269957139146307, 0.001269957139146307, 0.001269957139146307, 0.001269957139146307, 0.001269957139146307, 0.001269957139146307, 0.001269957139146307, 0.001269957139146307, 0.001269957139146307, 0.001269957139146307, 0.001269957139146307, 0.001269957139146307, 0.001269957139146307, 0.001269957139146307, 0.001269957139146307, 0.001269957139146307, 0.001269957139146307, 0.001269957139146307, 0.001269957139146307, 0.001269957139146307, 0.001269957139146307, 0.001269957139146307, 0.001269957139146307, 0.001269957139146307, 0.001269957139146307, 0.001269957139146307, 0.001269957139146307, 0.001269957139146307, 0.001269957139146307, 0.001269957139146307, 0.001269957139146307, 0.001269957139146307, 0.001269957139146307, 0.001269957139146307, 0.001269957139146307, 0.001269957139146307, 0.001269957139146307, 0.001269957139146307, 0.001269957139146307, 0.001269957139146307, 0.001269957139146307, 0.001269957139146307, 0.001269957139146307, 0.0014116804951553774], "HCA": [2.52518875785965e-05, 5.075948884377352e-05, 7.652670778783289e-05, 0.00012858834877075667, 0.00015488683660770604, 0.00018145714163480774, 0.0002083034999263055, 0.00023543023603741662, 0.00026284176532663566, 0.0002905425963515664, 0.0003185373333410124, 0.0003751240241513338, 0.0004037207812790755, 0.0004326258570103739, 0.0007248099329782336, 0.0010792522770236021, 0.0010792522770236021, 0.0011396314582819043, 0.0012312037546098552, 0.0012312037546098552, 0.00126241376678176, 0.001293975438287883, 0.001293975438287883, 0.0013262584961391227], "HPRA": [2.52518875785965e-05, 5.075948884377352e-05, 7.652670778783289e-05, 0.00012858834877075667, 0.00015488683660770604, 0.00018145714163480774, 0.0002083034999263055, 0.0002896837082596388, 0.000399329825416515, 0.0004547314874663765, 0.00048272622445582247, 0.000624192951481626, 0.0006527897086093677, 0.0007684100115345614, 0.0009145020495184913, 0.0010031126355298334, 0.0010628337379813848, 0.001123212919239687, 0.0012147852155676379, 0.0012147852155676379, 0.0012772052399114473, 0.0012772052399114473, 0.00130912454790085]}