{"HDA": [5.0503775157193e-05, 7.601137642237001e-05, 0.00010177859536642937, 0.00012780941585789128, 0.00015410790369484065, 0.00020724851374904406, 0.0003146339469150351, 0.0003417606830261462, 0.0003965837416045843, 0.0004242845726295151, 0.00045227930961896104, 0.00048057265502412177, 0.0005949596835350886, 0.0009707256680419681, 0.0009707256680419681, 0.001088873116057091, 0.001088873116057091, 0.001088873116057091, 0.0011499213136090584, 0.0011499213136090584, 0.0011499213136090584, 0.0011499213136090584, 0.001181840621598461], "HBA": [5.0503775157193e-05, 0.00010151897768754704, 0.0001272861966316064, 0.00017934783761453017, 0.00023194481328842894, 0.00028508542334263235, 0.00033877813992562786, 0.000365904876036739, 0.000393316405325958, 0.00042101723635088877, 0.00044901197334033474, 0.00047730531874549546, 0.0008490631614061377, 0.0009646834643313314, 0.0009939018719281173, 0.0010825124579394595, 0.001112373009165235, 0.001112373009165235, 0.0011428971079412186, 0.0011428971079412186, 0.0011428971079412186, 0.0011428971079412186, 0.0011428971079412186, 0.0011428971079412186, 0.0011428971079412186, 0.0011428971079412186, 0.0011428971079412186, 0.0011428971079412186, 0.0011428971079412186, 0.0011428971079412186, 0.0011428971079412186, 0.0011428971079412186, 0.0011428971079412186, 0.0011428971079412186, 0.0011428971079412186, 0.0011428971079412186, 0.0011428971079412186, 0.0011428971079412186, 0.0011428971079412186, 0.0011428971079412186, 0.0011428971079412186, 0.0011428971079412186, 0.0011428971079412186, 0.0011428971079412186, 0.0011428971079412186, 0.0011428971079412186, 0.0011428971079412186, 0.0011428971079412186, 0.0011428971079412186, 0.0011428971079412186, 0.0011428971079412186, 0.0011428971079412186, 0.0011428971079412186, 0.0011428971079412186, 0.0011428971079412186, 0.0011428971079412186, 0.0011428971079412186, 0.0011428971079412186, 0.0011428971079412186, 0.0011428971079412186, 0.0011428971079412186, 0.0011428971079412186, 0.0011428971079412186, 0.0011428971079412186, 0.0011428971079412186, 0.0011428971079412186, 0.0011428971079412186, 0.0011428971079412186, 0.0011428971079412186, 0.0011428971079412186, 0.0011428971079412186, 0.0011428971079412186, 0.0011428971079412186, 0.0011428971079412186, 0.0011428971079412186, 0.0011428971079412186, 0.0011428971079412186, 0.0011428971079412186, 0.0011428971079412186, 0.0011428971079412186, 0.0011428971079412186, 0.0011428971079412186, 0.0011428971079412186, 0.0011428971079412186, 0.0011428971079412186, 0.0011428971079412186, 0.0011428971079412186, 0.0011428971079412186, 0.0011428971079412186, 0.0011428971079412186, 0.0011428971079412186, 0.0011428971079412186, 0.0011428971079412186, 0.0011428971079412186, 0.0011428971079412186, 0.0011428971079412186, 0.0011428971079412186, 0.0011428971079412186, 0.0011428971079412186, 0.0011428971079412186, 0.0011428971079412186, 0.0011428971079412186, 0.0011428971079412186, 0.0011428971079412186, 0.0011428971079412186, 0.0011428971079412186, 0.0011428971079412186, 0.0011428971079412186, 0.0011428971079412186, 0.0011428971079412186, 0.0011428971079412186, 0.0011428971079412186, 0.0011428971079412186, 0.0011428971079412186, 0.0011428971079412186, 0.0011428971079412186, 0.0011428971079412186, 0.0011428971079412186, 0.0011428971079412186, 0.0011428971079412186, 0.0011428971079412186, 0.0011428971079412186, 0.0011428971079412186, 0.0011428971079412186, 0.0011428971079412186, 0.0011428971079412186, 0.0011428971079412186, 0.0011428971079412186, 0.0011428971079412186, 0.0011428971079412186, 0.0011428971079412186, 0.0011428971079412186, 0.0011428971079412186, 0.0011428971079412186, 0.0011428971079412186, 0.0011428971079412186, 0.0011428971079412186, 0.0011428971079412186, 0.0011428971079412186, 0.0011428971079412186, 0.0011428971079412186, 0.0014401622684644053], "HCA": [2.52518875785965e-05, 7.626709010895054e-05, 0.00010203430905300991, 0.00012806512954447182, 0.00015436361738142119, 0.0002075042274356246, 0.00023435058572712235, 0.0003428575301715668, 0.0003976805887500049, 0.00042538141977493564, 0.0004533761567643816, 0.00048166950216954233, 0.0008534273448301846, 0.0009690476477553783, 0.0009982660553521643, 0.0010868766413635064, 0.001116737192589282, 0.001116737192589282, 0.0011472612913652656, 0.0011472612913652656, 0.0011472612913652656, 0.0011472612913652656, 0.0011791805993546683], "HPRA": [5.0503775157193e-05, 7.601137642237001e-05, 0.00012754581431048874, 0.00015357663480195064, 0.00023247209831279877, 0.0002856127083670022, 0.0003393054249499977, 0.0003664321610611088, 0.00039384369035032785, 0.0004769461834251201, 0.0005049409204145661, 0.0005615276112248876, 0.0005901243683526292, 0.0009658903528595086, 0.0009951087604562945, 0.0010541824844638558, 0.0010541824844638558, 0.001114561665722158, 0.0011450857644981416, 0.0011450857644981416, 0.0011450857644981416, 0.0011450857644981416, 0.0011770050724875442]}