{"HDA": [5.0503775157193e-05, 7.601137642237001e-05, 0.00010177859536642937, 0.00015384023634935315, 0.00018013872418630252, 0.00023327933424050596, 0.00028697205082350147, 0.0003140987869346126, 0.0003415103162238316, 0.00039691197827369313, 0.0004529014522525851, 0.0005094881430629066, 0.0005380849001906482, 0.0005958950516532451, 0.0006251134592500311, 0.0006546503212538117, 0.0007442319749311387, 0.0011065070624809515, 0.0011065070624809515, 0.0011990996550735441, 0.0012927296915892584, 0.0013558530346015044, 0.0013558530346015044, 0.0013881360924527441, 0.0013881360924527441, 0.0013881360924527441, 0.0014215485018215838], "HBA": [5.0503775157193e-05, 0.00010151897768754704, 0.0001272861966316064, 0.0001533170171230683, 0.00020591399279696704, 0.00025905460285117045, 0.00028590096114266823, 0.0003401544333648905, 0.00039497749194332854, 0.0004226783229682593, 0.00045067305995770526, 0.000478966405362866, 0.0006219501910015746, 0.0006797603424641715, 0.0007089787500609574, 0.0007385156120647381, 0.0007683761632905138, 0.0010098928883237224, 0.0011014651846516733, 0.0011631935797134017, 0.001256823616229116, 0.001319946959241362, 0.001319946959241362, 0.001319946959241362, 0.0013852530816903415, 0.0013852530816903415, 0.0013852530816903415, 0.0013852530816903415, 0.0013852530816903415, 0.0013852530816903415, 0.0013852530816903415, 0.0013852530816903415, 0.0013852530816903415, 0.0013852530816903415, 0.0013852530816903415, 0.0013852530816903415, 0.0013852530816903415, 0.0013852530816903415, 0.0013852530816903415, 0.0013852530816903415, 0.0013852530816903415, 0.0013852530816903415, 0.0013852530816903415, 0.0013852530816903415, 0.0013852530816903415, 0.0013852530816903415, 0.0013852530816903415, 0.0013852530816903415, 0.0013852530816903415, 0.0013852530816903415, 0.0013852530816903415, 0.0013852530816903415, 0.0013852530816903415, 0.0013852530816903415, 0.0013852530816903415, 0.0013852530816903415, 0.0013852530816903415, 0.0013852530816903415, 0.0013852530816903415, 0.0013852530816903415, 0.0013852530816903415, 0.0013852530816903415, 0.0013852530816903415, 0.0013852530816903415, 0.0013852530816903415, 0.0013852530816903415, 0.0013852530816903415, 0.0013852530816903415, 0.0013852530816903415, 0.0013852530816903415, 0.0013852530816903415, 0.0013852530816903415, 0.0013852530816903415, 0.0013852530816903415, 0.0013852530816903415, 0.001450289502085763], "HCA": [5.0503775157193e-05, 7.601137642237001e-05, 0.00012754581431048874, 0.00015357663480195064, 0.00020617361047584938, 0.00023274391550295108, 0.00025959027379444884, 0.00028671700990555996, 0.0003415400684839981, 0.0003969417305338596, 0.0004529312045127516, 0.000509517895323073, 0.0005381146524508146, 0.000567019728182113, 0.000625456543375685, 0.0006549934053794657, 0.0010730411225403245, 0.0010730411225403245, 0.0011646134188682755, 0.0011646134188682755, 0.0013206634797277993, 0.0013206634797277993, 0.001352582787717202, 0.001352582787717202, 0.001352582787717202, 0.0013856122499975561, 0.0014190246593663958], "HPRA": [5.0503775157193e-05, 0.00010151897768754704, 0.0001272861966316064, 0.0001533170171230683, 0.00017961550496001767, 0.0002327561150142211, 0.0002864488315972166, 0.00031357556770832774, 0.0003409870969975468, 0.0003963887590474083, 0.00045237823302630027, 0.0005089649238366217, 0.0005375616809643633, 0.0005953718324269602, 0.0006245902400237462, 0.0006541271020275268, 0.0007437087557048538, 0.0011059838432546667, 0.0011365079420306502, 0.0011982363370923786, 0.0011982363370923786, 0.0013560446946229935, 0.0013560446946229935, 0.001388327752474233, 0.001388327752474233, 0.001388327752474233, 0.0014217401618430727]}