{"HDA": [2.52518875785965e-05, 5.075948884377352e-05, 7.652670778783289e-05, 0.00010255752827929478, 0.00012885601611624416, 0.00015542632114334587, 0.00018227267943484362, 0.00020939941554595472, 0.00023681094483517375, 0.0002645117758601045, 0.0002925065128495505, 0.000433973239875354, 0.0004625699970030957, 0.0005203801484656925, 0.0005788169636592645, 0.0006969644116743874, 0.0007268249629001631, 0.0010589104598208248, 0.001211530953700743, 0.0012423951512316074, 0.0013048151755754168, 0.0013363768470815397, 0.0013363768470815397, 0.001400942962784019, 0.001400942962784019, 0.0014339724250643732, 0.0014673848344332128], "HBA": [2.52518875785965e-05, 5.075948884377352e-05, 7.652670778783289e-05, 0.00010255752827929478, 0.00012885601611624416, 0.0001819966261704476, 0.00020884298446194536, 0.00023596972057305645, 0.0002633812498622755, 0.00029108208088720624, 0.0003190768178766522, 0.000432250199497295, 0.0004608469566250367, 0.0005764672595502304, 0.0006349040747438023, 0.000664440936747583, 0.000903325346553788, 0.0010542732996995433, 0.0012374178923554452, 0.0012374178923554452, 0.00126862790452735, 0.0013633129190457189, 0.0013952322270351215, 0.0013952322270351215, 0.0013952322270351215, 0.0013952322270351215, 0.0014286446364039612, 0.0014286446364039612, 0.0014286446364039612, 0.0014286446364039612, 0.0014286446364039612, 0.0014286446364039612, 0.0014286446364039612, 0.0014286446364039612, 0.0014286446364039612, 0.0014286446364039612, 0.0014286446364039612, 0.0014286446364039612, 0.0014286446364039612, 0.0014286446364039612, 0.0014286446364039612, 0.0014286446364039612, 0.0014286446364039612, 0.0014286446364039612, 0.0014286446364039612, 0.0014286446364039612, 0.0014286446364039612, 0.0014286446364039612, 0.0014286446364039612, 0.0014286446364039612, 0.0014286446364039612, 0.0014286446364039612, 0.0014286446364039612, 0.0014286446364039612, 0.0014286446364039612, 0.0014286446364039612, 0.0014286446364039612, 0.0014286446364039612, 0.0014286446364039612, 0.0014286446364039612, 0.0014286446364039612, 0.0014286446364039612, 0.0014286446364039612, 0.0014286446364039612, 0.0014286446364039612, 0.0014286446364039612, 0.0014286446364039612, 0.0014286446364039612, 0.0014286446364039612, 0.0014286446364039612, 0.0014286446364039612, 0.0014286446364039612, 0.0014286446364039612, 0.0014286446364039612, 0.0014286446364039612, 0.0014286446364039612, 0.0014286446364039612, 0.0014286446364039612, 0.0014286446364039612, 0.0014286446364039612, 0.0014286446364039612, 0.0014286446364039612, 0.0014286446364039612, 0.0014286446364039612, 0.0014286446364039612, 0.0014286446364039612, 0.0014286446364039612, 0.0014286446364039612, 0.0014286446364039612, 0.0014286446364039612, 0.0014286446364039612, 0.0014286446364039612, 0.0014286446364039612, 0.0014286446364039612, 0.0014286446364039612, 0.0014286446364039612, 0.0014286446364039612, 0.0014286446364039612, 0.0014286446364039612, 0.0014286446364039612, 0.0014286446364039612, 0.0014286446364039612, 0.0014286446364039612, 0.0014286446364039612, 0.0014286446364039612, 0.0014286446364039612, 0.0014286446364039612, 0.0014286446364039612, 0.0014286446364039612, 0.0014286446364039612, 0.001554891322428453], "HCA": [2.52518875785965e-05, 5.075948884377352e-05, 7.652670778783289e-05, 0.00010255752827929478, 0.00012885601611624416, 0.00015542632114334587, 0.00018227267943484362, 0.00020939941554595472, 0.00023681094483517375, 0.0002645117758601045, 0.0002925065128495505, 0.0003207998582547112, 0.0003493966153824529, 0.00037830169111375135, 0.00040752009871053733, 0.0005552044087294409, 0.0006149255111809922, 0.0010677693706182582, 0.0010677693706182582, 0.0013146829508651717, 0.0013146829508651717, 0.0013146829508651717, 0.0013785215668439773, 0.0014108046246952169, 0.0014108046246952169, 0.0014108046246952169, 0.0014442170340640565, 0.0014780190892290106], "HPRA": [2.52518875785965e-05, 5.075948884377352e-05, 7.652670778783289e-05, 0.00010255752827929478, 0.00012885601611624416, 0.00015542632114334587, 0.00018227267943484362, 0.00020939941554595472, 0.00023681094483517375, 0.00029221260688503525, 0.0003202073438744812, 0.0004333807254951241, 0.0004619774826228658, 0.0005775977855480594, 0.0006360346007416314, 0.0007541820487567543, 0.0008437637024340813, 0.0009343324743215345, 0.0012090493633053873, 0.0012399135608362516, 0.0012399135608362516, 0.0013030369038484976, 0.0013349562118379003, 0.0013349562118379003, 0.0014002623342868799, 0.001433291796567234, 0.0014667042059360736]}