{"HDA": [2.52518875785965e-05, 5.075948884377352e-05, 7.652670778783289e-05, 0.00012858834877075667, 0.00018118532444465543, 0.00020775562947175714, 0.0002614483460547527, 0.0002885750821658638, 0.00037080967003352096, 0.0003985105010584517, 0.0004265052380478977, 0.0005113852742633799, 0.0006257723027743467, 0.000712487529968242, 0.0008293611603553859, 0.0009475086083705088, 0.0010669508132736113, 0.0011273299945319135, 0.001157854093307897, 0.001157854093307897, 0.001157854093307897, 0.001157854093307897, 0.001157854093307897, 0.0011901371511591368], "HBA": [5.0503775157193e-05, 7.601137642237001e-05, 0.00010177859536642937, 0.00015384023634935315, 0.0002064372120232519, 0.0002330075170503536, 0.00031354659192484686, 0.0003949268002581802, 0.00047716138812583733, 0.0005602638812006296, 0.0005882586181900756, 0.0006731386544055577, 0.0007589289257887828, 0.0008456441529826781, 0.00090408096817625, 0.0009336178301800307, 0.0009634783814058064, 0.0010540471532932596, 0.0011456194496212106, 0.0011456194496212106, 0.0011456194496212106, 0.0011456194496212106, 0.0011456194496212106, 0.0011456194496212106, 0.0011456194496212106, 0.0011456194496212106, 0.0011456194496212106, 0.0011456194496212106, 0.0011456194496212106, 0.0011456194496212106, 0.0011456194496212106, 0.0011456194496212106, 0.0011456194496212106, 0.0011456194496212106, 0.0011456194496212106, 0.0011456194496212106, 0.0011456194496212106, 0.0011456194496212106, 0.0011456194496212106, 0.0011456194496212106, 0.0011456194496212106, 0.0011456194496212106, 0.0011456194496212106, 0.0011456194496212106, 0.0011456194496212106, 0.0011456194496212106, 0.0011456194496212106, 0.0011456194496212106, 0.0011456194496212106, 0.0011456194496212106, 0.0011456194496212106, 0.0011456194496212106, 0.0011456194496212106, 0.0011456194496212106, 0.0011456194496212106, 0.0011456194496212106, 0.0011456194496212106, 0.0011456194496212106, 0.0011456194496212106, 0.0011456194496212106, 0.0011456194496212106, 0.0011456194496212106, 0.0011456194496212106, 0.0011456194496212106, 0.0011456194496212106, 0.0011456194496212106, 0.0011456194496212106, 0.0011456194496212106, 0.0011456194496212106, 0.0011456194496212106, 0.0011456194496212106, 0.0011456194496212106, 0.0011456194496212106, 0.0011456194496212106, 0.0011456194496212106, 0.0011456194496212106, 0.0011456194496212106, 0.0011456194496212106, 0.0011456194496212106, 0.0011456194496212106, 0.0011456194496212106, 0.0011456194496212106, 0.0011456194496212106, 0.0011456194496212106, 0.0011456194496212106, 0.0011456194496212106, 0.0011456194496212106, 0.0011456194496212106, 0.0011456194496212106, 0.0011456194496212106, 0.0011456194496212106, 0.0011456194496212106, 0.0011456194496212106, 0.0011456194496212106, 0.0011456194496212106, 0.0011456194496212106, 0.0011456194496212106, 0.0011456194496212106, 0.0011456194496212106, 0.0011456194496212106, 0.0011456194496212106, 0.0011456194496212106, 0.0011456194496212106, 0.0011456194496212106, 0.0011456194496212106, 0.0011456194496212106, 0.0011456194496212106, 0.0011456194496212106, 0.0011456194496212106, 0.0011456194496212106, 0.0011456194496212106, 0.0011456194496212106, 0.0011456194496212106, 0.0011456194496212106, 0.0011456194496212106, 0.0011456194496212106, 0.0011456194496212106, 0.0011456194496212106, 0.0011456194496212106, 0.0011456194496212106, 0.0011456194496212106, 0.0011456194496212106, 0.0011456194496212106, 0.0011456194496212106, 0.0011456194496212106, 0.0011456194496212106, 0.0011456194496212106, 0.0011456194496212106, 0.0011456194496212106, 0.0011456194496212106, 0.0011456194496212106, 0.0011456194496212106, 0.0011456194496212106, 0.0011456194496212106, 0.0011456194496212106, 0.0011456194496212106, 0.0011456194496212106, 0.0014057651312028964], "HCA": [2.52518875785965e-05, 7.626709010895054e-05, 0.00010203430905300991, 0.00012806512954447182, 0.00015436361738142119, 0.0002075042274356246, 0.0002880433023101179, 0.000315170038421229, 0.00034258156771044805, 0.0003702823987353788, 0.0004262718727142708, 0.0004545652181194315, 0.0005117587323749149, 0.0005406638081062133, 0.0006575374384933572, 0.0009529060585311644, 0.00098276660975694, 0.0011035249722735443, 0.0011340490710495278, 0.0011340490710495278, 0.0011652590832214327, 0.0011652590832214327, 0.0011652590832214327, 0.0011975421410726724], "HPRA": [2.52518875785965e-05, 7.626709010895054e-05, 0.00010203430905300991, 0.00012806512954447182, 0.00018066210521837058, 0.0002072324102454723, 0.0002609251268284678, 0.00034230533516180114, 0.0003697168644510202, 0.0003974176954759509, 0.0004814019064442889, 0.0005096952518494496, 0.0006812757946158998, 0.0007101808703471982, 0.0008270545007343421, 0.0009452019487494651, 0.0010646441536525677, 0.0011250233349108698, 0.0011555474336868534, 0.0011555474336868534, 0.0011555474336868534, 0.0011555474336868534, 0.0011555474336868534, 0.0011878304915380932]}