{"HDA": [5.0503775157193e-05, 7.601137642237001e-05, 0.00012754581431048874, 0.00015357663480195064, 0.0001798751226389, 0.00023301573269310345, 0.00028670844927609896, 0.0003138351853872101, 0.00042348130254408627, 0.00047888296459394777, 0.0005348724385728398, 0.0005631657839780005, 0.0005917625411057422, 0.0006206676168370405, 0.0009420701004016862, 0.0009420701004016862, 0.0010615123053047887, 0.0010615123053047887, 0.0012141327991847068, 0.0012449969967155711, 0.0012449969967155711, 0.0012449969967155711, 0.0012449969967155711, 0.0012449969967155711, 0.0012449969967155711, 0.0012449969967155711, 0.0012784094060844108], "HBA": [5.0503775157193e-05, 7.601137642237001e-05, 0.00010177859536642937, 0.00015384023634935315, 0.00018013872418630252, 0.00025984963926760764, 0.00031354235585060315, 0.00036779582807282534, 0.0004226188866512634, 0.0005057213797260557, 0.0005617108537049477, 0.0005900041991101084, 0.00061860095623785, 0.0007920314106256406, 0.0011134338941902863, 0.0011134338941902863, 0.0011432944454160619, 0.001203673626674364, 0.001203673626674364, 0.0012345378242052283, 0.0012345378242052283, 0.0012345378242052283, 0.0012345378242052283, 0.0012345378242052283, 0.0012345378242052283, 0.0012345378242052283, 0.0012345378242052283, 0.0012345378242052283, 0.0012345378242052283, 0.0012345378242052283, 0.0012345378242052283, 0.0012345378242052283, 0.0012345378242052283, 0.0012345378242052283, 0.0012345378242052283, 0.0012345378242052283, 0.0012345378242052283, 0.0012345378242052283, 0.0012345378242052283, 0.0012345378242052283, 0.0012345378242052283, 0.0012345378242052283, 0.0012345378242052283, 0.0012345378242052283, 0.0012345378242052283, 0.0012345378242052283, 0.0012345378242052283, 0.0012345378242052283, 0.0012345378242052283, 0.0012345378242052283, 0.0012345378242052283, 0.0012345378242052283, 0.0012345378242052283, 0.0012345378242052283, 0.0012345378242052283, 0.0012345378242052283, 0.0012345378242052283, 0.0012345378242052283, 0.0012345378242052283, 0.0012345378242052283, 0.0012345378242052283, 0.0012345378242052283, 0.0012345378242052283, 0.0012345378242052283, 0.0012345378242052283, 0.0012345378242052283, 0.0012345378242052283, 0.0012345378242052283, 0.0012345378242052283, 0.0012345378242052283, 0.0012345378242052283, 0.0012345378242052283, 0.0012345378242052283, 0.0012345378242052283, 0.0012345378242052283, 0.0012345378242052283, 0.0012345378242052283, 0.0012345378242052283, 0.0012345378242052283, 0.0012345378242052283, 0.0012345378242052283, 0.0012345378242052283, 0.0012345378242052283, 0.0012345378242052283, 0.0012345378242052283, 0.0012345378242052283, 0.0012345378242052283, 0.0012345378242052283, 0.0012345378242052283, 0.0012345378242052283, 0.0012345378242052283, 0.0012345378242052283, 0.0012345378242052283, 0.0012345378242052283, 0.0012345378242052283, 0.0012345378242052283, 0.0012345378242052283, 0.0012345378242052283, 0.0012345378242052283, 0.0012345378242052283, 0.0012345378242052283, 0.0012345378242052283, 0.0012345378242052283, 0.0012345378242052283, 0.0012345378242052283, 0.0012345378242052283, 0.0012345378242052283, 0.0012345378242052283, 0.0012345378242052283, 0.0012345378242052283, 0.0012345378242052283, 0.0012345378242052283, 0.0012345378242052283, 0.0012345378242052283, 0.0012345378242052283, 0.0012345378242052283, 0.0012345378242052283, 0.0012345378242052283, 0.0012345378242052283, 0.0012345378242052283, 0.0012345378242052283, 0.0012345378242052283, 0.0012345378242052283, 0.0012345378242052283, 0.0012345378242052283, 0.0012345378242052283, 0.0012345378242052283, 0.0014274390587731296], "HCA": [5.0503775157193e-05, 7.601137642237001e-05, 0.00010177859536642937, 0.00012780941585789128, 0.00015410790369484065, 0.00018067820872194235, 0.0002075245670134401, 0.00023465130312455123, 0.0003442974202814274, 0.00037199825130635817, 0.00039999298829580414, 0.00042828633370096486, 0.0004568830908287066, 0.000485788166560005, 0.0008948458729150087, 0.0008948458729150087, 0.0009844275265923357, 0.0011655650703672421, 0.0011655650703672421, 0.0011655650703672421, 0.0011655650703672421, 0.001260250084885611, 0.001260250084885611, 0.001260250084885611, 0.001260250084885611, 0.001260250084885611, 0.001260250084885611, 0.001294052140050565], "HPRA": [5.0503775157193e-05, 7.601137642237001e-05, 0.00012754581431048874, 0.00015357663480195064, 0.0001798751226389, 0.00023301573269310345, 0.00028670844927609896, 0.00036808865760943227, 0.0004229117161878704, 0.0004783133782377319, 0.0005063081152271779, 0.0005346014606323386, 0.0007061820033987889, 0.0007928972305926841, 0.001026644491366972, 0.0011152550773783142, 0.0011451156286040897, 0.0011451156286040897, 0.0011451156286040897, 0.001206844023665818, 0.001238054035837723, 0.001238054035837723, 0.001238054035837723, 0.001238054035837723, 0.0012707070970622127]}