{"HDA": [2.52518875785965e-05, 5.075948884377352e-05, 0.00017959558356407033, 0.00020562640405553224, 0.00028452186756638037, 0.0003110921725934821, 0.0003379385308849799, 0.0003921920031072021, 0.0004196035323964211, 0.00044730436342135186, 0.0005872780483685818, 0.0006721580845840639, 0.0007293515988395473, 0.0009027820532273379, 0.0009320004608241239, 0.0009615373228279045, 0.0009615373228279045, 0.0009917269134570555], "HBA": [0.000101007550314386, 0.00015202275284474003, 0.00022932440967691814, 0.00025535523016838004, 0.00028165371800532944, 0.0003613646330866346, 0.0004419037079611279, 0.0004961571801833501, 0.0005509802387617882, 0.0005786810697867189, 0.0006346705437656108, 0.0007195505799810929, 0.0007767440942365763, 0.0008345542456991732, 0.0009222094684895311, 0.0009517463304933118, 0.0009517463304933118, 0.0009517463304933118, 0.0009517463304933118, 0.0009517463304933118, 0.0009517463304933118, 0.0009517463304933118, 0.0009517463304933118, 0.0009517463304933118, 0.0009517463304933118, 0.0009517463304933118, 0.0009517463304933118, 0.0009517463304933118, 0.0009517463304933118, 0.0009517463304933118, 0.0009517463304933118, 0.0009517463304933118, 0.0009517463304933118, 0.0009517463304933118, 0.0009517463304933118, 0.0009517463304933118, 0.0009517463304933118, 0.0009517463304933118, 0.0009517463304933118, 0.0009517463304933118, 0.0009517463304933118, 0.0009517463304933118, 0.0009517463304933118, 0.0009517463304933118, 0.0009517463304933118, 0.0009517463304933118, 0.0009517463304933118, 0.0009517463304933118, 0.0009517463304933118, 0.0009517463304933118, 0.0009517463304933118, 0.0009517463304933118, 0.0009517463304933118, 0.0009517463304933118, 0.0009517463304933118, 0.0009999716391352871], "HCA": [2.52518875785965e-05, 5.075948884377352e-05, 0.00017959558356407033, 0.000257688045038456, 0.0002839865328754054, 0.0003105568379025071, 0.0003374031961940049, 0.0003916566684162271, 0.0004190681977054461, 0.0004467690287303769, 0.00047476376571982284, 0.0005030571111249836, 0.000760427925274659, 0.0008471431524685542, 0.0009055799676621262, 0.0009351168296659069, 0.0009649773808916826, 0.0009649773808916826, 0.0009649773808916826, 0.0009958415784225468], "HPRA": [0.000101007550314386, 0.00012651515157956303, 0.00017804958946768175, 0.0002561420509420674, 0.0002824405387790168, 0.0003355811488332202, 0.000362427507124718, 0.0003895542432358291, 0.00041696577252504815, 0.0005000682655998404, 0.0005840524765681783, 0.0006689325127836605, 0.0007547227841668856, 0.0008125329356294825, 0.0009294065660166264, 0.0009589434280204071, 0.0009589434280204071, 0.0009891330186495581]}