{"HDA": [5.0503775157193e-05, 0.00010151897768754704, 0.00015305341557566578, 0.00020511505655858956, 0.00023141354439553893, 0.0003111244594768441, 0.00033797081776834186, 0.000365097553879453, 0.000392509083168672, 0.00042020991419360276, 0.0006721625470986166, 0.0008419226195295809, 0.0009563096480405478, 0.0009852147237718462, 0.0010436515389654181, 0.001073188400969199, 0.001073188400969199, 0.001073188400969199, 0.0011037124997451825], "HBA": [5.0503775157193e-05, 0.00010151897768754704, 0.00015305341557566578, 0.00020511505655858956, 0.00023141354439553893, 0.00025798384942264066, 0.00041906199917162725, 0.0005004422075049606, 0.0005826767953726178, 0.0006934801194723408, 0.0007494695934512327, 0.0007777629388563934, 0.0008635532102396186, 0.0009213633617022154, 0.0009798001768957874, 0.0009798001768957874, 0.0010395212793473387, 0.0010697108699764897, 0.0010697108699764897, 0.0010697108699764897, 0.0010697108699764897, 0.0010697108699764897, 0.0010697108699764897, 0.0010697108699764897, 0.0010697108699764897, 0.0010697108699764897, 0.0010697108699764897, 0.0010697108699764897, 0.0010697108699764897, 0.0010697108699764897, 0.0010697108699764897, 0.0010697108699764897, 0.0010697108699764897, 0.0010697108699764897, 0.0010697108699764897, 0.0010697108699764897, 0.0010697108699764897, 0.0010697108699764897, 0.0010697108699764897, 0.0010697108699764897, 0.0010697108699764897, 0.0010697108699764897, 0.0010697108699764897, 0.0010697108699764897, 0.0010697108699764897, 0.0010697108699764897, 0.0010697108699764897, 0.0010697108699764897, 0.0010697108699764897, 0.0010697108699764897, 0.0010697108699764897, 0.0010697108699764897, 0.0010697108699764897, 0.0010697108699764897, 0.0010697108699764897, 0.0010697108699764897, 0.0010697108699764897, 0.0010697108699764897, 0.0010697108699764897, 0.0010697108699764897, 0.0010697108699764897, 0.0010697108699764897, 0.0010697108699764897, 0.0010697108699764897, 0.0010697108699764897, 0.0010697108699764897, 0.0010697108699764897, 0.0010697108699764897, 0.0010697108699764897, 0.0010697108699764897, 0.0010697108699764897, 0.0010697108699764897, 0.0010697108699764897, 0.0010697108699764897, 0.0010697108699764897, 0.0010697108699764897, 0.0010697108699764897, 0.0010697108699764897, 0.0010697108699764897, 0.0010697108699764897, 0.0010697108699764897, 0.0010697108699764897, 0.0010697108699764897, 0.0010697108699764897, 0.0010697108699764897, 0.0010697108699764897, 0.0010697108699764897, 0.0010697108699764897, 0.0010697108699764897, 0.0010697108699764897, 0.0010697108699764897, 0.0010697108699764897, 0.0010697108699764897, 0.0010697108699764897, 0.0010697108699764897, 0.0010697108699764897, 0.0010697108699764897, 0.0010697108699764897, 0.0010697108699764897, 0.0010697108699764897, 0.0010697108699764897, 0.0010697108699764897, 0.0010697108699764897, 0.0010697108699764897, 0.0010697108699764897, 0.0010697108699764897, 0.0010697108699764897, 0.0010697108699764897, 0.0010697108699764897, 0.0010697108699764897, 0.0010697108699764897, 0.0010697108699764897, 0.0010697108699764897, 0.0010697108699764897, 0.0010697108699764897, 0.0010697108699764897, 0.0010697108699764897, 0.0010697108699764897, 0.0010697108699764897, 0.0010697108699764897, 0.0010697108699764897, 0.0010697108699764897, 0.0010697108699764897, 0.001242841063882307], "HCA": [5.0503775157193e-05, 0.00010151897768754704, 0.00015305341557566578, 0.00020511505655858956, 0.00023141354439553893, 0.00025798384942264066, 0.00028483020771413845, 0.00031195694382524957, 0.0003393684731144686, 0.00036706930413939935, 0.0005350377260760753, 0.0006482111076967181, 0.0008769851647186517, 0.0009347953161812486, 0.0010224505389716065, 0.0010224505389716065, 0.0010523110901973821, 0.001082500680826533, 0.001082500680826533, 0.001082500680826533, 0.001113710692998438], "HPRA": [5.0503775157193e-05, 0.00010151897768754704, 0.00015305341557566578, 0.00020511505655858956, 0.00028401052006943767, 0.0003105808250965394, 0.0003374271833880372, 0.0003645539194991483, 0.00039196544878836734, 0.0005027687728880903, 0.0006707371948247663, 0.0008122039218505698, 0.0009265909503615367, 0.0009844011018241335, 0.0010428379170177055, 0.0010723747790214863, 0.0010723747790214863, 0.0010723747790214863, 0.0011028988777974699]}