{"HDA": [2.52518875785965e-05, 7.626709010895054e-05, 0.00012780152799706928, 0.00015383234848853118, 0.00018013083632548055, 0.00020670114135258225, 0.00023354749964408, 0.0002606742357551911, 0.00028808576504441014, 0.00034348742709427164, 0.0003714821640837176, 0.000428068854894039, 0.0005710526405327476, 0.0006288627919953444, 0.0007165180147857024, 0.000864202324804606, 0.0009239234272561572, 0.0009843026085144594, 0.0010758749048424103, 0.0011376032999041387, 0.0012936533607636625, 0.0014514617182942774, 0.0015472196422624857, 0.0015472196422624857, 0.0015472196422624857, 0.0015472196422624857, 0.0015472196422624857, 0.0015810216974274397], "HBA": [5.0503775157193e-05, 0.00015253418021790108, 0.00017830139916196044, 0.00023036304014488422, 0.0003092585036557323, 0.00038896941873703747, 0.00041581577702853525, 0.00047006924925075745, 0.0005248923078291955, 0.0006079948009039878, 0.0006639842748828798, 0.0006922776202880405, 0.0007208743774157821, 0.000778684528878379, 0.000837121344071951, 0.0008666582060757316, 0.0009263793085272829, 0.000986758489785585, 0.0010478066873375524, 0.0012329918725227376, 0.0013578319212103566, 0.0014209552642226026, 0.0015167131881908109, 0.0015167131881908109, 0.0015167131881908109, 0.0015167131881908109, 0.0015167131881908109, 0.0015167131881908109, 0.0015167131881908109, 0.0015167131881908109, 0.0015167131881908109, 0.0015167131881908109, 0.0015167131881908109, 0.0015167131881908109, 0.0015167131881908109, 0.0015167131881908109, 0.0015167131881908109, 0.0015167131881908109, 0.0015167131881908109, 0.0015167131881908109, 0.0015167131881908109, 0.0015167131881908109, 0.0015167131881908109, 0.0015167131881908109, 0.0015167131881908109, 0.0015167131881908109, 0.0015167131881908109, 0.0015167131881908109, 0.0015167131881908109, 0.0015167131881908109, 0.0015167131881908109, 0.0015167131881908109, 0.0015167131881908109, 0.0015167131881908109, 0.0015167131881908109, 0.0015167131881908109, 0.0015167131881908109, 0.0015167131881908109, 0.0015167131881908109, 0.0015167131881908109, 0.0015167131881908109, 0.0015167131881908109, 0.0015167131881908109, 0.0015167131881908109, 0.0015167131881908109, 0.0015167131881908109, 0.0015167131881908109, 0.0015167131881908109, 0.0015167131881908109, 0.0015167131881908109, 0.0015167131881908109, 0.0015167131881908109, 0.0015167131881908109, 0.0015167131881908109, 0.0015167131881908109, 0.0015167131881908109, 0.0015167131881908109, 0.0015167131881908109, 0.0015167131881908109, 0.0015167131881908109, 0.0015167131881908109, 0.0015167131881908109, 0.0015167131881908109, 0.0015167131881908109, 0.0015167131881908109, 0.0015167131881908109, 0.0015167131881908109, 0.001596432575945913], "HCA": [2.52518875785965e-05, 7.626709010895054e-05, 0.00010203430905300991, 0.00012806512954447182, 0.00018066210521837058, 0.0002072324102454723, 0.00023407876853697004, 0.00026120550464808117, 0.0002886170339373002, 0.0003440186959871617, 0.00037201343297660767, 0.00042860012378692907, 0.0004857936380424125, 0.0005436037895050094, 0.0005728221971017953, 0.000602359059105576, 0.0006620801615571273, 0.0007224593428154294, 0.0011803208244551841, 0.0011803208244551841, 0.001336370885314708, 0.001399494228326954, 0.0014952521522951622, 0.0014952521522951622, 0.001527905213519652, 0.0015609346758000062, 0.0015609346758000062, 0.0015947367309649602], "HPRA": [5.0503775157193e-05, 7.601137642237001e-05, 0.00012754581431048874, 0.00015357663480195064, 0.0001798751226389, 0.00023301573269310345, 0.00025986209098460123, 0.00028698882709571235, 0.00042404647354180757, 0.0004517473045667383, 0.0005637262525245223, 0.0006203129433348438, 0.0006775064575903272, 0.000735316609052924, 0.000822971831843282, 0.0008525086938470627, 0.0009122297962986139, 0.001002798568186067, 0.0010638467657380344, 0.0011255751607997628, 0.0012816252216592866, 0.0014394335791899015, 0.0015351915031581098, 0.0015351915031581098, 0.0015351915031581098, 0.0015351915031581098, 0.0015351915031581098, 0.0015689935583230639]}