{"HDA": [5.0503775157193e-05, 7.601137642237001e-05, 0.00010177859536642937, 0.00012780941585789128, 0.00018040639153179004, 0.00023354700158599345, 0.00026039335987749124, 0.0006401676654330469, 0.0006949907240114849, 0.0006949907240114849, 0.0007229854610009309, 0.0007229854610009309, 0.0007801789752564143, 0.0007801789752564143, 0.0008386157904499863, 0.0008386157904499863, 0.000868476341675762], "HBA": [5.0503775157193e-05, 7.601137642237001e-05, 0.00010177859536642937, 0.00020590187733227696, 0.0002584988530061757, 0.00028506915803327743, 0.000446147307782264, 0.0005275275161155974, 0.0006097621039832545, 0.0006374629350081852, 0.0007494418829659692, 0.0007777352283711299, 0.0007777352283711299, 0.0008066403041024283, 0.0008358587116992143, 0.0008358587116992143, 0.0008358587116992143, 0.0008358587116992143, 0.0008358587116992143, 0.0008358587116992143, 0.0008358587116992143, 0.0008358587116992143, 0.0008358587116992143, 0.0008358587116992143, 0.0008358587116992143, 0.0008358587116992143, 0.0008358587116992143, 0.0008358587116992143, 0.0008358587116992143, 0.0008358587116992143, 0.0008358587116992143, 0.0008358587116992143, 0.0008358587116992143, 0.0008358587116992143, 0.0008358587116992143, 0.0008358587116992143, 0.0008358587116992143, 0.0008358587116992143, 0.0008358587116992143, 0.0008358587116992143, 0.0008358587116992143, 0.0008358587116992143, 0.0008358587116992143, 0.0008358587116992143, 0.0008358587116992143, 0.0008358587116992143, 0.0008358587116992143, 0.0008358587116992143, 0.0008358587116992143, 0.0008358587116992143, 0.0008358587116992143, 0.0008358587116992143, 0.0008821357259062577], "HCA": [5.0503775157193e-05, 7.601137642237001e-05, 0.00010177859536642937, 0.00020590187733227696, 0.00023220036516922633, 0.00025877067019632803, 0.0002856170284878258, 0.00031274376459893694, 0.0006142705867803464, 0.0006696722488302079, 0.0007256617228090998, 0.000810541759024582, 0.000810541759024582, 0.000810541759024582, 0.000810541759024582, 0.0008400786210283627, 0.0008400786210283627, 0.0008702682116575138], "HPRA": [5.0503775157193e-05, 7.601137642237001e-05, 0.00010177859536642937, 0.00012780941585789128, 0.00018040639153179004, 0.00023354700158599345, 0.00026039335987749124, 0.0006401676654330469, 0.000722402253300704, 0.000722402253300704, 0.000722402253300704, 0.000722402253300704, 0.000722402253300704, 0.0007802124047633009, 0.0008386492199568728, 0.0008386492199568728, 0.0008685097711826485]}