{"HDA": [2.52518875785965e-05, 7.626709010895054e-05, 0.00010203430905300991, 0.00012806512954447182, 0.00020696059305531992, 0.00026010120310952334, 0.0002869475614010211, 0.00031407429751213224, 0.0003963088853797894, 0.0004517105474296509, 0.0005077000214085428, 0.0005359933668137036, 0.0006217836381969287, 0.000650688713928227, 0.000709125529121799, 0.0007681992531293605, 0.0008279203555809117, 0.0010694370806141203, 0.0011304852781660877, 0.001161349475696952, 0.001161349475696952, 0.001224472818709198, 0.0012563921266986007, 0.0012886751845498402], "HBA": [2.52518875785965e-05, 0.00010177469137412756, 0.0001533091292622463, 0.00023140159073663198, 0.0002577000785735814, 0.0003108406886277848, 0.0003645334052107803, 0.0003916601413218914, 0.0004464831999003295, 0.000501884861950191, 0.0005578743359290829, 0.0005861676813342436, 0.0006147644384619853, 0.0006436695141932837, 0.0007897615521772136, 0.0008488352761847751, 0.0010279985835394288, 0.0011487569460560331, 0.0011792810448320167, 0.0011792810448320167, 0.0011792810448320167, 0.0012424043878442627, 0.0012424043878442627, 0.0012424043878442627, 0.0012424043878442627, 0.0012424043878442627, 0.0012424043878442627, 0.0012424043878442627, 0.0012424043878442627, 0.0012424043878442627, 0.0012424043878442627, 0.0012424043878442627, 0.0012424043878442627, 0.0012424043878442627, 0.0012424043878442627, 0.0012424043878442627, 0.0012424043878442627, 0.0012424043878442627, 0.0012424043878442627, 0.0012424043878442627, 0.0012424043878442627, 0.0012424043878442627, 0.0012424043878442627, 0.0012424043878442627, 0.0012424043878442627, 0.0012424043878442627, 0.0012424043878442627, 0.0012424043878442627, 0.0012424043878442627, 0.0012424043878442627, 0.0012424043878442627, 0.0012424043878442627, 0.0012424043878442627, 0.0012424043878442627, 0.0012424043878442627, 0.0012424043878442627, 0.0012424043878442627, 0.0012424043878442627, 0.0012424043878442627, 0.0012424043878442627, 0.0012424043878442627, 0.0012424043878442627, 0.0012424043878442627, 0.0012424043878442627, 0.0012424043878442627, 0.0012424043878442627, 0.0012424043878442627, 0.0012424043878442627, 0.0012424043878442627, 0.0012424043878442627, 0.0012424043878442627, 0.0012424043878442627, 0.0012424043878442627, 0.0012424043878442627, 0.0012424043878442627, 0.0012424043878442627, 0.0012424043878442627, 0.0012424043878442627, 0.0012424043878442627, 0.0012424043878442627, 0.0012424043878442627, 0.0012424043878442627, 0.0012424043878442627, 0.0012424043878442627, 0.0012424043878442627, 0.0012424043878442627, 0.0012424043878442627, 0.0012424043878442627, 0.0012424043878442627, 0.0012424043878442627, 0.0012424043878442627, 0.0012424043878442627, 0.0012424043878442627, 0.0012424043878442627, 0.0012424043878442627, 0.0012424043878442627, 0.0012424043878442627, 0.0012424043878442627, 0.0012424043878442627, 0.0012424043878442627, 0.0012424043878442627, 0.0012424043878442627, 0.0012424043878442627, 0.0012424043878442627, 0.0012424043878442627, 0.0012424043878442627, 0.0012424043878442627, 0.0012424043878442627, 0.0012424043878442627, 0.0012424043878442627, 0.0012424043878442627, 0.0012424043878442627, 0.0012424043878442627, 0.0012424043878442627, 0.0013808126923425326], "HCA": [2.52518875785965e-05, 5.075948884377352e-05, 0.00010229392673189225, 0.00012832474722335416, 0.00018092172289725292, 0.00026063263797855807, 0.00028747899627005585, 0.00034173246849227804, 0.0003691439977814971, 0.0004522464908562893, 0.0005082359648351813, 0.000536529310240342, 0.0005651260673680837, 0.000594031143099382, 0.000652467958292954, 0.0009478365783307612, 0.0009776971295565368, 0.001038076310814839, 0.001038076310814839, 0.00119239729846916, 0.00119239729846916, 0.0012239589699752829, 0.0012558782779646855, 0.0012558782779646855, 0.0012885313391891753], "HPRA": [2.52518875785965e-05, 7.626709010895054e-05, 0.00015356874694112866, 0.00017959956743259057, 0.00020589805526953993, 0.0002590386653237434, 0.00033957774019823667, 0.0003667044763093478, 0.00042152753488778586, 0.000504630027962578, 0.000532624764952024, 0.0005609181103571847, 0.0006181116246126682, 0.0006470167003439666, 0.0007054535155375385, 0.0008531378255564421, 0.0009128589280079934, 0.0010034276998954466, 0.0010949999962233975, 0.0010949999962233975, 0.001157420020567207, 0.001220543363579453, 0.0012524626715688556, 0.0012847457294200954]}