{"HDA": [5.0503775157193e-05, 7.601137642237001e-05, 0.00010177859536642937, 0.00012780941585789128, 0.00015410790369484065, 0.00020724851374904406, 0.0002340948720405418, 0.00031547508037387516, 0.0003428866096630942, 0.00042598910273788644, 0.0004539838397273324, 0.0005105705305376539, 0.0005391672876653955, 0.0005680723633966939, 0.0005972907709934799, 0.0006268276329972606, 0.0006566881842230362, 0.0007774465467396405, 0.0009605911393955424, 0.0010223195344572708, 0.0013344196561763182, 0.0014291046706946871, 0.0014291046706946871, 0.0014291046706946871, 0.0014944107931436667, 0.0014944107931436667, 0.0015278232025125063, 0.0015278232025125063, 0.0015620217593334085], "HBA": [5.0503775157193e-05, 7.601137642237001e-05, 0.00012754581431048874, 0.00020563827578487441, 0.0002582352514587732, 0.0002848055564858749, 0.0003116519147773727, 0.00042015885922181713, 0.00044757038851103617, 0.0004752712195359669, 0.0005872501674937508, 0.000672130203709233, 0.0007293237179647165, 0.0007582287936960148, 0.0009043208316799447, 0.0009929314176912868, 0.0010227919689170624, 0.0010529815595462133, 0.0011750779546501478, 0.0012368063497118762, 0.001268016361883781, 0.0013942630479082728, 0.0014581016638870784, 0.0014581016638870784, 0.0014907547251115682, 0.0014907547251115682, 0.0014907547251115682, 0.0014907547251115682, 0.0014907547251115682, 0.0014907547251115682, 0.0014907547251115682, 0.0014907547251115682, 0.0014907547251115682, 0.0014907547251115682, 0.0014907547251115682, 0.0014907547251115682, 0.0014907547251115682, 0.0014907547251115682, 0.0014907547251115682, 0.0014907547251115682, 0.0014907547251115682, 0.0014907547251115682, 0.0014907547251115682, 0.0014907547251115682, 0.0014907547251115682, 0.0014907547251115682, 0.0014907547251115682, 0.0014907547251115682, 0.0014907547251115682, 0.0014907547251115682, 0.0014907547251115682, 0.0014907547251115682, 0.0014907547251115682, 0.0014907547251115682, 0.0014907547251115682, 0.0014907547251115682, 0.0014907547251115682, 0.0014907547251115682, 0.0014907547251115682, 0.0014907547251115682, 0.0014907547251115682, 0.0014907547251115682, 0.0014907547251115682, 0.0014907547251115682, 0.0014907547251115682, 0.0014907547251115682, 0.0014907547251115682, 0.0014907547251115682, 0.0014907547251115682, 0.0014907547251115682, 0.0014907547251115682, 0.0014907547251115682, 0.0014907547251115682, 0.0014907547251115682, 0.0014907547251115682, 0.0014907547251115682, 0.0014907547251115682, 0.0014907547251115682, 0.0014907547251115682, 0.0014907547251115682, 0.0014907547251115682, 0.0014907547251115682, 0.0014907547251115682, 0.0014907547251115682, 0.0014907547251115682, 0.0014907547251115682, 0.0014907547251115682, 0.0014907547251115682, 0.0014907547251115682, 0.0014907547251115682, 0.0014907547251115682, 0.0014907547251115682, 0.0014907547251115682, 0.0014907547251115682, 0.0014907547251115682, 0.0014907547251115682, 0.0014907547251115682, 0.0014907547251115682, 0.0014907547251115682, 0.0014907547251115682, 0.0014907547251115682, 0.0014907547251115682, 0.0014907547251115682, 0.0014907547251115682, 0.0014907547251115682, 0.0014907547251115682, 0.0014907547251115682, 0.0014907547251115682, 0.0014907547251115682, 0.0014907547251115682, 0.0014907547251115682, 0.0014907547251115682, 0.0014907547251115682, 0.0014907547251115682, 0.0014907547251115682, 0.0014907547251115682, 0.0014907547251115682, 0.0014907547251115682, 0.0014907547251115682, 0.0014907547251115682, 0.0014907547251115682, 0.0014907547251115682, 0.0014907547251115682, 0.0014907547251115682, 0.0014907547251115682, 0.0014907547251115682, 0.0014907547251115682, 0.0014907547251115682, 0.0014907547251115682, 0.0014907547251115682, 0.0014907547251115682, 0.0014907547251115682, 0.0014907547251115682, 0.0014907547251115682, 0.0014907547251115682, 0.0014907547251115682, 0.0014907547251115682, 0.0014907547251115682, 0.0014907547251115682, 0.001768532502889346], "HCA": [5.0503775157193e-05, 7.601137642237001e-05, 0.00010177859536642937, 0.00012780941585789128, 0.00015410790369484065, 0.00020724851374904406, 0.0002340948720405418, 0.0002612216081516529, 0.00028863313744087194, 0.00034403479949073344, 0.0003720295364801794, 0.00040032288188534014, 0.00042891963901308186, 0.0004578247147443803, 0.00048704312234116627, 0.000516579984344947, 0.0005763010867964982, 0.0006366802680548004, 0.0011250658484705386, 0.0011250658484705386, 0.001312325921501967, 0.0013438875930080899, 0.0014396455169762982, 0.0015042116326787775, 0.0015042116326787775, 0.0015372410949591317, 0.0015372410949591317, 0.0015710431501240857], "HPRA": [5.0503775157193e-05, 7.601137642237001e-05, 0.00012754581431048874, 0.00015357663480195064, 0.00020617361047584938, 0.00023274391550295108, 0.00031328299037744435, 0.0003675364625996666, 0.0003949479918888856, 0.0004226488229138164, 0.00045064355990326235, 0.00047893690530842307, 0.0005075336624361647, 0.0005364387381674631, 0.000653312368554607, 0.0006828492305583877, 0.000742570333009939, 0.0009237078767848454, 0.0010763283706647637, 0.0011997851607882205, 0.0012934151973039347, 0.0013881002118223036, 0.0014838581357905119, 0.0014838581357905119, 0.0014838581357905119, 0.001516887598070866, 0.001516887598070866, 0.00155068965323582]}