{"HDA": [7.57556627357895e-05, 0.0002032936690616746, 0.00022906088800573397, 0.00025509170849719585, 0.00028139019633414525, 0.00033453080638834866, 0.00036137716467984644, 0.0004698841091242909, 0.000524707167702729, 0.0005801088297525905, 0.0007200825146998205, 0.0009181359325359454, 0.0010325229610469123, 0.0010325229610469123, 0.0011201781838372702, 0.0011201781838372702, 0.0011201781838372702, 0.0011201781838372702, 0.0011507022826132537, 0.0011507022826132537, 0.0011507022826132537, 0.0011822639541193766], "HBA": [7.57556627357895e-05, 0.0002032936690616746, 0.00022906088800573397, 0.00028112252898865775, 0.0003600179924995059, 0.0004131586025537093, 0.0004400049608452071, 0.0005213851691785404, 0.0007132658742030737, 0.0007409667052280044, 0.0007969561792068963, 0.0009101295608275391, 0.0009959198322107643, 0.001053729983673361, 0.001082948391270147, 0.001082948391270147, 0.0011128089424959225, 0.0011429985331250735, 0.0011429985331250735, 0.0011429985331250735, 0.0011429985331250735, 0.0011429985331250735, 0.0011429985331250735, 0.0011429985331250735, 0.0011429985331250735, 0.0011429985331250735, 0.0011429985331250735, 0.0011429985331250735, 0.0011429985331250735, 0.0011429985331250735, 0.0011429985331250735, 0.0011429985331250735, 0.0011429985331250735, 0.0011429985331250735, 0.0011429985331250735, 0.0011429985331250735, 0.0011429985331250735, 0.0011429985331250735, 0.0011429985331250735, 0.0011429985331250735, 0.0011429985331250735, 0.0011429985331250735, 0.0011429985331250735, 0.0011429985331250735, 0.0011429985331250735, 0.0011429985331250735, 0.0011429985331250735, 0.0011429985331250735, 0.0011429985331250735, 0.0011429985331250735, 0.0011429985331250735, 0.0011429985331250735, 0.0011429985331250735, 0.0011429985331250735, 0.0011429985331250735, 0.0011429985331250735, 0.0011429985331250735, 0.0011429985331250735, 0.0011429985331250735, 0.0011429985331250735, 0.0011429985331250735, 0.0011429985331250735, 0.0011429985331250735, 0.0011429985331250735, 0.0011429985331250735, 0.0011429985331250735, 0.0011429985331250735, 0.0011429985331250735, 0.0011429985331250735, 0.0011429985331250735, 0.0011429985331250735, 0.0011429985331250735, 0.0011429985331250735, 0.0011429985331250735, 0.0011429985331250735, 0.0011429985331250735, 0.0011429985331250735, 0.0011429985331250735, 0.0011429985331250735, 0.0011429985331250735, 0.0011429985331250735, 0.0011429985331250735, 0.0011429985331250735, 0.0011429985331250735, 0.0011429985331250735, 0.0011429985331250735, 0.0011429985331250735, 0.0011429985331250735, 0.0011429985331250735, 0.0011429985331250735, 0.0011429985331250735, 0.0011429985331250735, 0.0011429985331250735, 0.0011429985331250735, 0.0011429985331250735, 0.0011429985331250735, 0.0011429985331250735, 0.0011429985331250735, 0.0011429985331250735, 0.0011429985331250735, 0.0011429985331250735, 0.0011429985331250735, 0.0011429985331250735, 0.0011429985331250735, 0.0011429985331250735, 0.0011429985331250735, 0.0011429985331250735, 0.0011429985331250735, 0.0011429985331250735, 0.0011429985331250735, 0.0011429985331250735, 0.0011429985331250735, 0.0011429985331250735, 0.0011429985331250735, 0.0011429985331250735, 0.0011429985331250735, 0.0011429985331250735, 0.0011429985331250735, 0.0011429985331250735, 0.0011429985331250735, 0.0011429985331250735, 0.001307364082106007], "HCA": [7.57556627357895e-05, 0.0002032936690616746, 0.00022906088800573397, 0.00025509170849719585, 0.00028139019633414525, 0.000307960501361247, 0.000415345934527238, 0.0004695994067494602, 0.0005244224653278983, 0.0005798241273777598, 0.0007197978123249897, 0.0010027312663765968, 0.0010027312663765968, 0.0011183515693017905, 0.0011183515693017905, 0.0011183515693017905, 0.0011183515693017905, 0.0011183515693017905, 0.001148875668077774, 0.001148875668077774, 0.001148875668077774, 0.001148875668077774, 0.0011807949760671767], "HPRA": [7.57556627357895e-05, 0.0002032936690616746, 0.00022906088800573397, 0.00025509170849719585, 0.00028139019633414525, 0.00033453080638834866, 0.00036137716467984644, 0.0004698841091242909, 0.000524707167702729, 0.0005801088297525905, 0.0007200825146998205, 0.0010030159687514275, 0.0010030159687514275, 0.0010030159687514275, 0.0010030159687514275, 0.0010030159687514275, 0.0010627370712029789, 0.001123116252461281, 0.0011536403512372646, 0.0011536403512372646, 0.0011536403512372646, 0.0011852020227433875]}