{"HDA": [5.0503775157193e-05, 7.601137642237001e-05, 0.00012754581431048874, 0.0001796074552934125, 0.00020590594313036188, 0.0002590465531845653, 0.0002858929114760631, 0.0003130196475871742, 0.00036784270616561227, 0.000395543537190543, 0.000451533011169435, 0.00047982635657459573, 0.0005656166279578208, 0.0005945217036891192, 0.0006237401112859052, 0.0006828138352934667, 0.0008022560401965692, 0.001134341537117231, 0.0013174861297731329, 0.0013174861297731329, 0.0013174861297731329, 0.0013490478012792558, 0.0013809671092686584, 0.0013809671092686584, 0.0014136201704931482, 0.0014136201704931482, 0.0014470325798619879], "HBA": [5.0503775157193e-05, 0.00010151897768754704, 0.0001272861966316064, 0.00017934783761453017, 0.00020564632545147954, 0.00023221663047858125, 0.0003127557053530745, 0.00033988244146418564, 0.00036729397075340467, 0.0003949948017783354, 0.0004509842757572274, 0.00047927762116238814, 0.0006508581639288384, 0.0007375733911227336, 0.0007667917987195196, 0.0008258655227270811, 0.0008557260739528568, 0.0011274323896152164, 0.0013105769822711183, 0.0013105769822711183, 0.0013417869944430231, 0.0013417869944430231, 0.0013737063024324258, 0.0014059893602836656, 0.0014059893602836656, 0.0014059893602836656, 0.0014059893602836656, 0.0014059893602836656, 0.0014059893602836656, 0.0014059893602836656, 0.0014059893602836656, 0.0014059893602836656, 0.0014059893602836656, 0.0014059893602836656, 0.0014059893602836656, 0.0014059893602836656, 0.0014059893602836656, 0.0014059893602836656, 0.0014059893602836656, 0.0014059893602836656, 0.0014059893602836656, 0.0014059893602836656, 0.0014059893602836656, 0.0014059893602836656, 0.0014059893602836656, 0.0014059893602836656, 0.0014059893602836656, 0.0014059893602836656, 0.0014059893602836656, 0.0014059893602836656, 0.0014059893602836656, 0.0014059893602836656, 0.0014059893602836656, 0.0014059893602836656, 0.0014059893602836656, 0.0014059893602836656, 0.0014059893602836656, 0.0014059893602836656, 0.0014059893602836656, 0.0014059893602836656, 0.0014059893602836656, 0.0014059893602836656, 0.0014059893602836656, 0.0014059893602836656, 0.0014059893602836656, 0.0014059893602836656, 0.0014059893602836656, 0.0014059893602836656, 0.0014059893602836656, 0.0014059893602836656, 0.0014059893602836656, 0.0014059893602836656, 0.0014059893602836656, 0.0014059893602836656, 0.0014059893602836656, 0.0014059893602836656, 0.0014059893602836656, 0.0014059893602836656, 0.0014059893602836656, 0.0014059893602836656, 0.0014059893602836656, 0.0014059893602836656, 0.0014059893602836656, 0.0014059893602836656, 0.0014059893602836656, 0.0014059893602836656, 0.0014059893602836656, 0.0014059893602836656, 0.0014059893602836656, 0.0014059893602836656, 0.0014059893602836656, 0.0014059893602836656, 0.0014059893602836656, 0.0014059893602836656, 0.0014059893602836656, 0.0014059893602836656, 0.0014059893602836656, 0.0014059893602836656, 0.0014059893602836656, 0.0014059893602836656, 0.0014059893602836656, 0.0014059893602836656, 0.0014059893602836656, 0.0014059893602836656, 0.0014059893602836656, 0.0014059893602836656, 0.0014059893602836656, 0.0014059893602836656, 0.0014059893602836656, 0.0014059893602836656, 0.0014059893602836656, 0.0014059893602836656, 0.0014059893602836656, 0.0014059893602836656, 0.0014059893602836656, 0.0014059893602836656, 0.0014059893602836656, 0.0014059893602836656, 0.0014059893602836656, 0.0014059893602836656, 0.0014059893602836656, 0.0014059893602836656, 0.0014059893602836656, 0.0014059893602836656, 0.0014059893602836656, 0.0014059893602836656, 0.0014059893602836656, 0.0014059893602836656, 0.0014059893602836656, 0.0014059893602836656, 0.0014059893602836656, 0.0014059893602836656, 0.0014059893602836656, 0.0014059893602836656, 0.0014059893602836656, 0.0014059893602836656, 0.0014059893602836656, 0.0014059893602836656, 0.0014059893602836656, 0.0014059893602836656, 0.0014059893602836656, 0.0014059893602836656, 0.0014059893602836656, 0.0014059893602836656, 0.0014059893602836656, 0.0014059893602836656, 0.0014059893602836656, 0.0014059893602836656, 0.0014059893602836656, 0.0014059893602836656, 0.0014059893602836656, 0.0014059893602836656, 0.0014059893602836656, 0.0014059893602836656, 0.0014059893602836656, 0.0014059893602836656, 0.0014059893602836656, 0.0014059893602836656, 0.0014059893602836656, 0.0014059893602836656, 0.0014059893602836656, 0.0014059893602836656, 0.0014059893602836656, 0.0014059893602836656, 0.0014059893602836656, 0.0014059893602836656, 0.0014059893602836656, 0.0014059893602836656, 0.0014059893602836656, 0.0014059893602836656, 0.0014059893602836656, 0.0014059893602836656, 0.0014059893602836656, 0.0014059893602836656, 0.0014059893602836656, 0.0031421004713947766], "HCA": [5.0503775157193e-05, 7.601137642237001e-05, 0.00012754581431048874, 0.00015357663480195064, 0.0001798751226389, 0.0002595860377202051, 0.00031327875430320063, 0.00034040549041431176, 0.0003678170197035308, 0.00039551785072846154, 0.0004235125877179075, 0.00045180593312306824, 0.0005089994473785516, 0.00053790452310985, 0.000567122930706636, 0.0005966597927104167, 0.0009251258561939486, 0.001136452990598006, 0.0011669770893739896, 0.0011669770893739896, 0.001354237162405418, 0.001354237162405418, 0.0013861564703948207, 0.0013861564703948207, 0.0013861564703948207, 0.0014191859326751748, 0.0014525983420440145], "HPRA": [5.0503775157193e-05, 7.601137642237001e-05, 0.00012754581431048874, 0.0001796074552934125, 0.00020590594313036188, 0.0002590465531845653, 0.0002858929114760631, 0.0003130196475871742, 0.00036784270616561227, 0.000395543537190543, 0.000451533011169435, 0.0005364130473849171, 0.0005650098045126587, 0.0005939148802439571, 0.0006231332878407431, 0.0008003544598634274, 0.0008003544598634274, 0.0009814920036383338, 0.0010425402011903012, 0.001320317978968079, 0.001320317978968079, 0.001320317978968079, 0.001320317978968079, 0.0013848840946705584, 0.0014175371558950481, 0.0014175371558950481, 0.0014509495652638878]}