{"HDA": [5.0503775157193e-05, 0.00010151897768754704, 0.0001272861966316064, 0.0001533170171230683, 0.00017961550496001767, 0.0002327561150142211, 0.0002596024733057189, 0.00028672920941683, 0.00031414073870604905, 0.0003418415697309798, 0.0003978310437098718, 0.0004544177345201932, 0.0005116112487756766, 0.0005694214002382735, 0.0005986398078350595, 0.0006872503938464016, 0.0007469714962979528, 0.000807350677556255, 0.0008683988751082223, 0.000991855665231679, 0.0011479057260912029, 0.0012110290691034488, 0.0013067869930716571, 0.0013067869930716571, 0.0013067869930716571, 0.0013398164553520113, 0.001373228864720851], "HBA": [5.0503775157193e-05, 0.00010151897768754704, 0.00017882063451972515, 0.00023088227550264892, 0.0002571807633395983, 0.00028375106836670005, 0.00031059742665819783, 0.0003648508988804201, 0.0003922624281696391, 0.00041996325919456986, 0.0005319422071523538, 0.0005602355525575146, 0.000617429066812998, 0.0006752392182755949, 0.0007044576258723809, 0.000793068211883723, 0.0008527893143352742, 0.0009131684955935764, 0.0009436925943695601, 0.0010362851869621526, 0.001223545259993581, 0.001255106931499704, 0.0013189455474785095, 0.0013189455474785095, 0.0013189455474785095, 0.0013189455474785095, 0.0013189455474785095, 0.0013189455474785095, 0.0013189455474785095, 0.0013189455474785095, 0.0013189455474785095, 0.0013189455474785095, 0.0013189455474785095, 0.0013189455474785095, 0.0013189455474785095, 0.0013189455474785095, 0.0013189455474785095, 0.0013189455474785095, 0.0013189455474785095, 0.0013189455474785095, 0.0013189455474785095, 0.0013189455474785095, 0.0013189455474785095, 0.0013189455474785095, 0.0013189455474785095, 0.0013189455474785095, 0.0013189455474785095, 0.0013189455474785095, 0.0013189455474785095, 0.0013189455474785095, 0.0013189455474785095, 0.0013189455474785095, 0.0013189455474785095, 0.0013189455474785095, 0.0013189455474785095, 0.0013189455474785095, 0.0013189455474785095, 0.0013189455474785095, 0.0013189455474785095, 0.0013189455474785095, 0.0013189455474785095, 0.0013189455474785095, 0.0013189455474785095, 0.0013189455474785095, 0.0013189455474785095, 0.0013189455474785095, 0.0013189455474785095, 0.0013189455474785095, 0.0013189455474785095, 0.0013189455474785095, 0.0013189455474785095, 0.0013189455474785095, 0.0013189455474785095, 0.0013189455474785095, 0.0013189455474785095, 0.0013189455474785095, 0.0013189455474785095, 0.0013189455474785095, 0.0013189455474785095, 0.0013189455474785095, 0.0013189455474785095, 0.0013189455474785095, 0.0013189455474785095, 0.0013189455474785095, 0.0013189455474785095, 0.0013189455474785095, 0.0013189455474785095, 0.0013189455474785095, 0.0013189455474785095, 0.0013189455474785095, 0.0013189455474785095, 0.0013189455474785095, 0.0013189455474785095, 0.0013189455474785095, 0.0013189455474785095, 0.0013189455474785095, 0.0013189455474785095, 0.0013189455474785095, 0.0013189455474785095, 0.0013189455474785095, 0.0013189455474785095, 0.0013189455474785095, 0.0013189455474785095, 0.0013189455474785095, 0.0013189455474785095, 0.0013189455474785095, 0.0013189455474785095, 0.0013189455474785095, 0.0013189455474785095, 0.0013189455474785095, 0.0013189455474785095, 0.0013189455474785095, 0.0013189455474785095, 0.0014541537681383256], "HCA": [5.0503775157193e-05, 7.601137642237001e-05, 0.00012754581431048874, 0.00015357663480195064, 0.0001798751226389, 0.0002064454276660017, 0.00023329178595749947, 0.00026041852206861056, 0.0002878300513578296, 0.00031553088238276035, 0.0003995150933510983, 0.00042780843875625903, 0.0004850019530117425, 0.0005428121044743393, 0.0006012489196679112, 0.0006307857816716919, 0.0006606463328974676, 0.0006908359235266187, 0.0010571251088384223, 0.0010571251088384223, 0.0012443851818698508, 0.0012443851818698508, 0.0013082237978486564, 0.0013082237978486564, 0.0013408768590731461, 0.0013408768590731461, 0.0013408768590731461, 0.0013746789142381002], "HPRA": [5.0503775157193e-05, 0.00010151897768754704, 0.00015305341557566578, 0.0001790842360671277, 0.00020538272390407706, 0.00023195302893117876, 0.00025879938722267654, 0.00028592612333378767, 0.0003133376526230067, 0.00034103848364793745, 0.00039702795762682944, 0.00045361464843715084, 0.0005108081626926343, 0.0005686183141552311, 0.0006562735369455891, 0.0006858103989493698, 0.0007753920526266967, 0.0008659608245141499, 0.0008964849232901336, 0.0010199417134135905, 0.0011447817621012095, 0.0012710284481257013, 0.0013348670641045069, 0.0013348670641045069, 0.0013348670641045069, 0.0013348670641045069, 0.0013348670641045069, 0.001368669119269461]}