{"HDA": [2.52518875785965e-05, 5.075948884377352e-05, 7.652670778783289e-05, 0.00012858834877075667, 0.00018118532444465543, 0.00020775562947175714, 0.0002882947043462504, 0.0003696749126795837, 0.0004519095005472409, 0.0005350119936220331, 0.0007869646265270471, 0.0007869646265270471, 0.000901351655038014, 0.000901351655038014, 0.0009305700626347999, 0.0009305700626347999, 0.0009305700626347999, 0.0009305700626347999, 0.0009610941614107836], "HBA": [5.0503775157193e-05, 7.601137642237001e-05, 0.00010177859536642937, 0.00015384023634935315, 0.00018013872418630252, 0.00020670902921340423, 0.0002872481040878975, 0.00036862831242123084, 0.0006427436053134212, 0.0007535469294131442, 0.0007815416664025902, 0.0008664217026180723, 0.0008950184597458139, 0.0008950184597458139, 0.0008950184597458139, 0.0009245553217495946, 0.0009245553217495946, 0.0009245553217495946, 0.0009245553217495946, 0.0009245553217495946, 0.0009245553217495946, 0.0009245553217495946, 0.0009245553217495946, 0.0009245553217495946, 0.0009245553217495946, 0.0009245553217495946, 0.0009245553217495946, 0.0009245553217495946, 0.0009245553217495946, 0.0009245553217495946, 0.0009245553217495946, 0.0009245553217495946, 0.0009245553217495946, 0.0009245553217495946, 0.0009245553217495946, 0.0009245553217495946, 0.0009245553217495946, 0.0009245553217495946, 0.0009245553217495946, 0.0009245553217495946, 0.0009245553217495946, 0.0009245553217495946, 0.0009245553217495946, 0.0009245553217495946, 0.0009245553217495946, 0.0009245553217495946, 0.0009245553217495946, 0.0009245553217495946, 0.0009245553217495946, 0.0009245553217495946, 0.0009245553217495946, 0.0009245553217495946, 0.0009245553217495946, 0.0009245553217495946, 0.0009245553217495946, 0.0009245553217495946, 0.0009245553217495946, 0.0009245553217495946, 0.0009245553217495946, 0.0009245553217495946, 0.0009245553217495946, 0.0009245553217495946, 0.0009245553217495946, 0.0009245553217495946, 0.0009245553217495946, 0.0009245553217495946, 0.0009245553217495946, 0.0009245553217495946, 0.0009245553217495946, 0.0009245553217495946, 0.0009245553217495946, 0.0009245553217495946, 0.0009245553217495946, 0.0009245553217495946, 0.0009245553217495946, 0.0009245553217495946, 0.0009245553217495946, 0.0009245553217495946, 0.0009245553217495946, 0.0009245553217495946, 0.0009245553217495946, 0.0009245553217495946, 0.0009245553217495946, 0.0009245553217495946, 0.0009245553217495946, 0.0009245553217495946, 0.0009245553217495946, 0.0010042747095046966], "HCA": [2.52518875785965e-05, 5.075948884377352e-05, 7.652670778783289e-05, 0.00012858834877075667, 0.00018118532444465543, 0.00020775562947175714, 0.0002882947043462504, 0.0003696749126795837, 0.0006986132641502123, 0.0006986132641502123, 0.0007546027381291042, 0.0007546027381291042, 0.0008689897666400711, 0.0008978948423713695, 0.0008978948423713695, 0.0009274317043751502, 0.0009274317043751502, 0.0009274317043751502, 0.0009274317043751502, 0.0009582959019060143], "HPRA": [2.52518875785965e-05, 5.075948884377352e-05, 0.00010229392673189225, 0.00015435556771481603, 0.0001806540555517654, 0.0002072243605788671, 0.0002877634354533604, 0.0003691436437866937, 0.00045137823165435087, 0.0005621815557540739, 0.0007021552407013038, 0.0007021552407013038, 0.0007593487549567873, 0.0008460639821506825, 0.0009045007973442545, 0.0009340376593480351, 0.0009340376593480351, 0.0009642272499771862]}