{"HDA": [5.0503775157193e-05, 7.601137642237001e-05, 0.00010177859536642937, 0.00015384023634935315, 0.00018013872418630252, 0.00020670902921340423, 0.00026040174579639974, 0.00028752848190751086, 0.0003149400111967299, 0.00039804250427152214, 0.0004820267152398601, 0.0005103200606450208, 0.000681900603411471, 0.0007686158306053662, 0.0008854894609925102, 0.0010922474950189752, 0.0011519685974705266, 0.0012123477787288287, 0.0012123477787288287, 0.001243211976259693, 0.001243211976259693, 0.001243211976259693, 0.001243211976259693, 0.001243211976259693, 0.0012758650374841828], "HBA": [5.0503775157193e-05, 7.601137642237001e-05, 0.00012754581431048874, 0.00015357663480195064, 0.00020617361047584938, 0.00023274391550295108, 0.0002864366320859466, 0.0003406901043081688, 0.0003955131628866069, 0.00042321399391153763, 0.0004792034678904296, 0.0005923768495110724, 0.0006781671208942975, 0.000851597575282088, 0.0009392527980724459, 0.0011460108320989109, 0.0011460108320989109, 0.0011460108320989109, 0.0012070590296508782, 0.0012070590296508782, 0.001238269041822783, 0.001238269041822783, 0.001238269041822783, 0.001238269041822783, 0.001238269041822783, 0.001238269041822783, 0.001238269041822783, 0.001238269041822783, 0.001238269041822783, 0.001238269041822783, 0.001238269041822783, 0.001238269041822783, 0.001238269041822783, 0.001238269041822783, 0.001238269041822783, 0.001238269041822783, 0.001238269041822783, 0.001238269041822783, 0.001238269041822783, 0.001238269041822783, 0.001238269041822783, 0.001238269041822783, 0.001238269041822783, 0.001238269041822783, 0.001238269041822783, 0.001238269041822783, 0.001238269041822783, 0.001238269041822783, 0.001238269041822783, 0.001238269041822783, 0.001238269041822783, 0.001238269041822783, 0.001238269041822783, 0.001238269041822783, 0.001238269041822783, 0.001238269041822783, 0.001238269041822783, 0.001238269041822783, 0.001238269041822783, 0.001238269041822783, 0.001238269041822783, 0.001238269041822783, 0.001238269041822783, 0.001238269041822783, 0.001238269041822783, 0.001238269041822783, 0.001238269041822783, 0.001238269041822783, 0.001238269041822783, 0.001238269041822783, 0.001238269041822783, 0.001238269041822783, 0.001238269041822783, 0.001238269041822783, 0.001238269041822783, 0.001238269041822783, 0.001238269041822783, 0.001238269041822783, 0.001238269041822783, 0.001238269041822783, 0.001238269041822783, 0.001238269041822783, 0.001238269041822783, 0.001238269041822783, 0.001238269041822783, 0.001238269041822783, 0.001238269041822783, 0.001238269041822783, 0.001238269041822783, 0.001238269041822783, 0.001238269041822783, 0.001238269041822783, 0.001238269041822783, 0.001238269041822783, 0.001238269041822783, 0.001238269041822783, 0.001238269041822783, 0.001238269041822783, 0.001238269041822783, 0.001238269041822783, 0.001238269041822783, 0.001238269041822783, 0.001238269041822783, 0.001238269041822783, 0.001238269041822783, 0.001238269041822783, 0.001238269041822783, 0.001238269041822783, 0.001238269041822783, 0.001238269041822783, 0.001238269041822783, 0.001238269041822783, 0.001238269041822783, 0.001238269041822783, 0.001238269041822783, 0.001238269041822783, 0.001238269041822783, 0.001238269041822783, 0.001238269041822783, 0.001238269041822783, 0.001238269041822783, 0.001238269041822783, 0.001238269041822783, 0.001238269041822783, 0.001238269041822783, 0.001238269041822783, 0.001238269041822783, 0.001238269041822783, 0.001238269041822783, 0.001238269041822783, 0.001238269041822783, 0.001238269041822783, 0.001238269041822783, 0.001238269041822783, 0.001238269041822783, 0.001238269041822783, 0.001238269041822783, 0.001238269041822783, 0.001238269041822783, 0.001238269041822783, 0.001238269041822783, 0.001238269041822783, 0.001238269041822783, 0.001238269041822783, 0.001238269041822783, 0.001238269041822783, 0.001238269041822783, 0.001238269041822783, 0.001238269041822783, 0.001238269041822783, 0.001238269041822783, 0.001238269041822783, 0.001238269041822783, 0.001238269041822783, 0.001238269041822783, 0.001238269041822783, 0.001238269041822783, 0.001238269041822783, 0.001238269041822783, 0.001238269041822783, 0.001238269041822783, 0.001238269041822783, 0.001238269041822783, 0.001238269041822783, 0.001238269041822783, 0.001238269041822783, 0.001238269041822783, 0.001238269041822783, 0.001238269041822783, 0.001238269041822783, 0.001238269041822783, 0.001238269041822783, 0.001238269041822783, 0.001238269041822783, 0.001238269041822783, 0.001238269041822783, 0.001238269041822783, 0.001238269041822783, 0.001238269041822783, 0.001238269041822783, 0.001238269041822783, 0.001238269041822783, 0.001238269041822783, 0.005144519041822783], "HCA": [5.0503775157193e-05, 7.601137642237001e-05, 0.00010177859536642937, 0.00015384023634935315, 0.00018013872418630252, 0.00020670902921340423, 0.00026040174579639974, 0.00034178195412973305, 0.0003691934834189521, 0.00039689431444388284, 0.0004808785254122208, 0.0005091718708173815, 0.0006235588993283484, 0.0007102741265222436, 0.0010316766100868895, 0.0010907503340944508, 0.0011504714365460022, 0.0012108506178043043, 0.0012108506178043043, 0.0012108506178043043, 0.0012420606299762091, 0.0012420606299762091, 0.0012420606299762091, 0.0012420606299762091, 0.001274713691200699], "HPRA": [5.0503775157193e-05, 7.601137642237001e-05, 0.00010177859536642937, 0.00015384023634935315, 0.00018013872418630252, 0.00023327933424050596, 0.00026012569253200374, 0.00034150590086533706, 0.0003689174301545561, 0.00039661826117948684, 0.0004806024721478248, 0.0005937758537684677, 0.0006795661251516928, 0.000766281352345588, 0.0008831549827327319, 0.001089913016759197, 0.001089913016759197, 0.001089913016759197, 0.0011509612143111643, 0.001243553806903757, 0.001243553806903757, 0.001243553806903757, 0.001243553806903757, 0.001243553806903757, 0.0012762068681282468]}