{"HDA": [5.0503775157193e-05, 0.00010151897768754704, 0.0001272861966316064, 0.00017934783761453017, 0.0002582433011253783, 0.0003379542162066834, 0.0003648005744981812, 0.00039192731060929233, 0.00041933883989851137, 0.0004470396709234421, 0.0004750344079128881, 0.0005316210987232095, 0.000588814612978693, 0.0006466247644412898, 0.0007050615796348618, 0.0008822827516575462, 0.0009718644053348731, 0.0010322435865931753, 0.0011238158829211262, 0.0011238158829211262, 0.0012174459194368404, 0.0012805692624490864, 0.001312488570438489, 0.001312488570438489, 0.0013451416316629789], "HBA": [5.0503775157193e-05, 0.00012702657895272406, 0.00017856101684084278, 0.00020459183733230468, 0.0002834873008431528, 0.00031005760587025455, 0.00033690396416175233, 0.00041828417249508565, 0.00047310723107352377, 0.0005008080620984545, 0.0005288027990879004, 0.0006419761807085432, 0.0006991696949640267, 0.000728074770695325, 0.000903385216276041, 0.000991995802287383, 0.0010517169047389344, 0.0012026648578846897, 0.0012026648578846897, 0.001264393252946418, 0.001264393252946418, 0.001264393252946418, 0.0012963125609358208, 0.0012963125609358208, 0.0012963125609358208, 0.0012963125609358208, 0.0012963125609358208, 0.0012963125609358208, 0.0012963125609358208, 0.0012963125609358208, 0.0012963125609358208, 0.0012963125609358208, 0.0012963125609358208, 0.0012963125609358208, 0.0012963125609358208, 0.0012963125609358208, 0.0012963125609358208, 0.0012963125609358208, 0.0012963125609358208, 0.0012963125609358208, 0.0012963125609358208, 0.0012963125609358208, 0.0012963125609358208, 0.0012963125609358208, 0.0012963125609358208, 0.0012963125609358208, 0.0012963125609358208, 0.0012963125609358208, 0.0012963125609358208, 0.0012963125609358208, 0.0012963125609358208, 0.0012963125609358208, 0.0012963125609358208, 0.0012963125609358208, 0.0012963125609358208, 0.0012963125609358208, 0.0012963125609358208, 0.0012963125609358208, 0.0012963125609358208, 0.0012963125609358208, 0.0012963125609358208, 0.0012963125609358208, 0.0012963125609358208, 0.0012963125609358208, 0.0012963125609358208, 0.0012963125609358208, 0.0012963125609358208, 0.0012963125609358208, 0.0012963125609358208, 0.0012963125609358208, 0.0012963125609358208, 0.0012963125609358208, 0.0012963125609358208, 0.0012963125609358208, 0.0012963125609358208, 0.0012963125609358208, 0.0012963125609358208, 0.0012963125609358208, 0.0012963125609358208, 0.0012963125609358208, 0.0012963125609358208, 0.0012963125609358208, 0.0012963125609358208, 0.0012963125609358208, 0.0012963125609358208, 0.0012963125609358208, 0.0012963125609358208, 0.0012963125609358208, 0.0012963125609358208, 0.0012963125609358208, 0.0012963125609358208, 0.0012963125609358208, 0.0012963125609358208, 0.0012963125609358208, 0.0012963125609358208, 0.0012963125609358208, 0.0012963125609358208, 0.0012963125609358208, 0.0012963125609358208, 0.0012963125609358208, 0.0012963125609358208, 0.0012963125609358208, 0.0012963125609358208, 0.0012963125609358208, 0.0012963125609358208, 0.0012963125609358208, 0.0012963125609358208, 0.0012963125609358208, 0.0012963125609358208, 0.0012963125609358208, 0.0012963125609358208, 0.0012963125609358208, 0.0012963125609358208, 0.0012963125609358208, 0.0012963125609358208, 0.0012963125609358208, 0.0012963125609358208, 0.0012963125609358208, 0.0012963125609358208, 0.0012963125609358208, 0.0012963125609358208, 0.0012963125609358208, 0.0012963125609358208, 0.0012963125609358208, 0.0012963125609358208, 0.0012963125609358208, 0.0012963125609358208, 0.0012963125609358208, 0.0012963125609358208, 0.0012963125609358208, 0.0012963125609358208, 0.0012963125609358208, 0.0012963125609358208, 0.0012963125609358208, 0.0012963125609358208, 0.0012963125609358208, 0.0012963125609358208, 0.0012963125609358208, 0.0015650575219678014], "HCA": [5.0503775157193e-05, 7.601137642237001e-05, 0.00012754581431048874, 0.0001796074552934125, 0.00020590594313036188, 0.0002324762481574636, 0.00025932260644896134, 0.00034070281478229466, 0.0004229374026499518, 0.00045063823367488256, 0.00047863297066432853, 0.0005069263160694893, 0.0005927165874527144, 0.0007372419661092064, 0.0007664603737059924, 0.0010322921317400188, 0.0011218737854173458, 0.0012124425573047989, 0.0012429666560807824, 0.0012738308536116467, 0.0012738308536116467, 0.0013053925251177696, 0.0013053925251177696, 0.0013053925251177696, 0.0013053925251177696, 0.0013053925251177696, 0.0013053925251177696, 0.0013391945802827237], "HPRA": [5.0503775157193e-05, 0.00010151897768754704, 0.0001272861966316064, 0.00020537865810599208, 0.0002842741216168402, 0.0003374147316710436, 0.0003642610899625414, 0.0003913878260736525, 0.00041879935536287153, 0.0004465001863878023, 0.0005024896603666942, 0.000530783005771855, 0.0007023635485383052, 0.000760173700000902, 0.000818610515194474, 0.0009662948252133776, 0.0009662948252133776, 0.0009662948252133776, 0.001027343022765345, 0.0011199356153579376, 0.001182355639701747, 0.001245478982713993, 0.0013093175986927986, 0.0013093175986927986, 0.0013419706599172884]}