{"HDA": [2.52518875785965e-05, 5.075948884377352e-05, 7.652670778783289e-05, 0.00010255752827929478, 0.00015515450395319353, 0.00018172480898029524, 0.00023541752556329075, 0.00026254426167440185, 0.0002899557909636209, 0.00037305828403841313, 0.0004010530210278591, 0.0005142264026485019, 0.0005428231597762436, 0.0006006333112388404, 0.0006298517188356264, 0.0007184623048469685, 0.0009573467146531735, 0.0012894322115738354, 0.0013810045079017863, 0.0013810045079017863, 0.0014434245322455957, 0.0014434245322455957, 0.0014753438402349984, 0.0014753438402349984, 0.0014753438402349984, 0.0014753438402349984, 0.0014753438402349984, 0.0015091458953999525], "HBA": [2.52518875785965e-05, 5.075948884377352e-05, 7.652670778783289e-05, 0.00010255752827929478, 0.00015515450395319353, 0.00018172480898029524, 0.000208571167271793, 0.00034420484782734856, 0.0003716163771165676, 0.0004824197012162906, 0.0005664039121846286, 0.0005946972575897893, 0.0006804875289730144, 0.0008250129076295065, 0.0008834497228230784, 0.0010015971708382013, 0.0010911788245155283, 0.0012421267776612835, 0.001364223172765218, 0.0013950873702960824, 0.0014262973824679872, 0.0014262973824679872, 0.0014582166904573899, 0.0014582166904573899, 0.0014582166904573899, 0.0014582166904573899, 0.0014582166904573899, 0.0014582166904573899, 0.0014582166904573899, 0.0014582166904573899, 0.0014582166904573899, 0.0014582166904573899, 0.0014582166904573899, 0.0014582166904573899, 0.0014582166904573899, 0.0014582166904573899, 0.0014582166904573899, 0.0014582166904573899, 0.0014582166904573899, 0.0014582166904573899, 0.0014582166904573899, 0.0014582166904573899, 0.0014582166904573899, 0.0014582166904573899, 0.0014582166904573899, 0.0014582166904573899, 0.0014582166904573899, 0.0014582166904573899, 0.0014582166904573899, 0.0014582166904573899, 0.0014582166904573899, 0.0014582166904573899, 0.0014582166904573899, 0.0014582166904573899, 0.0014582166904573899, 0.0014582166904573899, 0.0014582166904573899, 0.0014582166904573899, 0.0014582166904573899, 0.0014582166904573899, 0.0014582166904573899, 0.0014582166904573899, 0.0014582166904573899, 0.0014582166904573899, 0.0014582166904573899, 0.0014582166904573899, 0.0014582166904573899, 0.0014582166904573899, 0.0014582166904573899, 0.0014582166904573899, 0.0014582166904573899, 0.0014582166904573899, 0.0014582166904573899, 0.0014582166904573899, 0.0014582166904573899, 0.0014582166904573899, 0.0014582166904573899, 0.0014582166904573899, 0.0014582166904573899, 0.0014582166904573899, 0.0014582166904573899, 0.0014582166904573899, 0.0014582166904573899, 0.0014582166904573899, 0.0014582166904573899, 0.0014582166904573899, 0.0014582166904573899, 0.0014582166904573899, 0.0014582166904573899, 0.0014582166904573899, 0.0014582166904573899, 0.0014582166904573899, 0.0014582166904573899, 0.0014582166904573899, 0.0014582166904573899, 0.0014582166904573899, 0.0014582166904573899, 0.0014582166904573899, 0.0014582166904573899, 0.0014582166904573899, 0.0014582166904573899, 0.0014582166904573899, 0.0014582166904573899, 0.0014582166904573899, 0.0014582166904573899, 0.0014582166904573899, 0.0014582166904573899, 0.0014582166904573899, 0.0014582166904573899, 0.0014582166904573899, 0.0014582166904573899, 0.0014582166904573899, 0.0014582166904573899, 0.0014582166904573899, 0.0014582166904573899, 0.0014582166904573899, 0.0014582166904573899, 0.0014582166904573899, 0.0016106324807332625], "HCA": [2.52518875785965e-05, 5.075948884377352e-05, 7.652670778783289e-05, 0.00010255752827929478, 0.00012885601611624416, 0.00015542632114334587, 0.00020911903772634138, 0.0002362457738374525, 0.00026365730312667154, 0.0002913581341516023, 0.00031935287114104826, 0.00037593956195136965, 0.0004331330762068531, 0.0004909432276694499, 0.0005785984504598078, 0.0006081353124635885, 0.0011456252345275497, 0.0011456252345275497, 0.0013592939259594351, 0.0013592939259594351, 0.0013592939259594351, 0.001453978940477804, 0.001453978940477804, 0.001453978940477804, 0.0014866320017022938, 0.0014866320017022938, 0.0014866320017022938, 0.0014866320017022938, 0.001520830558523196], "HPRA": [2.52518875785965e-05, 5.075948884377352e-05, 7.652670778783289e-05, 0.00012858834877075667, 0.00015488683660770604, 0.00020802744666190945, 0.0002348738049534072, 0.0002620005410645183, 0.00028941207035373733, 0.0003171129013786681, 0.000429091849336452, 0.0005139718855519341, 0.0005711653998074175, 0.0006000704755387159, 0.0006292888831355019, 0.0008655837791657476, 0.0009551654328430745, 0.0012872509297637363, 0.0012872509297637363, 0.001379843522356329, 0.0014422635467001383, 0.0014422635467001383, 0.001474182854689541, 0.001474182854689541, 0.001474182854689541, 0.001474182854689541, 0.001474182854689541, 0.001507984909854495]}