{"HDA": [5.0503775157193e-05, 7.601137642237001e-05, 0.00010177859536642937, 0.00012780941585789128, 0.00018040639153179004, 0.00020697669655889175, 0.0002606694131418873, 0.00031492288536410953, 0.00034233441465332857, 0.00039773607670319007, 0.00045372555068208206, 0.0005103122414924035, 0.0005389089986201452, 0.000596719150082742, 0.000742811188066672, 0.0007723480500704526, 0.0008022086012962283, 0.0008323981919253794, 0.0009239704882533303, 0.0011091556734385156, 0.001296415746469944, 0.001296415746469944, 0.0013921736704381523, 0.0013921736704381523, 0.001424826731662642, 0.001424826731662642, 0.001424826731662642, 0.0014586287868275961], "HBA": [5.0503775157193e-05, 0.00010151897768754704, 0.0001272861966316064, 0.00017934783761453017, 0.00020564632545147954, 0.00025878693550568296, 0.00028563329379718074, 0.00031276002990829186, 0.00036758308848673, 0.00039528391951166073, 0.0004512733934905527, 0.0005078600843008742, 0.0005364568414286158, 0.0005653619171599142, 0.0006237987323534862, 0.0007714830423723898, 0.0008610646960497167, 0.0008912542866788678, 0.0009217783854548515, 0.001137827768170901, 0.0012938778290304247, 0.0012938778290304247, 0.0013577164450092303, 0.0013899995028604701, 0.0013899995028604701, 0.0013899995028604701, 0.0013899995028604701, 0.0013899995028604701, 0.0013899995028604701, 0.0013899995028604701, 0.0013899995028604701, 0.0013899995028604701, 0.0013899995028604701, 0.0013899995028604701, 0.0013899995028604701, 0.0013899995028604701, 0.0013899995028604701, 0.0013899995028604701, 0.0013899995028604701, 0.0013899995028604701, 0.0013899995028604701, 0.0013899995028604701, 0.0013899995028604701, 0.0013899995028604701, 0.0013899995028604701, 0.0014321651294416811, 0.0014321651294416811, 0.0014321651294416811, 0.0014321651294416811, 0.0014321651294416811, 0.0014321651294416811, 0.0014321651294416811, 0.0014321651294416811, 0.0014321651294416811, 0.0014321651294416811, 0.0014321651294416811, 0.0014321651294416811, 0.0014321651294416811, 0.0014321651294416811, 0.0014321651294416811, 0.0014321651294416811, 0.0014321651294416811, 0.0014321651294416811, 0.0014321651294416811, 0.0014321651294416811, 0.0014321651294416811, 0.0014321651294416811, 0.0014321651294416811, 0.0014321651294416811, 0.0014321651294416811, 0.0014321651294416811, 0.0014321651294416811, 0.0014321651294416811, 0.0014321651294416811, 0.0014321651294416811, 0.0014321651294416811, 0.0014321651294416811, 0.0014321651294416811, 0.0014321651294416811, 0.0014321651294416811, 0.0014321651294416811, 0.0014321651294416811, 0.0014321651294416811, 0.0014321651294416811, 0.0014321651294416811, 0.0014321651294416811, 0.0014321651294416811, 0.0014321651294416811, 0.0014321651294416811, 0.0014321651294416811, 0.0014321651294416811, 0.0014321651294416811, 0.0014321651294416811, 0.0014321651294416811, 0.0014321651294416811, 0.0014321651294416811, 0.0014321651294416811, 0.0014321651294416811, 0.0014321651294416811, 0.0014321651294416811, 0.0014321651294416811, 0.0014321651294416811, 0.0014321651294416811, 0.0014321651294416811, 0.0014321651294416811, 0.0014321651294416811, 0.0014321651294416811, 0.0014321651294416811, 0.0014321651294416811, 0.0014321651294416811, 0.0014321651294416811, 0.0014321651294416811, 0.0014321651294416811, 0.0014321651294416811, 0.0014321651294416811, 0.0014321651294416811, 0.0014321651294416811, 0.0014321651294416811, 0.0014321651294416811, 0.0014321651294416811, 0.0014321651294416811, 0.0014321651294416811, 0.0014321651294416811, 0.0014321651294416811, 0.0014321651294416811, 0.0014321651294416811, 0.0014321651294416811, 0.0014321651294416811, 0.0014321651294416811, 0.0014321651294416811, 0.0014321651294416811, 0.0014321651294416811, 0.0014321651294416811, 0.0014321651294416811, 0.0014321651294416811, 0.0014321651294416811, 0.0014321651294416811, 0.0014321651294416811, 0.0014321651294416811, 0.0014321651294416811, 0.0014321651294416811, 0.0014321651294416811, 0.0014321651294416811, 0.0014321651294416811, 0.0014321651294416811, 0.0014321651294416811, 0.0014321651294416811, 0.0014321651294416811, 0.0014321651294416811, 0.0014321651294416811, 0.0014321651294416811, 0.0014321651294416811, 0.0014321651294416811, 0.0014321651294416811, 0.0014321651294416811, 0.0014321651294416811, 0.0014321651294416811, 0.0014321651294416811, 0.0014321651294416811, 0.0014321651294416811, 0.0014321651294416811, 0.0014321651294416811, 0.0014321651294416811, 0.0014321651294416811, 0.0014321651294416811, 0.0014321651294416811, 0.0014321651294416811, 0.0014321651294416811, 0.0014321651294416811, 0.0014321651294416811, 0.0014321651294416811, 0.0014321651294416811, 0.0014321651294416811, 0.0014321651294416811, 0.0014321651294416811, 0.0014321651294416811, 0.0014321651294416811, 0.0014321651294416811, 0.0014321651294416811, 0.0014321651294416811, 0.0014321651294416811, 0.0014321651294416811, 0.0014321651294416811, 0.0014321651294416811, 0.0014321651294416811, 0.0014321651294416811, 0.0014321651294416811, 0.0014321651294416811, 0.0014321651294416811, 0.0014321651294416811, 0.0014321651294416811, 0.0014321651294416811, 0.021840328394747803], "HCA": [5.0503775157193e-05, 7.601137642237001e-05, 0.00010177859536642937, 0.00015384023634935315, 0.00018013872418630252, 0.00020670902921340423, 0.00026040174579639974, 0.000314655218018622, 0.000342066747307841, 0.0003974684093577025, 0.0004534578833365945, 0.00048175122874175524, 0.0005103479858694969, 0.0005681581373320938, 0.0006265949525256657, 0.0006561318145294464, 0.0008950162243356514, 0.0009252058149648025, 0.0011999227039486552, 0.0012307869014795195, 0.001293206925823329, 0.001293206925823329, 0.001293206925823329, 0.001390056099377048, 0.0014227091606015378, 0.0014227091606015378, 0.0014227091606015378, 0.0014227091606015378, 0.0014227091606015378, 0.0014227091606015378, 0.0014577219402661153], "HPRA": [5.0503775157193e-05, 7.601137642237001e-05, 0.00010177859536642937, 0.00012780941585789128, 0.00018040639153179004, 0.00023354700158599345, 0.00026039335987749124, 0.0003146468320997135, 0.0003420583613889325, 0.000397460023438794, 0.000453449497417686, 0.0005100361882280075, 0.0005386329453557491, 0.000596443096818346, 0.0007425351348022758, 0.0007720719968060565, 0.0008019325480318321, 0.0008321221386609832, 0.0009236944349889342, 0.0011088796201741194, 0.0012961396932055478, 0.0012961396932055478, 0.0012961396932055478, 0.0013607058089080272, 0.0014260119313570067, 0.0014260119313570067, 0.0014260119313570067, 0.0014598139865219608]}