{"HDA": [0.000101007550314386, 0.00015202275284474003, 0.0001777899717887994, 0.00025588243326318507, 0.00028218092110013446, 0.0003353215311543379, 0.0003890142477373334, 0.00044326771995955563, 0.0005803253664056509, 0.000663427859480443, 0.000747412070448781, 0.0008039987612591024, 0.0008325955183868441, 0.0008325955183868441, 0.0008325955183868441, 0.0008621323803906248], "HBA": [0.000101007550314386, 0.00015202275284474003, 0.00022932440967691814, 0.0003074168711513038, 0.0003337153589882532, 0.0003602856640153549, 0.0006019028886388347, 0.0006561563608610569, 0.000683567890150276, 0.0007666703832250683, 0.0007666703832250683, 0.0008232570740353898, 0.0008232570740353898, 0.0008232570740353898, 0.0008232570740353898, 0.0008232570740353898, 0.0008232570740353898, 0.0008232570740353898, 0.0008232570740353898, 0.0008232570740353898, 0.0008232570740353898, 0.0008232570740353898, 0.0008232570740353898, 0.0008232570740353898, 0.0008232570740353898, 0.0008232570740353898, 0.0008232570740353898, 0.0008232570740353898, 0.0008232570740353898, 0.0008232570740353898, 0.0008232570740353898, 0.0008232570740353898, 0.0008232570740353898, 0.0008232570740353898, 0.0008232570740353898, 0.0008232570740353898, 0.0008232570740353898, 0.0008232570740353898, 0.0008232570740353898, 0.0008232570740353898, 0.0008232570740353898, 0.0008232570740353898, 0.0008232570740353898, 0.0008232570740353898, 0.0008232570740353898, 0.0008232570740353898, 0.0008232570740353898, 0.0008232570740353898, 0.0008232570740353898, 0.0008232570740353898, 0.0008232570740353898, 0.0008232570740353898, 0.0008232570740353898, 0.0008232570740353898, 0.0008232570740353898, 0.0008232570740353898, 0.0008232570740353898, 0.0008232570740353898, 0.0008232570740353898, 0.0008232570740353898, 0.0008232570740353898, 0.0008232570740353898, 0.0008232570740353898, 0.0008232570740353898, 0.0008232570740353898, 0.0008232570740353898, 0.0008232570740353898, 0.0008232570740353898, 0.0008232570740353898, 0.0008232570740353898, 0.0008232570740353898, 0.0008232570740353898, 0.0008232570740353898, 0.0008232570740353898, 0.0008232570740353898, 0.0008232570740353898, 0.0008232570740353898, 0.0008232570740353898, 0.0008232570740353898, 0.0008232570740353898, 0.0008232570740353898, 0.0008232570740353898, 0.0008232570740353898, 0.0008232570740353898, 0.0008232570740353898, 0.0008232570740353898, 0.0008232570740353898, 0.0008232570740353898, 0.0008232570740353898, 0.0008232570740353898, 0.0008232570740353898, 0.0008232570740353898, 0.0008232570740353898, 0.0008232570740353898, 0.0008232570740353898, 0.0008232570740353898, 0.0008232570740353898, 0.0008232570740353898, 0.0008232570740353898, 0.0008232570740353898, 0.0008232570740353898, 0.0008232570740353898, 0.0008232570740353898, 0.0008232570740353898, 0.0008232570740353898, 0.0008232570740353898, 0.0008232570740353898, 0.0008232570740353898, 0.0008232570740353898, 0.0008232570740353898, 0.0008232570740353898, 0.0008232570740353898, 0.0008232570740353898, 0.0008232570740353898, 0.0008232570740353898, 0.0008232570740353898, 0.0008232570740353898, 0.0008232570740353898, 0.0008232570740353898, 0.0008232570740353898, 0.0008232570740353898, 0.0008232570740353898, 0.0008232570740353898, 0.000996387267941207], "HCA": [0.000101007550314386, 0.00015202275284474003, 0.0001777899717887994, 0.00025588243326318507, 0.00028218092110013446, 0.0003353215311543379, 0.0006037851140693155, 0.0006580385862915378, 0.0006580385862915378, 0.0007688419103912608, 0.0007688419103912608, 0.0007971352557964215, 0.0008257320129241632, 0.0008257320129241632, 0.0008257320129241632, 0.0008257320129241632, 0.0008257320129241632, 0.0008559216035533143], "HPRA": [0.000101007550314386, 0.00015202275284474003, 0.00022932440967691814, 0.00025535523016838004, 0.00028165371800532944, 0.00033479432805953285, 0.00038848704464252836, 0.0006597544057536395, 0.0006597544057536395, 0.0006597544057536395, 0.0007157438797325314, 0.0008006239159480135, 0.0008292206730757552, 0.0008292206730757552, 0.0008292206730757552, 0.0008587575350795358]}