{"HDA": [5.0503775157193e-05, 7.601137642237001e-05, 0.00010177859536642937, 0.00015384023634935315, 0.0002064372120232519, 0.0002330075170503536, 0.00025985387534185135, 0.0002869806114529625, 0.0003143921407421815, 0.00034209297176711226, 0.0003700877087565582, 0.00039838105416171895, 0.0004269778112894607, 0.0005136930384833559, 0.0005429114460801419, 0.0005724483080839226, 0.0008113327178901276, 0.0008113327178901276, 0.0009029050142180785, 0.0010880901994032638, 0.0010880901994032638, 0.0010880901994032638, 0.001183848123371472, 0.001183848123371472, 0.001183848123371472, 0.001183848123371472, 0.001183848123371472, 0.001183848123371472, 0.0012180466801923742], "HBA": [5.0503775157193e-05, 0.00010151897768754704, 0.00015305341557566578, 0.0001790842360671277, 0.00023168121174102643, 0.00025825151676812816, 0.00028509787505962594, 0.00031222461117073706, 0.0003944591990383942, 0.00042216003006332497, 0.00047814950404221696, 0.0005064428494473776, 0.0005350396065751193, 0.0005639446823064177, 0.0006515999050967756, 0.0007106736291043371, 0.0007405341803301128, 0.0007707237709592638, 0.0008928201660631984, 0.0009545485611249267, 0.0011105986219844505, 0.0011421602934905733, 0.0011421602934905733, 0.0011744433513418131, 0.0011744433513418131, 0.0011744433513418131, 0.0011744433513418131, 0.0011744433513418131, 0.0011744433513418131, 0.0011744433513418131, 0.0011744433513418131, 0.0011744433513418131, 0.0011744433513418131, 0.0011744433513418131, 0.0011744433513418131, 0.0011744433513418131, 0.0011744433513418131, 0.0011744433513418131, 0.0011744433513418131, 0.0011744433513418131, 0.0011744433513418131, 0.0011744433513418131, 0.0011744433513418131, 0.0011744433513418131, 0.0011744433513418131, 0.0011744433513418131, 0.0011744433513418131, 0.0011744433513418131, 0.0011744433513418131, 0.0011744433513418131, 0.0011744433513418131, 0.0011744433513418131, 0.0011744433513418131, 0.0011744433513418131, 0.0011744433513418131, 0.0011744433513418131, 0.0011744433513418131, 0.0011744433513418131, 0.0011744433513418131, 0.0011744433513418131, 0.0011744433513418131, 0.0011744433513418131, 0.0011744433513418131, 0.0011744433513418131, 0.0011744433513418131, 0.0011744433513418131, 0.0011744433513418131, 0.0011744433513418131, 0.0011744433513418131, 0.0011744433513418131, 0.001234535893857287], "HCA": [5.0503775157193e-05, 7.601137642237001e-05, 0.00012754581431048874, 0.0001796074552934125, 0.00020590594313036188, 0.0002324762481574636, 0.00025932260644896134, 0.00028644934256007247, 0.0003138608718492915, 0.000369262533899153, 0.000425252007878045, 0.0004535453532832057, 0.00048214211041094744, 0.0005110471861422459, 0.0005402655937390318, 0.0005698024557428125, 0.0005996630069685882, 0.00093174850388925, 0.00093174850388925, 0.0009934768989509784, 0.0010246869111228832, 0.001150933597147375, 0.001150933597147375, 0.0011832166549986148, 0.0011832166549986148, 0.0011832166549986148, 0.0011832166549986148, 0.0012170187101635688], "HPRA": [5.0503775157193e-05, 7.601137642237001e-05, 0.00012754581431048874, 0.0001796074552934125, 0.00020590594313036188, 0.0002324762481574636, 0.00025932260644896134, 0.00028644934256007247, 0.00034127240113851053, 0.0003689732321634413, 0.00039696796915288725, 0.000425261314558048, 0.0004824548288135314, 0.0005113599045448298, 0.0005697967197384018, 0.0005993335817421825, 0.0006889152354195094, 0.0007794840073069626, 0.0008710563036349136, 0.000932784698696642, 0.0009952047230404515, 0.0010583280660526975, 0.001122166682031503, 0.0011867327977339824, 0.0011867327977339824, 0.0011867327977339824, 0.001220145207102822]}