{"HDA": [2.52518875785965e-05, 5.075948884377352e-05, 7.652670778783289e-05, 0.00010255752827929478, 0.00015515450395319353, 0.00018172480898029524, 0.00023541752556329075, 0.00026254426167440185, 0.0003173673202528399, 0.00034506815127777066, 0.00037306288826721663, 0.00040135623367237736, 0.0005157432621833442, 0.000573553413645941, 0.000661208636436299, 0.0007498192224476411, 0.0008095403248991924, 0.0011718154124490052, 0.0013854841038808906, 0.0013854841038808906, 0.0013854841038808906, 0.0014486074468931366, 0.0015124460628719422, 0.0015124460628719422, 0.001545099124096432, 0.001545099124096432, 0.001545099124096432, 0.001545099124096432, 0.0015792976809173341], "HBA": [7.57556627357895e-05, 0.00012677086526614355, 0.0001525380842102029, 0.00020459972519312668, 0.00023089821303007605, 0.0002574685180571778, 0.00028431487634867557, 0.0003114416124597867, 0.0003388531417490057, 0.0003665539727739365, 0.00039454870976338244, 0.00045113540057370384, 0.0005083289148291873, 0.0005950441420230825, 0.0006534809572166545, 0.0007420915432279966, 0.0010406970554857529, 0.0011614554180023572, 0.0013751241094342426, 0.0013751241094342426, 0.0014687541459499568, 0.0015003158174560797, 0.0015003158174560797, 0.0015003158174560797, 0.0015329688786805695, 0.0015329688786805695, 0.0015329688786805695, 0.0015329688786805695, 0.0015329688786805695, 0.0015329688786805695, 0.0015329688786805695, 0.0015329688786805695, 0.0015329688786805695, 0.0015329688786805695, 0.0015329688786805695, 0.0015329688786805695, 0.0015329688786805695, 0.0015329688786805695, 0.0015329688786805695, 0.0015329688786805695, 0.0015329688786805695, 0.0015329688786805695, 0.0015329688786805695, 0.0015329688786805695, 0.0015329688786805695, 0.0015329688786805695, 0.0015329688786805695, 0.0015329688786805695, 0.0015329688786805695, 0.0015329688786805695, 0.0015329688786805695, 0.0015329688786805695, 0.0015329688786805695, 0.0015329688786805695, 0.0015329688786805695, 0.0015329688786805695, 0.0015329688786805695, 0.0015329688786805695, 0.0015329688786805695, 0.0015329688786805695, 0.0015329688786805695, 0.0015329688786805695, 0.0015329688786805695, 0.0015329688786805695, 0.0015329688786805695, 0.0015329688786805695, 0.0015329688786805695, 0.0015329688786805695, 0.0015329688786805695, 0.0015329688786805695, 0.0015329688786805695, 0.0015329688786805695, 0.0015329688786805695, 0.0015329688786805695, 0.0015969688786805695], "HCA": [2.52518875785965e-05, 5.075948884377352e-05, 7.652670778783289e-05, 0.00012858834877075667, 0.00015488683660770604, 0.00018145714163480774, 0.0002083034999263055, 0.00023543023603741662, 0.0002902532946158547, 0.0003456549566657162, 0.00037364969365516216, 0.0004019430390603229, 0.00045913655331580633, 0.000574756856241, 0.000633193671434572, 0.0007218042574459141, 0.0008113859111232411, 0.0012340401799313559, 0.0012340401799313559, 0.001419225365116541, 0.0014504353772884458, 0.0014504353772884458, 0.0014504353772884458, 0.0015472845508421647, 0.0015472845508421647, 0.0015472845508421647, 0.0015472845508421647, 0.0015472845508421647, 0.0015472845508421647, 0.0015472845508421647, 0.0015822973305067423], "HPRA": [2.52518875785965e-05, 7.626709010895054e-05, 0.00010203430905300991, 0.0001540959500359337, 0.00018039443787288306, 0.00020696474289998477, 0.00023381110119148252, 0.0002609378373025936, 0.0003157608958810317, 0.00034346172690596244, 0.0004274459378743004, 0.0004840326286846218, 0.0005412261429401052, 0.0005701312186714036, 0.0006577864414617615, 0.0007463970274731036, 0.00104500253973086, 0.0011657609022474643, 0.0013794295936793498, 0.0013794295936793498, 0.0013794295936793498, 0.0013794295936793498, 0.0014432682096581554, 0.0015078343253606347, 0.0015404873865851245, 0.0015404873865851245, 0.0015404873865851245, 0.0015404873865851245, 0.0015746859434060266]}