{"HDA": [5.0503775157193e-05, 7.601137642237001e-05, 0.00012754581431048874, 0.00015357663480195064, 0.00020617361047584938, 0.00023274391550295108, 0.00025959027379444884, 0.00028671700990555996, 0.0003415400684839981, 0.00036924089950892883, 0.0004532251104772668, 0.0005098118012875882, 0.0005384085584153299, 0.0005962187098779268, 0.0006546555250714987, 0.0006841923870752794, 0.0008334951432041576, 0.0009844430963499129, 0.0010760153926778638, 0.001261200577863049, 0.001261200577863049, 0.0012927622493691718, 0.0013566008653479774, 0.0013566008653479774, 0.0013566008653479774, 0.0013566008653479774, 0.0013566008653479774, 0.0013566008653479774, 0.0013566008653479774, 0.001391202941472545], "HBA": [5.0503775157193e-05, 0.00010151897768754704, 0.0001272861966316064, 0.00017934783761453017, 0.00020564632545147954, 0.00023221663047858125, 0.0002859093470615768, 0.0003130360831726879, 0.00039527067104034506, 0.0004229715020652758, 0.0004509662390547218, 0.0005075529298650432, 0.0005361496869927849, 0.0005650547627240833, 0.000798802023498371, 0.0008578757475059325, 0.0009175968499574838, 0.0010685448031032391, 0.0011906411982071736, 0.001252369593268902, 0.0012835796054408068, 0.0012835796054408068, 0.0013154989134302095, 0.001347781971281449, 0.001347781971281449, 0.001347781971281449, 0.001347781971281449, 0.001347781971281449, 0.001347781971281449, 0.001347781971281449, 0.001347781971281449, 0.001347781971281449, 0.001347781971281449, 0.001347781971281449, 0.001347781971281449, 0.001347781971281449, 0.001347781971281449, 0.001347781971281449, 0.001347781971281449, 0.001347781971281449, 0.001347781971281449, 0.001347781971281449, 0.001347781971281449, 0.001347781971281449, 0.001347781971281449, 0.001347781971281449, 0.001347781971281449, 0.001347781971281449, 0.001347781971281449, 0.001347781971281449, 0.001347781971281449, 0.001347781971281449, 0.001347781971281449, 0.001347781971281449, 0.001347781971281449, 0.001347781971281449, 0.001347781971281449, 0.001347781971281449, 0.001347781971281449, 0.001347781971281449, 0.001347781971281449, 0.001347781971281449, 0.001347781971281449, 0.001347781971281449, 0.001347781971281449, 0.001347781971281449, 0.001347781971281449, 0.001347781971281449, 0.001347781971281449, 0.001347781971281449, 0.001347781971281449, 0.001347781971281449, 0.001347781971281449, 0.001347781971281449, 0.001347781971281449, 0.001347781971281449, 0.001347781971281449, 0.001347781971281449, 0.001347781971281449, 0.001347781971281449, 0.001347781971281449, 0.001347781971281449, 0.001347781971281449, 0.001347781971281449, 0.001347781971281449, 0.001347781971281449, 0.001347781971281449, 0.001347781971281449, 0.001347781971281449, 0.001347781971281449, 0.001347781971281449, 0.001347781971281449, 0.001347781971281449, 0.001347781971281449, 0.001347781971281449, 0.001347781971281449, 0.001347781971281449, 0.001347781971281449, 0.001347781971281449, 0.001347781971281449, 0.001347781971281449, 0.001347781971281449, 0.001347781971281449, 0.001347781971281449, 0.001347781971281449, 0.001347781971281449, 0.001347781971281449, 0.001347781971281449, 0.001347781971281449, 0.001347781971281449, 0.001347781971281449, 0.001347781971281449, 0.001347781971281449, 0.001347781971281449, 0.001347781971281449, 0.001347781971281449, 0.001347781971281449, 0.001347781971281449, 0.001347781971281449, 0.001347781971281449, 0.001347781971281449, 0.001347781971281449, 0.001347781971281449, 0.001347781971281449, 0.001347781971281449, 0.001347781971281449, 0.001347781971281449, 0.001347781971281449, 0.001347781971281449, 0.001347781971281449, 0.001347781971281449, 0.001347781971281449, 0.001347781971281449, 0.0015773503826680424], "HCA": [5.0503775157193e-05, 7.601137642237001e-05, 0.00012754581431048874, 0.00015357663480195064, 0.0001798751226389, 0.0002064454276660017, 0.00023329178595749947, 0.0002875452581797217, 0.00036977984604737884, 0.0003974806770723096, 0.00042547541406175556, 0.0004537687594669163, 0.0005109622737223997, 0.000539867349453698, 0.00059830416464727, 0.0006278410266510507, 0.0006875621291026019, 0.0010498372166524148, 0.0010803613154283984, 0.0012346823030827195, 0.0012658923152546243, 0.0012974539867607472, 0.0013612926027395528, 0.0013612926027395528, 0.0013612926027395528, 0.0013612926027395528, 0.0013612926027395528, 0.0013612926027395528, 0.0013612926027395528, 0.0013958946788641203], "HPRA": [5.0503775157193e-05, 0.00010151897768754704, 0.0001272861966316064, 0.0001533170171230683, 0.00020591399279696704, 0.00023248429782406874, 0.0002593306561155665, 0.00031358412833778875, 0.0003409956576270078, 0.00042409815070180003, 0.000452092887691246, 0.0005086795785015675, 0.0005372763356293091, 0.000595086487091906, 0.0006535233022854779, 0.0007125970262930394, 0.0007424575775188151, 0.0008330263494062683, 0.0010772191396141374, 0.0012006759297375942, 0.0012006759297375942, 0.0012637992727498402, 0.0013276378887286458, 0.0013599209465798854, 0.0013599209465798854, 0.0013599209465798854, 0.0013599209465798854, 0.0013599209465798854, 0.0013941195034007875]}