{"HDA": [2.52518875785965e-05, 7.626709010895054e-05, 0.00010203430905300991, 0.00012806512954447182, 0.00015436361738142119, 0.0001809339224085229, 0.00020778028070002065, 0.00023490701681113177, 0.0002623185461003508, 0.0003177202081502123, 0.00034571494513965827, 0.000374008290544819, 0.0004026050476725607, 0.00046041519913515757, 0.0005188520143287295, 0.0006074626003400716, 0.0006373231515658473, 0.0006977023328241494, 0.0007587505303761167, 0.0007896147279069809, 0.0008832447644226951, 0.000977929778941064, 0.0010417683949198696, 0.0011386175684735887, 0.001236576752147058, 0.0014017240635488283, 0.0016356109291307055, 0.0018046212049554757, 0.0018046212049554757, 0.0018046212049554757, 0.0019096595439492083, 0.0019096595439492083, 0.0019455159748000815, 0.0019455159748000815, 0.0019455159748000815, 0.0019826962246513604], "HBA": [5.0503775157193e-05, 0.00010151897768754704, 0.00017882063451972515, 0.00020485145501118705, 0.00023114994284813642, 0.00025772024787523815, 0.00028456660616673593, 0.00031169334227784706, 0.0003665164008562851, 0.0004219180629061466, 0.0004499127998955926, 0.0004782061453007533, 0.000506802902428495, 0.0005357079781597934, 0.0005649263857565793, 0.00059446324776036, 0.0006541843502119113, 0.0006843739408410623, 0.0007454221383930296, 0.0008688789285164864, 0.0009625089650322006, 0.0010256323080444466, 0.0010894709240232522, 0.001186320097576971, 0.0015455037710463589, 0.001644592157887421, 0.001644592157887421, 0.001745998323382283, 0.0018143954370240874, 0.0018835995892732224, 0.0018835995892732224, 0.00191903042827549, 0.00191903042827549, 0.00191903042827549, 0.00191903042827549, 0.00191903042827549, 0.00191903042827549, 0.00191903042827549, 0.00191903042827549, 0.00191903042827549, 0.00191903042827549, 0.00191903042827549, 0.00191903042827549, 0.00191903042827549, 0.00191903042827549, 0.00191903042827549, 0.00191903042827549, 0.00191903042827549, 0.00191903042827549, 0.00191903042827549, 0.00191903042827549, 0.00191903042827549, 0.00191903042827549, 0.00191903042827549, 0.00191903042827549, 0.00191903042827549, 0.00191903042827549, 0.00191903042827549, 0.00191903042827549, 0.00191903042827549, 0.00191903042827549, 0.00191903042827549, 0.00191903042827549, 0.00191903042827549, 0.00191903042827549, 0.00191903042827549, 0.00191903042827549, 0.00191903042827549, 0.00191903042827549, 0.00191903042827549, 0.00191903042827549, 0.00191903042827549, 0.00191903042827549, 0.00191903042827549, 0.00191903042827549, 0.00191903042827549, 0.00191903042827549, 0.00191903042827549, 0.00191903042827549, 0.00191903042827549, 0.00191903042827549, 0.00191903042827549, 0.00191903042827549, 0.00191903042827549, 0.00191903042827549, 0.00191903042827549, 0.00191903042827549, 0.00191903042827549, 0.00191903042827549, 0.00191903042827549, 0.00191903042827549, 0.00191903042827549, 0.00191903042827549, 0.00191903042827549, 0.00191903042827549, 0.00191903042827549, 0.00191903042827549, 0.00191903042827549, 0.00191903042827549, 0.00191903042827549, 0.00191903042827549, 0.00191903042827549, 0.00191903042827549, 0.00191903042827549, 0.00191903042827549, 0.00191903042827549, 0.00191903042827549, 0.00191903042827549, 0.00191903042827549, 0.00191903042827549, 0.00191903042827549, 0.00191903042827549, 0.00191903042827549, 0.00191903042827549, 0.00191903042827549, 0.00191903042827549, 0.00191903042827549, 0.00191903042827549, 0.00191903042827549, 0.00191903042827549, 0.00191903042827549, 0.00191903042827549, 0.00191903042827549, 0.00191903042827549, 0.00191903042827549, 0.00191903042827549, 0.00191903042827549, 0.00191903042827549, 0.00191903042827549, 0.00191903042827549, 0.00191903042827549, 0.00191903042827549, 0.00191903042827549, 0.00191903042827549, 0.00191903042827549, 0.00191903042827549, 0.00191903042827549, 0.00191903042827549, 0.00191903042827549, 0.00191903042827549, 0.00191903042827549, 0.00191903042827549, 0.00191903042827549, 0.00191903042827549, 0.00191903042827549, 0.00191903042827549, 0.00191903042827549, 0.00191903042827549, 0.00191903042827549, 0.00191903042827549, 0.00191903042827549, 0.00191903042827549, 0.00191903042827549, 0.00191903042827549, 0.00191903042827549, 0.00191903042827549, 0.00191903042827549, 0.002485923852311771], "HCA": [2.52518875785965e-05, 7.626709010895054e-05, 0.00010203430905300991, 0.00012806512954447182, 0.00015436361738142119, 0.0001809339224085229, 0.00020778028070002065, 0.00023490701681113177, 0.0002623185461003508, 0.0003177202081502123, 0.00034571494513965827, 0.00040230163594997967, 0.0004308983930777214, 0.0004887085445403182, 0.0005179269521371042, 0.0006065375381484464, 0.000636398089374222, 0.0006967772706325242, 0.0007578254681844914, 0.0007886896657153556, 0.0008198996778872603, 0.0008514613493933833, 0.0008833806573827861, 0.0011416451201927036, 0.001566134916111071, 0.001566134916111071, 0.0016663721442175896, 0.0016663721442175896, 0.0018373649283221004, 0.0018373649283221004, 0.001872377707986678, 0.001943239385991213, 0.001943239385991213, 0.001943239385991213, 0.001943239385991213, 0.001943239385991213, 0.001980877234611786], "HPRA": [5.0503775157193e-05, 7.601137642237001e-05, 0.00010177859536642937, 0.00012780941585789128, 0.00015410790369484065, 0.00018067820872194235, 0.00023437092530493786, 0.00026149766141604896, 0.000288909190705268, 0.00031661002173019874, 0.0003446047587196447, 0.00037289810412480544, 0.0004300916183802889, 0.00048790176984288573, 0.0005755569926332437, 0.0006050938546370244, 0.0006349544058628, 0.0006953335871211022, 0.0007869058834490531, 0.0008177700809799173, 0.0008801901053237268, 0.0009748751198420957, 0.0011344716597891096, 0.001199037775491589, 0.0014276092040630176, 0.0015266975909040798, 0.0016269348190105985, 0.0016269348190105985, 0.001729530489473305, 0.0019025408700961424, 0.0019025408700961424, 0.00193797170909841, 0.00193797170909841, 0.00193797170909841, 0.00193797170909841, 0.001975151958949689]}