{"HDA": [2.52518875785965e-05, 5.075948884377352e-05, 7.652670778783289e-05, 0.00012858834877075667, 0.00015488683660770604, 0.00018145714163480774, 0.0002083034999263055, 0.00023543023603741662, 0.0002902532946158547, 0.00031795412564078544, 0.0003459488626302314, 0.0004025355534405528, 0.00043113231056829453, 0.00046003738629959295, 0.0004892557938963789, 0.0005187926559001596, 0.0006083743095774865, 0.0006385639002066376, 0.0007301361965345886, 0.0007610003940654528, 0.0007922104062373575, 0.0008237720777434804, 0.0008556913857328832, 0.0009202575014353626, 0.0009855636238843423, 0.001315858246687883, 0.0015497451122697603, 0.0015835471674347143, 0.0015835471674347143, 0.0016527513196838493, 0.0016877640993484269, 0.0016877640993484269, 0.0016877640993484269, 0.0016877640993484269, 0.0017244950451702817], "HBA": [2.52518875785965e-05, 7.626709010895054e-05, 0.00010203430905300991, 0.00012806512954447182, 0.00015436361738142119, 0.0002075042274356246, 0.00023435058572712235, 0.0003428575301715668, 0.0003976805887500049, 0.00048078308182479714, 0.0005087778188142432, 0.0005653645096245646, 0.0005939612667523063, 0.0006517714182149031, 0.0006809898258116891, 0.0007696004118230312, 0.0008293215142745825, 0.0008897006955328846, 0.0009507488930848519, 0.0009816130906157162, 0.001012823102787621, 0.001075946445799867, 0.0011078657537892697, 0.0011401488116405093, 0.0012381079953139786, 0.0013041669198746867, 0.0013375793292435263, 0.0014727875499033424, 0.0015411846635451467, 0.0016103888157942817, 0.0016103888157942817, 0.0016103888157942817, 0.0016103888157942817, 0.0016103888157942817, 0.0016103888157942817, 0.0016103888157942817, 0.0016103888157942817, 0.0016103888157942817, 0.0016103888157942817, 0.0016103888157942817, 0.0016103888157942817, 0.0016103888157942817, 0.0016103888157942817, 0.0016103888157942817, 0.0016103888157942817, 0.0016103888157942817, 0.0016103888157942817, 0.0016103888157942817, 0.0016103888157942817, 0.0016103888157942817, 0.0016103888157942817, 0.0016103888157942817, 0.0016103888157942817, 0.0016103888157942817, 0.0016103888157942817, 0.0016103888157942817, 0.0016103888157942817, 0.0016103888157942817, 0.0016103888157942817, 0.0016103888157942817, 0.0016103888157942817, 0.0016103888157942817, 0.0016103888157942817, 0.0016103888157942817, 0.0016103888157942817, 0.0016103888157942817, 0.0016103888157942817, 0.0016103888157942817, 0.0016103888157942817, 0.0016103888157942817, 0.0016103888157942817, 0.0016103888157942817, 0.0016103888157942817, 0.0016103888157942817, 0.0016103888157942817, 0.0016103888157942817, 0.0016103888157942817, 0.0016103888157942817, 0.0016103888157942817, 0.0016103888157942817, 0.0016103888157942817, 0.0016103888157942817, 0.0016103888157942817, 0.0016103888157942817, 0.0016103888157942817, 0.0016103888157942817, 0.0016103888157942817, 0.0016103888157942817, 0.0016103888157942817, 0.0016103888157942817, 0.0016103888157942817, 0.0016103888157942817, 0.0016103888157942817, 0.0016103888157942817, 0.0016103888157942817, 0.0016103888157942817, 0.0016103888157942817, 0.0016103888157942817, 0.0016103888157942817, 0.0016103888157942817, 0.0016103888157942817, 0.0016103888157942817, 0.0016103888157942817, 0.0016103888157942817, 0.0016103888157942817, 0.0016103888157942817, 0.0016103888157942817, 0.0016103888157942817, 0.0016103888157942817, 0.0016103888157942817, 0.0016103888157942817, 0.0016103888157942817, 0.0016103888157942817, 0.0016103888157942817, 0.0016103888157942817, 0.0016103888157942817, 0.0016103888157942817, 0.0016103888157942817, 0.0016103888157942817, 0.0016103888157942817, 0.0016103888157942817, 0.0016103888157942817, 0.0016103888157942817, 0.0016103888157942817, 0.0016103888157942817, 0.001793003863274194, 0.001793003863274194, 0.001793003863274194, 0.001793003863274194, 0.001793003863274194, 0.001793003863274194, 0.001793003863274194, 0.001793003863274194, 0.001793003863274194, 0.001793003863274194, 0.001793003863274194, 0.001793003863274194, 0.001793003863274194, 0.0020617488243061745], "HCA": [2.52518875785965e-05, 5.075948884377352e-05, 7.652670778783289e-05, 0.00012858834877075667, 0.00015488683660770604, 0.00020802744666190945, 0.0002348738049534072, 0.0002620005410645183, 0.00028941207035373733, 0.0003171129013786681, 0.00034510763836811405, 0.0003734009837732748, 0.0004019977409010165, 0.00043090281663231493, 0.0004601212242291009, 0.0004896580862328816, 0.0005195186374586573, 0.0005798978187169595, 0.0006104219174929432, 0.0006412861150238073, 0.000672496127195712, 0.0007356194702079579, 0.0007675387781973607, 0.0008966710096023194, 0.000961977132051299, 0.001358330679415548, 0.001358330679415548, 0.0015611430104052722, 0.0016637386808679786, 0.0016983407569925461, 0.0016983407569925461, 0.0016983407569925461, 0.0016983407569925461, 0.0016983407569925461, 0.001735071702814401], "HPRA": [2.52518875785965e-05, 5.075948884377352e-05, 0.00010229392673189225, 0.00012832474722335416, 0.00015462323506030352, 0.00018119354008740523, 0.00023488625667040074, 0.00026201299278151184, 0.00028942452207073087, 0.00034482618412059237, 0.00037282092111003834, 0.00040111426651519907, 0.0004297110236429408, 0.0004586160993742392, 0.0004878345069710252, 0.0005173713689748059, 0.0006069530226521328, 0.000697521794539586, 0.0007280458933155697, 0.0007897742883772981, 0.0008209843005492028, 0.0008841076435614487, 0.0009160269515508515, 0.0009483100094020911, 0.0011115753155245402, 0.0012436931646459565, 0.0014107552114901545, 0.0015459634321499706, 0.001648559102612677, 0.0016831611787372445, 0.0016831611787372445, 0.0016831611787372445, 0.0016831611787372445, 0.0016831611787372445, 0.0017198921245590994]}