{"HDA": [2.52518875785965e-05, 5.075948884377352e-05, 7.652670778783289e-05, 0.00010255752827929478, 0.00015515450395319353, 0.00023486541903449868, 0.00026171177732599646, 0.0002888385134371076, 0.0003436615720155457, 0.00037136240304047645, 0.0003993571400299224, 0.0005974105578660473, 0.0006832008292492725, 0.0007988211321744662, 0.0008864763549648241, 0.0009750869409761662, 0.0010348080434277175, 0.0010649976340568685, 0.0010649976340568685, 0.0010649976340568685, 0.0010962076462287733], "HBA": [2.52518875785965e-05, 5.075948884377352e-05, 7.652670778783289e-05, 0.00012858834877075667, 0.00020748381228160478, 0.00023405411730870648, 0.00026090047560020424, 0.00028802721171131536, 0.00039767332886819155, 0.0004807758219429838, 0.0005647600329113218, 0.0005930533783164825, 0.0007646339210829328, 0.000851349148276828, 0.000968222778663972, 0.0009977596406677528, 0.0010276201918935283, 0.0010578097825226793, 0.0010578097825226793, 0.0010578097825226793, 0.0010578097825226793, 0.0010578097825226793, 0.0010578097825226793, 0.0010578097825226793, 0.0010578097825226793, 0.0010578097825226793, 0.0010578097825226793, 0.0010578097825226793, 0.0010578097825226793, 0.0010578097825226793, 0.0010578097825226793, 0.0010578097825226793, 0.0010578097825226793, 0.0010578097825226793, 0.0010578097825226793, 0.0010578097825226793, 0.0010578097825226793, 0.0010578097825226793, 0.0010578097825226793, 0.0010578097825226793, 0.0010578097825226793, 0.0010578097825226793, 0.0010578097825226793, 0.0010578097825226793, 0.0010578097825226793, 0.0010578097825226793, 0.0010578097825226793, 0.0010578097825226793, 0.0010578097825226793, 0.0010578097825226793, 0.0010578097825226793, 0.0010578097825226793, 0.0010578097825226793, 0.0010578097825226793, 0.0010578097825226793, 0.0010578097825226793, 0.0010578097825226793, 0.0010578097825226793, 0.0010578097825226793, 0.0010578097825226793, 0.0010578097825226793, 0.0010578097825226793, 0.0010578097825226793, 0.0010578097825226793, 0.0010578097825226793, 0.0010578097825226793, 0.0010578097825226793, 0.0010578097825226793, 0.0010578097825226793, 0.0010578097825226793, 0.0010578097825226793, 0.0010578097825226793, 0.0010578097825226793, 0.0010578097825226793, 0.0010578097825226793, 0.0010578097825226793, 0.0010578097825226793, 0.0010578097825226793, 0.0010578097825226793, 0.0010578097825226793, 0.0010578097825226793, 0.0010578097825226793, 0.0010578097825226793, 0.0010578097825226793, 0.0010578097825226793, 0.0010578097825226793, 0.0010578097825226793, 0.0010578097825226793, 0.0010578097825226793, 0.0010578097825226793, 0.0010578097825226793, 0.0010578097825226793, 0.0010578097825226793, 0.0010578097825226793, 0.0010578097825226793, 0.0010578097825226793, 0.0010578097825226793, 0.0010578097825226793, 0.0011558393874633714], "HCA": [2.52518875785965e-05, 5.075948884377352e-05, 7.652670778783289e-05, 0.00010255752827929478, 0.00015515450395319353, 0.00018172480898029524, 0.0002622638838547885, 0.00028939061996589963, 0.00031680214925511866, 0.00037220381130498016, 0.00040019854829442613, 0.00042849189369958686, 0.0004570886508273286, 0.000832854635334208, 0.000949728265721352, 0.0010088019897289133, 0.0010088019897289133, 0.0010389915803580643, 0.0010695156791340479, 0.0010695156791340479, 0.0010695156791340479, 0.0011010773506401708], "HPRA": [2.52518875785965e-05, 5.075948884377352e-05, 7.652670778783289e-05, 0.00012858834877075667, 0.00015488683660770604, 0.00023459775168901118, 0.00026144410998050897, 0.0003156975822027312, 0.00034310911149195025, 0.000370809942516881, 0.000510783627464111, 0.000595663663679593, 0.0006814539350628181, 0.0007970742379880118, 0.0008847294607783698, 0.0009733400467897119, 0.0010330611492412633, 0.0010632507398704142, 0.0010632507398704142, 0.0010632507398704142, 0.001094460752042319]}