{"HDA": [2.52518875785965e-05, 7.626709010895054e-05, 0.00012780152799706928, 0.00017986316897999305, 0.00023246014465389182, 0.00025903044968099355, 0.00028587680797249133, 0.00031300354408360246, 0.0003678266026620405, 0.0003955274336869713, 0.00042352217067641724, 0.00048010886148673864, 0.0005373023757422221, 0.0005662074514735205, 0.0005954258590703064, 0.0006544995830778679, 0.0007739417879809704, 0.0010758376942724811, 0.0011063617930484647, 0.0011989543856410574, 0.0011989543856410574, 0.0012305160571471803, 0.0012305160571471803, 0.0012305160571471803, 0.00126316911837167], "HBA": [5.0503775157193e-05, 0.00010151897768754704, 0.0001272861966316064, 0.00017934783761453017, 0.00023194481328842894, 0.00025851511831553067, 0.00033905419319002397, 0.0003933076654122462, 0.00042071919470146525, 0.00047612085675132675, 0.0005601050677196647, 0.0006166917585299862, 0.0006452885156577278, 0.0007030986671203247, 0.0008491907051042546, 0.0008787275671080353, 0.0009384486695595865, 0.0010893966227053418, 0.0011504448202573092, 0.0011504448202573092, 0.001181654832429214, 0.0012132165039353369, 0.0012132165039353369, 0.0012132165039353369, 0.0012132165039353369, 0.0012132165039353369, 0.0012132165039353369, 0.0012132165039353369, 0.0012132165039353369, 0.0012132165039353369, 0.0012132165039353369, 0.0012132165039353369, 0.0012132165039353369, 0.0012132165039353369, 0.0012132165039353369, 0.0012132165039353369, 0.0012132165039353369, 0.0012132165039353369, 0.0012132165039353369, 0.0012132165039353369, 0.0012132165039353369, 0.0012132165039353369, 0.0012132165039353369, 0.0012132165039353369, 0.0012132165039353369, 0.0012132165039353369, 0.0012132165039353369, 0.0012132165039353369, 0.0012132165039353369, 0.0012132165039353369, 0.0012132165039353369, 0.0012132165039353369, 0.0012132165039353369, 0.0012132165039353369, 0.0012132165039353369, 0.0012132165039353369, 0.0012132165039353369, 0.0012132165039353369, 0.0012132165039353369, 0.0012132165039353369, 0.0012132165039353369, 0.0012132165039353369, 0.0012132165039353369, 0.0012132165039353369, 0.0012132165039353369, 0.0012132165039353369, 0.0012132165039353369, 0.0012132165039353369, 0.0012132165039353369, 0.0012132165039353369, 0.0012132165039353369, 0.0012132165039353369, 0.0012132165039353369, 0.0012132165039353369, 0.0012132165039353369, 0.0012132165039353369, 0.0012132165039353369, 0.0012132165039353369, 0.0012132165039353369, 0.0012132165039353369, 0.0012132165039353369, 0.0012132165039353369, 0.0012132165039353369, 0.0012132165039353369, 0.0012132165039353369, 0.0012901632567823666], "HCA": [2.52518875785965e-05, 7.626709010895054e-05, 0.00012780152799706928, 0.00017986316897999305, 0.00020616165681694242, 0.00023273196184404413, 0.0002595783201355419, 0.000286705056246653, 0.00034152811482509107, 0.0003692289458500218, 0.0003972236828394678, 0.0004538103736497892, 0.0005110038879052726, 0.0005688140393678695, 0.0006272508545614415, 0.0009226194745992486, 0.0010122011282765755, 0.0010122011282765755, 0.0011648216221564938, 0.001195685819687358, 0.001195685819687358, 0.001227247491193481, 0.001227247491193481, 0.001227247491193481, 0.0012599005524179707], "HPRA": [5.0503775157193e-05, 7.601137642237001e-05, 0.00012754581431048874, 0.0001796074552934125, 0.00023220443096731128, 0.0002853450410215147, 0.00031219139931301247, 0.0003393181354241236, 0.00036672966471334263, 0.0003944304957382734, 0.00045041996971716537, 0.0004787133151223261, 0.0005359068293778095, 0.0005648119051091079, 0.0007693407582866098, 0.0008579513442979519, 0.0008579513442979519, 0.0009183305255562541, 0.0010709510194361724, 0.001163543612028765, 0.001163543612028765, 0.001226666955041011, 0.001226666955041011, 0.001226666955041011, 0.0012593200162655009]}