{"HDA": [5.0503775157193e-05, 7.601137642237001e-05, 0.00012754581431048874, 0.0001796074552934125, 0.00020590594313036188, 0.0002324762481574636, 0.0002861689647404591, 0.00031329570085157025, 0.0003955302887192274, 0.0004509319507690889, 0.0005629108987268729, 0.0006760842803475157, 0.000847664823113966, 0.000847664823113966, 0.000876883230710752, 0.000876883230710752, 0.000876883230710752, 0.0009070728213399031], "HBA": [2.52518875785965e-05, 7.626709010895054e-05, 0.00012780152799706928, 0.00015383234848853118, 0.00020642932416242992, 0.00025956993421663333, 0.0002864162925081311, 0.00042204997306368667, 0.0005042845609313438, 0.0006704895470809283, 0.0007544737580492662, 0.000782767103454427, 0.0008113638605821686, 0.0008691740120447655, 0.0008691740120447655, 0.0008691740120447655, 0.0008691740120447655, 0.0008691740120447655, 0.0008691740120447655, 0.0008691740120447655, 0.0008691740120447655, 0.0008691740120447655, 0.0008691740120447655, 0.0008691740120447655, 0.0008691740120447655, 0.0008691740120447655, 0.0008691740120447655, 0.0008691740120447655, 0.0008691740120447655, 0.0008691740120447655, 0.0008691740120447655, 0.0008691740120447655, 0.0008691740120447655, 0.0008691740120447655, 0.0008691740120447655, 0.0008691740120447655, 0.0008691740120447655, 0.0008691740120447655, 0.0008691740120447655, 0.0008691740120447655, 0.0008691740120447655, 0.0008691740120447655, 0.0008691740120447655, 0.0008691740120447655, 0.0008691740120447655, 0.0008691740120447655, 0.0008691740120447655, 0.0008691740120447655, 0.0008691740120447655, 0.0008691740120447655, 0.0008691740120447655, 0.0008691740120447655, 0.0008691740120447655, 0.0008691740120447655, 0.0008691740120447655, 0.0008691740120447655, 0.0008691740120447655, 0.0008691740120447655, 0.0008691740120447655, 0.0008691740120447655, 0.0008691740120447655, 0.0008691740120447655, 0.0008691740120447655, 0.0008691740120447655, 0.0008691740120447655, 0.0008691740120447655, 0.0008691740120447655, 0.0008691740120447655, 0.0008691740120447655, 0.0008691740120447655, 0.0008691740120447655, 0.0008691740120447655, 0.0008691740120447655, 0.0008691740120447655, 0.0008691740120447655, 0.0008691740120447655, 0.0008691740120447655, 0.0008691740120447655, 0.0008691740120447655, 0.0008691740120447655, 0.0008691740120447655, 0.0008691740120447655, 0.0008691740120447655, 0.0008691740120447655, 0.0008691740120447655, 0.0008691740120447655, 0.0008691740120447655, 0.0008691740120447655, 0.0008691740120447655, 0.0008691740120447655, 0.0008691740120447655, 0.0008691740120447655, 0.0008691740120447655, 0.0008691740120447655, 0.0008691740120447655, 0.0008691740120447655, 0.0008691740120447655, 0.0008691740120447655, 0.0008691740120447655, 0.0008691740120447655, 0.0008691740120447655, 0.0008691740120447655, 0.0008691740120447655, 0.0008691740120447655, 0.0008691740120447655, 0.0008691740120447655, 0.0008691740120447655, 0.0008691740120447655, 0.0008691740120447655, 0.0008691740120447655, 0.0008691740120447655, 0.0008691740120447655, 0.0008691740120447655, 0.0008691740120447655, 0.0008691740120447655, 0.0008691740120447655, 0.0008691740120447655, 0.0008691740120447655, 0.0008691740120447655, 0.0008691740120447655, 0.0008691740120447655, 0.0008691740120447655, 0.0008691740120447655, 0.0008691740120447655, 0.0008691740120447655, 0.0008691740120447655, 0.0008691740120447655, 0.0008691740120447655, 0.0008691740120447655, 0.0008691740120447655, 0.0008691740120447655, 0.0008691740120447655, 0.0008691740120447655, 0.0008691740120447655, 0.0011058604025773098], "HCA": [5.0503775157193e-05, 7.601137642237001e-05, 0.00012754581431048874, 0.00015357663480195064, 0.0001798751226389, 0.0002595860377202051, 0.0002864323960117029, 0.00031355913212281403, 0.00034097066141203306, 0.0006179789716613405, 0.0007019631826296784, 0.0008151365642503212, 0.0008151365642503212, 0.0008440416399816196, 0.0008732600475784056, 0.0008732600475784056, 0.0008732600475784056, 0.0008732600475784056, 0.0009037841463543893], "HPRA": [5.0503775157193e-05, 7.601137642237001e-05, 0.00012754581431048874, 0.0001796074552934125, 0.00020590594313036188, 0.0002590465531845653, 0.0002858929114760631, 0.0003672731198093964, 0.0004769192369662726, 0.0005323208990161341, 0.000616305109984472, 0.0007011851461999541, 0.0008441689318386626, 0.0008441689318386626, 0.0008733873394354486, 0.0008733873394354486, 0.0008733873394354486, 0.0009035769300645997]}