{"HDA": [5.0503775157193e-05, 0.00010151897768754704, 0.0001272861966316064, 0.00020537865810599208, 0.00025797563377989084, 0.0002845459388069926, 0.0003382386553899881, 0.0003653653915010992, 0.0004201884500795373, 0.0005032909431543296, 0.0005312856801437755, 0.000587872370954097, 0.0006164691280818387, 0.0007031843552757339, 0.0007324027628725199, 0.0008505502108876428, 0.000999852967016521, 0.0011508009201622762, 0.0012118491177142436, 0.0013044417103068363, 0.0014292817589944553, 0.0014292817589944553, 0.0014292817589944553, 0.0014938478746969346, 0.0014938478746969346, 0.0014938478746969346, 0.0015272602840657743], "HBA": [5.0503775157193e-05, 0.00010151897768754704, 0.00017882063451972515, 0.00020485145501118705, 0.00023114994284813642, 0.00031086085792944156, 0.00039139993280393485, 0.0004456534050261571, 0.0005004764636045952, 0.0005558781256544567, 0.0006118675996333486, 0.0006967476358488308, 0.0008397314214875393, 0.0008975415729501362, 0.0009559783881437082, 0.0009855152501474888, 0.0010153758013732644, 0.0011059445732607175, 0.0013501373634685866, 0.0013501373634685866, 0.001412557387812396, 0.0014441190593185188, 0.0014760383673079215, 0.0014760383673079215, 0.0014760383673079215, 0.0014760383673079215, 0.0014760383673079215, 0.0014760383673079215, 0.0014760383673079215, 0.0014760383673079215, 0.0014760383673079215, 0.0014760383673079215, 0.0014760383673079215, 0.0014760383673079215, 0.0014760383673079215, 0.0014760383673079215, 0.0014760383673079215, 0.0014760383673079215, 0.0014760383673079215, 0.0014760383673079215, 0.0014760383673079215, 0.0014760383673079215, 0.0014760383673079215, 0.0014760383673079215, 0.0014760383673079215, 0.0014760383673079215, 0.0014760383673079215, 0.0014760383673079215, 0.0014760383673079215, 0.0014760383673079215, 0.0014760383673079215, 0.0014760383673079215, 0.0014760383673079215, 0.0014760383673079215, 0.0014760383673079215, 0.0014760383673079215, 0.0014760383673079215, 0.0014760383673079215, 0.0014760383673079215, 0.0014760383673079215, 0.0014760383673079215, 0.0014760383673079215, 0.0014760383673079215, 0.0014760383673079215, 0.0014760383673079215, 0.0014760383673079215, 0.0014760383673079215, 0.0014760383673079215, 0.0014760383673079215, 0.0014760383673079215, 0.0014760383673079215, 0.0014760383673079215, 0.0014760383673079215, 0.0014760383673079215, 0.0014760383673079215, 0.0014760383673079215, 0.0014760383673079215, 0.0014760383673079215, 0.0014760383673079215, 0.0014760383673079215, 0.0014760383673079215, 0.0014760383673079215, 0.0014760383673079215, 0.0014760383673079215, 0.0014760383673079215, 0.0014760383673079215, 0.0014760383673079215, 0.0014760383673079215, 0.0014760383673079215, 0.0014760383673079215, 0.0014760383673079215, 0.0014760383673079215, 0.0014760383673079215, 0.0014760383673079215, 0.0014760383673079215, 0.0014760383673079215, 0.0014760383673079215, 0.0014760383673079215, 0.0014760383673079215, 0.0014760383673079215, 0.0014760383673079215, 0.0014760383673079215, 0.0014760383673079215, 0.0014760383673079215, 0.0014760383673079215, 0.0014760383673079215, 0.0014760383673079215, 0.0014760383673079215, 0.0014760383673079215, 0.0014760383673079215, 0.0014760383673079215, 0.0014760383673079215, 0.0014760383673079215, 0.0014760383673079215, 0.0014760383673079215, 0.0014760383673079215, 0.0014760383673079215, 0.0014760383673079215, 0.0014760383673079215, 0.0014760383673079215, 0.0014760383673079215, 0.0014760383673079215, 0.0014760383673079215, 0.0014760383673079215, 0.0014760383673079215, 0.0014760383673079215, 0.0014760383673079215, 0.0014760383673079215, 0.0014760383673079215, 0.0014760383673079215, 0.0014760383673079215, 0.0014760383673079215, 0.0014760383673079215, 0.0014760383673079215, 0.0014760383673079215, 0.0014760383673079215, 0.0014760383673079215, 0.0014760383673079215, 0.0014760383673079215, 0.0014760383673079215, 0.0014760383673079215, 0.0014760383673079215, 0.0014760383673079215, 0.0014760383673079215, 0.0014760383673079215, 0.0014760383673079215, 0.0014760383673079215, 0.0014760383673079215, 0.0014760383673079215, 0.0014760383673079215, 0.0014760383673079215, 0.0014760383673079215, 0.0014760383673079215, 0.0014760383673079215, 0.0014760383673079215, 0.0014760383673079215, 0.0014760383673079215, 0.0014760383673079215, 0.0014760383673079215, 0.0014760383673079215, 0.0014760383673079215, 0.0021685591429311903], "HCA": [5.0503775157193e-05, 0.00010151897768754704, 0.0001272861966316064, 0.00020537865810599208, 0.00023167714594294145, 0.00028481775599714486, 0.00031166411428864264, 0.00033879085039975376, 0.0003936139089781919, 0.00042131474000312263, 0.0004493094769925686, 0.0005341895132080507, 0.0005627862703357924, 0.0006205964217983892, 0.0006790332369919612, 0.0007381069609995227, 0.0007978280634510739, 0.0012204823322591889, 0.0012510064310351724, 0.0012510064310351724, 0.0013446364675508866, 0.0014393214820692555, 0.0014712407900586582, 0.0015035238479098978, 0.0015035238479098978, 0.0015035238479098978, 0.0015369362572787374], "HPRA": [5.0503775157193e-05, 0.00010151897768754704, 0.0001272861966316064, 0.00020537865810599208, 0.00025797563377989084, 0.0002845459388069926, 0.0003382386553899881, 0.00039249212761221033, 0.0004747267154798675, 0.0005024275465047982, 0.0005864117574731361, 0.0006147051028782968, 0.0007290921313892637, 0.0007869022828518606, 0.0008161206904486465, 0.0008456575524524272, 0.0009949603085813053, 0.0011157186710979096, 0.0012072909674258605, 0.0012072909674258605, 0.0013633410282853844, 0.0014264643712976303, 0.001490302987276436, 0.001490302987276436, 0.001490302987276436, 0.001490302987276436, 0.0015237153966452756]}