{"HDA": [2.52518875785965e-05, 0.00015278989390448162, 0.00017855711284854098, 0.00025664957432292663, 0.00033554503783377477, 0.0003621153428608765, 0.0003889617011523743, 0.0004974686455968187, 0.0005248801748860378, 0.0005525810059109685, 0.0005805757429004144, 0.0006654557791158965, 0.0007226492933713799, 0.0007515543691026783, 0.0008976464070866081, 0.0011044044411130732, 0.0011641255435646245, 0.0011943151341937755, 0.0011943151341937755, 0.0012251793317246398, 0.0012251793317246398, 0.0012251793317246398, 0.0012570986397140425], "HBA": [0.000101007550314386, 0.00015202275284474003, 0.00020355719073285875, 0.00025561883171578255, 0.0003345142952266307, 0.0003610846002537324, 0.00046847003341972344, 0.0004955967695308345, 0.0005230082988200536, 0.0005507091298449843, 0.0005787038668344303, 0.0007767572846705552, 0.0009197410703092638, 0.0009486461460405622, 0.001094738184024492, 0.0011242750460282729, 0.0011242750460282729, 0.0011544646366574238, 0.0011849887354334074, 0.0012158529329642717, 0.0012158529329642717, 0.0012158529329642717, 0.0012158529329642717, 0.0012158529329642717, 0.0012158529329642717, 0.0012158529329642717, 0.0012158529329642717, 0.0012158529329642717, 0.0012158529329642717, 0.0012158529329642717, 0.0012158529329642717, 0.0012158529329642717, 0.0012158529329642717, 0.0012158529329642717, 0.0012158529329642717, 0.0012158529329642717, 0.0012158529329642717, 0.0012158529329642717, 0.0012158529329642717, 0.0012158529329642717, 0.0012158529329642717, 0.0012158529329642717, 0.0012158529329642717, 0.0012158529329642717, 0.0012158529329642717, 0.0012158529329642717, 0.0012158529329642717, 0.0012158529329642717, 0.0012158529329642717, 0.0012158529329642717, 0.0012158529329642717, 0.0012158529329642717, 0.0012158529329642717, 0.0012158529329642717, 0.0012158529329642717, 0.0012158529329642717, 0.0012158529329642717, 0.0012158529329642717, 0.0012158529329642717, 0.0012158529329642717, 0.0012158529329642717, 0.0012158529329642717, 0.0012158529329642717, 0.0012158529329642717, 0.0012158529329642717, 0.0012158529329642717, 0.0012158529329642717, 0.0012158529329642717, 0.0012158529329642717, 0.0012158529329642717, 0.0012158529329642717, 0.0012158529329642717, 0.0012158529329642717, 0.0012158529329642717, 0.0012158529329642717, 0.0012158529329642717, 0.0012158529329642717, 0.0012158529329642717, 0.0012158529329642717, 0.0012158529329642717, 0.0012158529329642717, 0.0012158529329642717, 0.0012158529329642717, 0.0012158529329642717, 0.0012158529329642717, 0.0012158529329642717, 0.0012158529329642717, 0.0012158529329642717, 0.0012158529329642717, 0.0012158529329642717, 0.0012158529329642717, 0.0012158529329642717, 0.0012158529329642717, 0.0012158529329642717, 0.0012158529329642717, 0.0012158529329642717, 0.0012158529329642717, 0.0012158529329642717, 0.0012158529329642717, 0.0012158529329642717, 0.0012158529329642717, 0.0013199762149301193], "HCA": [2.52518875785965e-05, 5.075948884377352e-05, 0.00017959558356407033, 0.000257688045038456, 0.0003365835085493041, 0.00036315381357640585, 0.00039000017186790364, 0.000498507116312348, 0.0005259186456015671, 0.0005536194766264978, 0.0005816142136159438, 0.0006099075590211045, 0.0009530686445540051, 0.0009530686445540051, 0.001128379090134721, 0.001128379090134721, 0.001128379090134721, 0.001128379090134721, 0.001219951386462672, 0.001219951386462672, 0.001219951386462672, 0.001219951386462672, 0.001219951386462672, 0.001219951386462672, 0.0012526044476871617], "HPRA": [0.000101007550314386, 0.00015202275284474003, 0.0001777899717887994, 0.00025588243326318507, 0.0003347778967740332, 0.00036134820180113494, 0.0003881945600926327, 0.0004967015045370772, 0.0005241130338262962, 0.0005518138648512269, 0.0006078033388301189, 0.0006643900296404403, 0.0007501803010236654, 0.0008079904524862623, 0.0008372088600830483, 0.0009848931701019518, 0.0011640564774566056, 0.0011640564774566056, 0.0011640564774566056, 0.001225784872518334, 0.001225784872518334, 0.001225784872518334, 0.0012577041805077367]}