{"HDA": [2.52518875785965e-05, 5.075948884377352e-05, 7.652670778783289e-05, 0.00010255752827929478, 0.00015515450395319353, 0.00018172480898029524, 0.000208571167271793, 0.00023569790338290412, 0.00029052096196134224, 0.00034592262401120374, 0.0003739173610006497, 0.0004305040518109711, 0.00045910080893871283, 0.00048800588467001125, 0.0005756611074603692, 0.0006051979694641498, 0.0006947796231414768, 0.0007249692137706278, 0.000877589707650546, 0.0010936390903665955, 0.0011872691268823097, 0.0012188307983884326, 0.0012507501063778353, 0.001283033164229075, 0.0013156862254535648, 0.0013156862254535648, 0.0013156862254535648, 0.0013156862254535648, 0.001349884782274467], "HBA": [5.0503775157193e-05, 7.601137642237001e-05, 0.00010177859536642937, 0.00012780941585789128, 0.00018040639153179004, 0.00020697669655889175, 0.0002606694131418873, 0.00031492288536410953, 0.00034233441465332857, 0.0003700352456782593, 0.0004540194566465973, 0.000482312802051758, 0.0005395063163072414, 0.0006262215435011366, 0.0006554399510979226, 0.0007145136751054841, 0.0007443742263312597, 0.0008953221794770151, 0.000986894475804966, 0.0010794870683975587, 0.0011419070927413681, 0.001236592107259737, 0.0012685114152491397, 0.0012685114152491397, 0.0013011644764736295, 0.0013011644764736295, 0.0013011644764736295, 0.0013011644764736295, 0.0013011644764736295, 0.0013011644764736295, 0.0013011644764736295, 0.0013011644764736295, 0.0013011644764736295, 0.0013011644764736295, 0.0013011644764736295, 0.0013011644764736295, 0.0013011644764736295, 0.0013011644764736295, 0.0013011644764736295, 0.0013011644764736295, 0.0013011644764736295, 0.0013011644764736295, 0.0013011644764736295, 0.0013011644764736295, 0.0013011644764736295, 0.0013011644764736295, 0.0013011644764736295, 0.0013011644764736295, 0.0013011644764736295, 0.0013011644764736295, 0.0013011644764736295, 0.0013011644764736295, 0.0013011644764736295, 0.0013011644764736295, 0.0013011644764736295, 0.0013011644764736295, 0.0013011644764736295, 0.0013011644764736295, 0.0013011644764736295, 0.0013011644764736295, 0.0013011644764736295, 0.0013011644764736295, 0.0013011644764736295, 0.0013011644764736295, 0.0013011644764736295, 0.0013011644764736295, 0.0013011644764736295, 0.0013011644764736295, 0.0013011644764736295, 0.0013011644764736295, 0.0013011644764736295, 0.0013011644764736295, 0.0013011644764736295, 0.0013011644764736295, 0.0013011644764736295, 0.0013011644764736295, 0.0013011644764736295, 0.0013011644764736295, 0.0013011644764736295, 0.0013011644764736295, 0.0013011644764736295, 0.0013011644764736295, 0.0013742158315762666], "HCA": [2.52518875785965e-05, 5.075948884377352e-05, 0.00010229392673189225, 0.00012832474722335416, 0.00015462323506030352, 0.00018119354008740523, 0.00020803989837890299, 0.0002351666344900141, 0.00026257816377923314, 0.00031797982582909464, 0.0003459745628185406, 0.000402561253628862, 0.00043115801075660373, 0.00046006308648790216, 0.0004892814940846881, 0.0005188183560884688, 0.0005486789073142445, 0.0005788684979433956, 0.0006093925967193793, 0.0006711209917811076, 0.0010456411378439645, 0.0010456411378439645, 0.0010456411378439645, 0.0012070564271001627, 0.0012397094883246525, 0.0012727389506050066, 0.001339563769342686, 0.001339563769342686, 0.001339563769342686, 0.001339563769342686, 0.0013745765490072634], "HPRA": [2.52518875785965e-05, 5.075948884377352e-05, 0.00010229392673189225, 0.00012832474722335416, 0.00015462323506030352, 0.00018119354008740523, 0.00020803989837890299, 0.0002351666344900141, 0.0002899896930684522, 0.0003453913551183137, 0.00037338609210775964, 0.00042997278291808104, 0.00045856954004582277, 0.000545284767239718, 0.000574503174836504, 0.0006631137608478461, 0.0008124165169767243, 0.0008426061076058754, 0.0009036543051578426, 0.0010888394903430278, 0.001182469526858742, 0.0012140311983648649, 0.0012140311983648649, 0.0012785973140673442, 0.001311250375291834, 0.001311250375291834, 0.001311250375291834, 0.001311250375291834, 0.0013454489321127361]}