{"HDA": [2.52518875785965e-05, 5.075948884377352e-05, 0.00010229392673189225, 0.00018038638820627793, 0.0002066848760432273, 0.000233255181070329, 0.0002601015393618268, 0.0002872282754729379, 0.000342051334051376, 0.000452854658151099, 0.00048084939514054495, 0.0005091427405457057, 0.0005663362548011891, 0.0007108616334576812, 0.0007985168562480391, 0.0008575905802556006, 0.0009173116827071519, 0.001038070045223756, 0.0011601664403276906, 0.0012527590329202832, 0.0012527590329202832, 0.0012527590329202832, 0.0012527590329202832, 0.0012527590329202832, 0.0012527590329202832, 0.0012857884952006374], "HBA": [2.52518875785965e-05, 0.00010177469137412756, 0.0001533091292622463, 0.0002574324112280939, 0.0002837308990650433, 0.000310301204092145, 0.0003639939206751405, 0.00039112065678625164, 0.0004733552446539088, 0.0005287569067037702, 0.0005847463806826622, 0.0006130397260878229, 0.0006416364832155646, 0.0006705415589468629, 0.0006997599665436489, 0.0010246654485852368, 0.0010843865510367881, 0.0011447657322950903, 0.0011752898310710739, 0.0012370182261328023, 0.0012370182261328023, 0.0012370182261328023, 0.0012370182261328023, 0.0012370182261328023, 0.0012370182261328023, 0.0012370182261328023, 0.0012370182261328023, 0.0012370182261328023, 0.0012370182261328023, 0.0012370182261328023, 0.0012370182261328023, 0.0012370182261328023, 0.0012370182261328023, 0.0012370182261328023, 0.0012370182261328023, 0.0012370182261328023, 0.0012370182261328023, 0.0012370182261328023, 0.0012370182261328023, 0.0012370182261328023, 0.0012370182261328023, 0.0012370182261328023, 0.0012370182261328023, 0.0012370182261328023, 0.0012370182261328023, 0.0012370182261328023, 0.0012370182261328023, 0.0012370182261328023, 0.0012370182261328023, 0.0012370182261328023, 0.0012370182261328023, 0.0012370182261328023, 0.0012370182261328023, 0.0012370182261328023, 0.0012370182261328023, 0.0012370182261328023, 0.0012370182261328023, 0.0012370182261328023, 0.0012370182261328023, 0.0012370182261328023, 0.0012370182261328023, 0.0012370182261328023, 0.0012370182261328023, 0.0012370182261328023, 0.0012370182261328023, 0.0012370182261328023, 0.0012370182261328023, 0.0012370182261328023, 0.0012370182261328023, 0.0012370182261328023, 0.0012370182261328023, 0.0012370182261328023, 0.0012370182261328023, 0.0012370182261328023, 0.0012370182261328023, 0.0012370182261328023, 0.0012370182261328023, 0.0012370182261328023, 0.0012370182261328023, 0.0012370182261328023, 0.0012370182261328023, 0.0012370182261328023, 0.0012370182261328023, 0.0012370182261328023, 0.0012370182261328023, 0.0012370182261328023, 0.0012370182261328023, 0.0012370182261328023, 0.0012370182261328023, 0.0012370182261328023, 0.0012370182261328023, 0.0012370182261328023, 0.0012370182261328023, 0.0012370182261328023, 0.0012370182261328023, 0.0012370182261328023, 0.0012370182261328023, 0.0012370182261328023, 0.0012370182261328023, 0.0012370182261328023, 0.0012370182261328023, 0.0012370182261328023, 0.0012370182261328023, 0.0012370182261328023, 0.0012370182261328023, 0.0012370182261328023, 0.0012370182261328023, 0.0012370182261328023, 0.0012370182261328023, 0.0012370182261328023, 0.0012370182261328023, 0.0012370182261328023, 0.0012370182261328023, 0.0012370182261328023, 0.0012370182261328023, 0.0012370182261328023, 0.0012370182261328023, 0.0012370182261328023, 0.0012370182261328023, 0.0012370182261328023, 0.0012370182261328023, 0.0012370182261328023, 0.0012370182261328023, 0.0012370182261328023, 0.0012370182261328023, 0.0012370182261328023, 0.0012370182261328023, 0.0012370182261328023, 0.0012370182261328023, 0.0012370182261328023, 0.0012370182261328023, 0.0012370182261328023, 0.0012370182261328023, 0.0012370182261328023, 0.0012370182261328023, 0.0012370182261328023, 0.0012370182261328023, 0.0012370182261328023, 0.0012370182261328023, 0.0012370182261328023, 0.0012370182261328023, 0.0012370182261328023, 0.0012370182261328023, 0.0012370182261328023, 0.0012370182261328023, 0.0012370182261328023, 0.0012370182261328023, 0.0012370182261328023, 0.0012370182261328023, 0.0012370182261328023, 0.0012370182261328023, 0.0012370182261328023, 0.0012370182261328023, 0.0012370182261328023, 0.0012370182261328023, 0.0012370182261328023, 0.0012370182261328023, 0.0012370182261328023, 0.0012370182261328023, 0.0012370182261328023, 0.0012370182261328023, 0.0012370182261328023, 0.0012370182261328023, 0.0012370182261328023, 0.0012370182261328023, 0.0012370182261328023, 0.0012370182261328023, 0.0012370182261328023, 0.0012370182261328023, 0.0012370182261328023, 0.0012370182261328023, 0.0012370182261328023, 0.0012370182261328023, 0.0012370182261328023, 0.0012370182261328023, 0.0012370182261328023, 0.0012370182261328023, 0.0012370182261328023, 0.0012370182261328023, 0.0012370182261328023, 0.0012370182261328023, 0.0012370182261328023, 0.0046972258385895495], "HCA": [2.52518875785965e-05, 5.075948884377352e-05, 0.00012806114567595161, 0.0001801227866588754, 0.00020642127449582476, 0.00023299157952292647, 0.000286684296105922, 0.0003138110322170331, 0.00034122256150625216, 0.0003689233925311829, 0.0004249128665100749, 0.00045320621191523563, 0.00048180296904297735, 0.0005107080447742758, 0.0005399264523710618, 0.0006580739003861847, 0.0009865399638697165, 0.0009865399638697165, 0.0011696845565256184, 0.0011696845565256184, 0.0012008945686975232, 0.0012640179117097692, 0.0012640179117097692, 0.0012640179117097692, 0.0012640179117097692, 0.0012640179117097692, 0.0012974303210786088], "HPRA": [2.52518875785965e-05, 7.626709010895054e-05, 0.00010203430905300991, 0.0001801267705273956, 0.0002853207218751931, 0.00031189102690229486, 0.00036558374348529037, 0.0003927104795964015, 0.0004201220088856205, 0.0004478228399105513, 0.00047581757689999724, 0.0005606976131154794, 0.0006178911273709628, 0.0007335114302961565, 0.0007919482454897285, 0.0008510219694972899, 0.0009107430719488412, 0.0010315014344654454, 0.00115359782956938, 0.0012461904221619726, 0.0012461904221619726, 0.0012461904221619726, 0.0012461904221619726, 0.0012461904221619726, 0.0012461904221619726, 0.0012792198844423267]}