{"HDA": [5.0503775157193e-05, 0.00012702657895272406, 0.00017856101684084278, 0.00020459183733230468, 0.00023089032516925405, 0.0002840309352234575, 0.00031087729351495527, 0.0003651307657371775, 0.0004199538243156156, 0.00044765465534054634, 0.0004756493923299923, 0.0005322360831403137, 0.0006466231116512806, 0.000675528187382579, 0.000704746594979365, 0.0007638203189869264, 0.0008235414214384777, 0.0008839206026967798, 0.0012502097880085835, 0.0013428023806011762, 0.0013428023806011762, 0.001500610738131791, 0.001500610738131791, 0.0015651768538342704, 0.0015651768538342704, 0.0015982063161146245, 0.0015982063161146245, 0.0015982063161146245, 0.0016324048729355267], "HBA": [7.57556627357895e-05, 0.00012677086526614355, 0.00020407252209832165, 0.00028216498357270733, 0.00033476195924660607, 0.0003879025693008095, 0.00041474892759230727, 0.0004418756637034184, 0.0004692871929926374, 0.0004969880240175682, 0.0005249827610070141, 0.0006098627972224962, 0.0006384595543502379, 0.0008118900087380283, 0.0008703268239316003, 0.0009294005479391617, 0.0010189822016164886, 0.0010491717922456395, 0.0010796958910216231, 0.0012648810762068083, 0.0013897211248944273, 0.0014844061394127962, 0.0014844061394127962, 0.0014844061394127962, 0.0015823653230862655, 0.0015823653230862655, 0.0015823653230862655, 0.0015823653230862655, 0.0015823653230862655, 0.0015823653230862655, 0.0015823653230862655, 0.0015823653230862655, 0.0015823653230862655, 0.0015823653230862655, 0.0015823653230862655, 0.0015823653230862655, 0.0015823653230862655, 0.0015823653230862655, 0.0015823653230862655, 0.0015823653230862655, 0.0015823653230862655, 0.0015823653230862655, 0.0015823653230862655, 0.0015823653230862655, 0.0015823653230862655, 0.0015823653230862655, 0.0015823653230862655, 0.0015823653230862655, 0.0015823653230862655, 0.0015823653230862655, 0.0015823653230862655, 0.0015823653230862655, 0.0015823653230862655, 0.0015823653230862655, 0.0015823653230862655, 0.0015823653230862655, 0.0015823653230862655, 0.0015823653230862655, 0.0015823653230862655, 0.0015823653230862655, 0.0015823653230862655, 0.0015823653230862655, 0.0015823653230862655, 0.0015823653230862655, 0.0015823653230862655, 0.0015823653230862655, 0.0015823653230862655, 0.0015823653230862655, 0.0015823653230862655, 0.0015823653230862655, 0.0015823653230862655, 0.0015823653230862655, 0.0015823653230862655, 0.0015823653230862655, 0.0015823653230862655, 0.0015823653230862655, 0.0015823653230862655, 0.0015823653230862655, 0.0015823653230862655, 0.0015823653230862655, 0.0015823653230862655, 0.0015823653230862655, 0.0015823653230862655, 0.0015823653230862655, 0.0015823653230862655, 0.0015823653230862655, 0.0015823653230862655, 0.0015823653230862655, 0.0015823653230862655, 0.0015823653230862655, 0.0015823653230862655, 0.0015823653230862655, 0.0015823653230862655, 0.0015823653230862655, 0.0015823653230862655, 0.0015823653230862655, 0.0015823653230862655, 0.0015823653230862655, 0.0015823653230862655, 0.0015823653230862655, 0.0015823653230862655, 0.0015823653230862655, 0.0015823653230862655, 0.0015823653230862655, 0.0015823653230862655, 0.0015823653230862655, 0.0015823653230862655, 0.0015823653230862655, 0.0015823653230862655, 0.0015823653230862655, 0.0015823653230862655, 0.0015823653230862655, 0.0017144831722076819], "HCA": [7.57556627357895e-05, 0.00012677086526614355, 0.0001525380842102029, 0.00020459972519312668, 0.00023089821303007605, 0.0002574685180571778, 0.0003111612346401733, 0.0003382879707512844, 0.0003931110293297225, 0.000448512691379584, 0.00047650742836902996, 0.0005048007737741907, 0.0005333975309019323, 0.0005623026066332307, 0.0006791762370203747, 0.0007087130990241553, 0.0007684342014757066, 0.0008288133827340087, 0.0013477230619257305, 0.0014094514569874589, 0.0014094514569874589, 0.0015356981430119506, 0.0015356981430119506, 0.0015679812008631902, 0.00160063426208768, 0.00160063426208768, 0.00160063426208768, 0.00160063426208768, 0.00160063426208768, 0.0016352363382122475], "HPRA": [7.57556627357895e-05, 0.00012677086526614355, 0.0001783053031542623, 0.0002043361236457242, 0.00023063461148267357, 0.000283775221536877, 0.0003374679381198725, 0.00036459467423098364, 0.0004742407913878598, 0.0005019416224127906, 0.0005299363594022365, 0.000586523050212558, 0.0006437165644680414, 0.0007015267159306383, 0.0007307451235274243, 0.0007898188475349857, 0.0008196793987607614, 0.0009102481706482146, 0.0012460132571840347, 0.0013386058497766274, 0.0013386058497766274, 0.0014332908642949963, 0.0014971294802738019, 0.0014971294802738019, 0.0015624356027227814, 0.0015954650650031356, 0.0015954650650031356, 0.0015954650650031356, 0.0016296636218240377]}