{"HDA": [2.52518875785965e-05, 5.075948884377352e-05, 0.00010229392673189225, 0.00012832474722335416, 0.00020722021073420226, 0.00023379051576130397, 0.0002874832323442995, 0.0003417367045665217, 0.00036914823385574073, 0.00047995155795546373, 0.0005639357689238017, 0.0008468692229754087, 0.0009040627372308922, 0.0009040627372308922, 0.0009040627372308922, 0.0009926733232422343, 0.0010523944256937857, 0.0010825840163229366, 0.0010825840163229366, 0.0010825840163229366, 0.0010825840163229366, 0.0011141456878290595], "HBA": [7.57556627357895e-05, 0.00010126326400096652, 0.00012703048294502588, 0.00015306130343648779, 0.00017935979127343716, 0.00023250040132764057, 0.0002861931179106361, 0.00042182679846619164, 0.0004766498570446297, 0.0005320515190944912, 0.0007000199410311671, 0.0007566066318414886, 0.0009853806888634224, 0.0009853806888634224, 0.0010145990964602082, 0.0010145990964602082, 0.0010444596476859838, 0.0010746492383151348, 0.0010746492383151348, 0.0010746492383151348, 0.0010746492383151348, 0.0010746492383151348, 0.0010746492383151348, 0.0010746492383151348, 0.0010746492383151348, 0.0010746492383151348, 0.0010746492383151348, 0.0010746492383151348, 0.0010746492383151348, 0.0010746492383151348, 0.0010746492383151348, 0.0010746492383151348, 0.0010746492383151348, 0.0010746492383151348, 0.0010746492383151348, 0.0010746492383151348, 0.0010746492383151348, 0.0010746492383151348, 0.0010746492383151348, 0.0010746492383151348, 0.0010746492383151348, 0.0010746492383151348, 0.0010746492383151348, 0.0010746492383151348, 0.0010746492383151348, 0.0010746492383151348, 0.0010746492383151348, 0.0010746492383151348, 0.0010746492383151348, 0.0010746492383151348, 0.0010746492383151348, 0.0010746492383151348, 0.0010746492383151348, 0.0010746492383151348, 0.0010746492383151348, 0.0010746492383151348, 0.0010746492383151348, 0.0010746492383151348, 0.0010746492383151348, 0.0010746492383151348, 0.0010746492383151348, 0.0010746492383151348, 0.0010746492383151348, 0.0010746492383151348, 0.0010746492383151348, 0.0010746492383151348, 0.0010746492383151348, 0.0010746492383151348, 0.0010746492383151348, 0.0010746492383151348, 0.0010746492383151348, 0.0010746492383151348, 0.0010746492383151348, 0.0010746492383151348, 0.0010746492383151348, 0.0010746492383151348, 0.0010746492383151348, 0.0010746492383151348, 0.0010746492383151348, 0.0010746492383151348, 0.0010746492383151348, 0.0010746492383151348, 0.0010746492383151348, 0.0010746492383151348, 0.0010746492383151348, 0.0010746492383151348, 0.0010746492383151348, 0.0010746492383151348, 0.0010746492383151348, 0.0010746492383151348, 0.0011588172376417907], "HCA": [2.52518875785965e-05, 5.075948884377352e-05, 7.652670778783289e-05, 0.00012858834877075667, 0.00015488683660770604, 0.00023459775168901118, 0.00026144410998050897, 0.0003156975822027312, 0.0003705206407811693, 0.00039822147180610003, 0.000426216208795546, 0.0007940296990626352, 0.0007940296990626352, 0.000996365229181724, 0.000996365229181724, 0.0010554389531892854, 0.0010554389531892854, 0.0010856285438184364, 0.0010856285438184364, 0.0010856285438184364, 0.0010856285438184364, 0.0010856285438184364, 0.001117547851807839], "HPRA": [2.52518875785965e-05, 5.075948884377352e-05, 0.00012806114567595161, 0.0001801227866588754, 0.00020642127449582476, 0.00023299157952292647, 0.000286684296105922, 0.0003409377683281442, 0.00036834929761736323, 0.00047915262171708623, 0.0005631368326854242, 0.0008460702867370312, 0.0008460702867370312, 0.0008460702867370312, 0.0008460702867370312, 0.0009051440107445927, 0.0009648651131961439, 0.001025244294454446, 0.0010862924920064135, 0.0010862924920064135, 0.0011175025041783183]}