{"HDA": [2.52518875785965e-05, 7.626709010895054e-05, 0.00010203430905300991, 0.00012806512954447182, 0.00015436361738142119, 0.0002075042274356246, 0.00023435058572712235, 0.00028860405794934457, 0.00039825017510622076, 0.0004259510061311515, 0.0004539457431205975, 0.0005388257793360795, 0.0006246160507193047, 0.0007980465051070952, 0.0009733569506878111, 0.0011210412607067146, 0.0011210412607067146, 0.0011814204419650168, 0.0011814204419650168, 0.001212284639495881, 0.001212284639495881, 0.001212284639495881, 0.001212284639495881, 0.001212284639495881, 0.0012449377007203708], "HBA": [2.52518875785965e-05, 7.626709010895054e-05, 0.00012780152799706928, 0.00015383234848853118, 0.00018013083632548055, 0.00023327144637968399, 0.000340656879545675, 0.00036778361565678613, 0.00039519514494600516, 0.0004228959759709359, 0.0005068801869392739, 0.0005351735323444346, 0.0007639475893663683, 0.0009084729680228603, 0.0010545650060067903, 0.001084101868010571, 0.0011438229704621224, 0.0011740125610912734, 0.001204536659867257, 0.001204536659867257, 0.001204536659867257, 0.001204536659867257, 0.001204536659867257, 0.001204536659867257, 0.001204536659867257, 0.001204536659867257, 0.001204536659867257, 0.001204536659867257, 0.001204536659867257, 0.001204536659867257, 0.001204536659867257, 0.001204536659867257, 0.001204536659867257, 0.001204536659867257, 0.001204536659867257, 0.001204536659867257, 0.001204536659867257, 0.001204536659867257, 0.001204536659867257, 0.001204536659867257, 0.001204536659867257, 0.001204536659867257, 0.001204536659867257, 0.001204536659867257, 0.001204536659867257, 0.001204536659867257, 0.001204536659867257, 0.001204536659867257, 0.001204536659867257, 0.001204536659867257, 0.001204536659867257, 0.001204536659867257, 0.001204536659867257, 0.001204536659867257, 0.001204536659867257, 0.001204536659867257, 0.001204536659867257, 0.001204536659867257, 0.001204536659867257, 0.001204536659867257, 0.001204536659867257, 0.001204536659867257, 0.001204536659867257, 0.001204536659867257, 0.001204536659867257, 0.001204536659867257, 0.001204536659867257, 0.001204536659867257, 0.001204536659867257, 0.001204536659867257, 0.001204536659867257, 0.001204536659867257, 0.001204536659867257, 0.001204536659867257, 0.001204536659867257, 0.001204536659867257, 0.001204536659867257, 0.001204536659867257, 0.001204536659867257, 0.001204536659867257, 0.001204536659867257, 0.001204536659867257, 0.001204536659867257, 0.001204536659867257, 0.001204536659867257, 0.001204536659867257, 0.001204536659867257, 0.001204536659867257, 0.001204536659867257, 0.001204536659867257, 0.001204536659867257, 0.001204536659867257, 0.001204536659867257, 0.001204536659867257, 0.001204536659867257, 0.001204536659867257, 0.001204536659867257, 0.001204536659867257, 0.001204536659867257, 0.001204536659867257, 0.001204536659867257, 0.001204536659867257, 0.001204536659867257, 0.001204536659867257, 0.001204536659867257, 0.001204536659867257, 0.001204536659867257, 0.001204536659867257, 0.001204536659867257, 0.001204536659867257, 0.001204536659867257, 0.001204536659867257, 0.001204536659867257, 0.001204536659867257, 0.001204536659867257, 0.001204536659867257, 0.001204536659867257, 0.001204536659867257, 0.001204536659867257, 0.0013607866598672569], "HCA": [2.52518875785965e-05, 7.626709010895054e-05, 0.00010203430905300991, 0.00012806512954447182, 0.00015436361738142119, 0.0001809339224085229, 0.0002346266389915184, 0.0002617533751026295, 0.00031657643368106757, 0.0003442772647059983, 0.0003722720016954443, 0.0004571520379109264, 0.0009147001519547939, 0.0009436052276860922, 0.0010896972656700222, 0.0010896972656700222, 0.0011494183681215735, 0.0011796079587507245, 0.001210132057526708, 0.001210132057526708, 0.001210132057526708, 0.001210132057526708, 0.001210132057526708, 0.001210132057526708, 0.001210132057526708, 0.0012431615198070622], "HPRA": [2.52518875785965e-05, 7.626709010895054e-05, 0.00010203430905300991, 0.0001540959500359337, 0.00018039443787288306, 0.00020696474289998477, 0.0002606574594829803, 0.0003691644039274247, 0.00039657593321664375, 0.000479678426291436, 0.000507673163280882, 0.0005642598540912035, 0.0005928566112189451, 0.0007662870656067356, 0.0008539422883970935, 0.0009720897364122165, 0.0011213924925410946, 0.0011213924925410946, 0.0011213924925410946, 0.001183120887602823, 0.0012143308997747278, 0.0012143308997747278, 0.0012143308997747278, 0.0012466139576259674]}