{"HDA": [2.52518875785965e-05, 0.00010177469137412756, 0.00012754191031818694, 0.00015357273080964884, 0.0001798712186465982, 0.00023301182870080165, 0.00025985818699229943, 0.0003141116592145217, 0.00036893471779295974, 0.0003966355488178905, 0.00042463028580733646, 0.00048121697661765786, 0.0005384104908731413, 0.0005673155666044397, 0.0005965339742012257, 0.0006556076982087871, 0.0008347710055634409, 0.0009253397774508941, 0.0010779602713308122, 0.0012940096540468616, 0.0013876396905625758, 0.0013876396905625758, 0.0014514783065413814, 0.0014514783065413814, 0.0014514783065413814, 0.0014845077688217356, 0.0014845077688217356, 0.0015183098239866897], "HBA": [7.57556627357895e-05, 0.00010126326400096652, 0.00012703048294502588, 0.00015306130343648779, 0.00017935979127343716, 0.00020593009630053886, 0.0002596228128835344, 0.00031387628510575665, 0.0003412878143949757, 0.0003966894764448372, 0.0005366631613920671, 0.0005932498522023885, 0.000650443366457872, 0.0006793484421891703, 0.0007085668497859563, 0.000738103711789737, 0.0008276853654670639, 0.0010692020905002724, 0.0011607743868282234, 0.0013150953744825444, 0.0013150953744825444, 0.0014413420605070362, 0.0014413420605070362, 0.0014413420605070362, 0.0014413420605070362, 0.0014743715227873903, 0.0014743715227873903, 0.0014743715227873903, 0.0014743715227873903, 0.0014743715227873903, 0.0014743715227873903, 0.0014743715227873903, 0.0014743715227873903, 0.0014743715227873903, 0.0014743715227873903, 0.0014743715227873903, 0.0014743715227873903, 0.0014743715227873903, 0.0014743715227873903, 0.0014743715227873903, 0.0014743715227873903, 0.0014743715227873903, 0.0014743715227873903, 0.0014743715227873903, 0.0014743715227873903, 0.0014743715227873903, 0.0014743715227873903, 0.0014743715227873903, 0.0014743715227873903, 0.0014743715227873903, 0.0014743715227873903, 0.0014743715227873903, 0.0014743715227873903, 0.0014743715227873903, 0.0014743715227873903, 0.0014743715227873903, 0.0014743715227873903, 0.0014743715227873903, 0.0014743715227873903, 0.0014743715227873903, 0.0014743715227873903, 0.0014743715227873903, 0.0014743715227873903, 0.0014743715227873903, 0.0014743715227873903, 0.0014743715227873903, 0.0014743715227873903, 0.0014743715227873903, 0.0014743715227873903, 0.0014743715227873903, 0.0014743715227873903, 0.0014743715227873903, 0.0014743715227873903, 0.0014743715227873903, 0.0014743715227873903, 0.0014743715227873903, 0.0014743715227873903, 0.0014743715227873903, 0.0014743715227873903, 0.0014743715227873903, 0.0014743715227873903, 0.0014743715227873903, 0.0014743715227873903, 0.0014743715227873903, 0.0014743715227873903, 0.0014743715227873903, 0.0014743715227873903, 0.0014743715227873903, 0.0014743715227873903, 0.0014743715227873903, 0.0014743715227873903, 0.0015601054048175686], "HCA": [2.52518875785965e-05, 5.075948884377352e-05, 7.652670778783289e-05, 0.00015461916926221857, 0.00018091765709916794, 0.00020748796212626965, 0.0002611806787092652, 0.00031543415093148743, 0.0003702572095099255, 0.00039795804053485625, 0.0004259527775243022, 0.0004825394683346236, 0.0005111362254623653, 0.0005400413011936637, 0.0005984781163872356, 0.0006575518403947971, 0.0006874123916205728, 0.0007477915728788749, 0.0011751289557426457, 0.0011751289557426457, 0.0013623890287740741, 0.001393950700280197, 0.0014577893162590026, 0.0014577893162590026, 0.0014577893162590026, 0.0014908187785393568, 0.0014908187785393568, 0.0014908187785393568, 0.001525017335360259], "HPRA": [7.57556627357895e-05, 0.00010126326400096652, 0.00012703048294502588, 0.00015306130343648779, 0.00020565827911038655, 0.00023222858413748826, 0.000259074942428986, 0.0003133284146512082, 0.00036815147322964627, 0.000395852304254577, 0.000451841778233469, 0.00048013512363862974, 0.0005659253950218549, 0.0006237355464844517, 0.0007698275844683815, 0.0007993644464721622, 0.0008292249976979379, 0.0009197937695853911, 0.0010724142634653093, 0.001195871053588766, 0.0013519211144482899, 0.0013519211144482899, 0.0013519211144482899, 0.0013519211144482899, 0.0014172272368972694, 0.0014832861614579775, 0.0014832861614579775, 0.0015170882166229316]}