{"HDA": [2.52518875785965e-05, 5.075948884377352e-05, 0.00010229392673189225, 0.00015435556771481603, 0.00023325103122566416, 0.0002598213362527659, 0.0002866676945442637, 0.0003409211667664859, 0.00036833269605570496, 0.00042373435810556646, 0.0005077185690739044, 0.0006774786415048687, 0.000849059184271319, 0.000849059184271319, 0.000907495999464891, 0.0009370328614686716, 0.0009370328614686716, 0.0009370328614686716, 0.0009675569602446553], "HBA": [7.57556627357895e-05, 0.00012677086526614355, 0.0001783053031542623, 0.0002043361236457242, 0.00023063461148267357, 0.000283775221536877, 0.0003643142964113703, 0.0003914410325224814, 0.0004462640911009195, 0.00047396492212585024, 0.0005019596591152963, 0.0006717197315462605, 0.0008433002743127107, 0.0008433002743127107, 0.0009017370895062827, 0.0009312739515100634, 0.0009312739515100634, 0.0009312739515100634, 0.0009312739515100634, 0.0009312739515100634, 0.0009312739515100634, 0.0009312739515100634, 0.0009312739515100634, 0.0009312739515100634, 0.0009312739515100634, 0.0009312739515100634, 0.0009312739515100634, 0.0009312739515100634, 0.0009312739515100634, 0.0009312739515100634, 0.0009312739515100634, 0.0009312739515100634, 0.0009312739515100634, 0.0009312739515100634, 0.0009312739515100634, 0.0009312739515100634, 0.0009312739515100634, 0.0009312739515100634, 0.0009312739515100634, 0.0009312739515100634, 0.0009312739515100634, 0.0009312739515100634, 0.0009312739515100634, 0.0009312739515100634, 0.0009312739515100634, 0.0009312739515100634, 0.0009312739515100634, 0.0009312739515100634, 0.0009312739515100634, 0.0009312739515100634, 0.0009312739515100634, 0.0009312739515100634, 0.0009312739515100634, 0.0009312739515100634, 0.0009312739515100634, 0.0009312739515100634, 0.0009312739515100634, 0.0009312739515100634, 0.0009312739515100634, 0.0009312739515100634, 0.0009312739515100634, 0.0009312739515100634, 0.0009312739515100634, 0.0009312739515100634, 0.0009312739515100634, 0.0009312739515100634, 0.0009312739515100634, 0.0009312739515100634, 0.0009312739515100634, 0.0009312739515100634, 0.0009312739515100634, 0.0009312739515100634, 0.0009312739515100634, 0.0009312739515100634, 0.0009312739515100634, 0.0009312739515100634, 0.0009312739515100634, 0.0009312739515100634, 0.0009312739515100634, 0.0009312739515100634, 0.0009312739515100634, 0.0009312739515100634, 0.0009312739515100634, 0.0009312739515100634, 0.0009312739515100634, 0.0009312739515100634, 0.0009312739515100634, 0.0009312739515100634, 0.0009312739515100634, 0.0009312739515100634, 0.0009312739515100634, 0.0009312739515100634, 0.0009312739515100634, 0.0009312739515100634, 0.0009312739515100634, 0.0009312739515100634, 0.0009312739515100634, 0.0009312739515100634, 0.0009312739515100634, 0.0009312739515100634, 0.0009312739515100634, 0.0009312739515100634, 0.0009312739515100634, 0.0009312739515100634, 0.0009312739515100634, 0.0009312739515100634, 0.0009312739515100634, 0.0009312739515100634, 0.0009312739515100634, 0.0009312739515100634, 0.0009312739515100634, 0.0009312739515100634, 0.0009312739515100634, 0.0009312739515100634, 0.0009312739515100634, 0.0009312739515100634, 0.0009312739515100634, 0.0009312739515100634, 0.0009312739515100634, 0.0009312739515100634, 0.0009312739515100634, 0.0009312739515100634, 0.0009312739515100634, 0.0009312739515100634, 0.0009312739515100634, 0.0009312739515100634, 0.0009312739515100634, 0.0009312739515100634, 0.0009312739515100634, 0.0009312739515100634, 0.0009312739515100634, 0.0009312739515100634, 0.0009312739515100634, 0.0009312739515100634, 0.0009312739515100634, 0.0009312739515100634, 0.0009312739515100634, 0.0009312739515100634, 0.0009312739515100634, 0.0009312739515100634, 0.0009312739515100634, 0.0009312739515100634, 0.0009312739515100634, 0.0009312739515100634, 0.0009312739515100634, 0.0009312739515100634, 0.0009312739515100634, 0.0009312739515100634, 0.0009312739515100634, 0.0009312739515100634, 0.0013477670793734537], "HCA": [2.52518875785965e-05, 5.075948884377352e-05, 0.00010229392673189225, 0.00015435556771481603, 0.0001806540555517654, 0.0002603649706330705, 0.0002872113289245683, 0.0003143380650356794, 0.00036916112361411754, 0.0003968619546390483, 0.00042485669162849426, 0.00048144338243881566, 0.0005958304109497826, 0.0007981659410688715, 0.0008273843486656575, 0.0008864580726732189, 0.0009163186238989946, 0.0009465082145281457, 0.0009465082145281457, 0.0009465082145281457, 0.0009777182267000505], "HPRA": [2.52518875785965e-05, 7.626709010895054e-05, 0.00012780152799706928, 0.00015383234848853118, 0.0002327278119993793, 0.0002858684220535827, 0.00033956113863657823, 0.00042094134696991155, 0.0004483528762591306, 0.00047605370728406133, 0.0005040484442735073, 0.0005889284804889894, 0.0008462992946386648, 0.0008462992946386648, 0.0009047361098322368, 0.0009342729718360175, 0.0009342729718360175, 0.0009342729718360175, 0.0009647970706120011]}