{"HDA": [5.0503775157193e-05, 7.601137642237001e-05, 0.00010177859536642937, 0.00015384023634935315, 0.0002064372120232519, 0.0002595778220774553, 0.0002864241803689531, 0.0003678043887022864, 0.00039521591799150543, 0.0005060192420912284, 0.0005340139790806743, 0.0005906006698909958, 0.0007049876984019627, 0.0009651333799836485, 0.0011404438255643644, 0.0011699806875681451, 0.001259562341245472, 0.001259562341245472, 0.001259562341245472, 0.001259562341245472, 0.001259562341245472, 0.001259562341245472, 0.001259562341245472, 0.001259562341245472, 0.001259562341245472, 0.0012925918035258262], "HBA": [7.57556627357895e-05, 0.00012677086526614355, 0.0001783053031542623, 0.0002043361236457242, 0.00025693309931962293, 0.00028350340434672467, 0.0003371961209297202, 0.0003643228570408313, 0.0004739689741977075, 0.0005016698052226382, 0.0006416434901698681, 0.0007831102171956717, 0.0009260940028343802, 0.000983904154296977, 0.0010715593770873348, 0.001160169963098677, 0.0012497516167760039, 0.0012497516167760039, 0.0012497516167760039, 0.0012497516167760039, 0.0012497516167760039, 0.0012497516167760039, 0.0012497516167760039, 0.0012497516167760039, 0.0012497516167760039, 0.0012497516167760039, 0.0012497516167760039, 0.0012497516167760039, 0.0012497516167760039, 0.0012497516167760039, 0.0012497516167760039, 0.0012497516167760039, 0.0012497516167760039, 0.0012497516167760039, 0.0012497516167760039, 0.0012497516167760039, 0.0012497516167760039, 0.0012497516167760039, 0.0012497516167760039, 0.0012497516167760039, 0.0012497516167760039, 0.0012497516167760039, 0.0012497516167760039, 0.0012497516167760039, 0.0012497516167760039, 0.0012497516167760039, 0.0012497516167760039, 0.0012497516167760039, 0.0012497516167760039, 0.0012497516167760039, 0.0012497516167760039, 0.0012497516167760039, 0.0012497516167760039, 0.0012497516167760039, 0.0012497516167760039, 0.0012497516167760039, 0.0012497516167760039, 0.0012497516167760039, 0.0012497516167760039, 0.0012497516167760039, 0.0012497516167760039, 0.0012497516167760039, 0.0012497516167760039, 0.0012497516167760039, 0.0012497516167760039, 0.0012497516167760039, 0.0012497516167760039, 0.0012497516167760039, 0.0012497516167760039, 0.0012497516167760039, 0.0012497516167760039, 0.0012497516167760039, 0.0012497516167760039, 0.0012497516167760039, 0.0012497516167760039, 0.0012497516167760039, 0.0012497516167760039, 0.0012497516167760039, 0.0012497516167760039, 0.0012497516167760039, 0.0012497516167760039, 0.0012497516167760039, 0.0012497516167760039, 0.0012497516167760039, 0.0012497516167760039, 0.0012497516167760039, 0.0012497516167760039, 0.0012497516167760039, 0.0012497516167760039, 0.0012497516167760039, 0.0012497516167760039, 0.0012497516167760039, 0.0012497516167760039, 0.0012497516167760039, 0.0012497516167760039, 0.0012497516167760039, 0.0012497516167760039, 0.0012497516167760039, 0.0012497516167760039, 0.0012497516167760039, 0.0012497516167760039, 0.0012497516167760039, 0.0012497516167760039, 0.0012497516167760039, 0.0012497516167760039, 0.0012497516167760039, 0.0012497516167760039, 0.0012497516167760039, 0.0012497516167760039, 0.0012497516167760039, 0.0012497516167760039, 0.0012497516167760039, 0.0012497516167760039, 0.0012497516167760039, 0.0012497516167760039, 0.0012497516167760039, 0.0012497516167760039, 0.0012497516167760039, 0.0012497516167760039, 0.0012497516167760039, 0.0012497516167760039, 0.0012497516167760039, 0.0012497516167760039, 0.0012497516167760039, 0.0012497516167760039, 0.0012497516167760039, 0.0012497516167760039, 0.0012497516167760039, 0.0012497516167760039, 0.0012497516167760039, 0.0012497516167760039, 0.0012497516167760039, 0.0012497516167760039, 0.0012497516167760039, 0.0012497516167760039, 0.0012497516167760039, 0.0012497516167760039, 0.0012497516167760039, 0.0012497516167760039, 0.0012497516167760039, 0.0012497516167760039, 0.0012497516167760039, 0.0012497516167760039, 0.0012497516167760039, 0.0012497516167760039, 0.0012497516167760039, 0.0012497516167760039, 0.0012497516167760039, 0.0012497516167760039, 0.0012497516167760039, 0.0012497516167760039, 0.0012497516167760039, 0.0012497516167760039, 0.0012497516167760039, 0.0012497516167760039, 0.0012497516167760039, 0.0012497516167760039, 0.0012497516167760039, 0.0012497516167760039, 0.0012497516167760039, 0.0012497516167760039, 0.0012497516167760039, 0.0012497516167760039, 0.0012497516167760039, 0.0012497516167760039, 0.0012497516167760039, 0.0012497516167760039, 0.0012497516167760039, 0.0012497516167760039, 0.0012497516167760039, 0.0012497516167760039, 0.0012497516167760039, 0.0012497516167760039, 0.0012497516167760039, 0.0012497516167760039, 0.002985862727887115], "HCA": [5.0503775157193e-05, 7.601137642237001e-05, 0.00010177859536642937, 0.00015384023634935315, 0.0002064372120232519, 0.00028614812710455703, 0.00033984084368755255, 0.00036696757979866367, 0.0003943791090878827, 0.0004497807711377442, 0.0005617597190955281, 0.0006183464099058496, 0.0006469431670335913, 0.0006758482427648896, 0.0010556875415231072, 0.0011442981275344493, 0.001174158678760225, 0.001234537860018527, 0.0012650619587945106, 0.0012650619587945106, 0.0012650619587945106, 0.0012650619587945106, 0.0012650619587945106, 0.0012650619587945106, 0.0012650619587945106, 0.0012980914210748648], "HPRA": [5.0503775157193e-05, 0.00010151897768754704, 0.0001272861966316064, 0.00017934783761453017, 0.00020564632545147954, 0.00025878693550568296, 0.00033932601038017625, 0.00036645274649128737, 0.00047609886364816356, 0.0005037996946730943, 0.0006157786426308783, 0.0007855387150618425, 0.0008141354721895842, 0.0008719456236521811, 0.0011349112920232547, 0.0011349112920232547, 0.0012543534969263572, 0.0012543534969263572, 0.0012543534969263572, 0.0012543534969263572, 0.0012543534969263572, 0.0012543534969263572, 0.0012543534969263572, 0.0012543534969263572, 0.0012543534969263572, 0.0012873829592067113]}