{"HDA": [5.0503775157193e-05, 0.00010151897768754704, 0.0001272861966316064, 0.00020537865810599208, 0.00023167714594294145, 0.00028481775599714486, 0.00033851047258014037, 0.0003927639448023626, 0.0004475870033808007, 0.000530689496455593, 0.0006146737074239309, 0.0007844337798548951, 0.0008702240512381203, 0.0008991291269694186, 0.0009283475345662046, 0.0009283475345662046, 0.0009582080857919803], "HBA": [5.0503775157193e-05, 0.00010151897768754704, 0.00017882063451972515, 0.0002569130959941108, 0.00030951007166800956, 0.0003360803766951113, 0.0004434658098611023, 0.00047059254597221344, 0.0005254156045506515, 0.0007470222527500975, 0.0008030117267289894, 0.0008878917629444715, 0.0008878917629444715, 0.0008878917629444715, 0.0009171101705412575, 0.0009171101705412575, 0.0009171101705412575, 0.0009171101705412575, 0.0009171101705412575, 0.0009171101705412575, 0.0009171101705412575, 0.0009171101705412575, 0.0009171101705412575, 0.0009171101705412575, 0.0009171101705412575, 0.0009171101705412575, 0.0009171101705412575, 0.0009171101705412575, 0.0009171101705412575, 0.0009171101705412575, 0.0009171101705412575, 0.0009171101705412575, 0.0009171101705412575, 0.0009171101705412575, 0.0009171101705412575, 0.0009171101705412575, 0.0009171101705412575, 0.0009171101705412575, 0.0009171101705412575, 0.0009171101705412575, 0.0009171101705412575, 0.0009171101705412575, 0.0009171101705412575, 0.0009171101705412575, 0.0009171101705412575, 0.0009171101705412575, 0.0009171101705412575, 0.0009171101705412575, 0.0009171101705412575, 0.0009171101705412575, 0.0009171101705412575, 0.0009171101705412575, 0.0009171101705412575, 0.0009171101705412575, 0.0009646725962249674], "HCA": [5.0503775157193e-05, 0.00010151897768754704, 0.0001272861966316064, 0.0001533170171230683, 0.00017961550496001767, 0.0002327561150142211, 0.0002596024733057189, 0.00028672920941683, 0.0003415522679952681, 0.0006462614092695063, 0.0007022508832483982, 0.0007871309194638803, 0.000815727676591622, 0.0008446327523229203, 0.0009030695675164923, 0.0009030695675164923, 0.0009030695675164923, 0.0009332591581456434, 0.0009332591581456434, 0.0009641233556765076], "HPRA": [5.0503775157193e-05, 0.00010151897768754704, 0.00017882063451972515, 0.00020485145501118705, 0.0002574484306850858, 0.00028401873571218755, 0.00033771145229518306, 0.0003919649245174053, 0.00047419951238506246, 0.000640404498534647, 0.0007243887095029849, 0.0008092687457184669, 0.0008092687457184669, 0.0008670788971810638, 0.0009255157123746358, 0.0009255157123746358, 0.0009553762636004114]}