{"HDA": [5.0503775157193e-05, 7.601137642237001e-05, 0.00012754581431048874, 0.0001796074552934125, 0.00020590594313036188, 0.0002590465531845653, 0.0003395856280590586, 0.0003938391002812808, 0.0004212506295704998, 0.00044895146059543056, 0.0005329356715637685, 0.0007026957439947327, 0.0008170827725056996, 0.0009037979996995948, 0.0010206716300867388, 0.001109282216098081, 0.001109282216098081, 0.001169661397356383, 0.0012307095949083504, 0.0012615737924392147, 0.0012615737924392147, 0.0012615737924392147, 0.0012615737924392147, 0.0012615737924392147, 0.0012942268536637045], "HBA": [5.0503775157193e-05, 0.00015253418021790108, 0.00020406861810601983, 0.00025613025908894363, 0.00028242874692589303, 0.0003621396620071982, 0.0004158323785901937, 0.0004429591147013048, 0.0006074282904366191, 0.0006628299524864806, 0.0006908246894759266, 0.0007191180348810873, 0.0008049083062643124, 0.0008627184577269093, 0.001067247310904411, 0.0011558578969157532, 0.0011558578969157532, 0.0011860474875449042, 0.0012470956850968715, 0.0012470956850968715, 0.0012470956850968715, 0.0012470956850968715, 0.0012470956850968715, 0.0012470956850968715, 0.0012470956850968715, 0.0012470956850968715, 0.0012470956850968715, 0.0012470956850968715, 0.0012470956850968715, 0.0012470956850968715, 0.0012470956850968715, 0.0012470956850968715, 0.0012470956850968715, 0.0012470956850968715, 0.0012470956850968715, 0.0012470956850968715, 0.0012470956850968715, 0.0012470956850968715, 0.0012470956850968715, 0.0012470956850968715, 0.0012470956850968715, 0.0012470956850968715, 0.0012470956850968715, 0.0012470956850968715, 0.0012470956850968715, 0.0012470956850968715, 0.0012470956850968715, 0.0012470956850968715, 0.0012470956850968715, 0.0012470956850968715, 0.0012470956850968715, 0.0012470956850968715, 0.0012470956850968715, 0.0012470956850968715, 0.0012470956850968715, 0.0012470956850968715, 0.0012470956850968715, 0.0012470956850968715, 0.0012470956850968715, 0.0012470956850968715, 0.0012470956850968715, 0.0012470956850968715, 0.0012470956850968715, 0.0012470956850968715, 0.0012470956850968715, 0.0012470956850968715, 0.0012470956850968715, 0.0012470956850968715, 0.0012470956850968715, 0.0012470956850968715, 0.0012470956850968715, 0.0013081308413468715], "HCA": [5.0503775157193e-05, 0.00010151897768754704, 0.0001272861966316064, 0.00017934783761453017, 0.00023194481328842894, 0.0003116557283697341, 0.00033850208666123187, 0.0003927555588834541, 0.00042016708817267315, 0.0004478679191976039, 0.0005038573931764958, 0.0005321507385816566, 0.0006465377670926235, 0.000819968221480414, 0.0010829338898514878, 0.0011715444758628299, 0.0011715444758628299, 0.0011715444758628299, 0.0012631167721907808, 0.0012631167721907808, 0.0012631167721907808, 0.0012631167721907808, 0.0012631167721907808, 0.0012631167721907808, 0.0012631167721907808, 0.001296146234471135], "HPRA": [5.0503775157193e-05, 0.00010151897768754704, 0.0001272861966316064, 0.00017934783761453017, 0.0002582433011253783, 0.0003113839111795817, 0.0003382302694710795, 0.0003924837416933017, 0.00041989527098252076, 0.0004475961020074515, 0.0005315803129757894, 0.0006447536945964322, 0.0007019472088519157, 0.0007886624360458109, 0.0009055360664329548, 0.0011122941004594199, 0.0011122941004594199, 0.001172673281717722, 0.0012337214792696894, 0.0012645856768005537, 0.0012645856768005537, 0.0012645856768005537, 0.0012645856768005537, 0.0012645856768005537, 0.0012972387380250435]}