{"HDA": [5.0503775157193e-05, 0.00010151897768754704, 0.0001272861966316064, 0.0001533170171230683, 0.00017961550496001767, 0.00020618580998711937, 0.00023303216827861713, 0.0002601589043897282, 0.00028757043367894726, 0.000315271264703878, 0.000343266001693324, 0.0003715593470984847, 0.00042875286135396815, 0.0005443731642791618, 0.0005735915718759478, 0.0006326652958835092, 0.0006625258471092849, 0.0007530946189967381, 0.0008141428165487054, 0.0008758712116104338, 0.000969501248126148, 0.001064186262644517, 0.0011599441866127253, 0.0012567933601664444, 0.0014200586662888933, 0.0014530881285692474, 0.0014530881285692474, 0.0014530881285692474, 0.0015214852422110517, 0.0015214852422110517, 0.0015564980218756293], "HBA": [2.52518875785965e-05, 5.075948884377352e-05, 0.00010229392673189225, 0.00012832474722335416, 0.00023351869857115166, 0.00028665930862535507, 0.00036719838349984836, 0.0003943251196109595, 0.0004217366489001785, 0.00044943747992510927, 0.00047743221691455524, 0.0005057255623197159, 0.0005343223194474576, 0.000563227395178756, 0.0006216642103723279, 0.0006512010723761086, 0.0006810616236018843, 0.0007112512142310353, 0.0008943958068869371, 0.0009869883994795298, 0.0010494084238233392, 0.001080970095329462, 0.0013044052512552816, 0.001368971366957761, 0.0014016244281822507, 0.0014676833527429588, 0.0014676833527429588, 0.0014676833527429588, 0.001501881909563861, 0.001501881909563861, 0.001501881909563861, 0.001501881909563861, 0.001501881909563861, 0.001501881909563861, 0.001501881909563861, 0.001501881909563861, 0.001501881909563861, 0.001501881909563861, 0.001501881909563861, 0.001501881909563861, 0.001501881909563861, 0.001501881909563861, 0.001501881909563861, 0.001501881909563861, 0.001501881909563861, 0.001501881909563861, 0.001501881909563861, 0.001501881909563861, 0.001501881909563861, 0.001501881909563861, 0.001501881909563861, 0.001501881909563861, 0.001501881909563861, 0.001501881909563861, 0.001501881909563861, 0.001501881909563861, 0.001501881909563861, 0.001501881909563861, 0.001501881909563861, 0.001501881909563861, 0.001501881909563861, 0.001501881909563861, 0.001501881909563861, 0.001501881909563861, 0.001501881909563861, 0.001501881909563861, 0.001501881909563861, 0.0015592740124105093], "HCA": [5.0503775157193e-05, 0.00010151897768754704, 0.0001272861966316064, 0.0001533170171230683, 0.00017961550496001767, 0.00020618580998711937, 0.00023303216827861713, 0.0002601589043897282, 0.00028757043367894726, 0.000315271264703878, 0.000343266001693324, 0.0003998526925036454, 0.0004284494496313871, 0.0005440697525565807, 0.0005732881601533667, 0.0006028250221571474, 0.0006625461246086987, 0.0007229253058670008, 0.0007534494046429845, 0.0009386345898281696, 0.0009698446020000743, 0.0010645296165184433, 0.0013198840804336657, 0.0013198840804336657, 0.001417843264107135, 0.0014508727263874892, 0.0014842851357563288, 0.0014842851357563288, 0.0014842851357563288, 0.0014842851357563288, 0.0015192979154209064, 0.0015192979154209064, 0.0015551543462717795], "HPRA": [5.0503775157193e-05, 0.00010151897768754704, 0.0001272861966316064, 0.0001533170171230683, 0.00017961550496001767, 0.00020618580998711937, 0.00023303216827861713, 0.0002601589043897282, 0.00028757043367894726, 0.000315271264703878, 0.000343266001693324, 0.0003715593470984847, 0.00042875286135396815, 0.0005443731642791618, 0.0005735915718759478, 0.0006326652958835092, 0.0007222469495608362, 0.0007524365401899872, 0.0008440088365179382, 0.0009366014291105308, 0.001030231465626245, 0.001030231465626245, 0.0010940700816050506, 0.00115863619730753, 0.0012565953809809992, 0.0014217426923827695, 0.0014885675111204488, 0.0014885675111204488, 0.001522766067941351, 0.0015573681440659184]}