{"HDA": [5.0503775157193e-05, 0.00012702657895272406, 0.00015279379789678342, 0.00017882461838824532, 0.0002314215940621441, 0.0002579918990892458, 0.0002848382573807436, 0.0003119649934918547, 0.0003667880520702928, 0.00039448888309522354, 0.0004224836200846695, 0.0005356570017053124, 0.000564253758833054, 0.0006220639102956509, 0.0006512823178924369, 0.0008580403519189019, 0.0009177614543704532, 0.0011290885887745106, 0.0011290885887745106, 0.001190816983836239, 0.0012532370081800484, 0.0012532370081800484, 0.0012532370081800484, 0.0012855200660312881, 0.0012855200660312881, 0.0013185495283116423], "HBA": [5.0503775157193e-05, 0.00012702657895272406, 0.00017856101684084278, 0.00020459183733230468, 0.00023089032516925405, 0.00025746063019635576, 0.00028430698848785354, 0.000392813932932298, 0.0004476369915107361, 0.00047533782253566685, 0.0006433062444723427, 0.0006715995898775034, 0.0007287931041329869, 0.0007866032555955837, 0.0009326952935795137, 0.0010213058795908558, 0.0011108875332681827, 0.0011712667145264849, 0.0011712667145264849, 0.0012021309120573492, 0.001233340924229254, 0.001233340924229254, 0.0012652602322186567, 0.0012652602322186567, 0.0012652602322186567, 0.0012652602322186567, 0.0012652602322186567, 0.0012652602322186567, 0.0012652602322186567, 0.0012652602322186567, 0.0012652602322186567, 0.0012652602322186567, 0.0012652602322186567, 0.0012652602322186567, 0.0012652602322186567, 0.0012652602322186567, 0.0012652602322186567, 0.0012652602322186567, 0.0012652602322186567, 0.0012652602322186567, 0.0012652602322186567, 0.0012652602322186567, 0.0012652602322186567, 0.0012652602322186567, 0.0012652602322186567, 0.0012652602322186567, 0.0012652602322186567, 0.0012652602322186567, 0.0012652602322186567, 0.0012652602322186567, 0.0012652602322186567, 0.0012652602322186567, 0.0012652602322186567, 0.0012652602322186567, 0.0012652602322186567, 0.0012652602322186567, 0.0012652602322186567, 0.0012652602322186567, 0.0012652602322186567, 0.0012652602322186567, 0.0012652602322186567, 0.0012652602322186567, 0.0012652602322186567, 0.0012652602322186567, 0.0012652602322186567, 0.0012652602322186567, 0.0012652602322186567, 0.0012652602322186567, 0.0012652602322186567, 0.0012652602322186567, 0.0012652602322186567, 0.0012652602322186567, 0.0012652602322186567, 0.0012652602322186567, 0.0012652602322186567, 0.0012652602322186567, 0.0012652602322186567, 0.0012652602322186567, 0.0012652602322186567, 0.0012652602322186567, 0.0012652602322186567, 0.0012652602322186567, 0.0012652602322186567, 0.0012652602322186567, 0.0012652602322186567, 0.0012652602322186567, 0.0012652602322186567, 0.0012652602322186567, 0.0012652602322186567, 0.0013479048603178302], "HCA": [5.0503775157193e-05, 0.00012702657895272406, 0.00015279379789678342, 0.00017882461838824532, 0.0002314215940621441, 0.0002579918990892458, 0.0002848382573807436, 0.0003119649934918547, 0.00033937652278107376, 0.0003670773538060045, 0.0003950720907954505, 0.0004233654362006112, 0.0005377524647115781, 0.0005955626161741749, 0.0006247810237709609, 0.0006838547477785224, 0.0007137152990042981, 0.0010458007959249598, 0.0010458007959249598, 0.0012001217835792808, 0.0012001217835792808, 0.0012632451265915268, 0.0012632451265915268, 0.0012632451265915268, 0.0012958981878160166, 0.0012958981878160166, 0.0012958981878160166, 0.0013297002429809707], "HPRA": [5.0503775157193e-05, 0.00012702657895272406, 0.00017856101684084278, 0.00020459183733230468, 0.00023089032516925405, 0.00025746063019635576, 0.00028430698848785354, 0.00031143372459896466, 0.00036625678317740273, 0.000449359276252195, 0.000505348750231087, 0.0005336420956362477, 0.0006480291241472146, 0.0007347443513411098, 0.0007931811665346818, 0.0008227180285384625, 0.000942160233441565, 0.001002539414699867, 0.0011246358098038016, 0.0011246358098038016, 0.001187055834147611, 0.001250179177159857, 0.0012820984851492597, 0.0012820984851492597, 0.0012820984851492597, 0.0013151279474296138]}