{"HDA": [2.52518875785965e-05, 0.00010177469137412756, 0.00012754191031818694, 0.00015357273080964884, 0.0001798712186465982, 0.00023301182870080165, 0.00028670454528379716, 0.0003138312813949083, 0.0003412428106841273, 0.00036894364170905806, 0.00042493311568795006, 0.0005098131519034321, 0.0005670066661589156, 0.0005959117418902139, 0.0006251301494869999, 0.0006546670114907806, 0.001102575279877415, 0.001132764870506566, 0.001224337166834517, 0.0012552013643653812, 0.0013176213887091906, 0.0013807447317214366, 0.0013807447317214366, 0.0013807447317214366, 0.0014133977929459264, 0.0014133977929459264, 0.0014133977929459264, 0.0014471998481108805], "HBA": [7.57556627357895e-05, 0.00012677086526614355, 0.0001525380842102029, 0.0001785689047016648, 0.00020486739253861418, 0.00023143769756571588, 0.0002851304141487114, 0.0003665106224820447, 0.00039392215177126374, 0.00044932381382112524, 0.0005053132878000172, 0.0005336066332051779, 0.0005622033903329196, 0.000591108466064218, 0.0006787636888545759, 0.0009741323088923831, 0.0010338534113439343, 0.0011848013644896896, 0.0011848013644896896, 0.0013082581546131464, 0.0013082581546131464, 0.0013398198261192693, 0.001371739134108672, 0.001371739134108672, 0.0014043921953331617, 0.0014043921953331617, 0.0014043921953331617, 0.0014043921953331617, 0.0014043921953331617, 0.0014043921953331617, 0.0014043921953331617, 0.0014043921953331617, 0.0014043921953331617, 0.0014043921953331617, 0.0014043921953331617, 0.0014043921953331617, 0.0014043921953331617, 0.0014043921953331617, 0.0014043921953331617, 0.0014043921953331617, 0.0014043921953331617, 0.0014043921953331617, 0.0014043921953331617, 0.0014043921953331617, 0.0014043921953331617, 0.0014043921953331617, 0.0014043921953331617, 0.0014043921953331617, 0.0014043921953331617, 0.0014043921953331617, 0.0014043921953331617, 0.0014043921953331617, 0.0014043921953331617, 0.0014043921953331617, 0.0014043921953331617, 0.0014043921953331617, 0.0014043921953331617, 0.0014043921953331617, 0.0014043921953331617, 0.0014043921953331617, 0.0014043921953331617, 0.0014043921953331617, 0.0014043921953331617, 0.0014043921953331617, 0.0014043921953331617, 0.0014043921953331617, 0.0014043921953331617, 0.0014043921953331617, 0.0014043921953331617, 0.0014043921953331617, 0.0014043921953331617, 0.0014043921953331617, 0.0014043921953331617, 0.0014043921953331617, 0.0014043921953331617, 0.0014043921953331617, 0.0014043921953331617, 0.0014043921953331617, 0.0014043921953331617, 0.0014043921953331617, 0.0014043921953331617, 0.0014043921953331617, 0.0014043921953331617, 0.0014043921953331617, 0.0014043921953331617, 0.0014043921953331617, 0.0014043921953331617, 0.0014043921953331617, 0.0014043921953331617, 0.0014043921953331617, 0.0014043921953331617, 0.0014043921953331617, 0.0014043921953331617, 0.0014043921953331617, 0.0014043921953331617, 0.0014043921953331617, 0.0014043921953331617, 0.0014043921953331617, 0.0015024218002738538], "HCA": [2.52518875785965e-05, 5.075948884377352e-05, 0.00012806114567595161, 0.00015409196616741352, 0.00020668894184131225, 0.00023325924686841396, 0.0002601056051599117, 0.00028723234127102284, 0.00031464387056024187, 0.00037004553261010337, 0.00045402974357844133, 0.0005389097797939234, 0.0005675065369216651, 0.0005964116126529634, 0.0006256300202497494, 0.0006551668822535301, 0.0010732145994143889, 0.0010732145994143889, 0.0011953109945183234, 0.0012261751920491877, 0.0013510152407368067, 0.0013510152407368067, 0.0013829345487262094, 0.0013829345487262094, 0.0014155876099506992, 0.0014155876099506992, 0.0014155876099506992, 0.0014155876099506992, 0.0014497861667716013], "HPRA": [2.52518875785965e-05, 0.00010177469137412756, 0.00012754191031818694, 0.00015357273080964884, 0.00020616970648354758, 0.00023274001151064928, 0.0002864327280936448, 0.00031355946420475594, 0.000340970993493975, 0.0003963726555438365, 0.00048035686651217444, 0.0005086502119173352, 0.0005658437261728186, 0.000594748801904117, 0.000623967209500903, 0.0006535040715046836, 0.0007729462764077861, 0.0008635150482952394, 0.0009856114433991739, 0.0010782040359917666, 0.0011718340725074808, 0.0012349574155197268, 0.001330715339487935, 0.0013952814551904144, 0.0014279345164149042, 0.0014279345164149042, 0.0014613469257837438]}