{"HDA": [5.0503775157193e-05, 7.601137642237001e-05, 0.00010177859536642937, 0.00015384023634935315, 0.00018013872418630252, 0.00020670902921340423, 0.00023355538750490198, 0.0002606821236160131, 0.00031550518219445114, 0.00037090684424431265, 0.0004548910552126506, 0.000511477746022972, 0.0005400745031507137, 0.0006556948060759074, 0.0008602236592534093, 0.0010669816932798743, 0.0011267027957314257, 0.0011568923863605766, 0.0011568923863605766, 0.0011568923863605766, 0.0011881023985324814, 0.0011881023985324814, 0.0011881023985324814, 0.0012203854563837212], "HBA": [5.0503775157193e-05, 7.601137642237001e-05, 0.00010177859536642937, 0.00012780941585789128, 0.00015410790369484065, 0.0002338188187761458, 0.0002606651770676436, 0.0003420453854009769, 0.00042427997326863404, 0.0005073824663434263, 0.0005353772033328723, 0.0005919638941431938, 0.0006491574083986772, 0.0006780624841299756, 0.0009702465600978353, 0.0010293202841053968, 0.0010293202841053968, 0.001150078646622001, 0.001150078646622001, 0.001150078646622001, 0.0011812886587939059, 0.0011812886587939059, 0.0011812886587939059, 0.0011812886587939059, 0.0011812886587939059, 0.0011812886587939059, 0.0011812886587939059, 0.0011812886587939059, 0.0011812886587939059, 0.0011812886587939059, 0.0011812886587939059, 0.0011812886587939059, 0.0011812886587939059, 0.0011812886587939059, 0.0011812886587939059, 0.0011812886587939059, 0.0011812886587939059, 0.0011812886587939059, 0.0011812886587939059, 0.0011812886587939059, 0.0011812886587939059, 0.0011812886587939059, 0.0011812886587939059, 0.0011812886587939059, 0.0011812886587939059, 0.0011812886587939059, 0.0011812886587939059, 0.0011812886587939059, 0.0011812886587939059, 0.0011812886587939059, 0.0011812886587939059, 0.0011812886587939059, 0.0011812886587939059, 0.0011812886587939059, 0.0011812886587939059, 0.0011812886587939059, 0.0011812886587939059, 0.0011812886587939059, 0.0011812886587939059, 0.0011812886587939059, 0.0011812886587939059, 0.0011812886587939059, 0.0011812886587939059, 0.0011812886587939059, 0.0011812886587939059, 0.0011812886587939059, 0.0011812886587939059, 0.0011812886587939059, 0.0011812886587939059, 0.0011812886587939059, 0.0011812886587939059, 0.0011812886587939059, 0.0011812886587939059, 0.0011812886587939059, 0.0011812886587939059, 0.0011812886587939059, 0.0011812886587939059, 0.0011812886587939059, 0.0011812886587939059, 0.0011812886587939059, 0.0011812886587939059, 0.0011812886587939059, 0.0011812886587939059, 0.0011812886587939059, 0.0011812886587939059, 0.0011812886587939059, 0.0011812886587939059, 0.0011812886587939059, 0.0011812886587939059, 0.0011812886587939059, 0.0011812886587939059, 0.0011812886587939059, 0.0011812886587939059, 0.0011812886587939059, 0.0011812886587939059, 0.0011812886587939059, 0.0011812886587939059, 0.0011812886587939059, 0.0011812886587939059, 0.0011812886587939059, 0.0011812886587939059, 0.0011812886587939059, 0.0011812886587939059, 0.0011812886587939059, 0.0011812886587939059, 0.0011812886587939059, 0.0011812886587939059, 0.0011812886587939059, 0.0011812886587939059, 0.0011812886587939059, 0.0011812886587939059, 0.0011812886587939059, 0.0011812886587939059, 0.0011812886587939059, 0.0011812886587939059, 0.0011812886587939059, 0.0011812886587939059, 0.0011812886587939059, 0.0011812886587939059, 0.0011812886587939059, 0.0011812886587939059, 0.0011812886587939059, 0.0011812886587939059, 0.0011812886587939059, 0.0011812886587939059, 0.0011812886587939059, 0.0011812886587939059, 0.0011812886587939059, 0.0011812886587939059, 0.0011812886587939059, 0.0011812886587939059, 0.0011812886587939059, 0.0014040554219928367], "HCA": [5.0503775157193e-05, 7.601137642237001e-05, 0.00010177859536642937, 0.00015384023634935315, 0.00018013872418630252, 0.00020670902921340423, 0.00023355538750490198, 0.0002606821236160131, 0.0002880936529052321, 0.00031579448393016286, 0.0003997786948985008, 0.00042807204030366155, 0.00057105582594237, 0.0006288659774049669, 0.0009794868685663986, 0.0010090237305701794, 0.0010687448330217307, 0.001129124014280033, 0.0011596481130560165, 0.0011905123105868808, 0.0011905123105868808, 0.0011905123105868808, 0.0011905123105868808, 0.0012227953684381203], "HPRA": [5.0503775157193e-05, 7.601137642237001e-05, 0.00010177859536642937, 0.00015384023634935315, 0.00018013872418630252, 0.00020670902921340423, 0.00023355538750490198, 0.0002606821236160131, 0.00034291671148367023, 0.000370617542508601, 0.00045460175347693894, 0.0005111884442872604, 0.0005969787156704855, 0.0006547888671330824, 0.0008300993127137982, 0.0009777836227327016, 0.0010673652764100286, 0.0010673652764100286, 0.001128413473961996, 0.0011901418690237243, 0.0011901418690237243, 0.0011901418690237243, 0.0011901418690237243, 0.001222424926874964]}