{"HDA": [2.52518875785965e-05, 5.075948884377352e-05, 7.652670778783289e-05, 0.00010255752827929478, 0.00012885601611624416, 0.00015542632114334587, 0.00018227267943484362, 0.00023652615165706584, 0.0002639376809462849, 0.0003193393429961464, 0.00034733407998559235, 0.00037562742539075307, 0.00046141769677397824, 0.0004903227725052766, 0.0005195411801020626, 0.0006081517661134047, 0.0006380123173391804, 0.0006682019079683315, 0.0007292501055202987, 0.0007601143030511629, 0.0008537443395668771, 0.000916867682579123, 0.001236060762473151, 0.00133290993602687, 0.0013982160584758495, 0.0014312455207562036, 0.0014646579301250432, 0.0014646579301250432, 0.0014646579301250432, 0.0015338620823741782, 0.0015338620823741782, 0.0015692929213764458], "HBA": [2.52518875785965e-05, 5.075948884377352e-05, 0.00012806114567595161, 0.0001801227866588754, 0.00020642127449582476, 0.00023299157952292647, 0.0002598379378144242, 0.00028696467392553534, 0.0003143762032147544, 0.0003697778652646159, 0.00039777260225406185, 0.00048265263846954397, 0.0005112493955972857, 0.0005690595470598825, 0.0006274963622534545, 0.0006570332242572352, 0.0007764754291603377, 0.0008368546104186398, 0.0008673787091946235, 0.0008982429067254877, 0.0012103430284445351, 0.001241904699950658, 0.0012738240079400607, 0.0013061070657913003, 0.0013714131882402798, 0.001404442650520634, 0.0014712674692583133, 0.0014712674692583133, 0.0014712674692583133, 0.0015058695453828807, 0.0015058695453828807, 0.0015058695453828807, 0.0015058695453828807, 0.0015058695453828807, 0.0015058695453828807, 0.0015058695453828807, 0.0015058695453828807, 0.0015058695453828807, 0.0015058695453828807, 0.0015058695453828807, 0.0015058695453828807, 0.0015058695453828807, 0.0015058695453828807, 0.0015058695453828807, 0.0015058695453828807, 0.0015058695453828807, 0.0015058695453828807, 0.0015058695453828807, 0.0015058695453828807, 0.0015058695453828807, 0.0015058695453828807, 0.0015058695453828807, 0.0015058695453828807, 0.0015058695453828807, 0.0015058695453828807, 0.0015058695453828807, 0.0015058695453828807, 0.0015058695453828807, 0.0015058695453828807, 0.0015058695453828807, 0.0015058695453828807, 0.0015058695453828807, 0.0015058695453828807, 0.0015058695453828807, 0.0015058695453828807, 0.0015058695453828807, 0.0015058695453828807, 0.0015058695453828807, 0.0015058695453828807, 0.0015058695453828807, 0.0015058695453828807, 0.0015058695453828807, 0.0015058695453828807, 0.0015058695453828807, 0.0015058695453828807, 0.0015058695453828807, 0.0015058695453828807, 0.0015058695453828807, 0.0015058695453828807, 0.0015058695453828807, 0.0015058695453828807, 0.0015058695453828807, 0.0015058695453828807, 0.0015058695453828807, 0.0015058695453828807, 0.0015058695453828807, 0.0015058695453828807, 0.0015855889331379829], "HCA": [2.52518875785965e-05, 5.075948884377352e-05, 7.652670778783289e-05, 0.00010255752827929478, 0.00012885601611624416, 0.00015542632114334587, 0.00018227267943484362, 0.00023652615165706584, 0.0002639376809462849, 0.0003193393429961464, 0.00034733407998559235, 0.00037562742539075307, 0.0004042241825184948, 0.0004331292582497932, 0.0004623476658465792, 0.0005214213898541406, 0.0005512819410799163, 0.0010343153911463333, 0.0011258876874742842, 0.0011567518850051485, 0.0011879618971770533, 0.0011879618971770533, 0.001251800513155859, 0.001251800513155859, 0.0014150658192783078, 0.0014150658192783078, 0.0014484782286471474, 0.0014822802838121015, 0.0015164788406330037, 0.0015164788406330037, 0.0015164788406330037, 0.0015164788406330037, 0.0015523352714838768], "HPRA": [2.52518875785965e-05, 5.075948884377352e-05, 7.652670778783289e-05, 0.00010255752827929478, 0.00012885601611624416, 0.00015542632114334587, 0.00020911903772634138, 0.0002362457738374525, 0.00029106883241589057, 0.0003187696634408213, 0.0003467644004302673, 0.0004316444366457494, 0.00046024119377349114, 0.0004891462695047896, 0.0005768014922951475, 0.0006063383542989282, 0.0006361989055247039, 0.0006663884961538549, 0.0007579607924818059, 0.0008196891875435343, 0.0008821092118873438, 0.0009767942264057128, 0.0010406328423845184, 0.0011374820159382373, 0.0012027881383872168, 0.0014339943743496954, 0.0014339943743496954, 0.0014339943743496954, 0.0014681929311705976, 0.0015373970834197325, 0.0015373970834197325, 0.001572827922422]}