{"HDA": [2.52518875785965e-05, 5.075948884377352e-05, 7.652670778783289e-05, 0.00010255752827929478, 0.00015515450395319353, 0.00018172480898029524, 0.00023541752556329075, 0.00026254426167440185, 0.0002899557909636209, 0.00031765662198855163, 0.0003456513589779976, 0.0003739447043831583, 0.00045973497576638344, 0.0005175451272289803, 0.0005467635348257663, 0.000576300396829547, 0.0006957426017326494, 0.0007863113736201027, 0.0009999800650519882, 0.0012160294477680377, 0.0012160294477680377, 0.0013422761337925295, 0.0013422761337925295, 0.0014068422494950088, 0.0014068422494950088, 0.0014068422494950088, 0.0014068422494950088, 0.0014406443046599629], "HBA": [7.57556627357895e-05, 0.00010126326400096652, 0.00015279770188908524, 0.00020485934287200902, 0.0002311578307089584, 0.0002577281357360601, 0.0003382672106105534, 0.00041964741894388673, 0.00044705894823310577, 0.0004747597792580365, 0.0005027545162474825, 0.0005876345524629646, 0.0006162313095907062, 0.0006740414610533031, 0.0007032598686500891, 0.0007327967306538697, 0.0007626572818796454, 0.0008532260537670986, 0.0009142742513190659, 0.0011920520290968437, 0.0012232620412687485, 0.0013179470557871174, 0.0013179470557871174, 0.0013825131714895968, 0.0013825131714895968, 0.0013825131714895968, 0.0013825131714895968, 0.0013825131714895968, 0.0013825131714895968, 0.0013825131714895968, 0.0013825131714895968, 0.0013825131714895968, 0.0013825131714895968, 0.0013825131714895968, 0.0013825131714895968, 0.0013825131714895968, 0.0013825131714895968, 0.0013825131714895968, 0.0013825131714895968, 0.0013825131714895968, 0.0013825131714895968, 0.0013825131714895968, 0.0013825131714895968, 0.0013825131714895968, 0.0013825131714895968, 0.0013825131714895968, 0.0013825131714895968, 0.0013825131714895968, 0.0013825131714895968, 0.0013825131714895968, 0.0013825131714895968, 0.0013825131714895968, 0.0013825131714895968, 0.0013825131714895968, 0.0013825131714895968, 0.0013825131714895968, 0.0013825131714895968, 0.0013825131714895968, 0.0013825131714895968, 0.0013825131714895968, 0.0013825131714895968, 0.0013825131714895968, 0.0013825131714895968, 0.0013825131714895968, 0.0013825131714895968, 0.0013825131714895968, 0.0013825131714895968, 0.0013825131714895968, 0.0013825131714895968, 0.0013825131714895968, 0.0013825131714895968, 0.0013825131714895968, 0.0013825131714895968, 0.0013825131714895968, 0.0013825131714895968, 0.0013825131714895968, 0.0013825131714895968, 0.0013825131714895968, 0.0013825131714895968, 0.0013825131714895968, 0.0013825131714895968, 0.0013825131714895968, 0.0013825131714895968, 0.0013825131714895968, 0.0013825131714895968, 0.0013825131714895968, 0.0013825131714895968, 0.0013825131714895968, 0.0013825131714895968, 0.0013825131714895968, 0.0013825131714895968, 0.0013825131714895968, 0.0013825131714895968, 0.0013825131714895968, 0.0013825131714895968, 0.0013825131714895968, 0.0013825131714895968, 0.0013825131714895968, 0.0013825131714895968, 0.0013825131714895968, 0.0013825131714895968, 0.0013825131714895968, 0.0013825131714895968, 0.0013825131714895968, 0.0013825131714895968, 0.0013825131714895968, 0.0013825131714895968, 0.0013825131714895968, 0.0013825131714895968, 0.0013825131714895968, 0.0013825131714895968, 0.0013825131714895968, 0.0013825131714895968, 0.0013825131714895968, 0.0013825131714895968, 0.0013825131714895968, 0.0013825131714895968, 0.0013825131714895968, 0.0013825131714895968, 0.0013825131714895968, 0.0013825131714895968, 0.0013825131714895968, 0.0013825131714895968, 0.0013825131714895968, 0.0013825131714895968, 0.0013825131714895968, 0.0013825131714895968, 0.001575414406057498], "HCA": [2.52518875785965e-05, 5.075948884377352e-05, 0.00010229392673189225, 0.00012832474722335416, 0.00015462323506030352, 0.00018119354008740523, 0.00020803989837890299, 0.0002351666344900141, 0.00026257816377923314, 0.0002902789948041639, 0.0003462684687830559, 0.0003745618141882166, 0.00040315857131595833, 0.00043206364704725676, 0.00046128205464404274, 0.0004908189166478235, 0.0005505400190993747, 0.0007316775628742812, 0.0011284908469620684, 0.0011593550444929327, 0.001252985081008647, 0.001316108424020893, 0.0013480277320102956, 0.0013803107898615352, 0.0013803107898615352, 0.0014133402521418893, 0.0014133402521418893, 0.0014133402521418893, 0.0014475388089627915], "HPRA": [2.52518875785965e-05, 5.075948884377352e-05, 7.652670778783289e-05, 0.00012858834877075667, 0.00015488683660770604, 0.00023459775168901118, 0.0002882904682720067, 0.0003154172043831178, 0.00039765179225077497, 0.0004253526232757057, 0.0005093368342440436, 0.0005376301796492044, 0.000566226936776946, 0.0006240370882395429, 0.0006532554958363289, 0.0007123292198438903, 0.000742189771069666, 0.0008327585429571192, 0.0009853790368370375, 0.0009853790368370375, 0.0012038491220403708, 0.0013300958080648625, 0.0013300958080648625, 0.0013946619237673419, 0.0013946619237673419, 0.0013946619237673419, 0.0013946619237673419, 0.001428463978932296]}