{"HDA": [5.0503775157193e-05, 7.601137642237001e-05, 0.00012754581431048874, 0.00015357663480195064, 0.0001798751226389, 0.0002064454276660017, 0.00023329178595749947, 0.00026041852206861056, 0.0002878300513578296, 0.00031553088238276035, 0.0003435256193722063, 0.00037181896477736704, 0.00040041572190510876, 0.0004293207976364072, 0.0004585392052331932, 0.0005176129292407546, 0.0005773340316923059, 0.0007886611660963634, 0.0009412816599762816, 0.0010956026476306026, 0.0011268126598025074, 0.0011899360028147534, 0.001221855310804156, 0.0012541383686553958, 0.0012541383686553958, 0.0012541383686553958, 0.0012541383686553958, 0.0012541383686553958, 0.001288336925476298], "HBA": [5.0503775157193e-05, 7.601137642237001e-05, 0.00012754581431048874, 0.00015357663480195064, 0.0001798751226389, 0.0002064454276660017, 0.000286984502540495, 0.00031411123865160613, 0.0003689342972300442, 0.00045203679030483645, 0.0004800315272942824, 0.0005083248726994431, 0.00062271190121041, 0.0006516169769417083, 0.0006808353845384943, 0.0007694459705498365, 0.0007993065217756121, 0.0008294961124047632, 0.0008600202111807469, 0.0011069337914276604, 0.0011069337914276604, 0.0012016188059460293, 0.0012016188059460293, 0.0012016188059460293, 0.001234271867170519, 0.001234271867170519, 0.001234271867170519, 0.001234271867170519, 0.001234271867170519, 0.001234271867170519, 0.001234271867170519, 0.001234271867170519, 0.001234271867170519, 0.001234271867170519, 0.001234271867170519, 0.001234271867170519, 0.001234271867170519, 0.001234271867170519, 0.001234271867170519, 0.001234271867170519, 0.001234271867170519, 0.001234271867170519, 0.001234271867170519, 0.001234271867170519, 0.001234271867170519, 0.001234271867170519, 0.001234271867170519, 0.001234271867170519, 0.001234271867170519, 0.001234271867170519, 0.001234271867170519, 0.001234271867170519, 0.001234271867170519, 0.001234271867170519, 0.001234271867170519, 0.001234271867170519, 0.001234271867170519, 0.001234271867170519, 0.001234271867170519, 0.001234271867170519, 0.001234271867170519, 0.001234271867170519, 0.001234271867170519, 0.001234271867170519, 0.001234271867170519, 0.001234271867170519, 0.001234271867170519, 0.001234271867170519, 0.001234271867170519, 0.001234271867170519, 0.001234271867170519, 0.001234271867170519, 0.001234271867170519, 0.001234271867170519, 0.001234271867170519, 0.001234271867170519, 0.001234271867170519, 0.001234271867170519, 0.001234271867170519, 0.001234271867170519, 0.001234271867170519, 0.001234271867170519, 0.001234271867170519, 0.001234271867170519, 0.001234271867170519, 0.001234271867170519, 0.001234271867170519, 0.001234271867170519, 0.001234271867170519, 0.001234271867170519, 0.001234271867170519, 0.001234271867170519, 0.001234271867170519, 0.001234271867170519, 0.001234271867170519, 0.001234271867170519, 0.001234271867170519, 0.001234271867170519, 0.001234271867170519, 0.001234271867170519, 0.001234271867170519, 0.001234271867170519, 0.001234271867170519, 0.001234271867170519, 0.001234271867170519, 0.001234271867170519, 0.001234271867170519, 0.001234271867170519, 0.001234271867170519, 0.001234271867170519, 0.001234271867170519, 0.001234271867170519, 0.001234271867170519, 0.001234271867170519, 0.001234271867170519, 0.001234271867170519, 0.001234271867170519, 0.001234271867170519, 0.001234271867170519, 0.001234271867170519, 0.001234271867170519, 0.001234271867170519, 0.001234271867170519, 0.001234271867170519, 0.001234271867170519, 0.001234271867170519, 0.001234271867170519, 0.001234271867170519, 0.001234271867170519, 0.001234271867170519, 0.001234271867170519, 0.001234271867170519, 0.001234271867170519, 0.001234271867170519, 0.001234271867170519, 0.001234271867170519, 0.001234271867170519, 0.001234271867170519, 0.001234271867170519, 0.001234271867170519, 0.001234271867170519, 0.001234271867170519, 0.001234271867170519, 0.001234271867170519, 0.001234271867170519, 0.0015772073952912324], "HCA": [5.0503775157193e-05, 7.601137642237001e-05, 0.00010177859536642937, 0.00015384023634935315, 0.00018013872418630252, 0.00020670902921340423, 0.00023355538750490198, 0.0002606821236160131, 0.0002880936529052321, 0.00031579448393016286, 0.00034378922091960883, 0.00037208256632476956, 0.0004006793234525113, 0.0004295843991838097, 0.0004588028067805957, 0.0004883396687843764, 0.000518200220010152, 0.0005483898106393031, 0.0009146789959511068, 0.0009764073910128352, 0.0010700374275285495, 0.0010700374275285495, 0.0011977146594861607, 0.0012299977173374005, 0.0012299977173374005, 0.0012630271796177546, 0.0012630271796177546, 0.0012630271796177546, 0.0012630271796177546, 0.001297629255742322], "HPRA": [5.0503775157193e-05, 0.00010151897768754704, 0.0001272861966316064, 0.0001533170171230683, 0.00017961550496001767, 0.00020618580998711937, 0.00023303216827861713, 0.0002601589043897282, 0.00028757043367894726, 0.000315271264703878, 0.000343266001693324, 0.0003715593470984847, 0.0004001561042262264, 0.00042906117995752485, 0.0004874979951510968, 0.0005170348571548775, 0.00063647706205798, 0.0006666666526871311, 0.0007887630477910656, 0.0010356766280379792, 0.0011293066645536934, 0.0011924300075659394, 0.0011924300075659394, 0.0012569961232684187, 0.0012569961232684187, 0.0012569961232684187, 0.0012569961232684187, 0.0012569961232684187, 0.0012911946800893209]}