{"HDA": [5.0503775157193e-05, 7.601137642237001e-05, 0.00015331303325454812, 0.00017934385374601003, 0.00023194082941990876, 0.0002585111344470105, 0.0002853574927385083, 0.0003124842288496194, 0.00036730728742805747, 0.0003950081184529882, 0.0005069870664107721, 0.0005352804118159329, 0.0007354577117101249, 0.0007354577117101249, 0.0008231129345004828, 0.0008821866585080443, 0.0009717683121853712, 0.0010019579028145223, 0.0010019579028145223, 0.0010019579028145223, 0.0010019579028145223, 0.0010335195743206452], "HBA": [5.0503775157193e-05, 0.00010151897768754704, 0.00017882063451972515, 0.00023088227550264892, 0.00030977773901349706, 0.0003894886540948022, 0.0004163350123863, 0.0004434617484974111, 0.00047087327778663014, 0.0005539757708614224, 0.0005819705078508684, 0.0006385571986611898, 0.0006671539557889315, 0.0007538691829828267, 0.0008123059981763987, 0.0008418428601801793, 0.0009612850650832818, 0.0009612850650832818, 0.0009612850650832818, 0.0009612850650832818, 0.0009612850650832818, 0.0009612850650832818, 0.0009612850650832818, 0.0009612850650832818, 0.0009612850650832818, 0.0009612850650832818, 0.0009612850650832818, 0.0009612850650832818, 0.0009612850650832818, 0.0009612850650832818, 0.0009612850650832818, 0.0009612850650832818, 0.0009612850650832818, 0.0009612850650832818, 0.0009612850650832818, 0.0009612850650832818, 0.0009612850650832818, 0.0009612850650832818, 0.0009612850650832818, 0.0009612850650832818, 0.0009612850650832818, 0.0009612850650832818, 0.0009612850650832818, 0.0009612850650832818, 0.0009612850650832818, 0.0009612850650832818, 0.0009612850650832818, 0.0009612850650832818, 0.0009612850650832818, 0.0009612850650832818, 0.0009612850650832818, 0.0009612850650832818, 0.0009612850650832818, 0.0009612850650832818, 0.0009612850650832818, 0.0009612850650832818, 0.0009612850650832818, 0.0009612850650832818, 0.0009612850650832818, 0.0009612850650832818, 0.0009612850650832818, 0.0009612850650832818, 0.0009612850650832818, 0.0009612850650832818, 0.0009612850650832818, 0.0009612850650832818, 0.0010178173732974262, 0.0010178173732974262, 0.0010178173732974262, 0.0010178173732974262, 0.0010178173732974262, 0.0010178173732974262, 0.0010178173732974262, 0.0010178173732974262, 0.0010178173732974262, 0.0010178173732974262, 0.0010178173732974262, 0.0010178173732974262, 0.0010178173732974262, 0.0010178173732974262, 0.0010178173732974262, 0.0010178173732974262, 0.0010178173732974262, 0.0010178173732974262, 0.0010178173732974262, 0.0010178173732974262, 0.0010178173732974262, 0.0010178173732974262, 0.0010178173732974262, 0.0010178173732974262, 0.0010178173732974262, 0.0010178173732974262, 0.0010178173732974262, 0.0010178173732974262, 0.0010178173732974262, 0.0010178173732974262, 0.0010178173732974262, 0.0010178173732974262, 0.0010178173732974262, 0.0010178173732974262, 0.0010178173732974262, 0.0010178173732974262, 0.0010178173732974262, 0.0010178173732974262, 0.0010178173732974262, 0.0010178173732974262, 0.0010178173732974262, 0.0010178173732974262, 0.0010178173732974262, 0.0010178173732974262, 0.0010178173732974262, 0.0010178173732974262, 0.0010178173732974262, 0.0010178173732974262, 0.0010178173732974262, 0.0010178173732974262, 0.0010178173732974262, 0.0010178173732974262, 0.0010178173732974262, 0.0010178173732974262, 0.0010178173732974262, 0.0010178173732974262, 0.0010178173732974262, 0.0010178173732974262, 0.0010178173732974262, 0.0010178173732974262, 0.0010178173732974262, 0.0010178173732974262, 0.0010178173732974262, 0.0010178173732974262, 0.0010178173732974262, 0.0010178173732974262, 0.0010178173732974262, 0.0010178173732974262, 0.0010178173732974262, 0.0010178173732974262, 0.0012697700062024402], "HCA": [5.0503775157193e-05, 7.601137642237001e-05, 0.00012754581431048874, 0.00020563827578487441, 0.00023193676362182378, 0.0002850773736760272, 0.000311923731967525, 0.0003390504680786361, 0.00036646199736785513, 0.0003941628283927859, 0.00042215756538223185, 0.0004504509107873926, 0.0004790476679151343, 0.0007680984252281184, 0.0007680984252281184, 0.0008862458732432413, 0.0009459669756947926, 0.0009761565663239436, 0.0010066806650999272, 0.0010066806650999272, 0.0010066806650999272, 0.0010066806650999272, 0.00103859997308933], "HPRA": [5.0503775157193e-05, 0.00012702657895272406, 0.00017856101684084278, 0.00020459183733230468, 0.00023089032516925405, 0.00025746063019635576, 0.00028430698848785354, 0.0003385604607100758, 0.0003659719899992948, 0.00039367282102422557, 0.0005056517689820096, 0.0005905318051974916, 0.0006191285623252333, 0.000734748865250427, 0.0008224040880407849, 0.0008224040880407849, 0.0008821251904923362, 0.0010028835530089405, 0.0010028835530089405, 0.0010028835530089405, 0.0010028835530089405, 0.0010344452245150634]}