{"HDA": [2.52518875785965e-05, 5.075948884377352e-05, 0.00012806114567595161, 0.00015409196616741352, 0.00018039045400436288, 0.0002069607590314646, 0.00023380711732296235, 0.0003151873256562957, 0.0003425988549455147, 0.00037029968597044547, 0.00039829442295989144, 0.00042658776836505217, 0.0004551845254927939, 0.0005418997526866891, 0.0006295549754770471, 0.00074770242349217, 0.0008671446283952725, 0.0008973342190244236, 0.0009278583178004072, 0.0013290928857016418, 0.0013290928857016418, 0.0014237779002200107, 0.0014876165161988163, 0.0014876165161988163, 0.001520269577423306, 0.0015532990397036602, 0.0015532990397036602, 0.0015532990397036602, 0.0015874975965245624], "HBA": [7.57556627357895e-05, 0.00015227846653132057, 0.00017804568547537993, 0.0002301073264583037, 0.0002564058142952531, 0.0003095464243494565, 0.0003363927826409543, 0.0003635195187520654, 0.00041834257733050354, 0.0004460434083554343, 0.00047403814534488026, 0.0005306248361552017, 0.0005592215932829433, 0.0005881266690142417, 0.0006173450766110277, 0.0008536399726412734, 0.0009730821775443759, 0.0010636509494318291, 0.0011857473445357637, 0.001247475739597492, 0.0013411057761132062, 0.0014042291191254522, 0.001436148427114855, 0.0015007145428173343, 0.001533367604041824, 0.001533367604041824, 0.001533367604041824, 0.001533367604041824, 0.001533367604041824, 0.001533367604041824, 0.001533367604041824, 0.001533367604041824, 0.001533367604041824, 0.001533367604041824, 0.001533367604041824, 0.001533367604041824, 0.001533367604041824, 0.001533367604041824, 0.001533367604041824, 0.001533367604041824, 0.001533367604041824, 0.001533367604041824, 0.001533367604041824, 0.001533367604041824, 0.001533367604041824, 0.001533367604041824, 0.001533367604041824, 0.001533367604041824, 0.001533367604041824, 0.001533367604041824, 0.001533367604041824, 0.001533367604041824, 0.001533367604041824, 0.001533367604041824, 0.001533367604041824, 0.001533367604041824, 0.001533367604041824, 0.001533367604041824, 0.001533367604041824, 0.001533367604041824, 0.001533367604041824, 0.001533367604041824, 0.001533367604041824, 0.001533367604041824, 0.001533367604041824, 0.001533367604041824, 0.001533367604041824, 0.001533367604041824, 0.001533367604041824, 0.001533367604041824, 0.001533367604041824, 0.001533367604041824, 0.001533367604041824, 0.001533367604041824, 0.001533367604041824, 0.001533367604041824, 0.001533367604041824, 0.001533367604041824, 0.001533367604041824, 0.001533367604041824, 0.001533367604041824, 0.001533367604041824, 0.001533367604041824, 0.001533367604041824, 0.001533367604041824, 0.001533367604041824, 0.001533367604041824, 0.001533367604041824, 0.001533367604041824, 0.001533367604041824, 0.001533367604041824, 0.001533367604041824, 0.001533367604041824, 0.001533367604041824, 0.001533367604041824, 0.001533367604041824, 0.001533367604041824, 0.001533367604041824, 0.001533367604041824, 0.001533367604041824, 0.001533367604041824, 0.001533367604041824, 0.001533367604041824, 0.001533367604041824, 0.001644170928141547], "HCA": [2.52518875785965e-05, 5.075948884377352e-05, 0.00012806114567595161, 0.00015409196616741352, 0.00018039045400436288, 0.0002069607590314646, 0.00023380711732296235, 0.0003151873256562957, 0.0003425988549455147, 0.00037029968597044547, 0.00039829442295989144, 0.00042658776836505217, 0.0005123780397482773, 0.0005412831154795757, 0.0006581567458667196, 0.0006876936078705003, 0.000717554159096276, 0.0007477437497254271, 0.0012056052313651816, 0.0012056052313651816, 0.0013304452800528006, 0.0014566919660772924, 0.001488611274066695, 0.001488611274066695, 0.001488611274066695, 0.0015546701986274031, 0.0015546701986274031, 0.0015546701986274031, 0.0015888687554483053], "HPRA": [7.57556627357895e-05, 0.00010126326400096652, 0.00017856492083314463, 0.00020459574132460653, 0.0002308942291615559, 0.0002574645341886576, 0.0002843108924801554, 0.0003114376285912665, 0.00033884915788048555, 0.0003665499889054163, 0.00039454472589486227, 0.0004794247621103444, 0.0005080215192380861, 0.0005369265949693845, 0.0006245818177597424, 0.0007427292657748654, 0.0008621714706779679, 0.0008923610613071189, 0.0010449815551870371, 0.0011067099502487655, 0.0012003399867644797, 0.0013581483442950946, 0.0013581483442950946, 0.0014872805757000533, 0.0014872805757000533, 0.0015533395002607614, 0.0015533395002607614, 0.0015533395002607614, 0.0015875380570816635]}