{"HDA": [7.57556627357895e-05, 0.00010126326400096652, 0.00015279770188908524, 0.00017882852238054715, 0.00023142549805444589, 0.0002845661081086493, 0.0003114124664001471, 0.0003385392025112582, 0.00039336226108969627, 0.0005041655851894193, 0.0006161445331472033, 0.0008707846417936496, 0.0010709619416878415, 0.0010709619416878415, 0.0011293987568814134, 0.0011293987568814134, 0.0011293987568814134, 0.0011595883475105644, 0.0011595883475105644, 0.0011595883475105644, 0.0011595883475105644, 0.0011911500190166873], "HBA": [7.57556627357895e-05, 0.00012677086526614355, 0.0001525380842102029, 0.0001785689047016648, 0.00023116588037556355, 0.0003108767954568687, 0.0003645695120398642, 0.0003916962481509753, 0.00041910777744019436, 0.0006684152566645711, 0.0009483626265590309, 0.0009766559719641915, 0.0009766559719641915, 0.0010633711991580867, 0.0010925896067548726, 0.0010925896067548726, 0.0011224501579806482, 0.0011526397486097992, 0.0011526397486097992, 0.0011526397486097992, 0.0011526397486097992, 0.0011526397486097992, 0.0011526397486097992, 0.0011526397486097992, 0.0011526397486097992, 0.0011526397486097992, 0.0011526397486097992, 0.0011526397486097992, 0.0011526397486097992, 0.0011526397486097992, 0.0011526397486097992, 0.0011526397486097992, 0.0011526397486097992, 0.0011526397486097992, 0.0011526397486097992, 0.0011526397486097992, 0.0011526397486097992, 0.0011526397486097992, 0.0011526397486097992, 0.0011526397486097992, 0.0011526397486097992, 0.0011526397486097992, 0.0011526397486097992, 0.0011526397486097992, 0.0011526397486097992, 0.0011526397486097992, 0.0011526397486097992, 0.0011526397486097992, 0.0011526397486097992, 0.0011526397486097992, 0.0011526397486097992, 0.0011526397486097992, 0.0011526397486097992, 0.0011526397486097992, 0.0011526397486097992, 0.0011526397486097992, 0.0011526397486097992, 0.0011526397486097992, 0.0011526397486097992, 0.0011526397486097992, 0.0011526397486097992, 0.0011526397486097992, 0.0011526397486097992, 0.0011526397486097992, 0.0011526397486097992, 0.0011526397486097992, 0.0011526397486097992, 0.0011526397486097992, 0.0011526397486097992, 0.0011526397486097992, 0.0011526397486097992, 0.0011526397486097992, 0.0011526397486097992, 0.0011526397486097992, 0.0011526397486097992, 0.0011526397486097992, 0.0011526397486097992, 0.0011526397486097992, 0.0011526397486097992, 0.0011526397486097992, 0.0011526397486097992, 0.0011526397486097992, 0.0011526397486097992, 0.0011526397486097992, 0.0011526397486097992, 0.0011526397486097992, 0.0011526397486097992, 0.0011526397486097992, 0.0011526397486097992, 0.0011526397486097992, 0.0011526397486097992, 0.0011526397486097992, 0.0011526397486097992, 0.0011526397486097992, 0.0011526397486097992, 0.0011526397486097992, 0.0011526397486097992, 0.0011526397486097992, 0.0011526397486097992, 0.0011526397486097992, 0.0011526397486097992, 0.0011526397486097992, 0.0011526397486097992, 0.0011526397486097992, 0.0011526397486097992, 0.0011526397486097992, 0.0011526397486097992, 0.0011526397486097992, 0.0011526397486097992, 0.0011526397486097992, 0.0011526397486097992, 0.0011526397486097992, 0.0011526397486097992, 0.0011526397486097992, 0.0011526397486097992, 0.0011526397486097992, 0.0011526397486097992, 0.0011526397486097992, 0.0011526397486097992, 0.0011526397486097992, 0.0011526397486097992, 0.0011526397486097992, 0.0011526397486097992, 0.0011526397486097992, 0.0011526397486097992, 0.0011526397486097992, 0.0011526397486097992, 0.0011526397486097992, 0.0011526397486097992, 0.0011526397486097992, 0.0011526397486097992, 0.0011526397486097992, 0.0011526397486097992, 0.0011526397486097992, 0.0011526397486097992, 0.0011526397486097992, 0.0011526397486097992, 0.0011526397486097992, 0.0011526397486097992, 0.0011526397486097992, 0.0011526397486097992, 0.0011526397486097992, 0.0011526397486097992, 0.0011526397486097992, 0.0011526397486097992, 0.0011526397486097992, 0.0011526397486097992, 0.0011526397486097992, 0.0011526397486097992, 0.0011526397486097992, 0.0011526397486097992, 0.0011526397486097992, 0.0011526397486097992, 0.0011526397486097992, 0.0011526397486097992, 0.0011526397486097992, 0.0011526397486097992, 0.0011526397486097992, 0.0011526397486097992, 0.0011526397486097992, 0.0011526397486097992, 0.0011526397486097992, 0.0011526397486097992, 0.0011526397486097992, 0.0011526397486097992, 0.0011526397486097992, 0.0011526397486097992, 0.0011526397486097992, 0.0011526397486097992, 0.0011526397486097992, 0.0011526397486097992, 0.0011526397486097992, 0.0011526397486097992, 0.0011526397486097992, 0.0027526397486097995], "HCA": [7.57556627357895e-05, 0.00012677086526614355, 0.0001525380842102029, 0.0001785689047016648, 0.00023116588037556355, 0.00028430649042976696, 0.00031115284872126474, 0.00039253305705459806, 0.0004199445863438171, 0.0006692520655681938, 0.0009491994354626537, 0.0009774927808678144, 0.0009774927808678144, 0.0010642080080617096, 0.0010934264156584955, 0.0010934264156584955, 0.001123286966884271, 0.001123286966884271, 0.0011538110656602546, 0.0011538110656602546, 0.0011538110656602546, 0.0011538110656602546, 0.0011538110656602546, 0.0011860941235114944], "HPRA": [7.57556627357895e-05, 0.00012677086526614355, 0.0001525380842102029, 0.0001785689047016648, 0.00023116588037556355, 0.00028430649042976696, 0.00031115284872126474, 0.00036540632094348693, 0.00039281785023270597, 0.0005036211743324289, 0.0005596106483113209, 0.0008142507569577672, 0.0009286377854687341, 0.0010153530126626293, 0.0011322266430497732, 0.0011322266430497732, 0.0011322266430497732, 0.0011624162336789242, 0.0011624162336789242, 0.0011624162336789242, 0.0011624162336789242, 0.001193977905185047]}