{"HDA": [2.52518875785965e-05, 5.075948884377352e-05, 0.00010229392673189225, 0.00012832474722335416, 0.00015462323506030352, 0.00020776384511450694, 0.00026145656169750245, 0.00028858329780861357, 0.0003434063563870517, 0.00042650884946184394, 0.00048249832344073593, 0.0005390850142510574, 0.0006820687998897659, 0.0007976891028149596, 0.0010606547711860333, 0.0011197284951935946, 0.0012690312513224727, 0.0012992208419516237, 0.0012992208419516237, 0.0013918134345442164, 0.0013918134345442164, 0.0013918134345442164, 0.0013918134345442164, 0.0013918134345442164, 0.0013918134345442164, 0.0013918134345442164, 0.0013918134345442164, 0.0014256154897091704], "HBA": [5.0503775157193e-05, 0.00012702657895272406, 0.00015279379789678342, 0.00017882461838824532, 0.0002051231062251947, 0.0002582637162793981, 0.0003119564328623936, 0.00033908316897350474, 0.00039390622755194286, 0.00044930788960180436, 0.0004773026265912503, 0.0006187693536170538, 0.0007331563821280207, 0.0007909665335906176, 0.0010831506095584772, 0.0011717611955698193, 0.0012613428492471463, 0.0012915324398762972, 0.0013220565386522808, 0.0013837849337140092, 0.0013837849337140092, 0.0013837849337140092, 0.0013837849337140092, 0.0013837849337140092, 0.0013837849337140092, 0.0013837849337140092, 0.0013837849337140092, 0.0013837849337140092, 0.0013837849337140092, 0.0013837849337140092, 0.0013837849337140092, 0.0013837849337140092, 0.0013837849337140092, 0.0013837849337140092, 0.0013837849337140092, 0.0013837849337140092, 0.0013837849337140092, 0.0013837849337140092, 0.0013837849337140092, 0.0013837849337140092, 0.0013837849337140092, 0.0013837849337140092, 0.0013837849337140092, 0.0013837849337140092, 0.0013837849337140092, 0.0013837849337140092, 0.0013837849337140092, 0.0013837849337140092, 0.0013837849337140092, 0.0013837849337140092, 0.0013837849337140092, 0.0013837849337140092, 0.0013837849337140092, 0.0013837849337140092, 0.0013837849337140092, 0.0013837849337140092, 0.0013837849337140092, 0.0013837849337140092, 0.0013837849337140092, 0.0013837849337140092, 0.0013837849337140092, 0.0013837849337140092, 0.0013837849337140092, 0.0013837849337140092, 0.0013837849337140092, 0.0013837849337140092, 0.0013837849337140092, 0.0013837849337140092, 0.0013837849337140092, 0.0013837849337140092, 0.0013837849337140092, 0.0013837849337140092, 0.0013837849337140092, 0.0013837849337140092, 0.0013837849337140092, 0.0013837849337140092, 0.0013837849337140092, 0.0013837849337140092, 0.0013837849337140092, 0.0013837849337140092, 0.0013837849337140092, 0.0013837849337140092, 0.0013837849337140092, 0.0013837849337140092, 0.0013837849337140092, 0.0013837849337140092, 0.0013837849337140092, 0.0013837849337140092, 0.0013837849337140092, 0.0013837849337140092, 0.0013837849337140092, 0.0013837849337140092, 0.0013837849337140092, 0.0013837849337140092, 0.0013837849337140092, 0.0013837849337140092, 0.0013837849337140092, 0.0013837849337140092, 0.0013837849337140092, 0.0013837849337140092, 0.0013837849337140092, 0.0013837849337140092, 0.0013837849337140092, 0.0013837849337140092, 0.0013837849337140092, 0.0013837849337140092, 0.0013837849337140092, 0.0013837849337140092, 0.0013837849337140092, 0.0013837849337140092, 0.0013837849337140092, 0.0013837849337140092, 0.0013837849337140092, 0.0013837849337140092, 0.0013837849337140092, 0.0013837849337140092, 0.0013837849337140092, 0.0013837849337140092, 0.0013837849337140092, 0.0013837849337140092, 0.0013837849337140092, 0.0013837849337140092, 0.0013837849337140092, 0.0013837849337140092, 0.0013837849337140092, 0.0013837849337140092, 0.0013837849337140092, 0.0013837849337140092, 0.0013837849337140092, 0.0013837849337140092, 0.0013837849337140092, 0.0013837849337140092, 0.0013837849337140092, 0.0013837849337140092, 0.0013837849337140092, 0.0013837849337140092, 0.0013837849337140092, 0.0013837849337140092, 0.0013837849337140092, 0.0013837849337140092, 0.0013837849337140092, 0.0013837849337140092, 0.0013837849337140092, 0.0013837849337140092, 0.0013837849337140092, 0.0013837849337140092, 0.0013837849337140092, 0.0013837849337140092, 0.0013837849337140092, 0.0013837849337140092, 0.0018002780615773994], "HCA": [5.0503775157193e-05, 7.601137642237001e-05, 0.00010177859536642937, 0.00012780941585789128, 0.00015410790369484065, 0.00018067820872194235, 0.00023437092530493786, 0.0002886243975271601, 0.00034344745610559815, 0.00039884911815545965, 0.0004828333291237976, 0.0006243000561496012, 0.0006814935704050846, 0.0007971138733302783, 0.001089297949298138, 0.001089297949298138, 0.001268461256652792, 0.0012986508472819429, 0.0013291749460579265, 0.0013909033411196548, 0.0013909033411196548, 0.0013909033411196548, 0.0013909033411196548, 0.0013909033411196548, 0.0013909033411196548, 0.0013909033411196548, 0.0013909033411196548, 0.001424705396284609], "HPRA": [2.52518875785965e-05, 7.626709010895054e-05, 0.00010203430905300991, 0.0001801267705273956, 0.00020642525836434496, 0.0002595658684185484, 0.0003132585850015439, 0.00034038532111265504, 0.0003952083796910931, 0.00042290921071602385, 0.00047889868469491584, 0.0005354853755052373, 0.0006784691611439459, 0.0007940894640691396, 0.0009401815020530695, 0.0010583289500681924, 0.0011180500525197438, 0.0012991875962946502, 0.0012991875962946502, 0.0013609159913563786, 0.0013921260035282834, 0.0013921260035282834, 0.0013921260035282834, 0.0013921260035282834, 0.0013921260035282834, 0.0013921260035282834, 0.001425538412897123]}