{"HDA": [2.52518875785965e-05, 5.075948884377352e-05, 7.652670778783289e-05, 0.00010255752827929478, 0.00012885601611624416, 0.00015542632114334587, 0.0002628117543093369, 0.0003170652265315591, 0.00037188828510999715, 0.00042728994715985865, 0.00048327942113875064, 0.0005115727665439113, 0.0005687662807993948, 0.0006265764322619916, 0.0006850132474555636, 0.0007736238334669057, 0.0009229265895957838, 0.001013495361483237, 0.0011050676578111878, 0.0013519812380581014, 0.0013519812380581014, 0.0014151045810703474, 0.00144702388905975, 0.00144702388905975, 0.00144702388905975, 0.00144702388905975, 0.00144702388905975, 0.00144702388905975, 0.0014812224458806522], "HBA": [7.57556627357895e-05, 0.00010126326400096652, 0.00012703048294502588, 0.00015306130343648779, 0.00020565827911038655, 0.00025879888916458996, 0.0003124916057475855, 0.0003396183418586966, 0.00036702987114791563, 0.00042243153319777713, 0.0005344104811555611, 0.0006192905173710431, 0.0006764840316265266, 0.0007342941830891234, 0.0008219494058794814, 0.0008810231298870428, 0.0009108836811128185, 0.0010014524530002717, 0.0011845970456561736, 0.0013389180333104947, 0.0013389180333104947, 0.0014020413763227407, 0.0014339606843121434, 0.0014339606843121434, 0.0014339606843121434, 0.0014339606843121434, 0.0014339606843121434, 0.0014339606843121434, 0.0014339606843121434, 0.0014339606843121434, 0.0014339606843121434, 0.0014339606843121434, 0.0014339606843121434, 0.0014339606843121434, 0.0014339606843121434, 0.0014339606843121434, 0.0014339606843121434, 0.0014339606843121434, 0.0014339606843121434, 0.0014339606843121434, 0.0014339606843121434, 0.0014339606843121434, 0.0014339606843121434, 0.0014339606843121434, 0.0014339606843121434, 0.0014339606843121434, 0.0014339606843121434, 0.0014339606843121434, 0.0014339606843121434, 0.0014339606843121434, 0.0014339606843121434, 0.0014339606843121434, 0.0014339606843121434, 0.0014339606843121434, 0.0014339606843121434, 0.0014339606843121434, 0.0014339606843121434, 0.0014339606843121434, 0.0014339606843121434, 0.0014339606843121434, 0.0014339606843121434, 0.0014339606843121434, 0.0014339606843121434, 0.0014339606843121434, 0.0014339606843121434, 0.0014339606843121434, 0.0014339606843121434, 0.0014339606843121434, 0.0014339606843121434, 0.0014339606843121434, 0.0014339606843121434, 0.0014339606843121434, 0.0014339606843121434, 0.0014339606843121434, 0.0014339606843121434, 0.0014339606843121434, 0.0014339606843121434, 0.0014339606843121434, 0.0014339606843121434, 0.0014339606843121434, 0.0014339606843121434, 0.0014339606843121434, 0.0014339606843121434, 0.0014339606843121434, 0.0014339606843121434, 0.0014339606843121434, 0.0014339606843121434, 0.0014339606843121434, 0.0014339606843121434, 0.0014339606843121434, 0.0014339606843121434, 0.0014339606843121434, 0.0014339606843121434, 0.0014339606843121434, 0.0014339606843121434, 0.0014339606843121434, 0.0014339606843121434, 0.0014339606843121434, 0.0014339606843121434, 0.0014339606843121434, 0.0014339606843121434, 0.0014339606843121434, 0.0014339606843121434, 0.0014339606843121434, 0.0014339606843121434, 0.0014339606843121434, 0.0014339606843121434, 0.0014339606843121434, 0.0014339606843121434, 0.0014339606843121434, 0.0014339606843121434, 0.0014339606843121434, 0.0014339606843121434, 0.0014339606843121434, 0.0014339606843121434, 0.0014339606843121434, 0.0014339606843121434, 0.0014339606843121434, 0.0014339606843121434, 0.0014339606843121434, 0.0014339606843121434, 0.0014339606843121434, 0.0014339606843121434, 0.0014339606843121434, 0.0014339606843121434, 0.0014339606843121434, 0.0014339606843121434, 0.0014339606843121434, 0.0014339606843121434, 0.0014339606843121434, 0.0014339606843121434, 0.0014339606843121434, 0.0014339606843121434, 0.0014339606843121434, 0.0014339606843121434, 0.0014339606843121434, 0.0014339606843121434, 0.0014339606843121434, 0.0014339606843121434, 0.0014339606843121434, 0.0014339606843121434, 0.0014339606843121434, 0.0014339606843121434, 0.0014339606843121434, 0.0014339606843121434, 0.0014339606843121434, 0.0014339606843121434, 0.0014339606843121434, 0.0014339606843121434, 0.0014339606843121434, 0.0014339606843121434, 0.0014339606843121434, 0.0014339606843121434, 0.0014339606843121434, 0.0014339606843121434, 0.0014339606843121434, 0.0014339606843121434, 0.0014339606843121434, 0.0014339606843121434, 0.0014339606843121434, 0.0014339606843121434, 0.0014339606843121434, 0.0014339606843121434, 0.0014339606843121434, 0.0014339606843121434, 0.0014339606843121434, 0.0014339606843121434, 0.0014339606843121434, 0.0014339606843121434, 0.0025450717954232545], "HCA": [2.52518875785965e-05, 5.075948884377352e-05, 7.652670778783289e-05, 0.00010255752827929478, 0.0001814529917901429, 0.00023459360184434634, 0.0002614399601358441, 0.00031569343235806637, 0.00037051649093650444, 0.0003982173219614352, 0.0004542067959403272, 0.0005107934867506486, 0.0005679870010061321, 0.0006547022282000273, 0.0007131390433935993, 0.0007722127674011607, 0.0008020733186269364, 0.0008624524998852386, 0.0008929765986612222, 0.0010472975863155432, 0.0013281876958626858, 0.0013597493673688087, 0.0014235879833476143, 0.0014235879833476143, 0.001456241044572104, 0.001456241044572104, 0.001456241044572104, 0.001456241044572104, 0.001456241044572104, 0.0014908431206966716], "HPRA": [2.52518875785965e-05, 5.075948884377352e-05, 7.652670778783289e-05, 0.00015461916926221857, 0.00018091765709916794, 0.00023405826715337135, 0.00026090462544486913, 0.0003151580976670914, 0.00036998115624552945, 0.00042538281829539095, 0.00048137229227428294, 0.0005379589830846043, 0.0006809427687233129, 0.0007098478444546113, 0.0007682846596481832, 0.0008273583836557447, 0.0009169400373330716, 0.0010075088092205248, 0.0010990811055484758, 0.0011916736981410685, 0.0013165137468286875, 0.0014111987613470564, 0.001443118069336459, 0.001443118069336459, 0.001443118069336459, 0.001443118069336459, 0.001443118069336459, 0.001443118069336459, 0.0014773166261573612]}