{"HDA": [5.0503775157193e-05, 0.00012702657895272406, 0.00015279379789678342, 0.00017882461838824532, 0.0002051231062251947, 0.0002582637162793981, 0.0003119564328623936, 0.00033908316897350474, 0.00039390622755194286, 0.0004216070585768736, 0.0004496017955663196, 0.0006193618679972838, 0.0006479586251250254, 0.0008213890795128159, 0.0009090443023031738, 0.0009385811643069545, 0.0009684417155327302, 0.0009684417155327302, 0.0009684417155327302, 0.0009684417155327302, 0.0009996517277046349], "HBA": [7.57556627357895e-05, 0.00012677086526614355, 0.0001783053031542623, 0.00023036694413718607, 0.0003092624076480342, 0.0003358327126751359, 0.0003626790709666337, 0.000444059279299967, 0.0004988823378784051, 0.0005265831689033358, 0.0005545779058927818, 0.0006677512875134246, 0.0007535415588966497, 0.0007824466346279481, 0.000899320265015092, 0.0009288571270188727, 0.0009288571270188727, 0.0009590467176480238, 0.0009590467176480238, 0.0009590467176480238, 0.0009590467176480238, 0.0009590467176480238, 0.0009590467176480238, 0.0009590467176480238, 0.0009590467176480238, 0.0009590467176480238, 0.0009590467176480238, 0.0009590467176480238, 0.0009590467176480238, 0.0009590467176480238, 0.0009590467176480238, 0.0009590467176480238, 0.0009590467176480238, 0.0009590467176480238, 0.0009590467176480238, 0.0009590467176480238, 0.0009590467176480238, 0.0009590467176480238, 0.0009590467176480238, 0.0009590467176480238, 0.0009590467176480238, 0.0009590467176480238, 0.0009590467176480238, 0.0009590467176480238, 0.0009590467176480238, 0.0009590467176480238, 0.0009590467176480238, 0.0009590467176480238, 0.0009590467176480238, 0.0009590467176480238, 0.0009590467176480238, 0.0009590467176480238, 0.0009590467176480238, 0.0009590467176480238, 0.0009590467176480238, 0.0009590467176480238, 0.0009590467176480238, 0.0009590467176480238, 0.0009590467176480238, 0.0009590467176480238, 0.0009590467176480238, 0.0009590467176480238, 0.0009590467176480238, 0.0009590467176480238, 0.0009590467176480238, 0.0009590467176480238, 0.0009590467176480238, 0.0009590467176480238, 0.0009590467176480238, 0.0009590467176480238, 0.0009590467176480238, 0.0009590467176480238, 0.0009590467176480238, 0.0009590467176480238, 0.0009590467176480238, 0.0009590467176480238, 0.0009590467176480238, 0.0009590467176480238, 0.0009590467176480238, 0.0009590467176480238, 0.0009590467176480238, 0.0009590467176480238, 0.0009590467176480238, 0.0009590467176480238, 0.0009590467176480238, 0.0009590467176480238, 0.0009590467176480238, 0.0009590467176480238, 0.0009590467176480238, 0.0009590467176480238, 0.0009590467176480238, 0.0009590467176480238, 0.0009590467176480238, 0.0009590467176480238, 0.0009590467176480238, 0.0009590467176480238, 0.0009590467176480238, 0.0009590467176480238, 0.0009590467176480238, 0.0009590467176480238, 0.0009590467176480238, 0.0009590467176480238, 0.0009590467176480238, 0.0009590467176480238, 0.0009590467176480238, 0.0009590467176480238, 0.0009590467176480238, 0.0009590467176480238, 0.0009590467176480238, 0.0009590467176480238, 0.0009590467176480238, 0.0009590467176480238, 0.0009590467176480238, 0.0009590467176480238, 0.0009590467176480238, 0.0009590467176480238, 0.0009590467176480238, 0.0009590467176480238, 0.0009590467176480238, 0.0009590467176480238, 0.0009590467176480238, 0.0009590467176480238, 0.0009590467176480238, 0.0009590467176480238, 0.0009590467176480238, 0.0009590467176480238, 0.0009590467176480238, 0.0009590467176480238, 0.0009590467176480238, 0.0009590467176480238, 0.0009590467176480238, 0.0009590467176480238, 0.0009590467176480238, 0.0009590467176480238, 0.0009590467176480238, 0.0009590467176480238, 0.0009590467176480238, 0.0009590467176480238, 0.0009590467176480238, 0.0009590467176480238, 0.0009590467176480238, 0.0009590467176480238, 0.0009590467176480238, 0.0009590467176480238, 0.0009590467176480238, 0.0009590467176480238, 0.0009590467176480238, 0.0009590467176480238, 0.0009590467176480238, 0.0009590467176480238, 0.0009590467176480238, 0.0009590467176480238, 0.0009590467176480238, 0.0009590467176480238, 0.0009590467176480238, 0.0014755756432678585], "HCA": [5.0503775157193e-05, 7.601137642237001e-05, 0.00010177859536642937, 0.00017987105684081505, 0.00020616954467776442, 0.00023273984970486613, 0.00028643256628786164, 0.0003406860385100839, 0.00039550909708852195, 0.0004232099281134527, 0.00045120466510289867, 0.0004794980105080594, 0.0006796753104022515, 0.0007374854618648483, 0.0008543590922519922, 0.0008838959542557729, 0.0009436170567073242, 0.0009436170567073242, 0.0009436170567073242, 0.0010053454517690527], "HPRA": [5.0503775157193e-05, 0.00012702657895272406, 0.00017856101684084278, 0.00020459183733230468, 0.00023089032516925405, 0.00025746063019635576, 0.00031115334677935127, 0.0003382800828904624, 0.0003931031414689005, 0.000448504803518762, 0.000560483751476546, 0.0006453637876920281, 0.0007311540590752532, 0.00078896421053785, 0.000905837840924994, 0.000905837840924994, 0.0009655589433765452, 0.0009655589433765452, 0.0009655589433765452, 0.0009655589433765452, 0.00099676895554845]}