{"HDA": [2.52518875785965e-05, 7.626709010895054e-05, 0.00012780152799706928, 0.00017986316897999305, 0.00023246014465389182, 0.00033874136476229864, 0.00041928043963679193, 0.00044640717574790306, 0.0004738187050371221, 0.0005015195360620528, 0.0005295142730514988, 0.0005861009638618202, 0.0006432944781173037, 0.000672199553848602, 0.000701417961445388, 0.0007604916854529495, 0.0009993760952591545, 0.0009993760952591545, 0.001121472490363089, 0.0012140650829556817, 0.0012140650829556817, 0.0012456267544618046, 0.0012456267544618046, 0.0012456267544618046, 0.0012782798156862943], "HBA": [0.000101007550314386, 0.00015202275284474003, 0.0001777899717887994, 0.00022985161277172317, 0.0003087470762825713, 0.0003618876863367747, 0.0004155804029197702, 0.0004698338751419924, 0.0005246569337204305, 0.0005523577647453612, 0.0005803525017348071, 0.0006086458471399679, 0.0006658393613954513, 0.000781459664320645, 0.000810678071917431, 0.0008992886579287731, 0.0009590097603803244, 0.0010797681228969286, 0.0011713404192248795, 0.0012022046167557438, 0.0012022046167557438, 0.0012337662882618667, 0.0012337662882618667, 0.0012337662882618667, 0.0012337662882618667, 0.0012337662882618667, 0.0012337662882618667, 0.0012337662882618667, 0.0012337662882618667, 0.0012337662882618667, 0.0012337662882618667, 0.0012337662882618667, 0.0012337662882618667, 0.0012337662882618667, 0.0012337662882618667, 0.0012337662882618667, 0.0012337662882618667, 0.0012337662882618667, 0.0012337662882618667, 0.0012337662882618667, 0.0012337662882618667, 0.0012337662882618667, 0.0012337662882618667, 0.0012337662882618667, 0.0012337662882618667, 0.0012337662882618667, 0.0012337662882618667, 0.0012337662882618667, 0.0012337662882618667, 0.0012337662882618667, 0.0012337662882618667, 0.0012337662882618667, 0.0012337662882618667, 0.0012337662882618667, 0.0012337662882618667, 0.0012337662882618667, 0.0012337662882618667, 0.0012337662882618667, 0.0012337662882618667, 0.0012337662882618667, 0.0012337662882618667, 0.0012337662882618667, 0.0012337662882618667, 0.0012337662882618667, 0.0012337662882618667, 0.0012337662882618667, 0.0012337662882618667, 0.0012337662882618667, 0.0012337662882618667, 0.0012337662882618667, 0.0012337662882618667, 0.0012337662882618667, 0.0012337662882618667, 0.0012337662882618667, 0.0012337662882618667, 0.0012337662882618667, 0.0012337662882618667, 0.0012337662882618667, 0.0012337662882618667, 0.0012337662882618667, 0.0012337662882618667, 0.0012337662882618667, 0.0012337662882618667, 0.0012337662882618667, 0.0012337662882618667, 0.0012337662882618667, 0.0012337662882618667, 0.0012337662882618667, 0.0012337662882618667, 0.0012337662882618667, 0.0012337662882618667, 0.001319500170292045], "HCA": [2.52518875785965e-05, 7.626709010895054e-05, 0.00012780152799706928, 0.00017986316897999305, 0.00023246014465389182, 0.00033874136476229864, 0.0003655877230537964, 0.00039271445916490755, 0.0004201259884541266, 0.00044782681947905733, 0.0004758215564685033, 0.000504114901873664, 0.0005613084161291475, 0.0006191185675917443, 0.0007067737903821023, 0.0007658475143896637, 0.0010047319241958687, 0.001125490286712473, 0.0011865384842644404, 0.0011865384842644404, 0.0012177484964363452, 0.0012177484964363452, 0.001249667804425748, 0.001249667804425748, 0.0012823208656502377], "HPRA": [2.52518875785965e-05, 7.626709010895054e-05, 0.000179335965885188, 0.00023139760686811177, 0.00028399458254201054, 0.00033713519259621395, 0.00041767426747070724, 0.00044480100358181837, 0.0004722125328710374, 0.0004999133638959681, 0.00055590283787486, 0.0005841961832800208, 0.0006413896975355042, 0.0006702947732668026, 0.0007579499960571605, 0.0009056343060760641, 0.0009653554085276154, 0.0010559241804150685, 0.0010559241804150685, 0.0011176525754767969, 0.0011800725998206063, 0.0012431959428328523, 0.0012431959428328523, 0.0012431959428328523, 0.001275849004057342]}