{"HDA": [2.52518875785965e-05, 5.075948884377352e-05, 7.652670778783289e-05, 0.00012858834877075667, 0.00015488683660770604, 0.00018145714163480774, 0.00023514985821780326, 0.00026227659432891435, 0.0002896881236181334, 0.0003450897856679949, 0.0004010792596468869, 0.0004576659504572083, 0.00048626270758495, 0.0005151677833162484, 0.0006320414137033924, 0.000661578275707173, 0.0006914388269329487, 0.0007216284175620998, 0.000782676615114067, 0.0009061334052375238, 0.0009373434174094285, 0.0012845218039767813, 0.0013802797279449895, 0.0013802797279449895, 0.0014129327891694793, 0.0014459622514498335, 0.0014459622514498335, 0.0014459622514498335, 0.0014459622514498335, 0.0014459622514498335, 0.001480975031114411], "HBA": [2.52518875785965e-05, 0.00010177469137412756, 0.0001533091292622463, 0.0001793399497537082, 0.00023193692542760697, 0.0002850775354818104, 0.00031192389377330816, 0.0003661773659955304, 0.00044841195386318756, 0.0004761127848881183, 0.0005600969958564563, 0.000588390341261617, 0.0006169870983893587, 0.000645892174120657, 0.000675110581717443, 0.0007637211677287852, 0.0008234422701803364, 0.0008536318608094875, 0.0008841559595854712, 0.0009458843546471995, 0.001133144427678628, 0.001196267770690874, 0.0012281870786802766, 0.0013250362522339958, 0.0013576893134584855, 0.0013907187757388397, 0.0014241311851076793, 0.0014241311851076793, 0.0014241311851076793, 0.0014241311851076793, 0.0014241311851076793, 0.0014241311851076793, 0.0014241311851076793, 0.0014241311851076793, 0.0014241311851076793, 0.0014241311851076793, 0.0014241311851076793, 0.0014241311851076793, 0.0014241311851076793, 0.0014241311851076793, 0.0014241311851076793, 0.0014241311851076793, 0.0014241311851076793, 0.0014241311851076793, 0.0014241311851076793, 0.0014241311851076793, 0.0014241311851076793, 0.0014241311851076793, 0.0014241311851076793, 0.0014241311851076793, 0.0014241311851076793, 0.0014241311851076793, 0.0014241311851076793, 0.0014241311851076793, 0.0014241311851076793, 0.0014241311851076793, 0.0014241311851076793, 0.0014241311851076793, 0.0014241311851076793, 0.0014241311851076793, 0.0014241311851076793, 0.0014241311851076793, 0.0014241311851076793, 0.0014241311851076793, 0.0014241311851076793, 0.0014241311851076793, 0.0014241311851076793, 0.0014241311851076793, 0.0014241311851076793, 0.0014241311851076793, 0.0014241311851076793, 0.0014241311851076793, 0.0014241311851076793, 0.0014241311851076793, 0.0014241311851076793, 0.0014241311851076793, 0.0014241311851076793, 0.0014241311851076793, 0.0014241311851076793, 0.0014241311851076793, 0.0014241311851076793, 0.0014241311851076793, 0.0014241311851076793, 0.0014241311851076793, 0.0014241311851076793, 0.0014241311851076793, 0.0014241311851076793, 0.0014241311851076793, 0.0014241311851076793, 0.0014241311851076793, 0.0014241311851076793, 0.0014241311851076793, 0.0014241311851076793, 0.0014241311851076793, 0.0014241311851076793, 0.0014241311851076793, 0.0014241311851076793, 0.0014241311851076793, 0.0014241311851076793, 0.0014241311851076793, 0.0014241311851076793, 0.0014241311851076793, 0.0014241311851076793, 0.0014241311851076793, 0.0014241311851076793, 0.0014241311851076793, 0.0014241311851076793, 0.0014241311851076793, 0.0014241311851076793, 0.0014241311851076793, 0.0014241311851076793, 0.0014241311851076793, 0.0014241311851076793, 0.0014241311851076793, 0.0014241311851076793, 0.0014241311851076793, 0.0014241311851076793, 0.0014241311851076793, 0.0014241311851076793, 0.0014241311851076793, 0.0014241311851076793, 0.0015884967340886128], "HCA": [2.52518875785965e-05, 5.075948884377352e-05, 7.652670778783289e-05, 0.00010255752827929478, 0.00012885601611624416, 0.00015542632114334587, 0.00018227267943484362, 0.00023652615165706584, 0.0002913492102355039, 0.0003467508722853654, 0.00043073508325370337, 0.0004590284286588641, 0.0004876251857866058, 0.0005165302615179042, 0.0005457486691146902, 0.0006048223931222516, 0.0006346829443480273, 0.0006648725349771784, 0.0011227340166169329, 0.0011844624116786613, 0.0011844624116786613, 0.0012791474261970302, 0.0013749053501652384, 0.001407188408016478, 0.001407188408016478, 0.0014402178702968321, 0.0014402178702968321, 0.0014402178702968321, 0.0014402178702968321, 0.0014402178702968321, 0.0014752306499614097], "HPRA": [2.52518875785965e-05, 5.075948884377352e-05, 7.652670778783289e-05, 0.00012858834877075667, 0.00018118532444465543, 0.00020775562947175714, 0.0002346019877632549, 0.000261728723874366, 0.00031655178245280414, 0.0003442526134777349, 0.0004002420874566269, 0.000485122123672109, 0.0005709123950553342, 0.0005998174707866325, 0.0006874726935769905, 0.0007170095555807712, 0.0007468701068065469, 0.0007770596974356979, 0.0008686319937636489, 0.0009303603888253773, 0.0010552004375129962, 0.001181447123537488, 0.0013729629714739047, 0.0013729629714739047, 0.0013729629714739047, 0.0014390218960346128, 0.0014390218960346128, 0.0014390218960346128, 0.0014390218960346128, 0.0014390218960346128, 0.0014740346756991903]}