{"HDA": [5.0503775157193e-05, 7.601137642237001e-05, 0.00012754581431048874, 0.0001796074552934125, 0.00020590594313036188, 0.0002590465531845653, 0.0003395856280590586, 0.0004209658363923919, 0.0005032004242600491, 0.0005863029173348413, 0.0006422923913137332, 0.0007271724275292153, 0.0008987529702956655, 0.0011010885004147544, 0.0011887437232051123, 0.0011887437232051123, 0.0012186042744308878, 0.0012487938650600388, 0.0012487938650600388, 0.0012487938650600388, 0.0012487938650600388, 0.0012487938650600388, 0.0012807131730494415], "HBA": [5.0503775157193e-05, 0.00010151897768754704, 0.00015305341557566578, 0.0001790842360671277, 0.00023168121174102643, 0.00025825151676812816, 0.00033879059164262145, 0.00042017079997595477, 0.0004475823292651738, 0.00047528316029010455, 0.0005312726342689965, 0.0008424994337257643, 0.0009282897051089894, 0.001043910008034183, 0.001102346823227755, 0.0011909574092390971, 0.0012208179604648727, 0.0012208179604648727, 0.0012208179604648727, 0.0012208179604648727, 0.0012208179604648727, 0.0012208179604648727, 0.0012208179604648727, 0.0012208179604648727, 0.0012208179604648727, 0.0012208179604648727, 0.0012208179604648727, 0.0012208179604648727, 0.0012208179604648727, 0.0012208179604648727, 0.0012208179604648727, 0.0012208179604648727, 0.0012208179604648727, 0.0012208179604648727, 0.0012208179604648727, 0.0012208179604648727, 0.0012208179604648727, 0.0012208179604648727, 0.0012208179604648727, 0.0012208179604648727, 0.0012208179604648727, 0.0012208179604648727, 0.0012208179604648727, 0.0012208179604648727, 0.0012208179604648727, 0.0012208179604648727, 0.0012208179604648727, 0.0012208179604648727, 0.0012208179604648727, 0.0012208179604648727, 0.0012208179604648727, 0.0012208179604648727, 0.0012208179604648727, 0.0012208179604648727, 0.0012208179604648727, 0.0012208179604648727, 0.0012208179604648727, 0.0012208179604648727, 0.0012208179604648727, 0.0012208179604648727, 0.0012208179604648727, 0.0012208179604648727, 0.0012208179604648727, 0.0012208179604648727, 0.0012208179604648727, 0.0012208179604648727, 0.0012208179604648727, 0.0012208179604648727, 0.0012208179604648727, 0.0012208179604648727, 0.0012208179604648727, 0.0012208179604648727, 0.0012208179604648727, 0.0012208179604648727, 0.0012208179604648727, 0.0012208179604648727, 0.0012208179604648727, 0.0012208179604648727, 0.0012208179604648727, 0.0012208179604648727, 0.0012208179604648727, 0.0012208179604648727, 0.0012208179604648727, 0.0012208179604648727, 0.0012208179604648727, 0.0012208179604648727, 0.0012208179604648727, 0.0012208179604648727, 0.0012208179604648727, 0.0012208179604648727, 0.0012208179604648727, 0.0012208179604648727, 0.0012208179604648727, 0.0012208179604648727, 0.0012208179604648727, 0.0012208179604648727, 0.0012208179604648727, 0.0012208179604648727, 0.0012208179604648727, 0.0012208179604648727, 0.0012208179604648727, 0.0012208179604648727, 0.0012208179604648727, 0.0012208179604648727, 0.0012208179604648727, 0.0012208179604648727, 0.0012208179604648727, 0.0012208179604648727, 0.0012208179604648727, 0.0012208179604648727, 0.0012208179604648727, 0.0012208179604648727, 0.0012208179604648727, 0.0012208179604648727, 0.0012208179604648727, 0.0012208179604648727, 0.0012208179604648727, 0.0012208179604648727, 0.0012208179604648727, 0.0012208179604648727, 0.0012208179604648727, 0.0012208179604648727, 0.0012208179604648727, 0.0012208179604648727, 0.0012208179604648727, 0.001403433007944785, 0.001403433007944785, 0.001403433007944785, 0.001403433007944785, 0.001403433007944785, 0.001403433007944785, 0.001403433007944785, 0.001403433007944785, 0.001403433007944785, 0.001403433007944785, 0.001403433007944785, 0.001403433007944785, 0.001403433007944785, 0.001403433007944785, 0.001403433007944785, 0.001403433007944785, 0.001403433007944785, 0.001403433007944785, 0.001403433007944785, 0.001403433007944785, 0.001403433007944785, 0.001403433007944785, 0.001403433007944785, 0.001403433007944785, 0.001403433007944785, 0.001403433007944785, 0.001403433007944785, 0.001403433007944785, 0.001403433007944785, 0.001403433007944785, 0.001403433007944785, 0.001403433007944785, 0.001403433007944785, 0.001403433007944785, 0.001403433007944785, 0.001403433007944785, 0.001403433007944785, 0.001403433007944785, 0.001403433007944785, 0.001403433007944785, 0.001403433007944785, 0.0023217066534911577], "HCA": [5.0503775157193e-05, 7.601137642237001e-05, 0.00012754581431048874, 0.0001796074552934125, 0.00020590594313036188, 0.0002324762481574636, 0.00025932260644896134, 0.0003135760786711836, 0.00039581066653884074, 0.000478913159613633, 0.000534902633592525, 0.0005631959789976857, 0.0009635505787860697, 0.0010213607302486665, 0.0011090159530390243, 0.0011680896770465857, 0.0011680896770465857, 0.0012284688583048878, 0.0012589929570808714, 0.0012589929570808714, 0.0012589929570808714, 0.0012589929570808714, 0.0012589929570808714, 0.0012912760149321112], "HPRA": [5.0503775157193e-05, 0.00010151897768754704, 0.00015305341557566578, 0.0001790842360671277, 0.00020538272390407706, 0.0002585233339582805, 0.0003390624088327738, 0.0004204426171661071, 0.00047526567574454517, 0.0005860689998442682, 0.0006420584738231601, 0.0007269385100386423, 0.0008985190528050925, 0.0011008545829241814, 0.0011885098057145393, 0.0011885098057145393, 0.0012183703569403148, 0.0012485599475694658, 0.0012485599475694658, 0.0012485599475694658, 0.0012485599475694658, 0.0012485599475694658, 0.0012804792555588685]}