{"HDA": [5.0503775157193e-05, 7.601137642237001e-05, 0.00012754581431048874, 0.00015357663480195064, 0.0001798751226389, 0.0002064454276660017, 0.00023329178595749947, 0.0003146719942908328, 0.0003694950528692709, 0.0004248967149191324, 0.00048088618889802437, 0.000509179534303185, 0.0006235665628141519, 0.0006524716385454503, 0.0006816900461422363, 0.0007998374941573592, 0.0008296980453831349, 0.0009504564078997392, 0.0010725528030036738, 0.0011960095931271306, 0.001383269666158559, 0.001383269666158559, 0.0014790275901267673, 0.0015113106479780068, 0.0015113106479780068, 0.0015113106479780068, 0.0015113106479780068, 0.0015113106479780068, 0.0015113106479780068, 0.0015459127241025743], "HBA": [5.0503775157193e-05, 7.601137642237001e-05, 0.00012754581431048874, 0.00015357663480195064, 0.00020617361047584938, 0.0002593142205300528, 0.0003398532954045461, 0.0004483602398489905, 0.0005031832984274286, 0.0005862857915022209, 0.0006142805284916669, 0.0006425738738968276, 0.0006711706310245693, 0.0007000757067558677, 0.0007292941143526537, 0.0010246627343904607, 0.0010545232856162363, 0.0012054712387619916, 0.0012970435350899425, 0.0013896361276825352, 0.00142084613985444, 0.00142084613985444, 0.0014527654478438427, 0.0014850485056950823, 0.0014850485056950823, 0.0014850485056950823, 0.0014850485056950823, 0.0014850485056950823, 0.0014850485056950823, 0.0014850485056950823, 0.0014850485056950823, 0.0014850485056950823, 0.0014850485056950823, 0.0014850485056950823, 0.0014850485056950823, 0.0014850485056950823, 0.0014850485056950823, 0.0014850485056950823, 0.0014850485056950823, 0.0014850485056950823, 0.0014850485056950823, 0.0014850485056950823, 0.0014850485056950823, 0.0014850485056950823, 0.0014850485056950823, 0.0014850485056950823, 0.0014850485056950823, 0.0014850485056950823, 0.0014850485056950823, 0.0014850485056950823, 0.0014850485056950823, 0.0014850485056950823, 0.0014850485056950823, 0.0014850485056950823, 0.0014850485056950823, 0.0014850485056950823, 0.0014850485056950823, 0.0014850485056950823, 0.0014850485056950823, 0.0014850485056950823, 0.0014850485056950823, 0.0014850485056950823, 0.0014850485056950823, 0.0014850485056950823, 0.0014850485056950823, 0.0014850485056950823, 0.0014850485056950823, 0.0014850485056950823, 0.0014850485056950823, 0.0014850485056950823, 0.0014850485056950823, 0.0014850485056950823, 0.0014850485056950823, 0.0014850485056950823, 0.0014850485056950823, 0.0014850485056950823, 0.0014850485056950823, 0.0014850485056950823, 0.0014850485056950823, 0.0014850485056950823, 0.0014850485056950823, 0.0014850485056950823, 0.0014850485056950823, 0.0014850485056950823, 0.0014850485056950823, 0.0014850485056950823, 0.0014850485056950823, 0.0014850485056950823, 0.0014850485056950823, 0.0014850485056950823, 0.0014850485056950823, 0.0014850485056950823, 0.0014850485056950823, 0.0014850485056950823, 0.0014850485056950823, 0.0014850485056950823, 0.0014850485056950823, 0.0014850485056950823, 0.0014850485056950823, 0.0014850485056950823, 0.0014850485056950823, 0.0014850485056950823, 0.0014850485056950823, 0.0014850485056950823, 0.0014850485056950823, 0.0014850485056950823, 0.0014850485056950823, 0.0014850485056950823, 0.0014850485056950823, 0.0014850485056950823, 0.0014850485056950823, 0.0014850485056950823, 0.0014850485056950823, 0.0016202567263548984], "HCA": [5.0503775157193e-05, 7.601137642237001e-05, 0.00010177859536642937, 0.00015384023634935315, 0.00018013872418630252, 0.00020670902921340423, 0.00023355538750490198, 0.0002606821236160131, 0.00031550518219445114, 0.0003432060132193819, 0.0003991954871982739, 0.0004274888326034346, 0.00045608558973117634, 0.0005138957411937731, 0.0005431141487905591, 0.0007203353208132435, 0.0011383830379741024, 0.0011383830379741024, 0.0012299553343020533, 0.00135341212442551, 0.0014158321487693195, 0.0014473938202754423, 0.001479313128264845, 0.0015115961861160848, 0.0015115961861160848, 0.0015115961861160848, 0.0015115961861160848, 0.0015115961861160848, 0.0015115961861160848, 0.0015461982622406523], "HPRA": [5.0503775157193e-05, 7.601137642237001e-05, 0.00012754581431048874, 0.00015357663480195064, 0.0001798751226389, 0.0002064454276660017, 0.000286984502540495, 0.00031411123865160613, 0.0003689342972300442, 0.0004243359592799057, 0.0005363149072376897, 0.0005646082526428504, 0.0006218017668983339, 0.0007374220698235275, 0.0007666404774203135, 0.0008847879254354365, 0.0009445090278869877, 0.0010350777997744408, 0.0010961259973264082, 0.0013430395775733217, 0.0013742495897452265, 0.0013742495897452265, 0.0013742495897452265, 0.0014388157054477059, 0.0015041218278966854, 0.0015041218278966854, 0.0015041218278966854, 0.0015041218278966854, 0.0015041218278966854, 0.001538723904021253]}