{"HDA": [2.52518875785965e-05, 7.626709010895054e-05, 0.00015356874694112866, 0.00023166120841551434, 0.0002579596962524637, 0.0003111003063066671, 0.0003379466645981649, 0.0004193268729314982, 0.0005015614607991553, 0.0005569631228490168, 0.0005849578598384628, 0.0006415445506487842, 0.0007273348220320094, 0.0009874805036136952, 0.0011043541340008392, 0.0011043541340008392, 0.0012237963389039417, 0.0012237963389039417, 0.001284844536455909, 0.001284844536455909, 0.001284844536455909, 0.001284844536455909, 0.0013167638444453117], "HBA": [5.0503775157193e-05, 0.00010151897768754704, 0.00015305341557566578, 0.00023114587705005146, 0.00031004134056089957, 0.0003366116455880013, 0.0003634580038794991, 0.0004719649483239435, 0.0005267880069023816, 0.0005821896689522431, 0.000666173879920581, 0.0006944672253257417, 0.0007516607395812252, 0.0007805658153125235, 0.0011019682988771692, 0.0011019682988771692, 0.0012214105037802717, 0.0012214105037802717, 0.001282458701332239, 0.001282458701332239, 0.001282458701332239, 0.001282458701332239, 0.001282458701332239, 0.001282458701332239, 0.001282458701332239, 0.001282458701332239, 0.001282458701332239, 0.001282458701332239, 0.001282458701332239, 0.001282458701332239, 0.001282458701332239, 0.001282458701332239, 0.001282458701332239, 0.001282458701332239, 0.001282458701332239, 0.001282458701332239, 0.001282458701332239, 0.001282458701332239, 0.001282458701332239, 0.001282458701332239, 0.001282458701332239, 0.001282458701332239, 0.001282458701332239, 0.001282458701332239, 0.001282458701332239, 0.001282458701332239, 0.001282458701332239, 0.001282458701332239, 0.001282458701332239, 0.001282458701332239, 0.001282458701332239, 0.001282458701332239, 0.001282458701332239, 0.001282458701332239, 0.001282458701332239, 0.001282458701332239, 0.001282458701332239, 0.001282458701332239, 0.001282458701332239, 0.001282458701332239, 0.001282458701332239, 0.001282458701332239, 0.001282458701332239, 0.001282458701332239, 0.001282458701332239, 0.001282458701332239, 0.001282458701332239, 0.001282458701332239, 0.001282458701332239, 0.001282458701332239, 0.001282458701332239, 0.001282458701332239, 0.001282458701332239, 0.001282458701332239, 0.001282458701332239, 0.001282458701332239, 0.001282458701332239, 0.001282458701332239, 0.001282458701332239, 0.001282458701332239, 0.001282458701332239, 0.001282458701332239, 0.001282458701332239, 0.001282458701332239, 0.001282458701332239, 0.001282458701332239, 0.001282458701332239, 0.001282458701332239, 0.001282458701332239, 0.001282458701332239, 0.001282458701332239, 0.001282458701332239, 0.001282458701332239, 0.001282458701332239, 0.001282458701332239, 0.001282458701332239, 0.001282458701332239, 0.001282458701332239, 0.001282458701332239, 0.001282458701332239, 0.001282458701332239, 0.001282458701332239, 0.001282458701332239, 0.001282458701332239, 0.001282458701332239, 0.001282458701332239, 0.001282458701332239, 0.001282458701332239, 0.001282458701332239, 0.001282458701332239, 0.001282458701332239, 0.001282458701332239, 0.001282458701332239, 0.001282458701332239, 0.001282458701332239, 0.001282458701332239, 0.001282458701332239, 0.001282458701332239, 0.001282458701332239, 0.001282458701332239, 0.001282458701332239, 0.001282458701332239, 0.001282458701332239, 0.001282458701332239, 0.001282458701332239, 0.001282458701332239, 0.001282458701332239, 0.001282458701332239, 0.001282458701332239, 0.001282458701332239, 0.001282458701332239, 0.001282458701332239, 0.001282458701332239, 0.001282458701332239, 0.001282458701332239, 0.001282458701332239, 0.001282458701332239, 0.001282458701332239, 0.001282458701332239, 0.001282458701332239, 0.001282458701332239, 0.001282458701332239, 0.001282458701332239, 0.001282458701332239, 0.001282458701332239, 0.001282458701332239, 0.001282458701332239, 0.001282458701332239, 0.001282458701332239, 0.001282458701332239, 0.001282458701332239, 0.001282458701332239, 0.001282458701332239, 0.001282458701332239, 0.001282458701332239, 0.001282458701332239, 0.001282458701332239, 0.001282458701332239, 0.001282458701332239, 0.001282458701332239, 0.001282458701332239, 0.001282458701332239, 0.001282458701332239, 0.001282458701332239, 0.001282458701332239, 0.002147510604446426], "HCA": [2.52518875785965e-05, 7.626709010895054e-05, 0.00015356874694112866, 0.00023166120841551434, 0.0002579596962524637, 0.0003111003063066671, 0.0003379466645981649, 0.00036507340070927603, 0.0004198964592877141, 0.00044759729031264485, 0.0004755920273020908, 0.0005321787181124122, 0.0006179689894956373, 0.0006468740652269357, 0.0009098397335980094, 0.0011461346296282552, 0.0011461346296282552, 0.0011763242202574061, 0.0012373724178093735, 0.0012682366153402378, 0.0012682366153402378, 0.0012997982868463607, 0.0012997982868463607, 0.0012997982868463607, 0.0013324513480708505], "HPRA": [2.52518875785965e-05, 7.626709010895054e-05, 0.00015356874694112866, 0.00023166120841551434, 0.0002842581840894131, 0.00031082848911651484, 0.00039136756399100813, 0.00047274777232434145, 0.0005001593016135605, 0.000555560963663422, 0.000611550437642314, 0.0006398437830474747, 0.0007256340544306998, 0.0009857797360123856, 0.0011026533663995295, 0.0011026533663995295, 0.0011026533663995295, 0.0012234117289161338, 0.0012844599264681012, 0.0012844599264681012, 0.0012844599264681012, 0.0012844599264681012, 0.0013163792344575039]}