{"HDA": [2.52518875785965e-05, 5.075948884377352e-05, 7.652670778783289e-05, 0.00012858834877075667, 0.00015488683660770604, 0.00020802744666190945, 0.00028856652153640274, 0.00031569325764751387, 0.000370516316225952, 0.000592122964425398, 0.0006481124384042899, 0.0007329924746197721, 0.000847379503130739, 0.0010208099575185294, 0.0010208099575185294, 0.0010208099575185294, 0.0010805310599700808, 0.0011107206505992318, 0.0011107206505992318, 0.0011107206505992318, 0.0011107206505992318, 0.0011107206505992318, 0.0011107206505992318, 0.0011430037084504715], "HBA": [5.0503775157193e-05, 7.601137642237001e-05, 0.00015331303325454812, 0.00017934385374601003, 0.00028453780509380756, 0.0003111081101209093, 0.00033795446841240707, 0.0003650812045235182, 0.00044731579239117535, 0.0005581191164908983, 0.0006141085904697903, 0.0006989886266852725, 0.0007847788980684976, 0.0008425890495310944, 0.0009302442723214524, 0.001077928582340356, 0.001077928582340356, 0.001077928582340356, 0.0011084526811163395, 0.0011084526811163395, 0.0011084526811163395, 0.0011084526811163395, 0.0011084526811163395, 0.0011084526811163395, 0.0011084526811163395, 0.0011084526811163395, 0.0011084526811163395, 0.0011084526811163395, 0.0011084526811163395, 0.0011084526811163395, 0.0011084526811163395, 0.0011084526811163395, 0.0011084526811163395, 0.0011084526811163395, 0.0011084526811163395, 0.0011084526811163395, 0.0011084526811163395, 0.0011084526811163395, 0.0011084526811163395, 0.0011084526811163395, 0.0011084526811163395, 0.0011084526811163395, 0.0011084526811163395, 0.0011084526811163395, 0.0011084526811163395, 0.0011084526811163395, 0.0011084526811163395, 0.0011084526811163395, 0.0011084526811163395, 0.0011084526811163395, 0.0011084526811163395, 0.0011084526811163395, 0.0011084526811163395, 0.0011084526811163395, 0.0011084526811163395, 0.0011084526811163395, 0.0011084526811163395, 0.0011084526811163395, 0.0011084526811163395, 0.0011084526811163395, 0.0011084526811163395, 0.0011084526811163395, 0.0011084526811163395, 0.0011084526811163395, 0.0011084526811163395, 0.0011084526811163395, 0.0011084526811163395, 0.0011084526811163395, 0.0011084526811163395, 0.0011084526811163395, 0.0011084526811163395, 0.0011084526811163395, 0.0011084526811163395, 0.0011084526811163395, 0.0011084526811163395, 0.0011084526811163395, 0.0011084526811163395, 0.0011084526811163395, 0.0011084526811163395, 0.0011084526811163395, 0.0011084526811163395, 0.0011084526811163395, 0.0011084526811163395, 0.0011084526811163395, 0.0011084526811163395, 0.0011084526811163395, 0.0011084526811163395, 0.0011084526811163395, 0.0011084526811163395, 0.0011084526811163395, 0.0011084526811163395, 0.0011084526811163395, 0.0011084526811163395, 0.0011084526811163395, 0.0011084526811163395, 0.0011084526811163395, 0.0011084526811163395, 0.0011084526811163395, 0.0011084526811163395, 0.0011084526811163395, 0.0011084526811163395, 0.0011084526811163395, 0.0011084526811163395, 0.0011084526811163395, 0.0011084526811163395, 0.0011084526811163395, 0.0011084526811163395, 0.0011084526811163395, 0.0011084526811163395, 0.0011084526811163395, 0.0011084526811163395, 0.0011084526811163395, 0.0011084526811163395, 0.0011084526811163395, 0.0011084526811163395, 0.0011084526811163395, 0.0011084526811163395, 0.0011084526811163395, 0.0011084526811163395, 0.0011084526811163395, 0.0011084526811163395, 0.0011084526811163395, 0.0011084526811163395, 0.0011084526811163395, 0.0011084526811163395, 0.0011084526811163395, 0.0011084526811163395, 0.0011084526811163395, 0.0011084526811163395, 0.0011084526811163395, 0.0011084526811163395, 0.0011084526811163395, 0.0011084526811163395, 0.0011084526811163395, 0.0011084526811163395, 0.0011084526811163395, 0.0011084526811163395, 0.0011084526811163395, 0.0011084526811163395, 0.0011084526811163395, 0.0011084526811163395, 0.0011084526811163395, 0.0011084526811163395, 0.0011084526811163395, 0.0011084526811163395, 0.0011084526811163395, 0.0011084526811163395, 0.0011084526811163395, 0.0011084526811163395, 0.0011084526811163395, 0.0011084526811163395, 0.0011084526811163395, 0.0011084526811163395, 0.0011084526811163395, 0.0011084526811163395, 0.0011084526811163395, 0.0011084526811163395, 0.0011084526811163395, 0.0011084526811163395, 0.0011084526811163395, 0.0011084526811163395, 0.0011084526811163395, 0.0011084526811163395, 0.0011084526811163395, 0.0011084526811163395, 0.0011084526811163395, 0.0011084526811163395, 0.0011084526811163395, 0.0011084526811163395, 0.0011084526811163395, 0.0011084526811163395, 0.0011084526811163395, 0.0011084526811163395, 0.0011084526811163395, 0.0011084526811163395, 0.0011084526811163395, 0.0011084526811163395, 0.0011084526811163395, 0.0011084526811163395, 0.0011084526811163395, 0.0011084526811163395, 0.0011084526811163395, 0.0011084526811163395, 0.0011084526811163395, 0.0011084526811163395, 0.0011084526811163395, 0.0011084526811163395, 0.0011084526811163395, 0.0011084526811163395, 0.0011084526811163395, 0.0011084526811163395, 0.0011084526811163395, 0.0011084526811163395, 0.0011084526811163395, 0.0011084526811163395, 0.06360845268111634], "HCA": [2.52518875785965e-05, 5.075948884377352e-05, 7.652670778783289e-05, 0.00010255752827929478, 0.00012885601611624416, 0.0001819966261704476, 0.0002625357010449409, 0.000289662437156052, 0.00037189702502370917, 0.0003995978560486399, 0.0004555873300275319, 0.00048388067543269264, 0.0005410741896881761, 0.0008590300227324587, 0.0008590300227324587, 0.001036251194755143, 0.0010661117459809185, 0.0010963013366100695, 0.001126825435386053, 0.001126825435386053, 0.001126825435386053, 0.001126825435386053, 0.001126825435386053, 0.0011591084932372929], "HPRA": [2.52518875785965e-05, 5.075948884377352e-05, 7.652670778783289e-05, 0.00012858834877075667, 0.00018118532444465543, 0.0002608962395259606, 0.00028774259781745836, 0.00047762975059523617, 0.0005598643384628933, 0.000587565169487824, 0.000643554643466716, 0.000643554643466716, 0.0007293449148499411, 0.0007871550663125379, 0.0008748102891028959, 0.0009338840131104573, 0.0009936051155620086, 0.0010539842968203107, 0.001115032494372278, 0.001115032494372278, 0.001115032494372278, 0.001115032494372278, 0.0011469518023616808]}