{"HDA": [0.0001262594378929825, 0.00015176703915815952, 0.00020330147704627826, 0.00022933229753774017, 0.00025563078537468956, 0.0002822010904017913, 0.0003090474486932891, 0.0003904276570266224, 0.0005548968327619367, 0.0008596059740361749, 0.0008596059740361749, 0.0008596059740361749, 0.0008596059740361749, 0.0010041313526926669, 0.0010041313526926669, 0.0010041313526926669, 0.0010339919039184424, 0.0010339919039184424, 0.0010339919039184424, 0.0010648561014493067], "HBA": [0.0001262594378929825, 0.00015176703915815952, 0.00020330147704627826, 0.00022933229753774017, 0.00025563078537468956, 0.0004150526155372998, 0.0004418989738287976, 0.0004690257099399087, 0.0006883179442536611, 0.0007991212683533841, 0.000883105479321722, 0.0009113988247268827, 0.0009399955818546244, 0.0009689006575859227, 0.0009689006575859227, 0.0009689006575859227, 0.0009987612088116983, 0.0010289507994408493, 0.0010289507994408493, 0.0010289507994408493, 0.0010289507994408493, 0.0010289507994408493, 0.0010289507994408493, 0.0010289507994408493, 0.0010289507994408493, 0.0010289507994408493, 0.0010289507994408493, 0.0010289507994408493, 0.0010289507994408493, 0.0010289507994408493, 0.0010289507994408493, 0.0010289507994408493, 0.0010289507994408493, 0.0010289507994408493, 0.0010289507994408493, 0.0010289507994408493, 0.0010289507994408493, 0.0010289507994408493, 0.0010289507994408493, 0.0010289507994408493, 0.0010289507994408493, 0.0010289507994408493, 0.0010289507994408493, 0.0010289507994408493, 0.0010289507994408493, 0.0010289507994408493, 0.0010289507994408493, 0.0010289507994408493, 0.0010289507994408493, 0.0010289507994408493, 0.0010289507994408493, 0.0010289507994408493, 0.0010289507994408493, 0.0010289507994408493, 0.0010289507994408493, 0.0010289507994408493, 0.0010289507994408493, 0.0010289507994408493, 0.0010289507994408493, 0.0010289507994408493, 0.0010289507994408493, 0.0010289507994408493, 0.0010289507994408493, 0.0010289507994408493, 0.0010289507994408493, 0.0010289507994408493, 0.0010289507994408493, 0.0010289507994408493, 0.0010289507994408493, 0.0010289507994408493, 0.0010289507994408493, 0.0010289507994408493, 0.0010289507994408493, 0.0010289507994408493, 0.0010289507994408493, 0.0010289507994408493, 0.0010289507994408493, 0.0010289507994408493, 0.0010289507994408493, 0.0010289507994408493, 0.0010289507994408493, 0.0010289507994408493, 0.0010289507994408493, 0.0010289507994408493, 0.0010289507994408493, 0.0010289507994408493, 0.0010289507994408493, 0.0010289507994408493, 0.0010289507994408493, 0.0010289507994408493, 0.0010289507994408493, 0.0010289507994408493, 0.0010289507994408493, 0.0010289507994408493, 0.0010289507994408493, 0.0010289507994408493, 0.0010289507994408493, 0.0010289507994408493, 0.0010289507994408493, 0.0010289507994408493, 0.0010289507994408493, 0.0010289507994408493, 0.0011352320195492562], "HCA": [0.0001262594378929825, 0.00015176703915815952, 0.00020330147704627826, 0.00022933229753774017, 0.00025563078537468956, 0.0004150526155372998, 0.0004418989738287976, 0.0004690257099399087, 0.0004964372392291278, 0.0007180438874285738, 0.0009140070463546957, 0.0009423003917598564, 0.0009423003917598564, 0.0009423003917598564, 0.0010007372069534284, 0.0010302740689572092, 0.0010302740689572092, 0.0010302740689572092, 0.0010302740689572092, 0.0010302740689572092, 0.001061484081129114], "HPRA": [0.0001262594378929825, 0.00015176703915815952, 0.00020330147704627826, 0.00022933229753774017, 0.00025563078537468956, 0.0002822010904017913, 0.0003627401652762846, 0.0003898669013873957, 0.0005269245478334909, 0.0008593345201326599, 0.0009153239941115519, 0.0009153239941115519, 0.0009153239941115519, 0.0009442290698428502, 0.0009442290698428502, 0.0010033027938504116, 0.0010331633450761872, 0.0010331633450761872, 0.0010331633450761872, 0.0010640275426070515]}