{"HDA": [2.52518875785965e-05, 5.075948884377352e-05, 0.00010229392673189225, 0.00015435556771481603, 0.0002595495190626135, 0.00028611982408971524, 0.00033981254067271075, 0.00039406601289493294, 0.000421477542184152, 0.0005045800352589442, 0.0006165589832167282, 0.0007014390194322103, 0.000930213076454144, 0.000930213076454144, 0.0010470867068412878, 0.0011061604308488491, 0.0011061604308488491, 0.001136350021478, 0.001136350021478, 0.001136350021478, 0.001136350021478, 0.001167911692984123], "HBA": [2.52518875785965e-05, 5.075948884377352e-05, 0.00012806114567595161, 0.0001801227866588754, 0.0002590182501697235, 0.0003121588602239269, 0.0003390052185154247, 0.00039325869073764694, 0.00042067022002686597, 0.0004483710510517967, 0.0007843078949251485, 0.0009540679673561127, 0.0010112614816115962, 0.0010401665573428946, 0.0010693849649396805, 0.0010989218269434613, 0.0010989218269434613, 0.0011291114175726123, 0.0011291114175726123, 0.0011291114175726123, 0.0011291114175726123, 0.0011291114175726123, 0.0011291114175726123, 0.0011291114175726123, 0.0011291114175726123, 0.0011291114175726123, 0.0011291114175726123, 0.0011291114175726123, 0.0011291114175726123, 0.0011291114175726123, 0.0011291114175726123, 0.0011291114175726123, 0.0011291114175726123, 0.0011291114175726123, 0.0011291114175726123, 0.0011291114175726123, 0.0011291114175726123, 0.0011291114175726123, 0.0011291114175726123, 0.0011291114175726123, 0.0011291114175726123, 0.0011291114175726123, 0.0011291114175726123, 0.0011291114175726123, 0.0011291114175726123, 0.0011291114175726123, 0.0011291114175726123, 0.0011291114175726123, 0.0011291114175726123, 0.0011291114175726123, 0.0011291114175726123, 0.0011291114175726123, 0.0011291114175726123, 0.0011291114175726123, 0.0011291114175726123, 0.0011291114175726123, 0.0011291114175726123, 0.0011291114175726123, 0.0011291114175726123, 0.0011291114175726123, 0.0011291114175726123, 0.0011291114175726123, 0.0011291114175726123, 0.0011291114175726123, 0.0011291114175726123, 0.0011291114175726123, 0.0011291114175726123, 0.0011291114175726123, 0.0011291114175726123, 0.0011291114175726123, 0.0011291114175726123, 0.0011291114175726123, 0.0011291114175726123, 0.0011291114175726123, 0.0011291114175726123, 0.0011291114175726123, 0.0011291114175726123, 0.0011291114175726123, 0.0011291114175726123, 0.0011291114175726123, 0.0011291114175726123, 0.0011291114175726123, 0.0011291114175726123, 0.0011291114175726123, 0.0011291114175726123, 0.0011291114175726123, 0.0011291114175726123, 0.0011291114175726123, 0.0011291114175726123, 0.0011291114175726123, 0.0011291114175726123, 0.0011291114175726123, 0.0011291114175726123, 0.0011291114175726123, 0.0011291114175726123, 0.0011291114175726123, 0.0011291114175726123, 0.0011291114175726123, 0.0011291114175726123, 0.0011291114175726123, 0.0011291114175726123, 0.0011291114175726123, 0.0011291114175726123, 0.0011291114175726123, 0.0011291114175726123, 0.0011291114175726123, 0.0011291114175726123, 0.0011291114175726123, 0.0011291114175726123, 0.0011291114175726123, 0.0011291114175726123, 0.0011291114175726123, 0.0011291114175726123, 0.0011291114175726123, 0.0011291114175726123, 0.0011291114175726123, 0.0011291114175726123, 0.0011291114175726123, 0.0011291114175726123, 0.0011291114175726123, 0.0011291114175726123, 0.0011291114175726123, 0.0011291114175726123, 0.0011291114175726123, 0.0011291114175726123, 0.0011291114175726123, 0.0011291114175726123, 0.0011291114175726123, 0.0011291114175726123, 0.0011291114175726123, 0.0011291114175726123, 0.0011291114175726123, 0.0011291114175726123, 0.0011291114175726123, 0.0011291114175726123, 0.0011291114175726123, 0.0011291114175726123, 0.0011291114175726123, 0.0011291114175726123, 0.0011291114175726123, 0.0011291114175726123, 0.0011291114175726123, 0.0011291114175726123, 0.0011291114175726123, 0.0011291114175726123, 0.0011291114175726123, 0.0014851099935783083], "HCA": [2.52518875785965e-05, 5.075948884377352e-05, 0.00012806114567595161, 0.0002061536071503373, 0.00025875058282423606, 0.00031189119287843947, 0.00033873755116993725, 0.0003929910233921595, 0.00042040255268137853, 0.0005312058767811015, 0.0007831585096861153, 0.0009529185821170796, 0.001010112096372563, 0.001010112096372563, 0.001068548911566135, 0.0010980857735699158, 0.0010980857735699158, 0.0010980857735699158, 0.0011286098723458993, 0.0011286098723458993, 0.0011286098723458993, 0.0011286098723458993, 0.001160529180335302], "HPRA": [2.52518875785965e-05, 5.075948884377352e-05, 0.00010229392673189225, 0.00018038638820627793, 0.00025928185171712607, 0.0003124224617713295, 0.000366115178354325, 0.0003932419144654361, 0.00042065344375465515, 0.0005037559368294474, 0.0006157348847872314, 0.0007006149210027136, 0.0008150019495136804, 0.0009306222524388741, 0.001047495882826018, 0.001047495882826018, 0.0011072169852775694, 0.0011374065759067204, 0.0011374065759067204, 0.0011374065759067204, 0.0011374065759067204, 0.0011689682474128433]}