{"HDA": [2.52518875785965e-05, 5.075948884377352e-05, 7.652670778783289e-05, 0.00010255752827929478, 0.00012885601611624416, 0.00015542632114334587, 0.00018227267943484362, 0.00023652615165706584, 0.0002639376809462849, 0.00029163851197121563, 0.00040361745992899956, 0.0004319108053341603, 0.000460507562461902, 0.0004894126381932004, 0.0005478494533867723, 0.000577386315390553, 0.0006968285202936555, 0.0007572077015519577, 0.0009098281954318759, 0.001095013380617061, 0.0011574334049608704, 0.0011574334049608704, 0.0011574334049608704, 0.0011574334049608704, 0.00122273952740985], "HBA": [0.000101007550314386, 0.00012651515157956303, 0.0001522823705236224, 0.0001783131910150843, 0.0002572086545259324, 0.00028377895955303414, 0.0003106253178445319, 0.00033775205395564304, 0.0003651635832448621, 0.0003928644142697928, 0.0004208591512592388, 0.0005340325328798816, 0.0005912260471353651, 0.0006201311228666635, 0.0006785679380602354, 0.0007081048000640161, 0.0007379653512897918, 0.0007983445325480939, 0.0009204409276520285, 0.0010438977177754853, 0.0011375277542911995, 0.0011375277542911995, 0.0011375277542911995, 0.0011375277542911995, 0.0011701808155156893, 0.0011701808155156893, 0.0011701808155156893, 0.0011701808155156893, 0.0011701808155156893, 0.0011701808155156893, 0.0011701808155156893, 0.0011701808155156893, 0.0011701808155156893, 0.0011701808155156893, 0.0011701808155156893, 0.0011701808155156893, 0.0011701808155156893, 0.0011701808155156893, 0.0011701808155156893, 0.0011701808155156893, 0.0011701808155156893, 0.0011701808155156893, 0.0011701808155156893, 0.0011701808155156893, 0.0011701808155156893, 0.0011701808155156893, 0.0011701808155156893, 0.0011701808155156893, 0.0011701808155156893, 0.0011701808155156893, 0.0011701808155156893, 0.0011701808155156893, 0.0011701808155156893, 0.0011701808155156893, 0.0011701808155156893, 0.0011701808155156893, 0.0011701808155156893, 0.0011701808155156893, 0.0011701808155156893, 0.0011701808155156893, 0.0011701808155156893, 0.0011701808155156893, 0.0011701808155156893, 0.0011701808155156893, 0.0011701808155156893, 0.0011701808155156893, 0.0011701808155156893, 0.0011701808155156893, 0.0011701808155156893, 0.0011701808155156893, 0.0011701808155156893, 0.0011701808155156893, 0.0011701808155156893, 0.0011701808155156893, 0.0011701808155156893, 0.0011701808155156893, 0.0011701808155156893, 0.0011701808155156893, 0.0011701808155156893, 0.0011701808155156893, 0.0011701808155156893, 0.0011701808155156893, 0.0011701808155156893, 0.0011701808155156893, 0.0011701808155156893, 0.0011701808155156893, 0.0011701808155156893, 0.0011701808155156893, 0.0011701808155156893, 0.0011701808155156893, 0.0011701808155156893, 0.0011701808155156893, 0.0011701808155156893, 0.0011701808155156893, 0.0011701808155156893, 0.0011701808155156893, 0.0011701808155156893, 0.0011701808155156893, 0.0011701808155156893, 0.0011701808155156893, 0.0011701808155156893, 0.0011701808155156893, 0.0011701808155156893, 0.0011701808155156893, 0.0011701808155156893, 0.0011701808155156893, 0.0011701808155156893, 0.0011701808155156893, 0.0011701808155156893, 0.0011701808155156893, 0.0011701808155156893, 0.0011701808155156893, 0.0011701808155156893, 0.0011701808155156893, 0.0011701808155156893, 0.0011701808155156893, 0.0011701808155156893, 0.0011701808155156893, 0.0011701808155156893, 0.0011701808155156893, 0.0011701808155156893, 0.0011701808155156893, 0.0011701808155156893, 0.0011701808155156893, 0.0011701808155156893, 0.0011701808155156893, 0.0011701808155156893, 0.0011701808155156893, 0.0011701808155156893, 0.0011701808155156893, 0.0011701808155156893, 0.0011701808155156893, 0.0011701808155156893, 0.0011701808155156893, 0.0011701808155156893, 0.0011701808155156893, 0.0011701808155156893, 0.001430326497097375], "HCA": [2.52518875785965e-05, 5.075948884377352e-05, 7.652670778783289e-05, 0.00010255752827929478, 0.00012885601611624416, 0.00015542632114334587, 0.00018227267943484362, 0.00020939941554595472, 0.00023681094483517375, 0.0002645117758601045, 0.00037649072381788843, 0.00040478406922304916, 0.0004619775834785326, 0.000490882659209831, 0.000520101066806617, 0.0005791747908141785, 0.0006090353420399542, 0.0006392249326691052, 0.0009749900192049252, 0.0009749900192049252, 0.0011622500922363536, 0.0011622500922363536, 0.0011622500922363536, 0.0011622500922363536, 0.0012275562146853332], "HPRA": [2.52518875785965e-05, 5.075948884377352e-05, 7.652670778783289e-05, 0.00018064998975368045, 0.00020694847759062982, 0.00023351878261773152, 0.0002603651409092293, 0.0002874918770203404, 0.0003423149355987785, 0.00037001576662370924, 0.0003980105036131552, 0.00042630384901831594, 0.00045490060614605766, 0.0004838056818773561, 0.000513024089474142, 0.0006311715374892649, 0.0006908926399408162, 0.0008418405930865716, 0.0010249851857424734, 0.0010867135808042018, 0.0010867135808042018, 0.0010867135808042018, 0.0010867135808042018, 0.0011512796965066812, 0.0012165858189556607]}