{"HDA": [7.57556627357895e-05, 0.00012677086526614355, 0.0001525380842102029, 0.00023063054568458859, 0.00028322752135848735, 0.0003097978263855891, 0.0003634905429685846, 0.0004177440151908068, 0.0004451555444800258, 0.00047285637550495657, 0.0005008511124944025, 0.000557437803304724, 0.0005860345604324657, 0.0006438447118950625, 0.0006730631194918485, 0.00073213684349941, 0.0007619973947251856, 0.0008223765759834878, 0.0009444729710874223, 0.001037065563680015, 0.0011306956001957292, 0.00135162730073859, 0.00135162730073859, 0.0014807595321435487, 0.0015460656545925283, 0.0015460656545925283, 0.0015460656545925283, 0.0015460656545925283, 0.0015802642114134304], "HBA": [7.57556627357895e-05, 0.00015227846653132057, 0.0002038129044194393, 0.0002558745454023631, 0.00030847152107626183, 0.00033504182610336357, 0.0003887345426863591, 0.0004158612787974702, 0.00044327280808668923, 0.0004986744701365507, 0.0005266692071259967, 0.0005832558979363182, 0.0006404494121918016, 0.0006693544879231, 0.000698572895519886, 0.0007281097575236666, 0.0007878308599752179, 0.00084821004123352, 0.0010618787326654054, 0.0011853355227888621, 0.0012789655593045764, 0.0014052122453290681, 0.0014690508613078737, 0.0015013339191591135, 0.0015339869803836033, 0.0015339869803836033, 0.0015339869803836033, 0.0015339869803836033, 0.0015339869803836033, 0.0015339869803836033, 0.0015339869803836033, 0.0015339869803836033, 0.0015339869803836033, 0.0015339869803836033, 0.0015339869803836033, 0.0015339869803836033, 0.0015339869803836033, 0.0015339869803836033, 0.0015339869803836033, 0.0015339869803836033, 0.0015339869803836033, 0.0015339869803836033, 0.0015339869803836033, 0.0015339869803836033, 0.0015339869803836033, 0.0015339869803836033, 0.0015339869803836033, 0.0015339869803836033, 0.0015339869803836033, 0.0015339869803836033, 0.0015339869803836033, 0.0015339869803836033, 0.0015339869803836033, 0.0015339869803836033, 0.0015339869803836033, 0.0015339869803836033, 0.0015339869803836033, 0.0015339869803836033, 0.0015339869803836033, 0.0015339869803836033, 0.0015339869803836033, 0.0015339869803836033, 0.0015339869803836033, 0.0015339869803836033, 0.0015339869803836033, 0.0015339869803836033, 0.0015339869803836033, 0.0015339869803836033, 0.0015339869803836033, 0.0015339869803836033, 0.0015339869803836033, 0.0015339869803836033, 0.0015339869803836033, 0.0015339869803836033, 0.0015339869803836033, 0.0015339869803836033, 0.0015339869803836033, 0.0015339869803836033, 0.0015339869803836033, 0.0015339869803836033, 0.0015339869803836033, 0.0015339869803836033, 0.0015339869803836033, 0.0015339869803836033, 0.0015339869803836033, 0.0015339869803836033, 0.0015339869803836033, 0.0015339869803836033, 0.0015339869803836033, 0.0015339869803836033, 0.0015339869803836033, 0.0015339869803836033, 0.0015339869803836033, 0.0015339869803836033, 0.0015339869803836033, 0.0015339869803836033, 0.0015339869803836033, 0.0015339869803836033, 0.0015339869803836033, 0.0015339869803836033, 0.0015339869803836033, 0.0015339869803836033, 0.0015339869803836033, 0.0015339869803836033, 0.0015339869803836033, 0.0015339869803836033, 0.0015339869803836033, 0.0015339869803836033, 0.0015339869803836033, 0.0015339869803836033, 0.0015339869803836033, 0.0015339869803836033, 0.0015339869803836033, 0.0015339869803836033, 0.0015339869803836033, 0.0015339869803836033, 0.0015339869803836033, 0.0015339869803836033, 0.0015339869803836033, 0.0015339869803836033, 0.0015339869803836033, 0.0015339869803836033, 0.0015339869803836033, 0.0015339869803836033, 0.0015339869803836033, 0.0015339869803836033, 0.0015339869803836033, 0.0015339869803836033, 0.0015339869803836033, 0.0015339869803836033, 0.0015339869803836033, 0.0015339869803836033, 0.0015339869803836033, 0.0015339869803836033, 0.0015339869803836033, 0.0015339869803836033, 0.0015339869803836033, 0.0015339869803836033, 0.0015339869803836033, 0.0015339869803836033, 0.0015339869803836033, 0.0015339869803836033, 0.0015339869803836033, 0.0015339869803836033, 0.0015339869803836033, 0.0015339869803836033, 0.0015339869803836033, 0.0015339869803836033, 0.0015339869803836033, 0.0015339869803836033, 0.0015339869803836033, 0.0015339869803836033, 0.0015339869803836033, 0.0015339869803836033, 0.0015339869803836033, 0.0015339869803836033, 0.0015339869803836033, 0.0015339869803836033, 0.0015339869803836033, 0.0015339869803836033, 0.0015339869803836033, 0.0015339869803836033, 0.0015339869803836033, 0.0015339869803836033, 0.0015339869803836033, 0.0015339869803836033, 0.0015339869803836033, 0.0015339869803836033, 0.0015339869803836033, 0.0015339869803836033, 0.0015339869803836033, 0.0015339869803836033, 0.0015339869803836033, 0.0030132769212120056], "HCA": [7.57556627357895e-05, 0.00012677086526614355, 0.0001783053031542623, 0.00025639776462864795, 0.00028269625246559734, 0.0003092665574926991, 0.0003629592740756946, 0.00041721274629791683, 0.00044462427558713587, 0.0004723251066120666, 0.0005283145805909586, 0.00058490127140128, 0.0006134980285290217, 0.0006713081799916185, 0.0007297449951851905, 0.0007592818571889712, 0.0008190029596405224, 0.0008491925502696735, 0.0009102407478216408, 0.0011571543280685544, 0.0012195743524123638, 0.0014089443814491016, 0.0014408636894385042, 0.0015054298051409836, 0.0015380828663654734, 0.0015380828663654734, 0.0015380828663654734, 0.0015380828663654734, 0.0015722814231863755], "HPRA": [7.57556627357895e-05, 0.00015227846653132057, 0.0002038129044194393, 0.0002298437249109012, 0.00028244070058479993, 0.00033558131063900334, 0.0003624276689305011, 0.0004166811411527233, 0.00044409267044194235, 0.0004994943324918038, 0.0005274890694812498, 0.0005557824148864105, 0.0006129759291418939, 0.0006418810048731923, 0.0007003178200667643, 0.000729854682070545, 0.0007895757845220962, 0.0008801445564095494, 0.0009717168527375004, 0.001064309445330093, 0.0011267294696739023, 0.001347661170216763, 0.001347661170216763, 0.0014767934016217217, 0.0015420995240707012, 0.0015420995240707012, 0.0015420995240707012, 0.0015420995240707012, 0.0015762980808916034]}