{"HDA": [2.52518875785965e-05, 7.626709010895054e-05, 0.00010203430905300991, 0.00023218841151031937, 0.00025848689934726874, 0.00031162750940147215, 0.00033847386769296993, 0.00036560060380408106, 0.0003930121330933001, 0.0004484137951431616, 0.0006163822170798375, 0.0007012622532953196, 0.0008442460389340282, 0.000902056190396625, 0.000902056190396625, 0.0009315930524004057, 0.0009614536036261814, 0.0009614536036261814, 0.0009614536036261814, 0.0009923178011570456], "HBA": [7.57556627357895e-05, 0.00012677086526614355, 0.0001783053031542623, 0.00023036694413718607, 0.00028296391981108484, 0.00030953422483818657, 0.0003632269414211821, 0.0004988606219767376, 0.0005810952098443948, 0.0006364968718942563, 0.0006644916088837023, 0.000692784954288863, 0.0008357687399275716, 0.0008935788913901684, 0.0008935788913901684, 0.0009231157533939491, 0.0009529763046197248, 0.0009529763046197248, 0.0009529763046197248, 0.0009529763046197248, 0.0009529763046197248, 0.0009529763046197248, 0.0009529763046197248, 0.0009529763046197248, 0.0009529763046197248, 0.0009529763046197248, 0.0009529763046197248, 0.0009529763046197248, 0.0009529763046197248, 0.0009529763046197248, 0.0009529763046197248, 0.0009529763046197248, 0.0009529763046197248, 0.0009529763046197248, 0.0009529763046197248, 0.0009529763046197248, 0.0009529763046197248, 0.0009529763046197248, 0.0009529763046197248, 0.0009529763046197248, 0.0009529763046197248, 0.0009529763046197248, 0.0009529763046197248, 0.0009529763046197248, 0.0009529763046197248, 0.0009529763046197248, 0.0009529763046197248, 0.0009529763046197248, 0.0009529763046197248, 0.0009529763046197248, 0.0009529763046197248, 0.0009529763046197248, 0.0009529763046197248, 0.0009529763046197248, 0.0009529763046197248, 0.0009529763046197248, 0.0009529763046197248, 0.0009529763046197248, 0.0009529763046197248, 0.0009529763046197248, 0.0009529763046197248, 0.0009529763046197248, 0.0009529763046197248, 0.0009529763046197248, 0.0009529763046197248, 0.0009529763046197248, 0.0009529763046197248, 0.0009529763046197248, 0.0009529763046197248, 0.0009529763046197248, 0.0009529763046197248, 0.0009529763046197248, 0.0009529763046197248, 0.0009529763046197248, 0.0009529763046197248, 0.0009529763046197248, 0.0009529763046197248, 0.0009529763046197248, 0.0009529763046197248, 0.0009529763046197248, 0.0009529763046197248, 0.0009529763046197248, 0.0009529763046197248, 0.0009529763046197248, 0.0009529763046197248, 0.0009529763046197248, 0.0009529763046197248, 0.0009529763046197248, 0.0009529763046197248, 0.0009529763046197248, 0.0009529763046197248, 0.0009529763046197248, 0.0009529763046197248, 0.0009529763046197248, 0.0009529763046197248, 0.0009529763046197248, 0.0009529763046197248, 0.0009529763046197248, 0.0009529763046197248, 0.0009529763046197248, 0.0009529763046197248, 0.0009529763046197248, 0.0009529763046197248, 0.0009529763046197248, 0.0009529763046197248, 0.0009529763046197248, 0.0009529763046197248, 0.0009529763046197248, 0.0009529763046197248, 0.0009529763046197248, 0.0009529763046197248, 0.0009529763046197248, 0.0009529763046197248, 0.0009529763046197248, 0.0009529763046197248, 0.0009529763046197248, 0.0009529763046197248, 0.0009529763046197248, 0.0009529763046197248, 0.0009529763046197248, 0.0009529763046197248, 0.0009529763046197248, 0.0009529763046197248, 0.0009529763046197248, 0.0009529763046197248, 0.0009529763046197248, 0.0009529763046197248, 0.0009529763046197248, 0.0009529763046197248, 0.0009529763046197248, 0.0009529763046197248, 0.0009529763046197248, 0.0009529763046197248, 0.0009529763046197248, 0.0009529763046197248, 0.0009529763046197248, 0.0009529763046197248, 0.0009529763046197248, 0.0009529763046197248, 0.0009529763046197248, 0.0009529763046197248, 0.0009529763046197248, 0.0009529763046197248, 0.0009529763046197248, 0.0009529763046197248, 0.0009529763046197248, 0.0009529763046197248, 0.0009529763046197248, 0.0009529763046197248, 0.0009529763046197248, 0.0009529763046197248, 0.0009529763046197248, 0.0009529763046197248, 0.0009529763046197248, 0.0009529763046197248, 0.0009529763046197248, 0.0009529763046197248, 0.0009529763046197248, 0.0009529763046197248, 0.0009529763046197248, 0.0009529763046197248, 0.0009529763046197248, 0.0009529763046197248, 0.0009529763046197248, 0.0009529763046197248, 0.0009529763046197248, 0.0009529763046197248, 0.0009529763046197248, 0.0009529763046197248, 0.0009529763046197248, 0.0009529763046197248, 0.0009529763046197248, 0.0009529763046197248, 0.0009529763046197248, 0.0009529763046197248, 0.0009529763046197248, 0.0009529763046197248, 0.0009529763046197248, 0.0009529763046197248, 0.0009529763046197248, 0.0009529763046197248, 0.004039396057706144], "HCA": [2.52518875785965e-05, 7.626709010895054e-05, 0.00012780152799706928, 0.00017986316897999305, 0.00020616165681694242, 0.000339013181952451, 0.00036585954024394876, 0.0003929862763550599, 0.0004203978056442789, 0.00044809863666920967, 0.0005040881106481017, 0.000758728219294548, 0.0007873249764222896, 0.0008451351278848865, 0.0009035719430784585, 0.0009331088050822391, 0.0009629693563080148, 0.0009629693563080148, 0.0009629693563080148, 0.0009629693563080148, 0.0009941793684799195], "HPRA": [2.52518875785965e-05, 7.626709010895054e-05, 0.000179335965885188, 0.00023139760686811177, 0.00028399458254201054, 0.00031056488756911227, 0.00033741124586061005, 0.0003645379819717212, 0.00047418409912859736, 0.0005018849301535281, 0.00055787440413242, 0.0007276344765633842, 0.0007848279908188677, 0.0009004482937440614, 0.0009004482937440614, 0.0009595220177516229, 0.0009595220177516229, 0.0009595220177516229, 0.0009595220177516229, 0.0009903862152824872]}