{"HDA": [2.52518875785965e-05, 7.626709010895054e-05, 0.00015356874694112866, 0.00023166120841551434, 0.0002579596962524637, 0.0003111003063066671, 0.0003379466645981649, 0.00036507340070927603, 0.00039248492999849506, 0.0004201857610234258, 0.0005321647089812098, 0.0005604580543863705, 0.0005890548115141122, 0.0006179598872454106, 0.0006471782948421965, 0.000706252018849758, 0.0007361125700755337, 0.0008870605232212891, 0.0011617774122051419, 0.0012852342023285987, 0.0012852342023285987, 0.0013799192168469675, 0.0013799192168469675, 0.0013799192168469675, 0.001445225339295947, 0.001445225339295947, 0.001445225339295947, 0.0014790273944609012], "HBA": [5.0503775157193e-05, 0.00012702657895272406, 0.00020432823578490217, 0.00023035905627636407, 0.00033555300762416155, 0.00038869361767836496, 0.00041553997596986274, 0.00044266671208097386, 0.0004700782413701929, 0.0004977790723951236, 0.0005257738093845696, 0.000582360500194891, 0.0006109572573226327, 0.000639862333053931, 0.000785954371037861, 0.0008154912330416417, 0.0008453517842674173, 0.0008755413748965684, 0.0011502582638804211, 0.001273715054003878, 0.0013361350783476873, 0.0013676967498538102, 0.0013676967498538102, 0.00139997980770505, 0.0014326328689295397, 0.0014326328689295397, 0.0014326328689295397, 0.0014326328689295397, 0.0014326328689295397, 0.0014326328689295397, 0.0014326328689295397, 0.0014326328689295397, 0.0014326328689295397, 0.0014326328689295397, 0.0014326328689295397, 0.0014326328689295397, 0.0014326328689295397, 0.0014326328689295397, 0.0014326328689295397, 0.0014326328689295397, 0.0014326328689295397, 0.0014326328689295397, 0.0014326328689295397, 0.0014326328689295397, 0.0014326328689295397, 0.0014326328689295397, 0.0014326328689295397, 0.0014326328689295397, 0.0014326328689295397, 0.0014326328689295397, 0.0014326328689295397, 0.0014326328689295397, 0.0014326328689295397, 0.0014326328689295397, 0.0014326328689295397, 0.0014326328689295397, 0.0014326328689295397, 0.0014326328689295397, 0.0014326328689295397, 0.0014326328689295397, 0.0014326328689295397, 0.0014326328689295397, 0.0014326328689295397, 0.0014326328689295397, 0.0014326328689295397, 0.0014326328689295397, 0.0014326328689295397, 0.0014326328689295397, 0.0014326328689295397, 0.0014326328689295397, 0.0014326328689295397, 0.0014326328689295397, 0.0014326328689295397, 0.0014326328689295397, 0.0014326328689295397, 0.0014326328689295397, 0.0014326328689295397, 0.0014326328689295397, 0.0014326328689295397, 0.0014326328689295397, 0.0014326328689295397, 0.0014326328689295397, 0.0014326328689295397, 0.0014326328689295397, 0.0014326328689295397, 0.0014326328689295397, 0.0014326328689295397, 0.0014326328689295397, 0.0014326328689295397, 0.0014326328689295397, 0.0014326328689295397, 0.0014326328689295397, 0.0014326328689295397, 0.0014326328689295397, 0.0014326328689295397, 0.0014326328689295397, 0.0014326328689295397, 0.0014326328689295397, 0.0014326328689295397, 0.0014326328689295397, 0.0014326328689295397, 0.0014326328689295397, 0.0014326328689295397, 0.0014326328689295397, 0.0014326328689295397, 0.0014326328689295397, 0.0014326328689295397, 0.0014326328689295397, 0.0014326328689295397, 0.0014326328689295397, 0.0014326328689295397, 0.0014326328689295397, 0.0014326328689295397, 0.0014326328689295397, 0.0014326328689295397, 0.0014326328689295397, 0.0014326328689295397, 0.0014326328689295397, 0.0014326328689295397, 0.0014326328689295397, 0.0014326328689295397, 0.0014326328689295397, 0.0014326328689295397, 0.0014326328689295397, 0.0014326328689295397, 0.0014326328689295397, 0.0014326328689295397, 0.0014326328689295397, 0.0014326328689295397, 0.0014326328689295397, 0.0014326328689295397, 0.0014326328689295397, 0.0014326328689295397, 0.0014326328689295397, 0.0014326328689295397, 0.0014326328689295397, 0.0014326328689295397, 0.0014326328689295397, 0.0014326328689295397, 0.0014326328689295397, 0.0014326328689295397, 0.0014326328689295397, 0.0014326328689295397, 0.0014326328689295397, 0.0014326328689295397, 0.0014326328689295397, 0.0014326328689295397, 0.0018024553541366403], "HCA": [2.52518875785965e-05, 7.626709010895054e-05, 0.00015356874694112866, 0.00023166120841551434, 0.0002579596962524637, 0.00028453000127956544, 0.0003113763595710632, 0.00033850309568217435, 0.00039332615426061247, 0.0004210269852855432, 0.0004490217222749892, 0.0004773150676801499, 0.0006202988533188585, 0.0006492039290501569, 0.0006784223366469429, 0.0007079591986507236, 0.0007378197498764992, 0.0008887677030222546, 0.0011634845920061073, 0.001286941382129564, 0.0013493614064733735, 0.0013809230779794964, 0.001412842385968899, 0.001412842385968899, 0.001412842385968899, 0.0014458718482492532, 0.0014458718482492532, 0.0014458718482492532, 0.0014800704050701554], "HPRA": [5.0503775157193e-05, 0.00012702657895272406, 0.00015279379789678342, 0.0002308862593711691, 0.0002571847472081185, 0.0003103253572623219, 0.0003371717155538197, 0.0003642984516649308, 0.000473944568821807, 0.0005016453998467377, 0.0005296401368361837, 0.0005579334822413444, 0.0006151269964968279, 0.0006440320722281263, 0.0006732504798249122, 0.0007027873418286929, 0.0007625084442802442, 0.0008832668067968485, 0.0011579836957807013, 0.0011579836957807013, 0.0011579836957807013, 0.0012526687102990702, 0.0013803459422566814, 0.0013803459422566814, 0.001445652064705661, 0.001445652064705661, 0.001445652064705661, 0.001479454119870615]}