{"HDA": [2.52518875785965e-05, 5.075948884377352e-05, 7.652670778783289e-05, 0.00015461916926221857, 0.00020721614493611734, 0.00026035675499032075, 0.00028720311328181853, 0.00031432984939292965, 0.0003417413786821487, 0.00036944220970707944, 0.0003974369466965254, 0.0004540236375068468, 0.00048262039463458853, 0.0005982406975597822, 0.000744332735543712, 0.0009806276315739578, 0.0011000698364770603, 0.0011000698364770603, 0.0012221662315809948, 0.0012221662315809948, 0.0012221662315809948, 0.0012221662315809948, 0.0012221662315809948, 0.0012221662315809948, 0.0012548192928054846], "HBA": [2.52518875785965e-05, 0.00010177469137412756, 0.00012754191031818694, 0.00015357273080964884, 0.00020616970648354758, 0.00023274001151064928, 0.00025958636980214704, 0.0003138398420243693, 0.00042348595918124547, 0.0004511867902061762, 0.0005071762641850682, 0.0005637629549953896, 0.0005923597121231313, 0.0006212647878544297, 0.0009718856790158614, 0.0010309594030234227, 0.0011205410567007496, 0.0011507306473299006, 0.001211778844881868, 0.001211778844881868, 0.001211778844881868, 0.001211778844881868, 0.001211778844881868, 0.001211778844881868, 0.001211778844881868, 0.001211778844881868, 0.001211778844881868, 0.001211778844881868, 0.001211778844881868, 0.001211778844881868, 0.001211778844881868, 0.001211778844881868, 0.001211778844881868, 0.001211778844881868, 0.001211778844881868, 0.001211778844881868, 0.001211778844881868, 0.001211778844881868, 0.001211778844881868, 0.001211778844881868, 0.001211778844881868, 0.001211778844881868, 0.001211778844881868, 0.001211778844881868, 0.001211778844881868, 0.001211778844881868, 0.001211778844881868, 0.001211778844881868, 0.001211778844881868, 0.001211778844881868, 0.001211778844881868, 0.001211778844881868, 0.001211778844881868, 0.001211778844881868, 0.001211778844881868, 0.001211778844881868, 0.001211778844881868, 0.001211778844881868, 0.001211778844881868, 0.001211778844881868, 0.001211778844881868, 0.001211778844881868, 0.001211778844881868, 0.001211778844881868, 0.001211778844881868, 0.001211778844881868, 0.001211778844881868, 0.001211778844881868, 0.001211778844881868, 0.001211778844881868, 0.001211778844881868, 0.001211778844881868, 0.001211778844881868, 0.001211778844881868, 0.001211778844881868, 0.001211778844881868, 0.001211778844881868, 0.001211778844881868, 0.001211778844881868, 0.001211778844881868, 0.001211778844881868, 0.001211778844881868, 0.001211778844881868, 0.001211778844881868, 0.001211778844881868, 0.001211778844881868, 0.001211778844881868, 0.001211778844881868, 0.001211778844881868, 0.001211778844881868, 0.001211778844881868, 0.001211778844881868, 0.001211778844881868, 0.001211778844881868, 0.001211778844881868, 0.001211778844881868, 0.001211778844881868, 0.001211778844881868, 0.001211778844881868, 0.001211778844881868, 0.001211778844881868, 0.001211778844881868, 0.001318060064990275], "HCA": [2.52518875785965e-05, 5.075948884377352e-05, 7.652670778783289e-05, 0.00010255752827929478, 0.00012885601611624416, 0.00023513723622465101, 0.0002888299528076465, 0.00031595668891875765, 0.0003433682182079767, 0.00037106904923290743, 0.0004270585232117994, 0.00045535186861696015, 0.00048394862574470187, 0.0008597146102515813, 0.0008597146102515813, 0.0010664726442780462, 0.0011261937467295976, 0.0011261937467295976, 0.0011261937467295976, 0.0012187863393221903, 0.0012187863393221903, 0.0012187863393221903, 0.0012187863393221903, 0.0012187863393221903, 0.00125143940054668], "HPRA": [2.52518875785965e-05, 0.00010177469137412756, 0.00012754191031818694, 0.00015357273080964884, 0.00020616970648354758, 0.000259310316537751, 0.00028615667482924877, 0.000340410147051471, 0.00036782167634069005, 0.0003955225073656208, 0.00042351724435506677, 0.00048010393516538817, 0.0006230877208040968, 0.0006808978722666936, 0.0009438635406377674, 0.0009438635406377674, 0.0011230268479924211, 0.001153216438621572, 0.001153216438621572, 0.0012149448336833005, 0.0012149448336833005, 0.0012149448336833005, 0.0012149448336833005, 0.0012472278915345403]}