{"HDA": [2.52518875785965e-05, 7.626709010895054e-05, 0.00012780152799706928, 0.00015383234848853118, 0.00020642932416242992, 0.00023299962918953162, 0.00028669234577252716, 0.0003138190818836383, 0.00039605366975129544, 0.00045145533180115694, 0.0005074448057800489, 0.0005357381511852097, 0.0005929316654406931, 0.00065074181690329, 0.0008844890776775777, 0.0009730996636889199, 0.0010328207661404712, 0.0011837687192862265, 0.0011837687192862265, 0.0011837687192862265, 0.0012773987558019407, 0.0013405220988141867, 0.0013724414068035894, 0.0013724414068035894, 0.0013724414068035894, 0.0014054708690839435], "HBA": [2.52518875785965e-05, 5.075948884377352e-05, 0.00010229392673189225, 0.00015435556771481603, 0.00023325103122566416, 0.0002863916412798676, 0.0003400843578628631, 0.0003672110939739742, 0.00039462262326319324, 0.00045002428531305474, 0.0004780190223025007, 0.0005346057131128221, 0.0005632024702405638, 0.0007944430760909511, 0.0010281903368652388, 0.001205411508887923, 0.0012352720601136987, 0.0012654616507428496, 0.0012654616507428496, 0.001327190045804578, 0.0013584000579764828, 0.0013584000579764828, 0.0013584000579764828, 0.0013584000579764828, 0.0013584000579764828, 0.0013584000579764828, 0.0013584000579764828, 0.0013584000579764828, 0.0013584000579764828, 0.0013584000579764828, 0.0013584000579764828, 0.0013584000579764828, 0.0013584000579764828, 0.0013584000579764828, 0.0013584000579764828, 0.0013584000579764828, 0.0013584000579764828, 0.0013584000579764828, 0.0013584000579764828, 0.0013584000579764828, 0.0013584000579764828, 0.0013584000579764828, 0.0013584000579764828, 0.0013584000579764828, 0.0013584000579764828, 0.0013584000579764828, 0.0013584000579764828, 0.0013584000579764828, 0.0013584000579764828, 0.0013584000579764828, 0.0013584000579764828, 0.0013584000579764828, 0.0013584000579764828, 0.0013584000579764828, 0.0013584000579764828, 0.0013584000579764828, 0.0013584000579764828, 0.0013584000579764828, 0.0013584000579764828, 0.0013584000579764828, 0.0013584000579764828, 0.0013584000579764828, 0.0013584000579764828, 0.0013584000579764828, 0.0013584000579764828, 0.0013584000579764828, 0.0013584000579764828, 0.0013584000579764828, 0.0013584000579764828, 0.0013584000579764828, 0.0013584000579764828, 0.0013584000579764828, 0.0013584000579764828, 0.0013584000579764828, 0.0013584000579764828, 0.0013584000579764828, 0.0013584000579764828, 0.0013584000579764828, 0.0013584000579764828, 0.0013584000579764828, 0.0013584000579764828, 0.0013584000579764828, 0.0013584000579764828, 0.0013584000579764828, 0.0013584000579764828, 0.0013584000579764828, 0.0013584000579764828, 0.0013584000579764828, 0.0013584000579764828, 0.0013584000579764828, 0.0013584000579764828, 0.0013584000579764828, 0.0013584000579764828, 0.0013584000579764828, 0.0013584000579764828, 0.0013584000579764828, 0.0013584000579764828, 0.0013584000579764828, 0.0013584000579764828, 0.0013584000579764828, 0.0013584000579764828, 0.0013584000579764828, 0.0013584000579764828, 0.0013584000579764828, 0.0013584000579764828, 0.0013584000579764828, 0.0013584000579764828, 0.0013584000579764828, 0.0013584000579764828, 0.0013584000579764828, 0.0013584000579764828, 0.0013584000579764828, 0.0013584000579764828, 0.0013584000579764828, 0.0013584000579764828, 0.0013584000579764828, 0.0015035590070256917], "HCA": [2.52518875785965e-05, 7.626709010895054e-05, 0.00012780152799706928, 0.00017986316897999305, 0.00020616165681694242, 0.00023273196184404413, 0.0002595783201355419, 0.00031383179235776413, 0.0003960663802254213, 0.0004514680422752828, 0.00047946277926472875, 0.0005360494700750502, 0.0005646462272027919, 0.0005935513029340902, 0.0006227697105308762, 0.0010362857785838062, 0.0010362857785838062, 0.0012476129129878636, 0.0012781370117638472, 0.0012781370117638472, 0.0012781370117638472, 0.0013412603547760932, 0.001373179662765496, 0.001373179662765496, 0.001373179662765496, 0.001373179662765496, 0.0014065920721343355], "HPRA": [2.52518875785965e-05, 7.626709010895054e-05, 0.00012780152799706928, 0.00017986316897999305, 0.00020616165681694242, 0.00023273196184404413, 0.00028642467842703967, 0.000367804886760373, 0.000395216416049592, 0.0004506180780994535, 0.0005066075520783455, 0.0005631942428886669, 0.0007919682999106006, 0.0008786835271044958, 0.0008786835271044958, 0.0009377572511120573, 0.0009974783535636085, 0.0010578575348219107, 0.001118905732373878, 0.0011806341274356064, 0.0012430541517794158, 0.0013061774947916618, 0.0013700161107704674, 0.0013700161107704674, 0.0013700161107704674, 0.0014030455730508215]}