{"HDA": [5.0503775157193e-05, 0.00012702657895272406, 0.00015279379789678342, 0.00017882461838824532, 0.0002051231062251947, 0.00028483402130649984, 0.00036537309618099313, 0.00039249983229210425, 0.00044732289087054237, 0.0005304253839453347, 0.0006144095949136726, 0.0006992896311291547, 0.0009852572024065718, 0.0009852572024065718, 0.0009852572024065718, 0.0011034046504216947, 0.0011929863040990216, 0.0011929863040990216, 0.0011929863040990216, 0.001223850501629886, 0.001223850501629886, 0.0012554121731360088], "HBA": [5.0503775157193e-05, 0.00012702657895272406, 0.00020432823578490217, 0.0002824206972592879, 0.00030871918509623727, 0.000335289490123339, 0.0003889822067063345, 0.00041610894281744564, 0.0004983435306851028, 0.0005260443617100335, 0.0008059917316044934, 0.0008342850770096541, 0.0008914785912651376, 0.001064909045652928, 0.0010941274532497139, 0.0011236643152534947, 0.001183385417705046, 0.001183385417705046, 0.001183385417705046, 0.0012142496152359103, 0.0012142496152359103, 0.0012142496152359103, 0.0012142496152359103, 0.0012142496152359103, 0.0012142496152359103, 0.0012142496152359103, 0.0012142496152359103, 0.0012142496152359103, 0.0012142496152359103, 0.0012142496152359103, 0.0012142496152359103, 0.0012142496152359103, 0.0012142496152359103, 0.0012142496152359103, 0.0012142496152359103, 0.0012142496152359103, 0.0012142496152359103, 0.0012142496152359103, 0.0012142496152359103, 0.0012142496152359103, 0.0012142496152359103, 0.0012142496152359103, 0.0012142496152359103, 0.0012142496152359103, 0.0012142496152359103, 0.0012142496152359103, 0.0012142496152359103, 0.0012142496152359103, 0.0012142496152359103, 0.0012142496152359103, 0.0012142496152359103, 0.0012142496152359103, 0.0012142496152359103, 0.0012142496152359103, 0.0012142496152359103, 0.0012142496152359103, 0.0012142496152359103, 0.0012142496152359103, 0.0012142496152359103, 0.0012142496152359103, 0.0012142496152359103, 0.0012142496152359103, 0.0012142496152359103, 0.0012142496152359103, 0.0012142496152359103, 0.0012142496152359103, 0.0012142496152359103, 0.0012142496152359103, 0.0012142496152359103, 0.0012142496152359103, 0.0012142496152359103, 0.0012142496152359103, 0.0012142496152359103, 0.0012142496152359103, 0.0012142496152359103, 0.0012142496152359103, 0.0012142496152359103, 0.0012142496152359103, 0.0012142496152359103, 0.0012142496152359103, 0.0012142496152359103, 0.0012142496152359103, 0.0012142496152359103, 0.0012142496152359103, 0.0012142496152359103, 0.0012142496152359103, 0.0012142496152359103, 0.0012939690029910125], "HCA": [5.0503775157193e-05, 0.00012702657895272406, 0.00015279379789678342, 0.00017882461838824532, 0.0002051231062251947, 0.00028483402130649984, 0.0003116803795979976, 0.00033880711570910874, 0.0004210417035767659, 0.00044874253460169665, 0.0005327267455700346, 0.0009005402358371237, 0.0009577337500926072, 0.0009866388258239055, 0.0010450756410174775, 0.0011041493650250389, 0.0011638704674765902, 0.0011940600581057412, 0.0011940600581057412, 0.0012249242556366055, 0.0012249242556366055, 0.0012564859271427284], "HPRA": [5.0503775157193e-05, 0.00012702657895272406, 0.00015279379789678342, 0.00017882461838824532, 0.0002051231062251947, 0.00028483402130649984, 0.00033852673788949535, 0.00041990694622282866, 0.0005021415340904858, 0.0005298423651154165, 0.0005858318390943084, 0.0006707118753097906, 0.0008708891752039826, 0.0009865094781291762, 0.0009865094781291762, 0.0009865094781291762, 0.0010462305805807276, 0.0011971785337264828, 0.0011971785337264828, 0.0012280427312573471, 0.0012280427312573471, 0.00125960440276347]}