{"HDA": [5.0503775157193e-05, 7.601137642237001e-05, 0.00012754581431048874, 0.0001796074552934125, 0.00020590594313036188, 0.0002324762481574636, 0.00031301532303195685, 0.000340142059143068, 0.000367553588432287, 0.0004229552504821485, 0.0004509499874715945, 0.0005075366782819159, 0.0005361334354096576, 0.000565038511140956, 0.000594256918737742, 0.0006533306427453034, 0.0008623545013257328, 0.0011038712263589413, 0.0012564917202388596, 0.0012564917202388596, 0.0012564917202388596, 0.0012564917202388596, 0.0012564917202388596, 0.0012887747780900992, 0.0012887747780900992, 0.0013218042403704534], "HBA": [5.0503775157193e-05, 0.00010151897768754704, 0.0001272861966316064, 0.00020537865810599208, 0.00025797563377989084, 0.00031111624383409425, 0.00033796260212559204, 0.00036508933823670316, 0.0004199123968151412, 0.000447613227840072, 0.0005595921757978559, 0.0006161788666081774, 0.000644775623735919, 0.0006736806994672174, 0.0007028991070640034, 0.0009096571410904684, 0.0009693782435420197, 0.0010901366060586239, 0.0011817089023865748, 0.0012434372974483032, 0.0012434372974483032, 0.0012434372974483032, 0.0012434372974483032, 0.0012434372974483032, 0.0012434372974483032, 0.0012434372974483032, 0.0012434372974483032, 0.0012434372974483032, 0.0012434372974483032, 0.0012434372974483032, 0.0012434372974483032, 0.0012434372974483032, 0.0012434372974483032, 0.0012434372974483032, 0.0012434372974483032, 0.0012434372974483032, 0.0012434372974483032, 0.0012434372974483032, 0.0012434372974483032, 0.0012434372974483032, 0.0012434372974483032, 0.0012434372974483032, 0.0012434372974483032, 0.0012434372974483032, 0.0012434372974483032, 0.0012434372974483032, 0.0012434372974483032, 0.0012434372974483032, 0.0012434372974483032, 0.0012434372974483032, 0.0012434372974483032, 0.0012434372974483032, 0.0012434372974483032, 0.0012434372974483032, 0.0012434372974483032, 0.0012434372974483032, 0.0012434372974483032, 0.0012434372974483032, 0.0012434372974483032, 0.0012434372974483032, 0.0012434372974483032, 0.0012434372974483032, 0.0012434372974483032, 0.0012434372974483032, 0.0012434372974483032, 0.0012434372974483032, 0.0012434372974483032, 0.0012434372974483032, 0.0012434372974483032, 0.0012434372974483032, 0.0012434372974483032, 0.0012434372974483032, 0.0012434372974483032, 0.0012434372974483032, 0.0012434372974483032, 0.0012434372974483032, 0.0012434372974483032, 0.0012434372974483032, 0.0012434372974483032, 0.0012434372974483032, 0.0012434372974483032, 0.0012434372974483032, 0.0012434372974483032, 0.0012434372974483032, 0.0012434372974483032, 0.0012434372974483032, 0.0012434372974483032, 0.0012434372974483032, 0.0012434372974483032, 0.0012434372974483032, 0.0013276052967749591, 0.0013276052967749591, 0.0013276052967749591, 0.0013276052967749591, 0.0013276052967749591, 0.0013276052967749591, 0.0013276052967749591, 0.0013276052967749591, 0.0013276052967749591, 0.0013276052967749591, 0.0014296357018356671], "HCA": [5.0503775157193e-05, 0.00010151897768754704, 0.00015305341557566578, 0.0001790842360671277, 0.0002579796995779758, 0.00028455000460507755, 0.00031139636289657534, 0.00033852309900768646, 0.0003933461575861245, 0.0004210469886110553, 0.00047703646258994727, 0.000505329807995108, 0.0005625233222505914, 0.0006203334737131883, 0.0006495518813099743, 0.000679088743313755, 0.0010075548067972869, 0.0010075548067972869, 0.0011601753006772052, 0.0011910394982080695, 0.0012222495103799743, 0.0012538111818860972, 0.0012538111818860972, 0.001286094239737337, 0.001286094239737337, 0.001286094239737337, 0.0013195066491061766], "HPRA": [5.0503775157193e-05, 0.00010151897768754704, 0.0001272861966316064, 0.00017934783761453017, 0.0002582433011253783, 0.00028481360615248, 0.0003385063227354755, 0.00036563305884658665, 0.0003930445881358057, 0.00042074541916073643, 0.0004487401561501824, 0.0005053268469605039, 0.0005625203612159873, 0.0006203305126785841, 0.0006495489202753701, 0.0008563069543018352, 0.0008563069543018352, 0.0009770653168184394, 0.0010686376131463903, 0.0011303660082081187, 0.001192786032551928, 0.001255909375564174, 0.001255909375564174, 0.001255909375564174, 0.0012885624367886639, 0.001321591899069018]}