{"HDA": [5.0503775157193e-05, 0.00012702657895272406, 0.00015279379789678342, 0.0002048554388797072, 0.00025745241455360594, 0.00028402271958070767, 0.0003377154361637032, 0.0003648421722748143, 0.00039225370156403333, 0.0004199545325889641, 0.00044794926957841005, 0.0004762426149835708, 0.0005334361292390542, 0.0005623412049703526, 0.0006207780201639246, 0.000679851744171486, 0.0007395728466230373, 0.0007999520278813394, 0.0008304761266573231, 0.0008613403241881873, 0.000892550336360092, 0.000924112007866215, 0.001243305087760243, 0.001243305087760243, 0.0012759581489847328, 0.001441105460386503, 0.0016415799165995406, 0.0017429860820944026, 0.0017429860820944026, 0.0017429860820944026, 0.0018130116414235577, 0.0018130116414235577, 0.0018130116414235577, 0.0018130116414235577, 0.0018130116414235577, 0.0018130116414235577, 0.0018506494900441305], "HBA": [7.57556627357895e-05, 0.00012677086526614355, 0.0001783053031542623, 0.00023036694413718607, 0.00025666543197413544, 0.00030980604202833885, 0.00033665240031983663, 0.00036377913643094776, 0.0004460137242986049, 0.00047371455532353566, 0.0005017092923129817, 0.0005300026377181424, 0.0005585993948458841, 0.0007031247735023761, 0.0007323431810991621, 0.0008209537671105043, 0.00085081431833628, 0.000881003908965431, 0.0009115280077414147, 0.0009423922052722789, 0.0010048122296160884, 0.0010679355726283344, 0.0011636934965965427, 0.0011959765544477825, 0.0013918949217947211, 0.0016231011577571997, 0.001689925976494879, 0.001689925976494879, 0.0017241245333157811, 0.0017587266094403486, 0.0017937393891049262, 0.0017937393891049262, 0.0017937393891049262, 0.0017937393891049262, 0.0017937393891049262, 0.0017937393891049262, 0.0017937393891049262, 0.0017937393891049262, 0.0017937393891049262, 0.0017937393891049262, 0.0017937393891049262, 0.0017937393891049262, 0.0017937393891049262, 0.0017937393891049262, 0.0017937393891049262, 0.0017937393891049262, 0.0017937393891049262, 0.0017937393891049262, 0.0017937393891049262, 0.0017937393891049262, 0.0017937393891049262, 0.0017937393891049262, 0.0017937393891049262, 0.0017937393891049262, 0.0017937393891049262, 0.0017937393891049262, 0.0017937393891049262, 0.0017937393891049262, 0.0017937393891049262, 0.0017937393891049262, 0.0017937393891049262, 0.0017937393891049262, 0.0017937393891049262, 0.0017937393891049262, 0.0017937393891049262, 0.0017937393891049262, 0.0017937393891049262, 0.0017937393891049262, 0.0017937393891049262, 0.0017937393891049262, 0.0017937393891049262, 0.0017937393891049262, 0.0017937393891049262, 0.0017937393891049262, 0.0017937393891049262, 0.0017937393891049262, 0.0018598376110627556], "HCA": [5.0503775157193e-05, 0.00012702657895272406, 0.00015279379789678342, 0.0002048554388797072, 0.00025745241455360594, 0.00028402271958070767, 0.0003377154361637032, 0.0003648421722748143, 0.00039225370156403333, 0.0004199545325889641, 0.00044794926957841005, 0.0004762426149835708, 0.0005048393721113124, 0.0005337444478426108, 0.0005921812630361828, 0.0006217181250399635, 0.0006515786762657391, 0.0007119578575240413, 0.000742481956300025, 0.0007733461538308892, 0.0008357661781746987, 0.0011513828932359282, 0.0012790601251935394, 0.0015696076458546963, 0.0015696076458546963, 0.0015696076458546963, 0.0017032572833300546, 0.0017370593384950087, 0.0017370593384950087, 0.0018062634907441437, 0.0018062634907441437, 0.0018062634907441437, 0.0018062634907441437, 0.0018062634907441437, 0.0018062634907441437, 0.0018062634907441437, 0.0018439013393647165], "HPRA": [7.57556627357895e-05, 0.00012677086526614355, 0.0001783053031542623, 0.00023036694413718607, 0.00025666543197413544, 0.00030980604202833885, 0.00033665240031983663, 0.00036377913643094776, 0.0003911906657201668, 0.00041889149674509754, 0.0004468862337345435, 0.000503472924544865, 0.0005320696816726066, 0.000560974757403905, 0.000619411572597477, 0.0006489484346012576, 0.0007086695370528089, 0.00073885912768196, 0.0008304314240099109, 0.0008612956215407751, 0.0008925056337126798, 0.0009871906482310487, 0.0010510292642098543, 0.0012124445534660525, 0.0013757098595885014, 0.0015738866332706259, 0.0015738866332706259, 0.0016752927987654879, 0.0017436899124072922, 0.0018128940646564271, 0.0018128940646564271, 0.0018128940646564271, 0.0018128940646564271, 0.0018128940646564271, 0.0018128940646564271, 0.0018128940646564271, 0.001850531913277]}