{"HDA": [0.003333249160374738, 0.004251522805921111, 0.004483427776417645, 0.004483427776417645, 0.004483427776417645, 0.004536568386471849, 0.004697646536220836, 0.00480615348066528, 0.00480615348066528, 0.00480615348066528, 0.00480615348066528, 0.00483444682607044, 0.0048630435831981825, 0.0048919486589294806, 0.004950385474123052, 0.004950385474123052, 0.004950385474123052, 0.004950385474123052, 0.004950385474123052, 0.004981249671653917, 0.004981249671653917, 0.004981249671653917, 0.004981249671653917, 0.004981249671653917, 0.004981249671653917, 0.005014279133934271, 0.00504769154330311, 0.00504769154330311, 0.00504769154330311, 0.00504769154330311, 0.00504769154330311, 0.00504769154330311, 0.00504769154330311, 0.00504769154330311, 0.00504769154330311, 0.00504769154330311, 0.00504769154330311, 0.00504769154330311, 0.00508627030183866, 0.00508627030183866, 0.00508627030183866, 0.00508627030183866, 0.00508627030183866, 0.00508627030183866, 0.00508627030183866, 0.00508627030183866, 0.00508627030183866, 0.00508627030183866, 0.00508627030183866, 0.00508627030183866, 0.00508627030183866, 0.00508627030183866, 0.00508627030183866, 0.00508627030183866, 0.00508627030183866, 0.00508627030183866, 0.00508627030183866, 0.00508627030183866, 0.00508627030183866, 0.00508627030183866, 0.00508627030183866, 0.00508627030183866, 0.00508627030183866, 0.005140336045783297], "HBA": [0.003333249160374738, 0.004251522805921111, 0.004483427776417645, 0.004535489417400569, 0.004693280344422265, 0.004746420954476469, 0.004800113671059464, 0.004800113671059464, 0.004827525200348683, 0.004855226031373614, 0.004855226031373614, 0.004883519376778774, 0.004912116133906516, 0.004941021209637814, 0.004941021209637814, 0.004941021209637814, 0.004941021209637814, 0.004941021209637814, 0.004971545308413798, 0.004971545308413798, 0.004971545308413798, 0.005003106979919921, 0.005003106979919921, 0.005003106979919921, 0.005003106979919921, 0.005036136442200275, 0.005036136442200275, 0.005036136442200275, 0.005036136442200275, 0.005036136442200275, 0.005036136442200275, 0.005036136442200275, 0.005036136442200275, 0.005036136442200275, 0.005036136442200275, 0.005036136442200275, 0.005036136442200275, 0.005074240389769243, 0.005074240389769243, 0.005074240389769243, 0.005074240389769243, 0.005074240389769243, 0.005074240389769243, 0.005074240389769243, 0.005074240389769243, 0.005074240389769243, 0.005074240389769243, 0.005074240389769243, 0.005074240389769243, 0.005074240389769243, 0.005074240389769243, 0.005074240389769243, 0.005074240389769243, 0.005074240389769243, 0.005074240389769243, 0.005074240389769243, 0.005074240389769243, 0.005074240389769243, 0.005074240389769243, 0.005074240389769243, 0.005074240389769243, 0.005074240389769243, 0.005074240389769243, 0.005074240389769243, 0.005074240389769243, 0.005074240389769243, 0.005074240389769243, 0.005074240389769243, 0.005074240389769243, 0.005074240389769243, 0.005074240389769243, 0.005074240389769243, 0.005074240389769243, 0.005074240389769243, 0.005074240389769243, 0.005074240389769243, 0.005074240389769243, 0.005074240389769243, 0.005074240389769243, 0.005074240389769243, 0.005074240389769243, 0.005074240389769243, 0.005074240389769243, 0.005074240389769243, 0.005074240389769243, 0.005074240389769243, 0.005074240389769243, 0.005074240389769243, 0.005074240389769243, 0.005074240389769243, 0.005074240389769243, 0.005074240389769243, 0.005074240389769243, 0.005074240389769243, 0.005074240389769243, 0.005074240389769243, 0.005074240389769243, 0.005074240389769243, 0.005074240389769243, 0.005074240389769243, 0.005074240389769243, 0.005074240389769243, 0.005074240389769243, 0.005074240389769243, 0.005074240389769243, 0.005074240389769243, 0.005074240389769243, 0.005074240389769243, 0.005074240389769243, 0.005074240389769243, 0.005074240389769243, 0.005074240389769243, 0.005074240389769243, 0.005074240389769243, 0.005074240389769243, 0.005074240389769243, 0.005074240389769243, 0.005074240389769243, 0.005074240389769243, 0.005074240389769243, 0.005074240389769243, 0.005074240389769243, 0.005074240389769243, 0.005074240389769243, 0.005074240389769243, 0.005074240389769243, 0.005074240389769243, 0.005074240389769243, 0.005074240389769243, 0.005074240389769243, 0.005074240389769243, 0.005074240389769243, 0.005074240389769243, 0.005074240389769243, 0.005074240389769243, 0.005074240389769243, 0.005074240389769243, 0.005074240389769243, 0.005074240389769243, 0.005074240389769243, 0.005074240389769243, 0.005074240389769243, 0.005074240389769243, 0.005074240389769243, 0.005074240389769243, 0.005074240389769243, 0.005074240389769243, 0.005074240389769243, 0.005074240389769243, 0.005074240389769243, 0.005490733517632633], "HCA": [0.003333249160374738, 0.004251522805921111, 0.004483427776417645, 0.004535489417400569, 0.004693280344422265, 0.004693280344422265, 0.004693280344422265, 0.004801787288866709, 0.004801787288866709, 0.004801787288866709, 0.004801787288866709, 0.0048583739796770305, 0.0048583739796770305, 0.0048872790554083285, 0.0049457158706019, 0.0049457158706019, 0.0049457158706019, 0.0049457158706019, 0.004976239969377884, 0.004976239969377884, 0.004976239969377884, 0.004976239969377884, 0.004976239969377884, 0.004976239969377884, 0.0050088930306023734, 0.005041922492882728, 0.005041922492882728, 0.005041922492882728, 0.005041922492882728, 0.005041922492882728, 0.005041922492882728, 0.005041922492882728, 0.005041922492882728, 0.005041922492882728, 0.005041922492882728, 0.005041922492882728, 0.005041922492882728, 0.005080026440451696, 0.005080026440451696, 0.005080026440451696, 0.005080026440451696, 0.005080026440451696, 0.005080026440451696, 0.005080026440451696, 0.005080026440451696, 0.005080026440451696, 0.005080026440451696, 0.005080026440451696, 0.005080026440451696, 0.005080026440451696, 0.005080026440451696, 0.005080026440451696, 0.005080026440451696, 0.005080026440451696, 0.005080026440451696, 0.005080026440451696, 0.005080026440451696, 0.005080026440451696, 0.005080026440451696, 0.005080026440451696, 0.005080026440451696, 0.005080026440451696, 0.005080026440451696, 0.005080026440451696, 0.0051348961249510095], "HPRA": [0.003333249160374738, 0.004251522805921111, 0.004483427776417645, 0.004483427776417645, 0.004483427776417645, 0.004483427776417645, 0.004483427776417645, 0.004483427776417645, 0.004812366127888274, 0.004812366127888274, 0.004812366127888274, 0.004812366127888274, 0.004812366127888274, 0.004812366127888274, 0.004812366127888274, 0.004960050437907177, 0.004960050437907177, 0.004960050437907177, 0.004960050437907177, 0.004960050437907177, 0.004960050437907177, 0.004960050437907177, 0.00499196974589658, 0.00499196974589658, 0.00499196974589658, 0.00499196974589658, 0.00499196974589658, 0.00499196974589658, 0.00499196974589658, 0.00499196974589658, 0.00499196974589658, 0.00499196974589658, 0.00499196974589658, 0.00499196974589658, 0.00499196974589658, 0.00499196974589658, 0.00499196974589658, 0.005068177641034516, 0.005106756399570067, 0.005106756399570067, 0.005106756399570067, 0.005106756399570067, 0.005106756399570067, 0.005106756399570067, 0.005106756399570067, 0.005106756399570067, 0.005106756399570067, 0.005106756399570067, 0.005106756399570067, 0.005106756399570067, 0.005106756399570067, 0.005106756399570067, 0.005106756399570067, 0.005106756399570067, 0.005106756399570067, 0.005106756399570067, 0.005106756399570067, 0.005106756399570067, 0.005106756399570067, 0.005106756399570067, 0.005106756399570067, 0.005106756399570067, 0.005106756399570067, 0.005160822143514703]}