{"HDA": [0.003525, 0.0051548185941043085, 0.005196984220685519, 0.005196984220685519, 0.005196984220685519, 0.005196984220685519, 0.005322960537138027, 0.0055312938704713596, 0.0055312938704713596, 0.005696583126669707, 0.005696583126669707, 0.005696583126669707, 0.0059091455668865206, 0.0059091455668865206, 0.0059091455668865206, 0.0059091455668865206, 0.0059091455668865206, 0.006057866566291636, 0.006057866566291636, 0.006057866566291636, 0.006057866566291636, 0.006057866566291636, 0.006057866566291636, 0.006057866566291636, 0.006057866566291636, 0.006057866566291636, 0.006057866566291636, 0.006057866566291636, 0.006057866566291636, 0.006365653577679755], "HBA": [0.003525, 0.0051548185941043085, 0.005196984220685519, 0.005196984220685519, 0.005196984220685519, 0.005310048837113808, 0.005372048961114056, 0.005506421441630047, 0.005657650175089404, 0.005657650175089404, 0.005748353122935209, 0.005748353122935209, 0.005852476404901057, 0.005852476404901057, 0.005852476404901057, 0.005852476404901057, 0.005852476404901057, 0.0060011974043061725, 0.0060011974043061725, 0.0060011974043061725, 0.0060011974043061725, 0.0060011974043061725, 0.0060011974043061725, 0.0060011974043061725, 0.0060011974043061725, 0.0060011974043061725, 0.0060011974043061725, 0.0060011974043061725, 0.0060011974043061725, 0.0060011974043061725, 0.0060011974043061725, 0.0060011974043061725, 0.0060011974043061725, 0.0060011974043061725, 0.0060011974043061725, 0.0060011974043061725, 0.0060011974043061725, 0.0060011974043061725, 0.0060011974043061725, 0.0060011974043061725, 0.0060011974043061725, 0.0060011974043061725, 0.0060011974043061725, 0.0060011974043061725, 0.0060011974043061725, 0.0060011974043061725, 0.0060011974043061725, 0.0060011974043061725, 0.0060011974043061725, 0.0060011974043061725, 0.0060011974043061725, 0.0060011974043061725, 0.0060011974043061725, 0.0060011974043061725, 0.0060011974043061725, 0.0060011974043061725, 0.0060011974043061725, 0.0060011974043061725, 0.0060011974043061725, 0.0060011974043061725, 0.0060011974043061725, 0.007480487345134575], "HCA": [0.003525, 0.0051548185941043085, 0.005196984220685519, 0.005196984220685519, 0.005196984220685519, 0.005196984220685519, 0.005196984220685519, 0.005538490948368054, 0.005682127834320367, 0.005682127834320367, 0.005682127834320367, 0.005863533730011977, 0.005863533730011977, 0.005863533730011977, 0.005863533730011977, 0.005863533730011977, 0.005986990520135434, 0.005986990520135434, 0.005986990520135434, 0.005986990520135434, 0.005986990520135434, 0.005986990520135434, 0.005986990520135434, 0.005986990520135434, 0.005986990520135434, 0.005986990520135434, 0.005986990520135434, 0.005986990520135434, 0.0062236769106679786], "HPRA": [0.003525, 0.0051548185941043085, 0.005196984220685519, 0.005196984220685519, 0.005196984220685519, 0.005196984220685519, 0.005322960537138027, 0.005322960537138027, 0.005322960537138027, 0.005736183677633894, 0.005736183677633894, 0.005736183677633894, 0.005736183677633894, 0.005736183677633894, 0.005736183677633894, 0.005736183677633894, 0.005736183677633894, 0.006182346675849242, 0.006182346675849242, 0.006182346675849242, 0.006182346675849242, 0.006182346675849242, 0.006182346675849242, 0.006182346675849242, 0.006182346675849242, 0.006182346675849242, 0.006182346675849242, 0.006182346675849242, 0.006182346675849242, 0.006490133687237361]}