{"HDA": [0.0036110199237392995, 0.004223202354103548, 0.004223202354103548, 0.004509541379509629, 0.004509541379509629, 0.004509541379509629, 0.0048048513207161045, 0.0048048513207161045, 0.0048048513207161045, 0.0048048513207161045, 0.0048048513207161045, 0.0048048513207161045, 0.0048048513207161045, 0.0048048513207161045, 0.004950943358700034, 0.004950943358700034, 0.004950943358700034, 0.004950943358700034, 0.004950943358700034, 0.004950943358700034, 0.004950943358700034, 0.004982505030206157, 0.004982505030206157, 0.004982505030206157, 0.004982505030206157, 0.004982505030206157, 0.004982505030206157, 0.004982505030206157, 0.004982505030206157, 0.004982505030206157, 0.004982505030206157, 0.004982505030206157, 0.004982505030206157, 0.004982505030206157, 0.005019235976028012, 0.005019235976028012, 0.005019235976028012, 0.005019235976028012, 0.005057814734563563, 0.005057814734563563, 0.005057814734563563, 0.005097872417627174, 0.005097872417627174, 0.005097872417627174, 0.005097872417627174, 0.005097872417627174, 0.005097872417627174, 0.005097872417627174, 0.005097872417627174, 0.005097872417627174, 0.005097872417627174, 0.005097872417627174, 0.005097872417627174, 0.005097872417627174, 0.005097872417627174, 0.005097872417627174, 0.005097872417627174, 0.005097872417627174, 0.005097872417627174, 0.005097872417627174, 0.005097872417627174, 0.005097872417627174, 0.005097872417627174, 0.005097872417627174, 0.005097872417627174, 0.005097872417627174, 0.005097872417627174, 0.005097872417627174, 0.005156144080117705], "HBA": [0.0036110199237392995, 0.004223202354103548, 0.0045066417624882015, 0.0045066417624882015, 0.004532940250325151, 0.004772072995569067, 0.0047989193538605646, 0.004826046089971676, 0.004826046089971676, 0.004909148583046468, 0.004937143320035914, 0.004937143320035914, 0.004937143320035914, 0.004937143320035914, 0.004937143320035914, 0.004937143320035914, 0.00496700387126169, 0.00496700387126169, 0.00496700387126169, 0.00496700387126169, 0.00496700387126169, 0.004998565542767812, 0.004998565542767812, 0.004998565542767812, 0.004998565542767812, 0.004998565542767812, 0.004998565542767812, 0.004998565542767812, 0.004998565542767812, 0.004998565542767812, 0.00503357832243239, 0.00503357832243239, 0.00503357832243239, 0.00503357832243239, 0.00503357832243239, 0.00503357832243239, 0.00503357832243239, 0.00503357832243239, 0.00503357832243239, 0.00503357832243239, 0.005073133719766356, 0.005073133719766356, 0.005073133719766356, 0.005073133719766356, 0.005073133719766356, 0.005073133719766356, 0.005073133719766356, 0.005073133719766356, 0.005073133719766356, 0.005073133719766356, 0.005073133719766356, 0.005073133719766356, 0.005073133719766356, 0.005073133719766356, 0.005073133719766356, 0.005073133719766356, 0.005073133719766356, 0.005073133719766356, 0.005073133719766356, 0.005073133719766356, 0.005073133719766356, 0.005073133719766356, 0.005073133719766356, 0.005073133719766356, 0.005073133719766356, 0.005073133719766356, 0.005073133719766356, 0.005073133719766356, 0.005073133719766356, 0.005073133719766356, 0.005073133719766356, 0.005073133719766356, 0.005073133719766356, 0.005073133719766356, 0.005073133719766356, 0.005073133719766356, 0.005073133719766356, 0.005073133719766356, 0.005073133719766356, 0.005073133719766356, 0.005073133719766356, 0.005073133719766356, 0.005073133719766356, 0.005073133719766356, 0.005073133719766356, 0.005073133719766356, 0.005073133719766356, 0.005073133719766356, 0.005073133719766356, 0.005073133719766356, 0.005073133719766356, 0.005073133719766356, 0.005073133719766356, 0.005073133719766356, 0.005073133719766356, 0.005073133719766356, 0.005073133719766356, 0.005073133719766356, 0.005073133719766356, 0.005073133719766356, 0.005073133719766356, 0.005073133719766356, 0.005073133719766356, 0.005073133719766356, 0.005073133719766356, 0.005073133719766356, 0.005073133719766356, 0.005073133719766356, 0.005073133719766356, 0.005073133719766356, 0.005073133719766356, 0.005073133719766356, 0.005073133719766356, 0.005073133719766356, 0.005073133719766356, 0.005073133719766356, 0.005073133719766356, 0.005073133719766356, 0.005073133719766356, 0.005073133719766356, 0.005073133719766356, 0.005073133719766356, 0.005073133719766356, 0.005073133719766356, 0.005073133719766356, 0.005073133719766356, 0.005073133719766356, 0.005073133719766356, 0.005073133719766356, 0.005073133719766356, 0.005073133719766356, 0.005073133719766356, 0.005073133719766356, 0.005073133719766356, 0.005073133719766356, 0.005073133719766356, 0.005073133719766356, 0.005073133719766356, 0.005073133719766356, 0.005073133719766356, 0.005073133719766356, 0.005073133719766356, 0.005073133719766356, 0.005073133719766356, 0.005073133719766356, 0.005073133719766356, 0.005073133719766356, 0.005073133719766356, 0.005073133719766356, 0.005073133719766356, 0.005073133719766356, 0.005073133719766356, 0.005073133719766356, 0.005073133719766356, 0.005073133719766356, 0.005073133719766356, 0.005073133719766356, 0.005073133719766356, 0.005073133719766356, 0.005073133719766356, 0.005073133719766356, 0.005073133719766356, 0.005073133719766356, 0.005073133719766356, 0.005073133719766356, 0.005073133719766356, 0.005073133719766356, 0.005073133719766356, 0.005073133719766356, 0.005073133719766356, 0.005073133719766356, 0.005073133719766356, 0.005073133719766356, 0.005073133719766356, 0.005073133719766356, 0.005073133719766356, 0.005073133719766356, 0.005073133719766356, 0.005073133719766356, 0.005073133719766356, 0.005073133719766356, 0.008159553472852776], "HCA": [0.0036110199237392995, 0.004223202354103548, 0.0045066417624882015, 0.0045066417624882015, 0.004532940250325151, 0.004772072995569067, 0.0047989193538605646, 0.0047989193538605646, 0.0048263308831497835, 0.0048263308831497835, 0.004938309831107567, 0.004938309831107567, 0.004938309831107567, 0.004938309831107567, 0.004938309831107567, 0.004938309831107567, 0.004938309831107567, 0.004938309831107567, 0.004938309831107567, 0.004938309831107567, 0.004969519843279472, 0.004969519843279472, 0.004969519843279472, 0.004969519843279472, 0.005002172904503961, 0.005002172904503961, 0.005002172904503961, 0.005002172904503961, 0.005002172904503961, 0.005002172904503961, 0.005037185684168539, 0.005037185684168539, 0.005037185684168539, 0.005037185684168539, 0.005037185684168539, 0.005037185684168539, 0.005037185684168539, 0.005037185684168539, 0.005037185684168539, 0.005037185684168539, 0.005076741081502505, 0.005076741081502505, 0.005076741081502505, 0.005076741081502505, 0.005076741081502505, 0.005076741081502505, 0.005076741081502505, 0.005076741081502505, 0.005076741081502505, 0.005076741081502505, 0.005076741081502505, 0.005076741081502505, 0.005076741081502505, 0.005076741081502505, 0.005076741081502505, 0.005076741081502505, 0.005076741081502505, 0.005076741081502505, 0.005076741081502505, 0.005076741081502505, 0.005076741081502505, 0.005076741081502505, 0.005076741081502505, 0.005076741081502505, 0.005076741081502505, 0.005076741081502505, 0.005076741081502505, 0.005076741081502505, 0.005076741081502505, 0.005135912679135641],