{"HDA": [0.004325, 0.004530191340925413, 0.0050194833729928605, 0.0050194833729928605, 0.0050194833729928605, 0.0050194833729928605, 0.0050194833729928605, 0.0050194833729928605, 0.0050194833729928605, 0.0050194833729928605, 0.0050194833729928605, 0.0052386374383007715, 0.0052386374383007715, 0.0052386374383007715, 0.0052386374383007715, 0.0052386374383007715, 0.0052386374383007715, 0.0052386374383007715, 0.0052386374383007715, 0.0052386374383007715, 0.00536776966970573, 0.005506177974204, 0.005654898973609115, 0.005654898973609115, 0.005654898973609115, 0.005654898973609115, 0.005654898973609115, 0.005654898973609115, 0.005654898973609115, 0.005654898973609115, 0.005654898973609115, 0.005654898973609115, 0.005654898973609115, 0.005654898973609115, 0.005654898973609115, 0.00598547748600581], "HBA": [0.004325, 0.004530191340925413, 0.00501353458899204, 0.00501353458899204, 0.005103620621152754, 0.005103620621152754, 0.005103620621152754, 0.005103620621152754, 0.00516279221878589, 0.00516279221878589, 0.00516279221878589, 0.00516279221878589, 0.0052411068871232695, 0.0052411068871232695, 0.0052411068871232695, 0.0052411068871232695, 0.0052411068871232695, 0.0052411068871232695, 0.0053567271900484634, 0.0053567271900484634, 0.0053567271900484634, 0.005498450546057534, 0.005498450546057534, 0.005498450546057534, 0.005498450546057534, 0.005498450546057534, 0.005498450546057534, 0.005498450546057534, 0.005498450546057534, 0.005498450546057534, 0.005498450546057534, 0.005498450546057534, 0.005498450546057534, 0.005498450546057534, 0.005498450546057534, 0.005498450546057534, 0.005498450546057534, 0.005498450546057534, 0.005498450546057534, 0.005498450546057534, 0.005498450546057534, 0.005498450546057534, 0.005498450546057534, 0.005498450546057534, 0.005498450546057534, 0.005498450546057534, 0.005498450546057534, 0.005498450546057534, 0.005498450546057534, 0.005498450546057534, 0.005498450546057534, 0.005498450546057534, 0.005498450546057534, 0.005498450546057534, 0.005498450546057534, 0.005498450546057534, 0.005498450546057534, 0.005498450546057534, 0.005498450546057534, 0.005498450546057534, 0.005498450546057534, 0.005498450546057534, 0.005498450546057534, 0.006773960750139166], "HCA": [0.004325, 0.004530191340925413, 0.00501353458899204, 0.00501353458899204, 0.00501353458899204, 0.00501353458899204, 0.00511855454278326, 0.00511855454278326, 0.00511855454278326, 0.00518255454278326, 0.00518255454278326, 0.00518255454278326, 0.00518255454278326, 0.00518255454278326, 0.005273257490629065, 0.005273257490629065, 0.005273257490629065, 0.005273257490629065, 0.005388877793554259, 0.005388877793554259, 0.005388877793554259, 0.005530601149563329, 0.005530601149563329, 0.005530601149563329, 0.005530601149563329, 0.005530601149563329, 0.005530601149563329, 0.005530601149563329, 0.005530601149563329, 0.005530601149563329, 0.005530601149563329, 0.005530601149563329, 0.005530601149563329, 0.005530601149563329, 0.005838388160951448], "HPRA": [0.004325, 0.004325, 0.004325, 0.005105736357659435, 0.005105736357659435, 0.005105736357659435, 0.005105736357659435, 0.005105736357659435, 0.005105736357659435, 0.005105736357659435, 0.005105736357659435, 0.005105736357659435, 0.005340680362671574, 0.005340680362671574, 0.005340680362671574, 0.005340680362671574, 0.005340680362671574, 0.005340680362671574, 0.005340680362671574, 0.005340680362671574, 0.005340680362671574, 0.005340680362671574, 0.005786843360886922, 0.005786843360886922, 0.005786843360886922, 0.005786843360886922, 0.005786843360886922, 0.005786843360886922, 0.005786843360886922, 0.005786843360886922, 0.005786843360886922, 0.005786843360886922, 0.005786843360886922, 0.005786843360886922, 0.005786843360886922, 0.006117421873283616]}