{"HDA": [0.00165, 0.005121802922352373, 0.0051585338681742286, 0.0051585338681742286, 0.005580751920341615, 0.005580751920341615, 0.005755566907813208, 0.005818555066039461, 0.005818555066039461, 0.005818555066039461, 0.0058968697343768405, 0.0058968697343768405, 0.005985869378378264, 0.005985869378378264, 0.005985869378378264, 0.005985869378378264, 0.005985869378378264, 0.006106627740894868, 0.006106627740894868, 0.006106627740894868, 0.006106627740894868, 0.006106627740894868, 0.006106627740894868, 0.006106627740894868, 0.006106627740894868, 0.006106627740894868, 0.006106627740894868, 0.006106627740894868, 0.006106627740894868, 0.006106627740894868, 0.006106627740894868, 0.006106627740894868, 0.006106627740894868, 0.006106627740894868, 0.006425505291915276], "HBA": [0.003525, 0.0047325836251660425, 0.004769314570987898, 0.004769314570987898, 0.005191532623155284, 0.005296552576946504, 0.005353084885160648, 0.005416073043386901, 0.005416073043386901, 0.005489124398489538, 0.005489124398489538, 0.005489124398489538, 0.005578124042490962, 0.005578124042490962, 0.005578124042490962, 0.005578124042490962, 0.005578124042490962, 0.005698882405007566, 0.005698882405007566, 0.005698882405007566, 0.005698882405007566, 0.005698882405007566, 0.005698882405007566, 0.005698882405007566, 0.005698882405007566, 0.005698882405007566, 0.005698882405007566, 0.005698882405007566, 0.005698882405007566, 0.005698882405007566, 0.005698882405007566, 0.005698882405007566, 0.005698882405007566, 0.005698882405007566, 0.005698882405007566, 0.005698882405007566, 0.005698882405007566, 0.005698882405007566, 0.005698882405007566, 0.005698882405007566, 0.005698882405007566, 0.005698882405007566, 0.005698882405007566, 0.005698882405007566, 0.005698882405007566, 0.005698882405007566, 0.005698882405007566, 0.005698882405007566, 0.005698882405007566, 0.005698882405007566, 0.005698882405007566, 0.005698882405007566, 0.005698882405007566, 0.005698882405007566, 0.005698882405007566, 0.005698882405007566, 0.005698882405007566, 0.005698882405007566, 0.005698882405007566, 0.005698882405007566, 0.005698882405007566, 0.005698882405007566, 0.005698882405007566, 0.005698882405007566, 0.005698882405007566, 0.005698882405007566, 0.005698882405007566, 0.005698882405007566, 0.005698882405007566, 0.005698882405007566, 0.005698882405007566, 0.005698882405007566, 0.005698882405007566, 0.005698882405007566, 0.005698882405007566, 0.005698882405007566, 0.005698882405007566, 0.005698882405007566, 0.005698882405007566, 0.005698882405007566, 0.005698882405007566, 0.018044561417353243], "HCA": [0.003525, 0.0047325836251660425, 0.004769314570987898, 0.004769314570987898, 0.005191532623155284, 0.005191532623155284, 0.005366347610626877, 0.00542933576885313, 0.00542933576885313, 0.005502387123955767, 0.005502387123955767, 0.005502387123955767, 0.005591386767957191, 0.005591386767957191, 0.005591386767957191, 0.005591386767957191, 0.005591386767957191, 0.005712145130473795, 0.005712145130473795, 0.005712145130473795, 0.005712145130473795, 0.005712145130473795, 0.005712145130473795, 0.005712145130473795, 0.005712145130473795, 0.005712145130473795, 0.005712145130473795, 0.005712145130473795, 0.005712145130473795, 0.005712145130473795, 0.005712145130473795, 0.005712145130473795, 0.005712145130473795, 0.005712145130473795, 0.0060310226814942035], "HPRA": [0.00165, 0.005121802922352373, 0.0051585338681742286, 0.0051585338681742286, 0.005580751920341615, 0.005580751920341615, 0.005580751920341615, 0.005832704553246628, 0.005832704553246628, 0.005832704553246628, 0.005911019221584008, 0.005911019221584008, 0.005911019221584008, 0.005911019221584008, 0.005911019221584008, 0.005911019221584008, 0.005911019221584008, 0.006152535946617217, 0.006152535946617217, 0.006152535946617217, 0.006152535946617217, 0.006152535946617217, 0.006152535946617217, 0.006152535946617217, 0.006152535946617217, 0.006152535946617217, 0.006152535946617217, 0.006152535946617217, 0.006152535946617217, 0.006152535946617217, 0.006152535946617217, 0.006152535946617217, 0.006152535946617217, 0.006152535946617217, 0.006471413497637625]}