{"HDA": [0.0044, 0.0047086300682844025, 0.0049862921535266625, 0.0049862921535266625, 0.005238244786431676, 0.005238244786431676, 0.005238244786431676, 0.005238244786431676, 0.005416244074434524, 0.005416244074434524, 0.005416244074434524, 0.005416244074434524, 0.005416244074434524, 0.0055397008645579815, 0.0055397008645579815, 0.0055397008645579815, 0.005692116654833854, 0.005692116654833854, 0.005692116654833854, 0.005692116654833854, 0.005692116654833854, 0.005692116654833854, 0.005692116654833854, 0.005692116654833854, 0.005692116654833854, 0.005692116654833854, 0.005692116654833854, 0.005692116654833854, 0.006010994205854263], "HBA": [0.0044, 0.0047086300682844025, 0.0049862921535266625, 0.005041983844326395, 0.005222261471872817, 0.005222261471872817, 0.005296577762003613, 0.005296577762003613, 0.005383921634830934, 0.005480038512954733, 0.005480038512954733, 0.005480038512954733, 0.005480038512954733, 0.005480038512954733, 0.005480038512954733, 0.005480038512954733, 0.005632454303230606, 0.005632454303230606, 0.005632454303230606, 0.005632454303230606, 0.005632454303230606, 0.005632454303230606, 0.005632454303230606, 0.005632454303230606, 0.005632454303230606, 0.005632454303230606, 0.005632454303230606, 0.005632454303230606, 0.005632454303230606, 0.005632454303230606, 0.005632454303230606, 0.005632454303230606, 0.005632454303230606, 0.005632454303230606, 0.005632454303230606, 0.005632454303230606, 0.005632454303230606, 0.005632454303230606, 0.005632454303230606, 0.005632454303230606, 0.005632454303230606, 0.005632454303230606, 0.005632454303230606, 0.005632454303230606, 0.005632454303230606, 0.005632454303230606, 0.005632454303230606, 0.005632454303230606, 0.005632454303230606, 0.005632454303230606, 0.005632454303230606, 0.005632454303230606, 0.005632454303230606, 0.005632454303230606, 0.005632454303230606, 0.005632454303230606, 0.005632454303230606, 0.005632454303230606, 0.005632454303230606, 0.005632454303230606, 0.005632454303230606, 0.005632454303230606, 0.005632454303230606, 0.005632454303230606, 0.005632454303230606, 0.005632454303230606, 0.005632454303230606, 0.005632454303230606, 0.005632454303230606, 0.005632454303230606, 0.010734495119557135], "HCA": [0.0044, 0.0047086300682844025, 0.0049862921535266625, 0.0049862921535266625, 0.005238244786431676, 0.005238244786431676, 0.005238244786431676, 0.005238244786431676, 0.005416244074434524, 0.005512360952558323, 0.005512360952558323, 0.005512360952558323, 0.005512360952558323, 0.005512360952558323, 0.005512360952558323, 0.005512360952558323, 0.005664776742834196, 0.005664776742834196, 0.005664776742834196, 0.005664776742834196, 0.005664776742834196, 0.005664776742834196, 0.005664776742834196, 0.005664776742834196, 0.005664776742834196, 0.005664776742834196, 0.005664776742834196, 0.005664776742834196, 0.005983654293854604], "HPRA": [0.0044, 0.0047086300682844025, 0.0049862921535266625, 0.0049862921535266625, 0.0049862921535266625, 0.0049862921535266625, 0.0049862921535266625, 0.005310941126824284, 0.005488940414827132, 0.005488940414827132, 0.005488940414827132, 0.005488940414827132, 0.005488940414827132, 0.005488940414827132, 0.005488940414827132, 0.005488940414827132, 0.005793771995378877, 0.005793771995378877, 0.005793771995378877, 0.005793771995378877, 0.005793771995378877, 0.005793771995378877, 0.005793771995378877, 0.005793771995378877, 0.005793771995378877, 0.005793771995378877, 0.005793771995378877, 0.005793771995378877, 0.006112649546399286]}