{"HDA": [0.004525, 0.004713189243102865, 0.004713189243102865, 0.004920217864809816, 0.005095032852281409, 0.005159032852281409, 0.005229649334168281, 0.005229649334168281, 0.005229649334168281, 0.005229649334168281, 0.00532576621229208, 0.00532576621229208, 0.00532576621229208, 0.005443913660307203, 0.005443913660307203, 0.005443913660307203, 0.005443913660307203, 0.005443913660307203, 0.005612576166632047, 0.005612576166632047, 0.005612576166632047, 0.005612576166632047, 0.005612576166632047, 0.005612576166632047, 0.005612576166632047, 0.005612576166632047, 0.005612576166632047, 0.005909841327155233], "HBA": [0.004525, 0.004713189243102865, 0.004804496766842821, 0.004906537583169352, 0.005081352570640945, 0.005145352570640945, 0.005215969052527817, 0.005215969052527817, 0.00529861368062699, 0.00529861368062699, 0.00529861368062699, 0.00529861368062699, 0.0054094170047267135, 0.0054094170047267135, 0.0054094170047267135, 0.0054094170047267135, 0.0054094170047267135, 0.0054094170047267135, 0.0055780795110515575, 0.0055780795110515575, 0.0055780795110515575, 0.0055780795110515575, 0.0055780795110515575, 0.0055780795110515575, 0.0055780795110515575, 0.0055780795110515575, 0.0055780795110515575, 0.0055780795110515575, 0.0055780795110515575, 0.0055780795110515575, 0.0055780795110515575, 0.0055780795110515575, 0.0055780795110515575, 0.0055780795110515575, 0.0055780795110515575, 0.0055780795110515575, 0.0055780795110515575, 0.0055780795110515575, 0.0055780795110515575, 0.0055780795110515575, 0.0055780795110515575, 0.0055780795110515575, 0.0055780795110515575, 0.0055780795110515575, 0.0055780795110515575, 0.0055780795110515575, 0.0055780795110515575, 0.0055780795110515575, 0.0055780795110515575, 0.0055780795110515575, 0.0055780795110515575, 0.0055780795110515575, 0.0055780795110515575, 0.0065546420110515575], "HCA": [0.004525, 0.004713189243102865, 0.004713189243102865, 0.004920217864809816, 0.004920217864809816, 0.005176217864809816, 0.005246834346696688, 0.005246834346696688, 0.0053294789747958616, 0.0053294789747958616, 0.0053294789747958616, 0.0053294789747958616, 0.005440282298895585, 0.005440282298895585, 0.005440282298895585, 0.005440282298895585, 0.005440282298895585, 0.005440282298895585, 0.005608944805220429, 0.005608944805220429, 0.005608944805220429, 0.005608944805220429, 0.005608944805220429, 0.005608944805220429, 0.005608944805220429, 0.005608944805220429, 0.005608944805220429, 0.005906209965743615], "HPRA": [0.004525, 0.004713189243102865, 0.004713189243102865, 0.004920217864809816, 0.004920217864809816, 0.005176217864809816, 0.005246834346696688, 0.005246834346696688, 0.005246834346696688, 0.005246834346696688, 0.005342951224820487, 0.005342951224820487, 0.005342951224820487, 0.005342951224820487, 0.005342951224820487, 0.005342951224820487, 0.005342951224820487, 0.005342951224820487, 0.005680276237470175, 0.005680276237470175, 0.005680276237470175, 0.005680276237470175, 0.005680276237470175, 0.005680276237470175, 0.005680276237470175, 0.005680276237470175, 0.005680276237470175, 0.005977541397993362]}