{"HDA": [0.004475, 0.004475, 0.004475, 0.004554110794667932, 0.004554110794667932, 0.00508458918972966, 0.0051378685333281476, 0.005254411858309209, 0.005254411858309209, 0.005254411858309209, 0.005325028340196081, 0.005325028340196081, 0.005325028340196081, 0.005325028340196081, 0.005412372213023402, 0.005412372213023402, 0.005510401817964095, 0.005510401817964095, 0.005510401817964095, 0.005510401817964095, 0.005510401817964095, 0.005510401817964095, 0.005510401817964095, 0.005510401817964095, 0.005510401817964095, 0.005510401817964095, 0.005510401817964095, 0.005510401817964095, 0.005510401817964095, 0.005510401817964095, 0.005510401817964095, 0.005510401817964095, 0.005726664793742641], "HBA": [0.004475, 0.0045065616715061225, 0.0045065616715061225, 0.0045456241715061225, 0.004633339622582829, 0.005067367400360607, 0.005120646743959094, 0.005237190068940156, 0.005237190068940156, 0.005304376309198151, 0.005374992791085023, 0.005374992791085023, 0.005374992791085023, 0.005374992791085023, 0.005374992791085023, 0.005374992791085023, 0.005374992791085023, 0.00548127401119343, 0.00548127401119343, 0.00548127401119343, 0.00548127401119343, 0.00548127401119343, 0.00548127401119343, 0.00548127401119343, 0.00548127401119343, 0.00548127401119343, 0.00548127401119343, 0.00548127401119343, 0.00548127401119343, 0.00548127401119343, 0.00548127401119343, 0.00548127401119343, 0.00548127401119343, 0.00548127401119343, 0.00548127401119343, 0.00548127401119343, 0.00548127401119343, 0.00548127401119343, 0.00548127401119343, 0.00548127401119343, 0.00548127401119343, 0.00548127401119343, 0.00548127401119343, 0.00548127401119343, 0.00548127401119343, 0.00548127401119343, 0.00548127401119343, 0.00548127401119343, 0.00548127401119343, 0.00548127401119343, 0.00548127401119343, 0.00548127401119343, 0.00548127401119343, 0.00548127401119343, 0.00548127401119343, 0.00548127401119343, 0.00548127401119343, 0.00548127401119343, 0.00548127401119343, 0.00548127401119343, 0.00548127401119343, 0.00548127401119343, 0.00548127401119343, 0.00548127401119343, 0.00548127401119343, 0.00548127401119343, 0.00548127401119343, 0.00548127401119343, 0.00548127401119343, 0.00548127401119343, 0.00548127401119343, 0.00548127401119343, 0.00548127401119343, 0.00548127401119343, 0.00548127401119343, 0.00548127401119343, 0.00548127401119343, 0.00548127401119343, 0.00548127401119343, 0.00548127401119343, 0.00548127401119343, 0.00548127401119343, 0.008567693764279849], "HCA": [0.004475, 0.004475, 0.004510430839002267, 0.004549493339002267, 0.004549493339002267, 0.005079971734063995, 0.0051332510776624825, 0.005249794402643544, 0.005249794402643544, 0.005249794402643544, 0.005393431288595856, 0.005393431288595856, 0.005393431288595856, 0.005393431288595856, 0.005393431288595856, 0.005393431288595856, 0.005393431288595856, 0.005499712508704263, 0.005499712508704263, 0.005499712508704263, 0.005499712508704263, 0.005499712508704263, 0.005499712508704263, 0.005499712508704263, 0.005499712508704263, 0.005499712508704263, 0.005499712508704263, 0.005499712508704263, 0.005499712508704263, 0.005499712508704263, 0.005703794141357324], "HPRA": [0.004475, 0.004475, 0.004475, 0.004554110794667932, 0.004554110794667932, 0.00508458918972966, 0.0051378685333281476, 0.005254411858309209, 0.005254411858309209, 0.005254411858309209, 0.005254411858309209, 0.005254411858309209, 0.005254411858309209, 0.005254411858309209, 0.005254411858309209, 0.005254411858309209, 0.005548500673131286, 0.005548500673131286, 0.005548500673131286, 0.005548500673131286, 0.005548500673131286, 0.005548500673131286, 0.005548500673131286, 0.005548500673131286, 0.005548500673131286, 0.005548500673131286, 0.005548500673131286, 0.005548500673131286, 0.005548500673131286, 0.005548500673131286, 0.005548500673131286, 0.005548500673131286, 0.005764763648909832]}