{"HDA": [0.00335, 0.004605119566653455, 0.005175269998652051, 0.0055834332639581735, 0.0055834332639581735, 0.0055834332639581735, 0.0055834332639581735, 0.0055834332639581735, 0.0055834332639581735, 0.0055834332639581735, 0.005850432195962445, 0.005850432195962445, 0.005850432195962445, 0.005850432195962445, 0.005850432195962445, 0.005850432195962445, 0.005850432195962445, 0.005995591145011654, 0.005995591145011654, 0.006164253651336498, 0.006164253651336498, 0.006164253651336498, 0.006164253651336498, 0.006164253651336498, 0.006164253651336498, 0.006164253651336498, 0.006164253651336498, 0.006164253651336498, 0.006164253651336498, 0.006164253651336498, 0.006164253651336498, 0.006164253651336498, 0.006164253651336498, 0.006598281429114276], "HBA": [0.00335, 0.004605119566653455, 0.005175269998652051, 0.0055834332639581735, 0.005641704926448704, 0.005641704926448704, 0.005707803148406534, 0.005707803148406534, 0.005784749901253564, 0.005784749901253564, 0.005784749901253564, 0.005784749901253564, 0.005784749901253564, 0.005895553225353287, 0.005895553225353287, 0.005895553225353287, 0.005895553225353287, 0.005895553225353287, 0.005895553225353287, 0.006064215731678131, 0.006064215731678131, 0.006064215731678131, 0.006064215731678131, 0.006064215731678131, 0.006064215731678131, 0.006064215731678131, 0.006064215731678131, 0.006064215731678131, 0.006064215731678131, 0.006064215731678131, 0.006064215731678131, 0.006064215731678131, 0.006064215731678131, 0.006064215731678131, 0.006064215731678131, 0.006064215731678131, 0.006064215731678131, 0.006064215731678131, 0.006064215731678131, 0.006064215731678131, 0.006064215731678131, 0.006064215731678131, 0.006064215731678131, 0.006064215731678131, 0.006064215731678131, 0.006064215731678131, 0.006064215731678131, 0.006064215731678131, 0.006064215731678131, 0.006064215731678131, 0.006064215731678131, 0.006064215731678131, 0.006064215731678131, 0.006064215731678131, 0.006064215731678131, 0.006064215731678131, 0.006064215731678131, 0.006064215731678131, 0.006064215731678131, 0.006064215731678131, 0.006064215731678131, 0.006064215731678131, 0.006064215731678131, 0.006064215731678131, 0.006064215731678131, 0.006064215731678131, 0.006064215731678131, 0.006064215731678131, 0.011981375494991741], "HCA": [0.00335, 0.004605119566653455, 0.005175269998652051, 0.0055834332639581735, 0.0055834332639581735, 0.0055834332639581735, 0.0055834332639581735, 0.005727070149910486, 0.0058026845166401645, 0.0058026845166401645, 0.0058026845166401645, 0.0058026845166401645, 0.0058026845166401645, 0.0059111914610846085, 0.0059111914610846085, 0.0059111914610846085, 0.0059111914610846085, 0.0059111914610846085, 0.006063607251360481, 0.006063607251360481, 0.006063607251360481, 0.006063607251360481, 0.006063607251360481, 0.006063607251360481, 0.006063607251360481, 0.006063607251360481, 0.006063607251360481, 0.006063607251360481, 0.006063607251360481, 0.006063607251360481, 0.006063607251360481, 0.006063607251360481, 0.006063607251360481, 0.006463607251360482], "HPRA": [0.00335, 0.004605119566653455, 0.005175269998652051, 0.0055834332639581735, 0.0055834332639581735, 0.0055834332639581735, 0.0055834332639581735, 0.0055834332639581735, 0.0055834332639581735, 0.0055834332639581735, 0.0055834332639581735, 0.005871783898329569, 0.005871783898329569, 0.005871783898329569, 0.005871783898329569, 0.005871783898329569, 0.005871783898329569, 0.005871783898329569, 0.005871783898329569, 0.006209108910979257, 0.006209108910979257, 0.006209108910979257, 0.006209108910979257, 0.006209108910979257, 0.006209108910979257, 0.006209108910979257, 0.006209108910979257, 0.006209108910979257, 0.006209108910979257, 0.006209108910979257, 0.006209108910979257, 0.006209108910979257, 0.006209108910979257, 0.006643136688757035]}