{"HDA": [0.0028, 0.004682716049382716, 0.004682716049382716, 0.004682716049382716, 0.004682716049382716, 0.005318443957837897, 0.005318443957837897, 0.005668073932781082, 0.005668073932781082, 0.005804676623854096, 0.006023830689162008, 0.006023830689162008, 0.006023830689162008, 0.006023830689162008, 0.006023830689162008, 0.006023830689162008, 0.006023830689162008, 0.006023830689162008, 0.006023830689162008, 0.006023830689162008, 0.006159038909821824, 0.006159038909821824, 0.006159038909821824, 0.006159038909821824, 0.006159038909821824, 0.006159038909821824, 0.006159038909821824, 0.006159038909821824, 0.006159038909821824, 0.006159038909821824, 0.006159038909821824, 0.006159038909821824, 0.006159038909821824, 0.00644631268172645], "HBA": [0.0039, 0.0046849293563579275, 0.0046849293563579275, 0.004755791034362463, 0.004946310772207304, 0.005112804008419583, 0.005112804008419583, 0.005112804008419583, 0.005112804008419583, 0.005225868624847872, 0.005225868624847872, 0.005225868624847872, 0.005293054865105867, 0.005293054865105867, 0.005368669231835546, 0.005368669231835546, 0.005368669231835546, 0.005368669231835546, 0.005462928822748922, 0.005462928822748922, 0.005462928822748922, 0.005462928822748922, 0.005462928822748922, 0.005462928822748922, 0.005462928822748922, 0.005462928822748922, 0.005462928822748922, 0.005462928822748922, 0.005462928822748922, 0.005462928822748922, 0.005462928822748922, 0.005462928822748922, 0.005462928822748922, 0.005462928822748922, 0.005462928822748922, 0.005462928822748922, 0.005462928822748922, 0.005462928822748922, 0.005462928822748922, 0.005462928822748922, 0.005462928822748922, 0.005462928822748922, 0.005462928822748922, 0.005462928822748922, 0.005462928822748922, 0.005462928822748922, 0.005462928822748922, 0.005462928822748922, 0.005462928822748922, 0.005462928822748922, 0.005462928822748922, 0.005462928822748922, 0.005462928822748922, 0.005462928822748922, 0.005462928822748922, 0.005462928822748922, 0.005462928822748922, 0.005462928822748922, 0.005462928822748922, 0.005462928822748922, 0.005462928822748922, 0.005462928822748922, 0.005462928822748922, 0.005462928822748922, 0.005462928822748922, 0.005462928822748922, 0.005462928822748922, 0.005462928822748922, 0.005462928822748922, 0.005462928822748922, 0.005462928822748922, 0.005462928822748922, 0.005462928822748922, 0.005462928822748922, 0.005462928822748922, 0.005462928822748922, 0.005462928822748922, 0.005462928822748922, 0.005462928822748922, 0.005462928822748922, 0.005462928822748922, 0.005462928822748922, 0.005462928822748922, 0.005462928822748922, 0.005462928822748922, 0.007730502518894046], "HCA": [0.0039, 0.0046849293563579275, 0.0046849293563579275, 0.004755791034362463, 0.004946310772207304, 0.005112804008419583, 0.005112804008419583, 0.005112804008419583, 0.005112804008419583, 0.005225868624847872, 0.005225868624847872, 0.005225868624847872, 0.005225868624847872, 0.005297687067824028, 0.005373301434553707, 0.005373301434553707, 0.005373301434553707, 0.005373301434553707, 0.0054675610254670826, 0.0054675610254670826, 0.0054675610254670826, 0.0054675610254670826, 0.0054675610254670826, 0.0054675610254670826, 0.0054675610254670826, 0.0054675610254670826, 0.0054675610254670826, 0.0054675610254670826, 0.0054675610254670826, 0.0054675610254670826, 0.0054675610254670826, 0.0054675610254670826, 0.005650176072946995], "HPRA": [0.0028, 0.004682716049382716, 0.004682716049382716, 0.004682716049382716, 0.004682716049382716, 0.004682716049382716, 0.005375347516163045, 0.00572497749110623, 0.00572497749110623, 0.00572497749110623, 0.006017182911516779, 0.006017182911516779, 0.006017182911516779, 0.006017182911516779, 0.006017182911516779, 0.006017182911516779, 0.006017182911516779, 0.006017182911516779, 0.006017182911516779, 0.006017182911516779, 0.006287599352836412, 0.006287599352836412, 0.006287599352836412, 0.006287599352836412, 0.006287599352836412, 0.006287599352836412, 0.006287599352836412, 0.006287599352836412, 0.006287599352836412, 0.006287599352836412, 0.006287599352836412, 0.006287599352836412, 0.006287599352836412, 0.006574873124741037]}