{"HDA": [0.003975, 0.004823979591836735, 0.004823979591836735, 0.004905118786124535, 0.004905118786124535, 0.004905118786124535, 0.005118236160518483, 0.005176507823009014, 0.005176507823009014, 0.005244809168545521, 0.005244809168545521, 0.005244809168545521, 0.005244809168545521, 0.005522176032450846, 0.005622176032450846, 0.005622176032450846, 0.005622176032450846, 0.005622176032450846, 0.005622176032450846, 0.005622176032450846, 0.005774591822726719, 0.005774591822726719, 0.005774591822726719, 0.005774591822726719, 0.005774591822726719, 0.005774591822726719, 0.005774591822726719, 0.005774591822726719, 0.006018732447726719], "HBA": [0.003975, 0.004823979591836735, 0.005005428278148246, 0.005044490778148246, 0.005044490778148246, 0.005091403895055733, 0.005091403895055733, 0.005147095585855466, 0.005147095585855466, 0.005212132006250887, 0.005281576450695331, 0.005355892740826128, 0.005355892740826128, 0.005355892740826128, 0.005355892740826128, 0.005455892740826128, 0.005455892740826128, 0.005455892740826128, 0.005455892740826128, 0.005455892740826128, 0.005455892740826128, 0.005604613740231244, 0.005604613740231244, 0.005604613740231244, 0.005604613740231244, 0.005604613740231244, 0.005604613740231244, 0.005604613740231244, 0.005604613740231244, 0.005604613740231244, 0.005604613740231244, 0.005604613740231244, 0.005604613740231244, 0.005604613740231244, 0.005604613740231244, 0.005604613740231244, 0.005604613740231244, 0.005604613740231244, 0.005604613740231244, 0.005604613740231244, 0.005604613740231244, 0.005974436225438345], "HCA": [0.003975, 0.004823979591836735, 0.005005428278148246, 0.005044490778148246, 0.005044490778148246, 0.005044490778148246, 0.005096247933574984, 0.005096247933574984, 0.0051563404760904576, 0.005220340476090457, 0.0052886418216269646, 0.005361693176729602, 0.005361693176729602, 0.005361693176729602, 0.005361693176729602, 0.005459722781670295, 0.005459722781670295, 0.005459722781670295, 0.005459722781670295, 0.005459722781670295, 0.005459722781670295, 0.005604881730719504, 0.005604881730719504, 0.005604881730719504, 0.005604881730719504, 0.005604881730719504, 0.005604881730719504, 0.005604881730719504, 0.005604881730719504, 0.005834450142106097], "HPRA": [0.003975, 0.004823979591836735, 0.004823979591836735, 0.004823979591836735, 0.004912868480725624, 0.004912868480725624, 0.005125985855119572, 0.005125985855119572, 0.005125985855119572, 0.005262588546192586, 0.005262588546192586, 0.005262588546192586, 0.005262588546192586, 0.005262588546192586, 0.0056625885461925865, 0.0056625885461925865, 0.0056625885461925865, 0.0056625885461925865, 0.0056625885461925865, 0.0056625885461925865, 0.005815004336468459, 0.005815004336468459, 0.005815004336468459, 0.005815004336468459, 0.005815004336468459, 0.005815004336468459, 0.005815004336468459, 0.005815004336468459, 0.005815004336468459, 0.006075150018050145]}