{"HDA": [0.0037120274740536853, 0.004120149094296518, 0.004120149094296518, 0.004510611401668446, 0.004510611401668446, 0.004616892621776853, 0.004616892621776853, 0.00477965303844352, 0.004889299155600396, 0.004916999986625327, 0.004916999986625327, 0.004916999986625327, 0.004916999986625327, 0.004916999986625327, 0.004946218394222113, 0.004975755256225894, 0.004975755256225894, 0.004975755256225894, 0.0050062793550018775, 0.0050062793550018775, 0.0050062793550018775, 0.0050062793550018775, 0.0050062793550018775, 0.005038562412853117, 0.005038562412853117, 0.005038562412853117, 0.005038562412853117, 0.005038562412853117, 0.005038562412853117, 0.005038562412853117, 0.005038562412853117, 0.005038562412853117, 0.005038562412853117, 0.005038562412853117, 0.005038562412853117, 0.005075742662704396, 0.005075742662704396, 0.005075742662704396, 0.005075742662704396, 0.005075742662704396, 0.005075742662704396, 0.005075742662704396, 0.005075742662704396, 0.005075742662704396, 0.005075742662704396, 0.005075742662704396, 0.005075742662704396, 0.005075742662704396, 0.005075742662704396, 0.005075742662704396, 0.005075742662704396, 0.005075742662704396, 0.005075742662704396, 0.005075742662704396, 0.005075742662704396, 0.005075742662704396, 0.005075742662704396, 0.005075742662704396, 0.005126041943424682], "HBA": [0.0037120274740536853, 0.004502763113274173, 0.0046058319890504105, 0.0046058319890504105, 0.004658428964724309, 0.004711569574778513, 0.004765262291361508, 0.004792389027472619, 0.004874623615340276, 0.0049023244463652065, 0.0049303191833546525, 0.0049303191833546525, 0.0049303191833546525, 0.0049592242590859505, 0.0049592242590859505, 0.0049592242590859505, 0.0049592242590859505, 0.004989413849715102, 0.004989413849715102, 0.004989413849715102, 0.004989413849715102, 0.005020975521221225, 0.005020975521221225, 0.005020975521221225, 0.005020975521221225, 0.005020975521221225, 0.005020975521221225, 0.005020975521221225, 0.005020975521221225, 0.005020975521221225, 0.005020975521221225, 0.005020975521221225, 0.005020975521221225, 0.005020975521221225, 0.005020975521221225, 0.0050581557710725035, 0.0050581557710725035, 0.0050581557710725035, 0.0050581557710725035, 0.0050581557710725035, 0.0050581557710725035, 0.0050581557710725035, 0.0050581557710725035, 0.0050581557710725035, 0.0050581557710725035, 0.0050581557710725035, 0.0050581557710725035, 0.0050581557710725035, 0.0050581557710725035, 0.0050581557710725035, 0.0050581557710725035, 0.0050581557710725035, 0.0050581557710725035, 0.0050581557710725035, 0.0050581557710725035, 0.0050581557710725035, 0.0050581557710725035, 0.0050581557710725035, 0.0050581557710725035, 0.0050581557710725035, 0.0050581557710725035, 0.0050581557710725035, 0.0050581557710725035, 0.0050581557710725035, 0.0050581557710725035, 0.0050581557710725035, 0.0050581557710725035, 0.0050581557710725035, 0.0050581557710725035, 0.0050581557710725035, 0.0050581557710725035, 0.0050581557710725035, 0.0050581557710725035, 0.0050581557710725035, 0.0050581557710725035, 0.0050581557710725035, 0.0050581557710725035, 0.0050581557710725035, 0.0050581557710725035, 0.0050581557710725035, 0.0050581557710725035, 0.0050581557710725035, 0.0050581557710725035, 0.0050581557710725035, 0.0050581557710725035, 0.0050581557710725035, 0.0050581557710725035, 0.0050581557710725035, 0.0050581557710725035, 0.0050581557710725035, 0.0050581557710725035, 0.0050581557710725035, 0.0050581557710725035, 0.0050581557710725035, 0.0050581557710725035, 0.0050581557710725035, 0.0050581557710725035, 0.0050581557710725035, 0.0050581557710725035, 0.0050581557710725035, 0.0050581557710725035, 0.0050581557710725035, 0.0050581557710725035, 0.0050581557710725035, 0.0050581557710725035, 0.0050581557710725035, 0.0050581557710725035, 0.0050581557710725035, 0.0050581557710725035, 0.0050581557710725035, 0.0050581557710725035, 0.0050581557710725035, 0.0050581557710725035, 0.0050581557710725035, 0.0050581557710725035, 0.0050581557710725035, 0.0050581557710725035, 0.0050581557710725035, 0.0050581557710725035, 0.0050581557710725035, 0.0050581557710725035, 0.0050581557710725035, 0.0050581557710725035, 0.0050581557710725035, 0.0050581557710725035, 0.0050581557710725035, 0.0050581557710725035, 0.0050581557710725035, 0.0050581557710725035, 0.0050581557710725035, 0.0050581557710725035, 0.0050581557710725035, 0.0050581557710725035, 0.0050581557710725035, 0.0050581557710725035, 0.0050581557710725035, 0.0050581557710725035, 0.0050581557710725035, 0.0050581557710725035, 0.0050581557710725035, 0.0050581557710725035, 0.0050581557710725035, 0.0050581557710725035, 0.0050581557710725035, 0.0050581557710725035, 0.0050581557710725035, 0.0050581557710725035, 0.0050581557710725035, 0.0050581557710725035, 0.0050581557710725035, 0.0050581557710725035, 0.0050581557710725035, 0.0050581557710725035, 0.0050581557710725035, 0.0050581557710725035, 0.0050581557710725035, 0.0050581557710725035, 0.0050581557710725035, 0.0050581557710725035, 0.0050581557710725035, 0.0050581557710725035, 0.0050581557710725035, 0.0050581557710725035, 0.0050581557710725035, 0.005874482301684749], "HCA": [0.0037120274740536853, 0.004502763113274173, 0.004502763113274173, 0.004502763113274173, 0.00460795706462197, 0.004714238284730377, 0.00479477735960487, 0.004821904095715981, 0.004876727154294419, 0.004876727154294419, 0.004904721891283865, 0.004904721891283865, 0.004933318648411607, 0.004933318648411607, 0.004933318648411607, 0.004933318648411607, 0.004933318648411607, 0.004933318648411607, 0.0049943668459635744, 0.0049943668459635744, 0.0049943668459635744, 0.005025928517469697, 0.005025928517469697, 0.005025928517469697, 0.005025928517469697, 0.005025928517469697, 0.005025928517469697, 0.005025928517469697, 0.005025928517469697, 0.005025928517469697, 0.005025928517469697, 0.005025928517469697, 0.005025928517469697, 0.005025928517469697, 0.005025928517469697, 0.005025928517469697, 0.00506356636609027, 0.00506356636609027, 0.00506356636609027, 0.00506356636609027, 0.00506356636609027, 0.00506356636609027, 0.00506356636609027, 0.00506356636609027, 0.00506356636609027, 0.00506356636609027, 0.00506356636609027, 0.00506356636609027, 0.00506356636609027, 0.00506356636609027, 0.00506356636609027, 0.00506356636609027, 0.00506356636609027, 0.00506356636609027, 0.00506356636609027, 0.00506356636609027, 0.00506356636609027, 0.00506356636609027, 0.00506356636609027, 0.005114586774253535], "HPRA": [0.0037120274740536853, 0.0037120274740536853, 0.004124302977158635, 0.004124302977158635, 0.004518780294712876, 0.004518780294712876, 0.004626165727878866, 0.004788926144545533, 0.004898572261702409, 0.004898572261702409, 0.004898572261702409, 0.00492686560710757, 0.00492686560710757, 0.00492686560710757, 0.00492686560710757, 0.00492686560710757, 0.00492686560710757, 0.00492686560710757, 0.00492686560710757, 0.005019458199700163, 0.005019458199700163, 0.005019458199700163, 0.005019458199700163, 0.005019458199700163, 0.005019458199700163, 0.005019458199700163, 0.005019458199700163, 0.005019458199700163, 0.005019458199700163, 0.005019458199700163, 0.005019458199700163, 0.005019458199700163, 0.005019458199700163, 0.005019458199700163, 0.005019458199700163, 0.005093818699402721, 0.005093818699402721, 0.005093818699402721, 0.005093818699402721, 0.005093818699402721, 0.005093818699402721, 0.005093818699402721, 0.005093818699402721, 0.005093818699402721, 0.005093818699402721, 0.005093818699402721, 0.005093818699402721, 0.005093818699402721, 0.005093818699402721, 0.005093818699402721, 0.005093818699402721, 0.005093818699402721, 0.005093818699402721, 0.005093818699402721, 0.005093818699402721, 0.005093818699402721, 0.005093818699402721, 0.005093818699402721, 0.005144117980123006]}