{"HDA": [0.00255, 0.004617901234567901, 0.005175604982337086, 0.005422153305808487, 0.005422153305808487, 0.005422153305808487, 0.005575214530298283, 0.005575214530298283, 0.005575214530298283, 0.005575214530298283, 0.005575214530298283, 0.005790669859226751, 0.005790669859226751, 0.005790669859226751, 0.005790669859226751, 0.0058813728070725565, 0.0058813728070725565, 0.0058813728070725565, 0.005989879751517001, 0.005989879751517001, 0.005989879751517001, 0.005989879751517001, 0.005989879751517001, 0.005989879751517001, 0.005989879751517001, 0.005989879751517001, 0.005989879751517001, 0.006158542257841845], "HBA": [0.00275, 0.004856162815542871, 0.00522347227376142, 0.00522347227376142, 0.005396602467667237, 0.00544287948187428, 0.005492472816530102, 0.005492472816530102, 0.005492472816530102, 0.005492472816530102, 0.005557509236925524, 0.005557509236925524, 0.005557509236925524, 0.005557509236925524, 0.00564167723625218, 0.00564167723625218, 0.00564167723625218, 0.00564167723625218, 0.00564167723625218, 0.00564167723625218, 0.00564167723625218, 0.005770809467657139, 0.005770809467657139, 0.005770809467657139, 0.005770809467657139, 0.005770809467657139, 0.005770809467657139, 0.005770809467657139, 0.005770809467657139, 0.005770809467657139, 0.005770809467657139, 0.005770809467657139, 0.005770809467657139, 0.005770809467657139, 0.005770809467657139, 0.005770809467657139, 0.005770809467657139, 0.005770809467657139, 0.005770809467657139, 0.005770809467657139, 0.005770809467657139, 0.005770809467657139, 0.005770809467657139, 0.005770809467657139, 0.005770809467657139, 0.005770809467657139, 0.005770809467657139, 0.005770809467657139, 0.005770809467657139, 0.005770809467657139, 0.005770809467657139, 0.005770809467657139, 0.005770809467657139, 0.005770809467657139, 0.005770809467657139, 0.005770809467657139, 0.005770809467657139, 0.005770809467657139, 0.005770809467657139, 0.005770809467657139, 0.005770809467657139, 0.005770809467657139, 0.005770809467657139, 0.005770809467657139, 0.005770809467657139, 0.005770809467657139, 0.005770809467657139, 0.005770809467657139, 0.005770809467657139, 0.005770809467657139, 0.005770809467657139, 0.005770809467657139, 0.005770809467657139, 0.005770809467657139, 0.005770809467657139, 0.005770809467657139, 0.005770809467657139, 0.005770809467657139, 0.005770809467657139, 0.005770809467657139, 0.010215253912101582], "HCA": [0.00275, 0.004856162815542871, 0.00522347227376142, 0.00522347227376142, 0.005396602467667237, 0.00544287948187428, 0.005492472816530102, 0.005492472816530102, 0.005492472816530102, 0.005492472816530102, 0.005557509236925524, 0.005557509236925524, 0.005557509236925524, 0.005557509236925524, 0.00564167723625218, 0.00564167723625218, 0.00564167723625218, 0.00564167723625218, 0.00564167723625218, 0.00564167723625218, 0.00564167723625218, 0.005770809467657139, 0.005770809467657139, 0.005770809467657139, 0.005770809467657139, 0.005770809467657139, 0.005770809467657139, 0.005770809467657139, 0.005770809467657139, 0.005770809467657139, 0.005770809467657139, 0.005770809467657139, 0.005770809467657139, 0.005770809467657139, 0.00603955442868912], "HPRA": [0.00255, 0.004617901234567901, 0.005175604982337086, 0.005422153305808487, 0.005422153305808487, 0.005422153305808487, 0.005422153305808487, 0.0055867623593064296, 0.0055867623593064296, 0.0055867623593064296, 0.0055867623593064296, 0.005802217688234898, 0.005802217688234898, 0.005802217688234898, 0.005802217688234898, 0.005802217688234898, 0.005802217688234898, 0.005802217688234898, 0.006019231577123787, 0.006019231577123787, 0.006019231577123787, 0.006019231577123787, 0.006019231577123787, 0.006019231577123787, 0.006019231577123787, 0.006019231577123787, 0.006019231577123787, 0.006187894083448631]}