{"HDA": [0.0038, 0.0044866202677819045, 0.0048906606718223085, 0.0048906606718223085, 0.0048906606718223085, 0.005188220679757242, 0.005188220679757242, 0.005188220679757242, 0.005188220679757242, 0.005456965640789223, 0.005530016995891861, 0.005530016995891861, 0.0056141849952185165, 0.0056141849952185165, 0.0056141849952185165, 0.0056141849952185165, 0.0056141849952185165, 0.0056141849952185165, 0.0056141849952185165, 0.0056141849952185165, 0.0056141849952185165, 0.005762905994623632, 0.005762905994623632, 0.005762905994623632, 0.005762905994623632, 0.005762905994623632, 0.005762905994623632, 0.005762905994623632, 0.005762905994623632, 0.005762905994623632, 0.005762905994623632, 0.006031650955655613], "HBA": [0.004275, 0.004462260073031429, 0.004825157445654451, 0.004985388177908897, 0.005029832622353341, 0.005029832622353341, 0.005029832622353341, 0.005029832622353341, 0.005029832622353341, 0.005166435313426356, 0.005315067893687949, 0.005315067893687949, 0.005315067893687949, 0.005407523514989724, 0.005407523514989724, 0.005407523514989724, 0.005407523514989724, 0.005407523514989724, 0.005407523514989724, 0.005407523514989724, 0.005552682464038933, 0.005552682464038933, 0.005552682464038933, 0.005552682464038933, 0.005552682464038933, 0.005552682464038933, 0.005552682464038933, 0.005552682464038933, 0.005552682464038933, 0.005552682464038933, 0.005552682464038933, 0.005552682464038933, 0.005552682464038933, 0.005552682464038933, 0.005552682464038933, 0.005552682464038933, 0.005552682464038933, 0.005552682464038933, 0.005552682464038933, 0.005552682464038933, 0.005552682464038933, 0.005552682464038933, 0.005552682464038933, 0.005552682464038933, 0.005552682464038933, 0.005552682464038933, 0.005552682464038933, 0.005552682464038933, 0.005552682464038933, 0.005552682464038933, 0.005552682464038933, 0.005552682464038933, 0.005552682464038933, 0.005552682464038933, 0.005552682464038933, 0.005552682464038933, 0.006283142653958582], "HCA": [0.004275, 0.004462260073031429, 0.004825157445654451, 0.004985388177908897, 0.004985388177908897, 0.004985388177908897, 0.004985388177908897, 0.004985388177908897, 0.00504837633613515, 0.005184979027208165, 0.005333611607469758, 0.005333611607469758, 0.005333611607469758, 0.005426067228771533, 0.005426067228771533, 0.005426067228771533, 0.005426067228771533, 0.005426067228771533, 0.005426067228771533, 0.005426067228771533, 0.005571226177820742, 0.005571226177820742, 0.005571226177820742, 0.005571226177820742, 0.005571226177820742, 0.005571226177820742, 0.005571226177820742, 0.005571226177820742, 0.005571226177820742, 0.005815366802820742], "HPRA": [0.0038, 0.0044866202677819045, 0.0048906606718223085, 0.0048906606718223085, 0.0048906606718223085, 0.0048906606718223085, 0.0048906606718223085, 0.0048906606718223085, 0.0048906606718223085, 0.00542815059388627, 0.00542815059388627, 0.005663094598898409, 0.005663094598898409, 0.005663094598898409, 0.005663094598898409, 0.005663094598898409, 0.005663094598898409, 0.005663094598898409, 0.005663094598898409, 0.005663094598898409, 0.005663094598898409, 0.005960536597708641, 0.005960536597708641, 0.005960536597708641, 0.005960536597708641, 0.005960536597708641, 0.005960536597708641, 0.005960536597708641, 0.005960536597708641, 0.005960536597708641, 0.005960536597708641, 0.005960536597708641, 0.0062478103696132666]}