{"HDA": [0.00435, 0.004647265160523186, 0.004948367949487769, 0.004948367949487769, 0.004948367949487769, 0.005103639415767983, 0.005103639415767983, 0.005103639415767983, 0.005103639415767983, 0.005173083860212427, 0.005247400150343223, 0.005247400150343223, 0.005247400150343223, 0.005247400150343223, 0.005247400150343223, 0.0053474001503432235, 0.0054536813704516305, 0.0054536813704516305, 0.0054536813704516305, 0.0054536813704516305, 0.0054536813704516305, 0.0054536813704516305, 0.0054536813704516305, 0.0054536813704516305, 0.0054536813704516305, 0.0054536813704516305, 0.0054536813704516305, 0.0054536813704516305, 0.0054536813704516305, 0.0054536813704516305, 0.0054536813704516305, 0.0054536813704516305, 0.0054536813704516305, 0.005713827052033316], "HBA": [0.00435, 0.004647265160523186, 0.004948367949487769, 0.004948367949487769, 0.004995930375171479, 0.005099444686024955, 0.005155976994239099, 0.005155976994239099, 0.005155976994239099, 0.005155976994239099, 0.005230293284369895, 0.005230293284369895, 0.005314461283696551, 0.005314461283696551, 0.005314461283696551, 0.005314461283696551, 0.005420742503804958, 0.005420742503804958, 0.005420742503804958, 0.005420742503804958, 0.005420742503804958, 0.005420742503804958, 0.005420742503804958, 0.005420742503804958, 0.005420742503804958, 0.005420742503804958, 0.005420742503804958, 0.005420742503804958, 0.005420742503804958, 0.005420742503804958, 0.005420742503804958, 0.005420742503804958, 0.005420742503804958, 0.005420742503804958, 0.005420742503804958, 0.005420742503804958, 0.005420742503804958, 0.005420742503804958, 0.005420742503804958, 0.005420742503804958, 0.005420742503804958, 0.005420742503804958, 0.005420742503804958, 0.005420742503804958, 0.005420742503804958, 0.005420742503804958, 0.005420742503804958, 0.005420742503804958, 0.005420742503804958, 0.005420742503804958, 0.005420742503804958, 0.005420742503804958, 0.005420742503804958, 0.005420742503804958, 0.005420742503804958, 0.005420742503804958, 0.005420742503804958, 0.005420742503804958, 0.005420742503804958, 0.005420742503804958, 0.005420742503804958, 0.005420742503804958, 0.005420742503804958, 0.005420742503804958, 0.005420742503804958, 0.005420742503804958, 0.005420742503804958, 0.005420742503804958, 0.005420742503804958, 0.005420742503804958, 0.005420742503804958, 0.005420742503804958, 0.005420742503804958, 0.005420742503804958, 0.005420742503804958, 0.005420742503804958, 0.005420742503804958, 0.005420742503804958, 0.005420742503804958, 0.005420742503804958, 0.009865186948249402], "HCA": [0.00435, 0.004647265160523186, 0.004948367949487769, 0.004948367949487769, 0.004995930375171479, 0.005099444686024955, 0.005099444686024955, 0.005160479842274955, 0.005160479842274955, 0.005160479842274955, 0.005234796132405751, 0.005234796132405751, 0.005318964131732407, 0.005318964131732407, 0.005318964131732407, 0.005318964131732407, 0.005425245351840814, 0.005425245351840814, 0.005425245351840814, 0.005425245351840814, 0.005425245351840814, 0.005425245351840814, 0.005425245351840814, 0.005425245351840814, 0.005425245351840814, 0.005425245351840814, 0.005425245351840814, 0.005425245351840814, 0.005425245351840814, 0.005425245351840814, 0.005425245351840814, 0.005425245351840814, 0.005425245351840814, 0.0056853910334225], "HPRA": [0.00435, 0.00435, 0.004989843426549738, 0.004989843426549738, 0.004989843426549738, 0.005145114892829952, 0.005145114892829952, 0.005145114892829952, 0.005145114892829952, 0.005145114892829952, 0.005293747473091545, 0.005293747473091545, 0.005293747473091545, 0.005293747473091545, 0.005293747473091545, 0.005293747473091545, 0.005506309913308359, 0.005506309913308359, 0.005506309913308359, 0.005506309913308359, 0.005506309913308359, 0.005506309913308359, 0.005506309913308359, 0.005506309913308359, 0.005506309913308359, 0.005506309913308359, 0.005506309913308359, 0.005506309913308359, 0.005506309913308359, 0.005506309913308359, 0.005506309913308359, 0.005506309913308359, 0.005506309913308359, 0.0057664555948900445]}