{"HDA": [0.004, 0.004820603459159197, 0.004820603459159197, 0.004940776508350032, 0.004940776508350032, 0.004940776508350032, 0.005144858141003093, 0.005144858141003093, 0.005204029738636229, 0.005204029738636229, 0.005204029738636229, 0.005277081093738867, 0.005277081093738867, 0.005277081093738867, 0.005277081093738867, 0.005277081093738867, 0.005377081093738867, 0.005483362313847274, 0.005483362313847274, 0.005483362313847274, 0.005612494545252233, 0.005612494545252233, 0.005612494545252233, 0.005612494545252233, 0.005612494545252233, 0.005612494545252233, 0.005612494545252233, 0.005612494545252233, 0.005612494545252233, 0.005612494545252233, 0.0058352613084511635], "HBA": [0.004, 0.004820603459159197, 0.004929472670946104, 0.004929472670946104, 0.004929472670946104, 0.005023298904761078, 0.005122485574072723, 0.0051765513180173596, 0.0051765513180173596, 0.005239539476243613, 0.005239539476243613, 0.005239539476243613, 0.005316486229090643, 0.005397648472415049, 0.005397648472415049, 0.005397648472415049, 0.005397648472415049, 0.005397648472415049, 0.005397648472415049, 0.0055132687753402425, 0.0055132687753402425, 0.0055132687753402425, 0.0055132687753402425, 0.0055132687753402425, 0.0055132687753402425, 0.0055132687753402425, 0.0055132687753402425, 0.0055132687753402425, 0.0055132687753402425, 0.0055132687753402425, 0.0055132687753402425, 0.0055132687753402425, 0.0055132687753402425, 0.0055132687753402425, 0.0055132687753402425, 0.0055132687753402425, 0.0055132687753402425, 0.0055132687753402425, 0.0055132687753402425, 0.0055132687753402425, 0.0055132687753402425, 0.0055132687753402425, 0.0055132687753402425, 0.0055132687753402425, 0.0055132687753402425, 0.0055132687753402425, 0.0055132687753402425, 0.0055132687753402425, 0.0055132687753402425, 0.0055132687753402425, 0.0055132687753402425, 0.0055132687753402425, 0.0055132687753402425, 0.0055132687753402425, 0.0055132687753402425, 0.0055132687753402425, 0.0055132687753402425, 0.0055132687753402425, 0.0055132687753402425, 0.0055132687753402425, 0.0055132687753402425, 0.0055132687753402425, 0.0055132687753402425, 0.0055132687753402425, 0.0055132687753402425, 0.006284873713611847], "HCA": [0.004, 0.004820603459159197, 0.004820603459159197, 0.004820603459159197, 0.00495045110458856, 0.00495045110458856, 0.005154532737241621, 0.0052085984811862576, 0.0052085984811862576, 0.005271586639412511, 0.005271586639412511, 0.005271586639412511, 0.005348533392259541, 0.005429695635583947, 0.005429695635583947, 0.005429695635583947, 0.005429695635583947, 0.005429695635583947, 0.005429695635583947, 0.0055453159385091405, 0.0055453159385091405, 0.0055453159385091405, 0.0055453159385091405, 0.0055453159385091405, 0.0055453159385091405, 0.0055453159385091405, 0.0055453159385091405, 0.0055453159385091405, 0.0055453159385091405, 0.005738217173077042], "HPRA": [0.004, 0.004820603459159197, 0.004820603459159197, 0.004820603459159197, 0.004820603459159197, 0.00496134280988166, 0.00496134280988166, 0.00496134280988166, 0.00525720079804734, 0.00525720079804734, 0.00525720079804734, 0.00525720079804734, 0.00533551546638472, 0.00533551546638472, 0.00533551546638472, 0.00533551546638472, 0.00533551546638472, 0.00533551546638472, 0.00533551546638472, 0.00533551546638472, 0.005722912160599596, 0.005722912160599596, 0.005722912160599596, 0.005722912160599596, 0.005722912160599596, 0.005722912160599596, 0.005722912160599596, 0.005722912160599596, 0.005722912160599596, 0.005722912160599596, 0.005945678923798527]}