{"HDA": [0.00435, 0.004485208220659816, 0.004797708220659816, 0.004797708220659816, 0.005060258105137867, 0.005060258105137867, 0.005308258601138859, 0.005308258601138859, 0.005308258601138859, 0.005308258601138859, 0.005308258601138859, 0.005482946346793501, 0.005482946346793501, 0.005482946346793501, 0.005482946346793501, 0.005482946346793501, 0.005482946346793501, 0.005482946346793501, 0.005618154567453317, 0.005618154567453317, 0.005618154567453317, 0.005618154567453317, 0.005618154567453317, 0.005618154567453317, 0.005618154567453317, 0.005618154567453317, 0.005618154567453317, 0.005618154567453317, 0.005618154567453317, 0.005618154567453317, 0.005618154567453317, 0.005618154567453317, 0.005925941578841436], "HBA": [0.00435, 0.004485208220659816, 0.004797708220659816, 0.004797708220659816, 0.005060258105137867, 0.00528982651652446, 0.00528982651652446, 0.00528982651652446, 0.00528982651652446, 0.005365440883254139, 0.005365440883254139, 0.005451174765284317, 0.005451174765284317, 0.005451174765284317, 0.005451174765284317, 0.005451174765284317, 0.005451174765284317, 0.0055746315554077745, 0.0055746315554077745, 0.0055746315554077745, 0.0055746315554077745, 0.0055746315554077745, 0.0055746315554077745, 0.0055746315554077745, 0.0055746315554077745, 0.0055746315554077745, 0.0055746315554077745, 0.0055746315554077745, 0.0055746315554077745, 0.0055746315554077745, 0.0055746315554077745, 0.0055746315554077745, 0.0055746315554077745, 0.0055746315554077745, 0.0055746315554077745, 0.0055746315554077745, 0.0055746315554077745, 0.0055746315554077745, 0.0055746315554077745, 0.0055746315554077745, 0.0055746315554077745, 0.0055746315554077745, 0.0055746315554077745, 0.0055746315554077745, 0.0055746315554077745, 0.0055746315554077745, 0.0055746315554077745, 0.0055746315554077745, 0.0055746315554077745, 0.0055746315554077745, 0.0055746315554077745, 0.0055746315554077745, 0.0055746315554077745, 0.0055746315554077745, 0.0055746315554077745, 0.0055746315554077745, 0.0055746315554077745, 0.0055746315554077745, 0.0055746315554077745, 0.0055746315554077745, 0.0055746315554077745, 0.0055746315554077745, 0.0055746315554077745, 0.0055746315554077745, 0.0055746315554077745, 0.0055746315554077745, 0.0055746315554077745, 0.0055746315554077745, 0.0055746315554077745, 0.0055746315554077745, 0.0055746315554077745, 0.0055746315554077745, 0.0055746315554077745, 0.008661051308494195], "HCA": [0.00435, 0.004485208220659816, 0.004797708220659816, 0.004797708220659816, 0.005060258105137867, 0.00528982651652446, 0.00528982651652446, 0.00528982651652446, 0.00528982651652446, 0.00528982651652446, 0.005370988759848866, 0.0054567226418790445, 0.0054567226418790445, 0.0054567226418790445, 0.0054567226418790445, 0.0054567226418790445, 0.0054567226418790445, 0.005580179432002502, 0.005580179432002502, 0.005580179432002502, 0.005580179432002502, 0.005580179432002502, 0.005580179432002502, 0.005580179432002502, 0.005580179432002502, 0.005580179432002502, 0.005580179432002502, 0.005580179432002502, 0.005580179432002502, 0.005580179432002502, 0.005580179432002502, 0.005580179432002502, 0.005867453203907127], "HPRA": [0.00435, 0.00435, 0.00481875, 0.00481875, 0.005081299884478051, 0.005081299884478051, 0.005329300380479043, 0.005329300380479043, 0.005329300380479043, 0.005329300380479043, 0.005329300380479043, 0.005329300380479043, 0.005329300380479043, 0.005329300380479043, 0.005329300380479043, 0.005329300380479043, 0.005329300380479043, 0.005329300380479043, 0.005734925042458491, 0.005734925042458491, 0.005734925042458491, 0.005734925042458491, 0.005734925042458491, 0.005734925042458491, 0.005734925042458491, 0.005734925042458491, 0.005734925042458491, 0.005734925042458491, 0.005734925042458491, 0.005734925042458491, 0.005734925042458491, 0.005734925042458491, 0.005734925042458491, 0.006065503554855185]}