{"HDA": [0.003636271811317896, 0.004324977045477676, 0.004324977045477676, 0.004324977045477676, 0.004456469484662423, 0.004456469484662423, 0.004724933067577401, 0.004806313275910734, 0.004806313275910734, 0.004806313275910734, 0.004806313275910734, 0.004806313275910734, 0.004920700304421701, 0.004920700304421701, 0.004920700304421701, 0.004920700304421701, 0.004920700304421701, 0.0049810794856800025, 0.0049810794856800025, 0.005011943683210867, 0.005011943683210867, 0.005011943683210867, 0.005011943683210867, 0.005011943683210867, 0.005011943683210867, 0.005011943683210867, 0.005011943683210867, 0.005011943683210867, 0.005011943683210867, 0.005011943683210867, 0.005046956462875445, 0.005046956462875445, 0.005046956462875445, 0.005083246200137747, 0.005083246200137747, 0.005083246200137747, 0.005083246200137747, 0.005083246200137747, 0.005083246200137747, 0.005083246200137747, 0.005083246200137747, 0.005083246200137747, 0.005083246200137747, 0.005083246200137747, 0.005083246200137747, 0.005083246200137747, 0.005083246200137747, 0.005083246200137747, 0.005083246200137747, 0.005083246200137747, 0.005083246200137747, 0.005083246200137747, 0.005083246200137747, 0.005083246200137747, 0.005083246200137747, 0.005083246200137747, 0.005083246200137747, 0.005083246200137747, 0.005083246200137747, 0.005083246200137747, 0.005083246200137747, 0.005135756177033358], "HBA": [0.003636271811317896, 0.004324977045477676, 0.004402278702309854, 0.004454340343292778, 0.004454340343292778, 0.004454340343292778, 0.004722803926207756, 0.004804184134541089, 0.004859007193119527, 0.004886708024144457, 0.004914702761133903, 0.004914702761133903, 0.004914702761133903, 0.004914702761133903, 0.00494392116873069, 0.004973458030734471, 0.004973458030734471, 0.004973458030734471, 0.005003982129510454, 0.005003982129510454, 0.005003982129510454, 0.005003982129510454, 0.005035901437499857, 0.005035901437499857, 0.005035901437499857, 0.005035901437499857, 0.005035901437499857, 0.005035901437499857, 0.005035901437499857, 0.005035901437499857, 0.005035901437499857, 0.005035901437499857, 0.005035901437499857, 0.005035901437499857, 0.005072632383321713, 0.005072632383321713, 0.005072632383321713, 0.005072632383321713, 0.005072632383321713, 0.005072632383321713, 0.005072632383321713, 0.005072632383321713, 0.005072632383321713, 0.005072632383321713, 0.005072632383321713, 0.005072632383321713, 0.005072632383321713, 0.005072632383321713, 0.005072632383321713, 0.005072632383321713, 0.005072632383321713, 0.005072632383321713, 0.005072632383321713, 0.005072632383321713, 0.005072632383321713, 0.005072632383321713, 0.005072632383321713, 0.005072632383321713, 0.005072632383321713, 0.005072632383321713, 0.005072632383321713, 0.005072632383321713, 0.005072632383321713, 0.005072632383321713, 0.005072632383321713, 0.005072632383321713, 0.005072632383321713, 0.005072632383321713, 0.005072632383321713, 0.005072632383321713, 0.005072632383321713, 0.005072632383321713, 0.005072632383321713, 0.005072632383321713, 0.005072632383321713, 0.005072632383321713, 0.005072632383321713, 0.005072632383321713, 0.005072632383321713, 0.005072632383321713, 0.005072632383321713, 0.005072632383321713, 0.005072632383321713, 0.005072632383321713, 0.005072632383321713, 0.005072632383321713, 0.005072632383321713, 0.005072632383321713, 0.005072632383321713, 0.005072632383321713, 0.005072632383321713, 0.005072632383321713, 0.005072632383321713, 0.005072632383321713, 0.005072632383321713, 0.005072632383321713, 0.005072632383321713, 0.005072632383321713, 0.005072632383321713, 0.005072632383321713, 0.005072632383321713, 0.005072632383321713, 0.005072632383321713, 0.005072632383321713, 0.005072632383321713, 0.005072632383321713, 0.005072632383321713, 0.005072632383321713, 0.005072632383321713, 0.005072632383321713, 0.005072632383321713, 0.005072632383321713, 0.005072632383321713, 0.005072632383321713, 0.005072632383321713, 0.005072632383321713, 0.005072632383321713, 0.005072632383321713, 0.005072632383321713, 0.005072632383321713, 0.005072632383321713, 0.005072632383321713, 0.005072632383321713, 0.005072632383321713, 0.005072632383321713, 0.005072632383321713, 0.005072632383321713, 0.005072632383321713, 0.005072632383321713, 0.005072632383321713, 0.005072632383321713, 0.005072632383321713, 0.005072632383321713, 0.005072632383321713, 0.005072632383321713, 0.005072632383321713, 0.005072632383321713, 0.005072632383321713, 0.005072632383321713, 0.005072632383321713, 0.005072632383321713, 0.005072632383321713, 0.005072632383321713, 0.005072632383321713, 0.005072632383321713, 0.005072632383321713, 0.005072632383321713, 0.005072632383321713, 0.005072632383321713, 0.005072632383321713, 0.005072632383321713, 0.005072632383321713, 0.005072632383321713, 0.005072632383321713, 0.005072632383321713, 0.005072632383321713, 0.005072632383321713, 0.005072632383321713, 0.005667516380942176], "HCA": [0.003636271811317896, 0.004324977045477676, 0.004324977045477676, 0.004324977045477676, 0.004456469484662423, 0.004456469484662423, 0.004805472142451894, 0.004805472142451894, 0.004805472142451894, 0.004805472142451894, 0.004861461616430786, 0.004918048307241107, 0.004918048307241107, 0.004918048307241107, 0.004918048307241107, 0.004977122031248668, 0.004977122031248668, 0.004977122031248668, 0.004977122031248668, 0.004977122031248668, 0.005008332043420573, 0.005008332043420573, 0.005040251351409976, 0.005040251351409976, 0.005040251351409976, 0.005040251351409976, 0.005040251351409976, 0.005040251351409976, 0.005040251351409976, 0.005040251351409976, 0.005040251351409976, 0.005040251351409976, 0.005040251351409976, 0.005040251351409976, 0.005076982297231831, 0.005076982297231831, 0.005076982297231831, 0.005076982297231831, 0.005076982297231831, 0.005076982297231831, 0.005076982297231831, 0.005076982297231831, 0.005076982297231831, 0.005076982297231831, 0.005076982297231831, 0.005076982297231831, 0.005076982297231831, 0.005076982297231831, 0.005076982297231831, 0.005076982297231831, 0.005076982297231831, 0.005076982297231831, 0.005076982297231831, 0.005076982297231831, 0.005076982297231831, 0.005076982297231831, 0.005076982297231831, 0.005076982297231831, 0.005076982297231831, 0.005076982297231831, 0.005076982297231831, 0.005076982297231831, 0.005130261640830318], "HPRA": [0.003636271811317896, 0.003636271811317896, 0.004331986722807499, 0.004410079184281885, 0.0044626761599557835, 0.0044626761599557835, 0.004731139742870761, 0.004731139742870761, 0.004813374330738418, 0.004813374330738418, 0.004813374330738418, 0.004869961021548739, 0.004927154535804223, 0.004927154535804223, 0.004927154535804223, 0.004927154535804223, 0.004927154535804223, 0.004927154535804223, 0.004927154535804223, 0.0050197471283968155, 0.0050197471283968155, 0.0050197471283968155, 0.0050197471283968155, 0.0050197471283968155, 0.0050197471283968155, 0.0050197471283968155, 0.0050197471283968155, 0.0050197471283968155, 0.0050197471283968155, 0.0050197471283968155, 0.0050197471283968155, 0.0050197471283968155, 0.0050197471283968155, 0.00509232660292142, 0.00509232660292142, 0.00509232660292142, 0.00509232660292142, 0.00509232660292142, 0.00509232660292142, 0.00509232660292142, 0.00509232660292142, 0.00509232660292142, 0.00509232660292142, 0.00509232660292142, 0.00509232660292142, 0.00509232660292142, 0.00509232660292142, 0.00509232660292142, 0.00509232660292142, 0.00509232660292142, 0.00509232660292142, 0.00509232660292142, 0.00509232660292142, 0.00509232660292142, 0.00509232660292142, 0.00509232660292142, 0.00509232660292142, 0.00509232660292142, 0.00509232660292142, 0.00509232660292142, 0.00509232660292142, 0.00514483657981703]}