{"HDA": [0.00425, 0.0043097211024515514, 0.004640015725255092, 0.004640015725255092, 0.004640015725255092, 0.004815446627408506, 0.004815446627408506, 0.004815446627408506, 0.005102407141641748, 0.005102407141641748, 0.005102407141641748, 0.005175458496744384, 0.005175458496744384, 0.005524833988053669, 0.005524833988053669, 0.005524833988053669, 0.005524833988053669, 0.005524833988053669, 0.005648290778177126, 0.005648290778177126, 0.005648290778177126, 0.005648290778177126, 0.00581265632715806, 0.00581265632715806, 0.00581265632715806, 0.00581265632715806, 0.00581265632715806, 0.00581265632715806, 0.00581265632715806, 0.00581265632715806, 0.00581265632715806, 0.00581265632715806, 0.006120443338546179], "HBA": [0.00425, 0.0043097211024515514, 0.004640015725255092, 0.004785174674304301, 0.0049009109499109525, 0.004942002337156186, 0.004987656099026164, 0.00503795537974645, 0.00503795537974645, 0.005097126977379586, 0.005097126977379586, 0.00516657142182403, 0.00516657142182403, 0.005331860678022377, 0.005331860678022377, 0.005331860678022377, 0.0054359839599882245, 0.0054359839599882245, 0.0054359839599882245, 0.0054359839599882245, 0.0054359839599882245, 0.0054359839599882245, 0.005592233959988225, 0.005592233959988225, 0.005592233959988225, 0.005592233959988225, 0.005592233959988225, 0.005592233959988225, 0.005592233959988225, 0.005592233959988225, 0.005592233959988225, 0.005592233959988225, 0.005592233959988225, 0.005592233959988225, 0.005592233959988225, 0.005592233959988225, 0.005592233959988225, 0.005592233959988225, 0.005592233959988225, 0.005592233959988225, 0.005592233959988225, 0.005592233959988225, 0.005592233959988225, 0.005592233959988225, 0.005592233959988225, 0.005592233959988225, 0.005592233959988225, 0.005592233959988225, 0.005592233959988225, 0.005592233959988225, 0.005592233959988225, 0.005592233959988225, 0.005592233959988225, 0.005592233959988225, 0.005592233959988225, 0.005592233959988225, 0.005592233959988225, 0.005592233959988225, 0.005592233959988225, 0.005592233959988225, 0.005592233959988225, 0.005592233959988225, 0.005592233959988225, 0.005592233959988225, 0.005592233959988225, 0.005592233959988225, 0.005592233959988225, 0.007328345071099336], "HCA": [0.00425, 0.0043097211024515514, 0.004640015725255092, 0.004640015725255092, 0.004800246457509538, 0.004800246457509538, 0.005034812042046975, 0.005034812042046975, 0.005034812042046975, 0.005094904584562449, 0.005094904584562449, 0.005094904584562449, 0.005094904584562449, 0.0054315765818690725, 0.0054315765818690725, 0.0054315765818690725, 0.00553569986383492, 0.00553569986383492, 0.00553569986383492, 0.00553569986383492, 0.00553569986383492, 0.00553569986383492, 0.00569194986383492, 0.00569194986383492, 0.00569194986383492, 0.00569194986383492, 0.00569194986383492, 0.00569194986383492, 0.00569194986383492, 0.00569194986383492, 0.00569194986383492, 0.00569194986383492, 0.005979223635739546], "HPRA": [0.00425, 0.0043097211024515514, 0.0043097211024515514, 0.004672618475074573, 0.004672618475074573, 0.004848049377227988, 0.004848049377227988, 0.004848049377227988, 0.004848049377227988, 0.004848049377227988, 0.004848049377227988, 0.005213306152741173, 0.005293025540496275, 0.005293025540496275, 0.005670063904149777, 0.005670063904149777, 0.005670063904149777, 0.005670063904149777, 0.005670063904149777, 0.005670063904149777, 0.005670063904149777, 0.005670063904149777, 0.0059987950021116445, 0.0059987950021116445, 0.0059987950021116445, 0.0059987950021116445, 0.0059987950021116445, 0.0059987950021116445, 0.0059987950021116445, 0.0059987950021116445, 0.0059987950021116445, 0.0059987950021116445, 0.0059987950021116445, 0.0059987950021116445, 0.0063547935781173405]}