{"HDA": [0.025757575757575757, 0.05181818181818182, 0.07939393939393939, 0.10696969696969696, 0.13454545454545455, 0.16272727272727272, 0.1909090909090909, 0.21909090909090906, 0.248030303030303, 0.2769696969696969, 0.30590909090909085, 0.33499999999999996, 0.3640909090909091, 0.3937878787878788, 0.4234848484848485, 0.45318181818181824, 0.48287878787878796, 0.5125757575757577, 0.5424242424242425, 0.5722727272727273, 0.6021212121212121, 0.6319696969696968, 0.6619696969696969, 0.6919696969696969, 0.7219696969696969, 0.751969696969697, 0.781969696969697, 0.811969696969697, 0.841969696969697, 0.8719696969696971, 0.9019696969696971, 0.9319696969696971, 0.9621212121212123], "HBA": [0.012499999999999999, 0.02514705882352941, 0.03852941176470588, 0.05220588235294117, 0.06610294117647059, 0.08007352941176471, 0.09411764705882353, 0.10823529411764705, 0.12235294117647058, 0.13654411764705882, 0.15073529411764705, 0.16499999999999998, 0.1792647058823529, 0.19367647058823526, 0.2080882352941176, 0.22249999999999995, 0.23698529411764702, 0.25147058823529406, 0.2659558823529411, 0.28044117647058814, 0.2949264705882352, 0.3094117647058822, 0.323970588235294, 0.3385294117647058, 0.3530882352941176, 0.3676470588235294, 0.3822058823529412, 0.39676470588235296, 0.41132352941176475, 0.42588235294117655, 0.44044117647058834, 0.4550000000000001, 0.4695588235294119, 0.4841176470588237, 0.4986764705882355, 0.5132352941176472, 0.527794117647059, 0.5423529411764707, 0.5569117647058824, 0.5714705882352942, 0.5860294117647059, 0.6005882352941176, 0.6151470588235294, 0.6297058823529411, 0.6442647058823529, 0.6588235294117646, 0.6733823529411763, 0.6879411764705881, 0.7024999999999998, 0.7170588235294115, 0.7316176470588233, 0.746176470588235, 0.7607352941176467, 0.7752941176470585, 0.7898529411764702, 0.8044117647058819, 0.8189705882352937, 0.8335294117647054, 0.8480882352941171, 0.8626470588235289, 0.8772058823529406, 0.8917647058823523, 0.9063235294117641, 0.9208823529411758, 0.9354411764705876, 0.9499999999999993, 0.964558823529411, 0.9791911764705875], "HCA": [0.025757575757575757, 0.05181818181818182, 0.07939393939393939, 0.10696969696969696, 0.13515151515151513, 0.1633333333333333, 0.19227272727272723, 0.22121212121212117, 0.2501515151515151, 0.27924242424242424, 0.30833333333333335, 0.33742424242424246, 0.36651515151515157, 0.3962121212121213, 0.425909090909091, 0.45560606060606074, 0.4854545454545456, 0.5153030303030304, 0.5451515151515152, 0.575, 0.6048484848484847, 0.6346969696969695, 0.6646969696969696, 0.6946969696969696, 0.7246969696969696, 0.7546969696969696, 0.7846969696969697, 0.8146969696969697, 0.8446969696969697, 0.8746969696969698, 0.9046969696969698, 0.9346969696969698, 0.964848484848485], "HPRA": [0.024285714285714285, 0.048857142857142856, 0.07342857142857143, 0.09942857142857142, 0.12542857142857142, 0.152, 0.17857142857142858, 0.20514285714285715, 0.23171428571428573, 0.2582857142857143, 0.28485714285714286, 0.31214285714285717, 0.3395714285714286, 0.367, 0.395, 0.42300000000000004, 0.45100000000000007, 0.4790000000000001, 0.5070000000000001, 0.5350000000000001, 0.5630000000000002, 0.5910000000000002, 0.6192857142857144, 0.6475714285714287, 0.6758571428571429, 0.7041428571428572, 0.7324285714285714, 0.7607142857142857, 0.7889999999999999, 0.8172857142857142, 0.8455714285714284, 0.8738571428571427, 0.9021428571428569, 0.9304285714285712, 0.9588571428571426]}