{"HDA": [0.024166666666666666, 0.05366666666666667, 0.0845, 0.11533333333333334, 0.14616666666666667, 0.17833333333333334, 0.21050000000000002, 0.24300000000000002, 0.2755, 0.30800000000000005, 0.3405, 0.373, 0.40549999999999997, 0.43799999999999994, 0.4704999999999999, 0.5033333333333333, 0.5361666666666667, 0.5690000000000001, 0.6020000000000001, 0.6350000000000001, 0.6680000000000001, 0.7010000000000002, 0.7340000000000002, 0.7670000000000002, 0.8000000000000003, 0.8330000000000003, 0.8660000000000003, 0.8990000000000004, 0.9320000000000004, 0.9651666666666671], "HBA": [0.009666666666666667, 0.02146666666666667, 0.033800000000000004, 0.0466, 0.05946666666666667, 0.07233333333333333, 0.0852, 0.0982, 0.1112, 0.12419999999999999, 0.13726666666666665, 0.15033333333333332, 0.1634, 0.17653333333333332, 0.18966666666666665, 0.20279999999999998, 0.2159333333333333, 0.22906666666666664, 0.24226666666666663, 0.2554666666666666, 0.2686666666666666, 0.2818666666666666, 0.2950666666666666, 0.3082666666666666, 0.32146666666666657, 0.33466666666666656, 0.34786666666666655, 0.36106666666666654, 0.3742666666666665, 0.3874666666666665, 0.4006666666666665, 0.4138666666666665, 0.4270666666666665, 0.4402666666666665, 0.45346666666666646, 0.46666666666666645, 0.47986666666666644, 0.49306666666666643, 0.5062666666666664, 0.5194666666666664, 0.5326666666666664, 0.5458666666666664, 0.5590666666666664, 0.5722666666666664, 0.5854666666666664, 0.5986666666666663, 0.6118666666666663, 0.6250666666666663, 0.6382666666666663, 0.6514666666666663, 0.6646666666666663, 0.6778666666666663, 0.6910666666666663, 0.7042666666666663, 0.7174666666666663, 0.7306666666666662, 0.7438666666666662, 0.7570666666666662, 0.7702666666666662, 0.7834666666666662, 0.7966666666666662, 0.8098666666666662, 0.8230666666666662, 0.8362666666666662, 0.8494666666666661, 0.8626666666666661, 0.8758666666666661, 0.8890666666666661, 0.9022666666666661, 0.9154666666666661, 0.9286666666666661, 0.9418666666666661, 0.9550666666666661, 0.968266666666666, 0.9815333333333327], "HCA": [0.024999999999999998, 0.05551724137931034, 0.08741379310344827, 0.12051724137931033, 0.15379310344827585, 0.18706896551724136, 0.22034482758620688, 0.2539655172413793, 0.2875862068965517, 0.3212068965517241, 0.3548275862068965, 0.38844827586206887, 0.4222413793103447, 0.45620689655172403, 0.49017241379310333, 0.5241379310344827, 0.558103448275862, 0.5920689655172413, 0.626206896551724, 0.6603448275862067, 0.6944827586206894, 0.7286206896551721, 0.7627586206896548, 0.7968965517241375, 0.8310344827586202, 0.865172413793103, 0.8993103448275857, 0.9334482758620684, 0.9677586206896546], "HPRA": [0.02265625, 0.050312499999999996, 0.07921875, 0.108125, 0.13703125, 0.1659375, 0.1959375, 0.22593749999999999, 0.2559375, 0.28593749999999996, 0.31640624999999994, 0.34687499999999993, 0.3773437499999999, 0.4078124999999999, 0.4382812499999999, 0.4687499999999999, 0.4992187499999999, 0.5296874999999999, 0.5606249999999998, 0.5915624999999998, 0.6224999999999997, 0.6534374999999997, 0.6843749999999996, 0.7153124999999996, 0.7462499999999995, 0.7771874999999995, 0.8081249999999994, 0.8390624999999994, 0.8699999999999993, 0.9009374999999993, 0.9318749999999992, 0.9629687499999993]}