{"HDA": [0.004125, 0.004860268372956129, 0.004860268372956129, 0.0049041260984944825, 0.0049041260984944825, 0.0052146690310549085, 0.0052146690310549085, 0.0052146690310549085, 0.0052146690310549085, 0.00541957306766443, 0.00541957306766443, 0.00541957306766443, 0.00541957306766443, 0.00541957306766443, 0.005510276015510235, 0.005510276015510235, 0.005510276015510235, 0.005618782959954679, 0.005618782959954679, 0.005618782959954679, 0.005618782959954679, 0.005618782959954679, 0.005618782959954679, 0.005618782959954679, 0.005618782959954679, 0.005618782959954679, 0.005618782959954679, 0.005618782959954679, 0.005618782959954679, 0.005618782959954679, 0.005618782959954679, 0.005618782959954679, 0.005618782959954679, 0.005870735592859693], "HBA": [0.004125, 0.004860268372956129, 0.00490032605601974, 0.004943608604496194, 0.005037434838311168, 0.005192706304591382, 0.005305770921019671, 0.005305770921019671, 0.0053697709210196705, 0.0053697709210196705, 0.005442822276122307, 0.005442822276122307, 0.005442822276122307, 0.005442822276122307, 0.005442822276122307, 0.005442822276122307, 0.005442822276122307, 0.005551329220566751, 0.005551329220566751, 0.005551329220566751, 0.005551329220566751, 0.005551329220566751, 0.005551329220566751, 0.005551329220566751, 0.005551329220566751, 0.005551329220566751, 0.005551329220566751, 0.005551329220566751, 0.005551329220566751, 0.005551329220566751, 0.005551329220566751, 0.005551329220566751, 0.005551329220566751, 0.005551329220566751, 0.005551329220566751, 0.005551329220566751, 0.005551329220566751, 0.005551329220566751, 0.005551329220566751, 0.005551329220566751, 0.005551329220566751, 0.005551329220566751, 0.005551329220566751, 0.005551329220566751, 0.005551329220566751, 0.005551329220566751, 0.005551329220566751, 0.005551329220566751, 0.005551329220566751, 0.005551329220566751, 0.005551329220566751, 0.005551329220566751, 0.005551329220566751, 0.005551329220566751, 0.005551329220566751, 0.005551329220566751, 0.005551329220566751, 0.005551329220566751, 0.005551329220566751, 0.005551329220566751, 0.005551329220566751, 0.005551329220566751, 0.005551329220566751, 0.005551329220566751, 0.005551329220566751, 0.005551329220566751, 0.005551329220566751, 0.005551329220566751, 0.005551329220566751, 0.005551329220566751, 0.005551329220566751, 0.005551329220566751, 0.005551329220566751, 0.005551329220566751, 0.005551329220566751, 0.005551329220566751, 0.005551329220566751, 0.005551329220566751, 0.005551329220566751, 0.005551329220566751, 0.005551329220566751, 0.005551329220566751, 0.005551329220566751, 0.005551329220566751, 0.005551329220566751, 0.005551329220566751, 0.005551329220566751, 0.005551329220566751, 0.005551329220566751, 0.005551329220566751, 0.005551329220566751, 0.005551329220566751, 0.06805132922056675], "HCA": [0.004125, 0.004860268372956129, 0.00490032605601974, 0.00490032605601974, 0.00490032605601974, 0.005210868988580166, 0.005323933605008455, 0.005323933605008455, 0.005387933605008455, 0.005387933605008455, 0.005460984960111092, 0.005460984960111092, 0.005460984960111092, 0.005460984960111092, 0.005460984960111092, 0.005460984960111092, 0.005460984960111092, 0.005569491904555536, 0.005569491904555536, 0.005569491904555536, 0.005569491904555536, 0.005569491904555536, 0.005569491904555536, 0.005569491904555536, 0.005569491904555536, 0.005569491904555536, 0.005569491904555536, 0.005569491904555536, 0.005569491904555536, 0.005569491904555536, 0.005569491904555536, 0.005569491904555536, 0.005569491904555536, 0.005821444537460549], "HPRA": [0.004125, 0.004860268372956129, 0.004860268372956129, 0.004860268372956129, 0.0049078307986398385, 0.005218373731200265, 0.005218373731200265, 0.005218373731200265, 0.005218373731200265, 0.005218373731200265, 0.005437527796508176, 0.005437527796508176, 0.005437527796508176, 0.005437527796508176, 0.005437527796508176, 0.005437527796508176, 0.005437527796508176, 0.005659134444707622, 0.005659134444707622, 0.005659134444707622, 0.005659134444707622, 0.005659134444707622, 0.005659134444707622, 0.005659134444707622, 0.005659134444707622, 0.005659134444707622, 0.005659134444707622, 0.005659134444707622, 0.005659134444707622, 0.005659134444707622, 0.005659134444707622, 0.005659134444707622, 0.005659134444707622, 0.005919280126289308]}