{"HDA": [0.024264705882352938, 0.051617647058823525, 0.07897058823529411, 0.10647058823529411, 0.13397058823529412, 0.1623529411764706, 0.19073529411764706, 0.21911764705882353, 0.2475, 0.2763235294117647, 0.3051470588235294, 0.3339705882352941, 0.36279411764705877, 0.39161764705882346, 0.4205882352941176, 0.44955882352941173, 0.47852941176470587, 0.5076470588235295, 0.536764705882353, 0.5658823529411766, 0.5950000000000002, 0.6241176470588238, 0.6532352941176474, 0.6823529411764709, 0.7114705882352945, 0.7405882352941181, 0.7697058823529417, 0.7988235294117653, 0.8279411764705888, 0.8570588235294124, 0.886176470588236, 0.9152941176470596, 0.9444117647058832, 0.9736764705882361], "HBA": [0.008870967741935484, 0.01887096774193548, 0.028924731182795697, 0.03903225806451613, 0.04924731182795699, 0.059623655913978495, 0.07010752688172042, 0.08059139784946236, 0.09112903225806451, 0.10166666666666667, 0.11225806451612903, 0.1228494623655914, 0.13344086021505377, 0.14403225806451614, 0.1546236559139785, 0.16521505376344087, 0.17580645161290323, 0.18645161290322582, 0.1970967741935484, 0.207741935483871, 0.21838709677419357, 0.22903225806451616, 0.23967741935483874, 0.25032258064516133, 0.2609677419354839, 0.27161290322580645, 0.282258064516129, 0.29290322580645156, 0.3035483870967741, 0.3141935483870967, 0.32483870967741924, 0.3354838709677418, 0.34612903225806435, 0.3567741935483869, 0.36741935483870947, 0.378064516129032, 0.3887096774193546, 0.39935483870967714, 0.4099999999999997, 0.42064516129032226, 0.4312903225806448, 0.44193548387096737, 0.45258064516128993, 0.4632258064516125, 0.47387096774193505, 0.4845161290322576, 0.49516129032258016, 0.5058064516129027, 0.5164516129032253, 0.5270967741935478, 0.5377419354838704, 0.548387096774193, 0.5590322580645155, 0.5696774193548381, 0.5803225806451606, 0.5909677419354832, 0.6016129032258057, 0.6122580645161283, 0.6229032258064509, 0.6335483870967734, 0.644193548387096, 0.6548387096774185, 0.6654838709677411, 0.6761290322580636, 0.6867741935483862, 0.6974193548387088, 0.7080645161290313, 0.7187096774193539, 0.7293548387096764, 0.739999999999999, 0.7506451612903215, 0.7612903225806441, 0.7719354838709667, 0.7825806451612892, 0.7932258064516118, 0.8038709677419343, 0.8145161290322569, 0.8251612903225795, 0.835806451612902, 0.8464516129032246, 0.8570967741935471, 0.8677419354838697, 0.8783870967741922, 0.8890322580645148, 0.8996774193548374, 0.9103225806451599, 0.9209677419354825, 0.931612903225805, 0.9422580645161276, 0.9529032258064501, 0.9635483870967727, 0.9741935483870953, 0.9848924731182781], "HCA": [0.024264705882352938, 0.051617647058823525, 0.07911764705882353, 0.10661764705882353, 0.13411764705882354, 0.1625, 0.1911764705882353, 0.2198529411764706, 0.24867647058823533, 0.2775, 0.30647058823529416, 0.3354411764705883, 0.36441176470588243, 0.39338235294117657, 0.4223529411764707, 0.45132352941176485, 0.480294117647059, 0.5094117647058826, 0.5385294117647061, 0.5676470588235297, 0.5967647058823533, 0.6258823529411769, 0.6550000000000005, 0.684117647058824, 0.7132352941176476, 0.7423529411764712, 0.7714705882352948, 0.8005882352941184, 0.829705882352942, 0.8588235294117655, 0.8879411764705891, 0.9170588235294127, 0.9461764705882363, 0.9754411764705893], "HPRA": [0.024264705882352938, 0.051617647058823525, 0.07897058823529411, 0.1063235294117647, 0.1338235294117647, 0.16220588235294117, 0.19058823529411764, 0.2189705882352941, 0.24735294117647058, 0.2757352941176471, 0.30455882352941177, 0.33338235294117646, 0.36220588235294116, 0.39102941176470585, 0.41985294117647054, 0.44867647058823523, 0.4774999999999999, 0.5066176470588235, 0.5357352941176471, 0.5648529411764707, 0.5939705882352943, 0.6230882352941178, 0.6522058823529414, 0.681323529411765, 0.7104411764705886, 0.7395588235294122, 0.7686764705882357, 0.7977941176470593, 0.8269117647058829, 0.8560294117647065, 0.8851470588235301, 0.9142647058823536, 0.9433823529411772, 0.9726470588235302]}