{"HDA": [0.02275862068965517, 0.053275862068965514, 0.08551724137931034, 0.11775862068965517, 0.15, 0.18224137931034481, 0.21551724137931033, 0.24879310344827585, 0.28206896551724137, 0.31568965517241376, 0.34931034482758616, 0.38293103448275856, 0.41655172413793096, 0.45017241379310335, 0.48379310344827575, 0.5177586206896551, 0.5517241379310344, 0.5856896551724137, 0.619655172413793, 0.6536206896551723, 0.6875862068965516, 0.7215517241379309, 0.7556896551724137, 0.7898275862068964, 0.8239655172413791, 0.8581034482758618, 0.8922413793103445, 0.9263793103448272, 0.9606896551724134], "HBA": [0.010153846153846152, 0.023769230769230768, 0.038461538461538464, 0.053307692307692306, 0.06823076923076923, 0.08315384615384616, 0.09815384615384616, 0.11323076923076923, 0.12830769230769232, 0.1433846153846154, 0.15846153846153846, 0.17353846153846153, 0.1886923076923077, 0.20384615384615384, 0.219, 0.23415384615384616, 0.2493076923076923, 0.26446153846153847, 0.2796153846153846, 0.29476923076923073, 0.30992307692307686, 0.325076923076923, 0.3403076923076922, 0.3555384615384614, 0.37076923076923063, 0.38599999999999984, 0.40123076923076906, 0.41646153846153827, 0.4316923076923075, 0.4469230769230767, 0.4621538461538459, 0.47738461538461513, 0.49261538461538434, 0.5078461538461536, 0.5230769230769229, 0.5383076923076922, 0.5535384615384614, 0.5687692307692307, 0.584, 0.5992307692307692, 0.6144615384615385, 0.6296923076923078, 0.644923076923077, 0.6601538461538463, 0.6753846153846156, 0.6906153846153849, 0.7058461538461541, 0.7210769230769234, 0.7363076923076927, 0.7515384615384619, 0.7667692307692312, 0.7820000000000005, 0.7972307692307697, 0.812461538461539, 0.8276923076923083, 0.8429230769230776, 0.8581538461538468, 0.8733846153846161, 0.8886153846153854, 0.9038461538461546, 0.9190769230769239, 0.9343076923076932, 0.9495384615384624, 0.9647692307692317, 0.9800769230769241], "HCA": [0.021290322580645157, 0.051290322580645156, 0.08129032258064516, 0.11258064516129032, 0.14387096774193547, 0.17532258064516126, 0.20693548387096772, 0.23854838709677417, 0.2701612903225806, 0.3017741935483871, 0.33338709677419354, 0.36516129032258066, 0.3969354838709678, 0.4287096774193549, 0.460483870967742, 0.49225806451612913, 0.5240322580645163, 0.5558064516129033, 0.5875806451612904, 0.6195161290322582, 0.651451612903226, 0.6833870967741937, 0.7153225806451615, 0.7472580645161293, 0.7791935483870971, 0.8111290322580649, 0.8430645161290327, 0.8750000000000004, 0.9069354838709682, 0.938870967741936, 0.9709677419354844], "HPRA": [0.02275862068965517, 0.053275862068965514, 0.08551724137931034, 0.11775862068965517, 0.15, 0.18224137931034481, 0.21551724137931033, 0.24879310344827585, 0.28206896551724137, 0.31534482758620686, 0.34896551724137925, 0.38258620689655165, 0.41620689655172405, 0.44982758620689645, 0.48344827586206884, 0.5170689655172412, 0.5506896551724136, 0.584310344827586, 0.6179310344827584, 0.6515517241379308, 0.6851724137931032, 0.7187931034482756, 0.7529310344827584, 0.7870689655172411, 0.8212068965517239, 0.8553448275862066, 0.8894827586206893, 0.923620689655172, 0.9579310344827582]}