{"HDA": [0.0288, 0.06359999999999999, 0.10079999999999999, 0.13799999999999998, 0.17519999999999997, 0.21239999999999998, 0.2496, 0.28859999999999997, 0.32759999999999995, 0.36679999999999996, 0.40599999999999997, 0.4452, 0.4846, 0.524, 0.5634, 0.6028, 0.6424, 0.6819999999999999, 0.7215999999999999, 0.7611999999999999, 0.8007999999999998, 0.8403999999999998, 0.8799999999999998, 0.9195999999999998, 0.9593999999999998], "HBA": [0.011428571428571429, 0.02523809523809524, 0.04, 0.05531746031746032, 0.07063492063492063, 0.08603174603174603, 0.1015079365079365, 0.11706349206349206, 0.1326190476190476, 0.14825396825396825, 0.1638888888888889, 0.17952380952380953, 0.19515873015873017, 0.2107936507936508, 0.22642857142857145, 0.24214285714285716, 0.2578571428571429, 0.27357142857142863, 0.28928571428571437, 0.3050000000000001, 0.32071428571428584, 0.3364285714285716, 0.3521428571428573, 0.36785714285714305, 0.3835714285714288, 0.3992857142857145, 0.41500000000000026, 0.430714285714286, 0.44642857142857173, 0.46214285714285747, 0.4778571428571432, 0.49357142857142894, 0.5092857142857147, 0.5250000000000004, 0.540714285714286, 0.5564285714285717, 0.5721428571428574, 0.5878571428571431, 0.6035714285714288, 0.6192857142857144, 0.6350000000000001, 0.6507142857142858, 0.6664285714285715, 0.6821428571428572, 0.6978571428571428, 0.7135714285714285, 0.7292857142857142, 0.7449999999999999, 0.7607142857142856, 0.7764285714285712, 0.7921428571428569, 0.8078571428571426, 0.8235714285714283, 0.839285714285714, 0.8549999999999996, 0.8707142857142853, 0.886428571428571, 0.9021428571428567, 0.9178571428571424, 0.933571428571428, 0.9492857142857137, 0.9649999999999994, 0.9807936507936502], "HCA": [0.02769230769230769, 0.06115384615384615, 0.09692307692307692, 0.13403846153846152, 0.17115384615384613, 0.20826923076923073, 0.24576923076923074, 0.28346153846153843, 0.3211538461538461, 0.35903846153846153, 0.39692307692307693, 0.43480769230769234, 0.47269230769230774, 0.5105769230769232, 0.5484615384615386, 0.5865384615384617, 0.6246153846153848, 0.6626923076923079, 0.700769230769231, 0.7388461538461542, 0.7769230769230773, 0.8150000000000004, 0.8530769230769235, 0.8911538461538466, 0.9292307692307697, 0.9675000000000005], "HPRA": [0.026666666666666665, 0.05333333333333333, 0.08777777777777777, 0.12222222222222222, 0.15666666666666668, 0.19111111111111112, 0.22555555555555556, 0.26, 0.29444444444444445, 0.33, 0.36629629629629634, 0.4025925925925926, 0.4388888888888889, 0.47518518518518515, 0.5114814814814814, 0.5477777777777777, 0.5844444444444443, 0.621111111111111, 0.6577777777777776, 0.6944444444444442, 0.7311111111111108, 0.7677777777777774, 0.8044444444444441, 0.8411111111111107, 0.8777777777777773, 0.914444444444444, 0.9512962962962958]}