{"HDA": [0.0265625, 0.0540625, 0.083125, 0.1121875, 0.141875, 0.1715625, 0.20203125, 0.23249999999999998, 0.26296875, 0.29343749999999996, 0.32390624999999995, 0.35437499999999994, 0.38484374999999993, 0.4153124999999999, 0.4457812499999999, 0.4765624999999999, 0.5073437499999999, 0.5381249999999999, 0.5689062499999998, 0.5996874999999998, 0.6304687499999998, 0.6612499999999998, 0.6920312499999998, 0.7229687499999997, 0.7539062499999997, 0.7848437499999996, 0.8157812499999996, 0.8467187499999995, 0.8776562499999995, 0.9085937499999994, 0.9395312499999994, 0.9706249999999994], "HBA": [0.010493827160493827, 0.021358024691358023, 0.032839506172839504, 0.044691358024691354, 0.0565432098765432, 0.06858024691358024, 0.08061728395061728, 0.09271604938271605, 0.10481481481481482, 0.11691358024691359, 0.12901234567901235, 0.14117283950617285, 0.15333333333333335, 0.16549382716049385, 0.17765432098765435, 0.18981481481481485, 0.20197530864197535, 0.21413580246913586, 0.22629629629629636, 0.23845679012345686, 0.25061728395061733, 0.26277777777777783, 0.27493827160493833, 0.2871604938271606, 0.2993827160493828, 0.31160493827160507, 0.3238271604938273, 0.33604938271604956, 0.3482716049382718, 0.36049382716049405, 0.3727160493827163, 0.38493827160493854, 0.3971604938271608, 0.40938271604938303, 0.4216049382716053, 0.4338271604938275, 0.44604938271604977, 0.458271604938272, 0.47049382716049426, 0.4827160493827165, 0.49493827160493875, 0.507160493827161, 0.5193827160493832, 0.5316049382716055, 0.5438271604938277, 0.55604938271605, 0.5682716049382722, 0.5804938271604945, 0.5927160493827167, 0.604938271604939, 0.6171604938271612, 0.6293827160493835, 0.6416049382716057, 0.6538271604938279, 0.6660493827160502, 0.6782716049382724, 0.6904938271604947, 0.7027160493827169, 0.7149382716049392, 0.7271604938271614, 0.7393827160493837, 0.7516049382716059, 0.7638271604938282, 0.7760493827160504, 0.7882716049382726, 0.8004938271604949, 0.8127160493827171, 0.8249382716049394, 0.8371604938271616, 0.8493827160493839, 0.8616049382716061, 0.8738271604938284, 0.8860493827160506, 0.8982716049382728, 0.9104938271604951, 0.9227160493827173, 0.9349382716049396, 0.9471604938271618, 0.9593827160493841, 0.9716049382716063, 0.9838888888888903], "HCA": [0.027419354838709678, 0.05580645161290323, 0.08580645161290323, 0.11677419354838711, 0.147741935483871, 0.17919354838709678, 0.21064516129032257, 0.24209677419354836, 0.27354838709677415, 0.30499999999999994, 0.3366129032258064, 0.3683870967741935, 0.40016129032258063, 0.43193548387096775, 0.46370967741935487, 0.495483870967742, 0.5272580645161291, 0.5590322580645162, 0.5908064516129032, 0.6225806451612903, 0.6543548387096774, 0.6861290322580644, 0.7179032258064515, 0.7498387096774193, 0.7817741935483871, 0.8137096774193548, 0.8456451612903226, 0.8775806451612904, 0.9095161290322582, 0.941451612903226, 0.9735483870967744], "HPRA": [0.0265625, 0.0540625, 0.083125, 0.1121875, 0.14125, 0.1709375, 0.20140624999999998, 0.23187499999999997, 0.26234375, 0.2928125, 0.32328124999999996, 0.35374999999999995, 0.38421874999999994, 0.41468749999999993, 0.4451562499999999, 0.4756249999999999, 0.5060937499999999, 0.5365624999999999, 0.56703125, 0.5975, 0.6279687500000001, 0.6584375000000001, 0.6889062500000002, 0.7198437500000001, 0.7507812500000001, 0.78171875, 0.81265625, 0.8435937499999999, 0.8745312499999999, 0.9054687499999998, 0.9364062499999998, 0.9674999999999998]}