{"HDA": [0.0364, 0.0734, 0.11040000000000001, 0.14740000000000003, 0.18440000000000004, 0.22220000000000004, 0.26, 0.299, 0.3382, 0.3774, 0.4166, 0.45580000000000004, 0.49500000000000005, 0.5344000000000001, 0.5738000000000001, 0.6134000000000001, 0.653, 0.6926, 0.7322, 0.7717999999999999, 0.8113999999999999, 0.8509999999999999, 0.8905999999999998, 0.9301999999999998, 0.9699999999999998], "HBA": [0.016851851851851854, 0.03398148148148149, 0.05111111111111112, 0.06861111111111112, 0.0863888888888889, 0.10435185185185186, 0.12240740740740741, 0.14046296296296296, 0.1586111111111111, 0.17685185185185184, 0.1950925925925926, 0.21333333333333335, 0.2315740740740741, 0.24981481481481485, 0.2680555555555556, 0.2863888888888889, 0.3047222222222222, 0.32305555555555554, 0.34138888888888885, 0.35972222222222217, 0.3780555555555555, 0.3963888888888888, 0.4147222222222221, 0.4330555555555554, 0.45138888888888873, 0.46972222222222204, 0.48805555555555535, 0.5063888888888887, 0.524722222222222, 0.5430555555555553, 0.5613888888888886, 0.5797222222222219, 0.5980555555555552, 0.6163888888888885, 0.6347222222222219, 0.6530555555555552, 0.6713888888888885, 0.6897222222222218, 0.7080555555555551, 0.7263888888888884, 0.7447222222222217, 0.763055555555555, 0.7813888888888884, 0.7997222222222217, 0.818055555555555, 0.8363888888888883, 0.8547222222222216, 0.8730555555555549, 0.8913888888888882, 0.9097222222222215, 0.9280555555555549, 0.9463888888888882, 0.9647222222222215, 0.9831481481481474], "HCA": [0.0364, 0.0734, 0.11040000000000001, 0.1482, 0.186, 0.2248, 0.2638, 0.30279999999999996, 0.34199999999999997, 0.38139999999999996, 0.42079999999999995, 0.46019999999999994, 0.49959999999999993, 0.5389999999999999, 0.5783999999999999, 0.6179999999999999, 0.6575999999999999, 0.6971999999999998, 0.7367999999999998, 0.7763999999999998, 0.8159999999999997, 0.8555999999999997, 0.8951999999999997, 0.9347999999999996, 0.9745999999999997], "HPRA": [0.0364, 0.0734, 0.11040000000000001, 0.14740000000000003, 0.18440000000000004, 0.22140000000000004, 0.25920000000000004, 0.29700000000000004, 0.33580000000000004, 0.37460000000000004, 0.41340000000000005, 0.45220000000000005, 0.49100000000000005, 0.5298, 0.5686, 0.608, 0.6476, 0.6871999999999999, 0.7267999999999999, 0.7663999999999999, 0.8059999999999998, 0.8455999999999998, 0.8851999999999998, 0.9247999999999997, 0.9645999999999997]}