{"HDA": [0.003775, 0.003775, 0.004965434508595637, 0.004965434508595637, 0.0053209900641511924, 0.0053209900641511924, 0.0053209900641511924, 0.0053209900641511924, 0.0053209900641511924, 0.005453186508066851, 0.005453186508066851, 0.005453186508066851, 0.005453186508066851, 0.005453186508066851, 0.005453186508066851, 0.005453186508066851, 0.00567020039695574, 0.00567020039695574, 0.00567020039695574, 0.005802318246077157, 0.005802318246077157, 0.005802318246077157, 0.005802318246077157, 0.005802318246077157, 0.005802318246077157, 0.005802318246077157, 0.005802318246077157, 0.005802318246077157, 0.005802318246077157, 0.005802318246077157, 0.005802318246077157, 0.006062463927658843], "HBA": [0.003775, 0.004538102469399591, 0.004849521154520698, 0.004849521154520698, 0.005205076710076254, 0.005205076710076254, 0.005205076710076254, 0.005205076710076254, 0.005265169252591728, 0.00533020567298715, 0.005402024115963306, 0.005402024115963306, 0.005402024115963306, 0.005402024115963306, 0.005402024115963306, 0.005504054521024014, 0.005504054521024014, 0.005504054521024014, 0.0056275113111474715, 0.0056275113111474715, 0.0056275113111474715, 0.0056275113111474715, 0.0056275113111474715, 0.0056275113111474715, 0.0056275113111474715, 0.0056275113111474715, 0.0056275113111474715, 0.0056275113111474715, 0.0056275113111474715, 0.0056275113111474715, 0.0056275113111474715, 0.0056275113111474715, 0.0056275113111474715, 0.0056275113111474715, 0.0056275113111474715, 0.0056275113111474715, 0.0056275113111474715, 0.0056275113111474715, 0.0056275113111474715, 0.0056275113111474715, 0.0056275113111474715, 0.0056275113111474715, 0.0056275113111474715, 0.0056275113111474715, 0.0056275113111474715, 0.0056275113111474715, 0.0056275113111474715, 0.0056275113111474715, 0.0056275113111474715, 0.0056275113111474715, 0.0056275113111474715, 0.0056275113111474715, 0.0056275113111474715, 0.0056275113111474715, 0.0056275113111474715, 0.0056275113111474715, 0.0056275113111474715, 0.0056275113111474715, 0.0056275113111474715, 0.0056275113111474715, 0.0056275113111474715, 0.0056275113111474715, 0.0056275113111474715, 0.0056275113111474715, 0.0056275113111474715, 0.0056275113111474715, 0.0056275113111474715, 0.0056275113111474715, 0.0056275113111474715, 0.0056275113111474715, 0.0056275113111474715, 0.0056275113111474715, 0.0056275113111474715, 0.0056275113111474715, 0.0056275113111474715, 0.0056275113111474715, 0.0056275113111474715, 0.0056275113111474715, 0.0056275113111474715, 0.0056275113111474715, 0.0056275113111474715, 0.0056275113111474715, 0.01154467107446108], "HCA": [0.003775, 0.004538102469399591, 0.004849521154520698, 0.004849521154520698, 0.005205076710076254, 0.005205076710076254, 0.005205076710076254, 0.005205076710076254, 0.005205076710076254, 0.005337273153991913, 0.005337273153991913, 0.005337273153991913, 0.005337273153991913, 0.005337273153991913, 0.005433390032115712, 0.00553542043717642, 0.00553542043717642, 0.00553542043717642, 0.005658877227299877, 0.005658877227299877, 0.005658877227299877, 0.005658877227299877, 0.005658877227299877, 0.005658877227299877, 0.005658877227299877, 0.005658877227299877, 0.005658877227299877, 0.005658877227299877, 0.005658877227299877, 0.005658877227299877, 0.005895563617832422], "HPRA": [0.003775, 0.003775, 0.004965434508595637, 0.004965434508595637, 0.004965434508595637, 0.00535123697773144, 0.00535123697773144, 0.00535123697773144, 0.00535123697773144, 0.0054834334216470985, 0.0054834334216470985, 0.0054834334216470985, 0.0054834334216470985, 0.0054834334216470985, 0.0054834334216470985, 0.0054834334216470985, 0.0054834334216470985, 0.0054834334216470985, 0.0054834334216470985, 0.005879786969011347, 0.005879786969011347, 0.005879786969011347, 0.005879786969011347, 0.005879786969011347, 0.005879786969011347, 0.005879786969011347, 0.005879786969011347, 0.005879786969011347, 0.005879786969011347, 0.005879786969011347, 0.005879786969011347, 0.006139932650593033]}