{"HDA": [0.002878715183960001, 0.002878715183960001, 0.0038321022848901974, 0.0038321022848901974, 0.0045421614564878305, 0.0045421614564878305, 0.0045421614564878305, 0.0045421614564878305, 0.0045421614564878305, 0.0045421614564878305, 0.0045421614564878305, 0.004881681601349759, 0.004938875115605242, 0.004938875115605242, 0.004968093523202028, 0.004968093523202028, 0.004968093523202028, 0.004968093523202028, 0.004968093523202028, 0.004968093523202028, 0.004968093523202028, 0.004968093523202028, 0.004968093523202028, 0.005064942696755747, 0.005064942696755747, 0.005064942696755747, 0.005064942696755747, 0.005064942696755747, 0.005099141253576649, 0.005099141253576649, 0.005099141253576649, 0.005099141253576649, 0.005099141253576649, 0.005099141253576649, 0.005135872199398504, 0.005135872199398504, 0.005135872199398504, 0.005135872199398504, 0.005135872199398504, 0.005135872199398504, 0.005135872199398504, 0.005135872199398504, 0.005135872199398504, 0.005135872199398504, 0.005135872199398504, 0.005135872199398504, 0.005135872199398504, 0.005135872199398504, 0.005135872199398504, 0.005135872199398504, 0.005135872199398504, 0.005135872199398504, 0.005135872199398504, 0.005135872199398504, 0.005135872199398504, 0.005135872199398504, 0.005135872199398504, 0.005135872199398504, 0.005135872199398504, 0.005135872199398504, 0.005135872199398504, 0.005135872199398504, 0.005135872199398504, 0.005189937943343141], "HBA": [0.002878715183960001, 0.0035674204181197805, 0.004031230359112849, 0.004395661845993316, 0.004474557309504164, 0.004687119749720978, 0.004713966108012476, 0.004713966108012476, 0.004851023754458571, 0.004934126247533363, 0.004934126247533363, 0.004934126247533363, 0.004934126247533363, 0.004934126247533363, 0.004934126247533363, 0.004934126247533363, 0.004934126247533363, 0.004934126247533363, 0.004964650346309347, 0.004995514543840211, 0.0050267245560121155, 0.0050267245560121155, 0.0050267245560121155, 0.0050267245560121155, 0.005059377617236605, 0.005059377617236605, 0.005059377617236605, 0.005059377617236605, 0.005059377617236605, 0.005059377617236605, 0.005059377617236605, 0.005059377617236605, 0.005059377617236605, 0.005059377617236605, 0.00509610856305846, 0.00509610856305846, 0.00509610856305846, 0.00509610856305846, 0.00509610856305846, 0.00509610856305846, 0.00509610856305846, 0.00509610856305846, 0.00509610856305846, 0.00509610856305846, 0.00509610856305846, 0.00509610856305846, 0.00509610856305846, 0.00509610856305846, 0.00509610856305846, 0.00509610856305846, 0.00509610856305846, 0.00509610856305846, 0.00509610856305846, 0.00509610856305846, 0.00509610856305846, 0.00509610856305846, 0.00509610856305846, 0.00509610856305846, 0.00509610856305846, 0.00509610856305846, 0.00509610856305846, 0.00509610856305846, 0.00509610856305846, 0.00509610856305846, 0.00509610856305846, 0.00509610856305846, 0.00509610856305846, 0.00509610856305846, 0.00509610856305846, 0.00509610856305846, 0.00509610856305846, 0.00509610856305846, 0.00509610856305846, 0.00509610856305846, 0.00509610856305846, 0.00509610856305846, 0.00509610856305846, 0.00509610856305846, 0.00509610856305846, 0.00509610856305846, 0.00509610856305846, 0.00509610856305846, 0.00509610856305846, 0.00509610856305846, 0.00509610856305846, 0.00509610856305846, 0.00509610856305846, 0.00509610856305846, 0.00509610856305846, 0.00509610856305846, 0.00509610856305846, 0.00509610856305846, 0.00509610856305846, 0.00509610856305846, 0.00509610856305846, 0.00509610856305846, 0.00509610856305846, 0.00509610856305846, 0.00509610856305846, 0.00509610856305846, 0.00509610856305846, 0.00509610856305846, 0.00509610856305846, 0.00509610856305846, 0.00509610856305846, 0.00509610856305846, 0.00509610856305846, 0.00509610856305846, 0.00509610856305846, 0.00509610856305846, 0.00509610856305846, 0.00509610856305846, 0.00509610856305846, 0.00509610856305846, 0.00509610856305846, 0.00509610856305846, 0.00509610856305846, 0.00509610856305846, 0.00509610856305846, 0.00509610856305846, 0.00509610856305846, 0.00509610856305846, 0.00509610856305846, 0.00509610856305846, 0.00509610856305846, 0.00509610856305846, 0.00509610856305846, 0.00509610856305846, 0.00509610856305846, 0.00509610856305846, 0.00509610856305846, 0.00509610856305846, 0.00509610856305846, 0.00509610856305846, 0.00509610856305846, 0.00509610856305846, 0.00509610856305846, 0.00509610856305846, 0.00509610856305846, 0.00509610856305846, 0.00509610856305846, 0.00509610856305846, 0.00509610856305846, 0.00509610856305846, 0.00509610856305846, 0.00509610856305846, 0.00509610856305846, 0.00509610856305846, 0.00509610856305846, 0.00509610856305846, 0.00509610856305846, 0.00509610856305846, 0.00509610856305846, 0.00509610856305846, 0.00509610856305846, 0.00509610856305846, 0.00509610856305846, 0.00509610856305846, 0.00509610856305846, 0.00509610856305846, 0.00509610856305846, 0.00509610856305846, 0.00509610856305846, 0.00509610856305846, 0.00509610856305846, 0.00509610856305846, 0.00509610856305846, 0.00509610856305846, 0.00509610856305846, 0.00509610856305846, 0.00509610856305846, 0.00509610856305846, 0.00509610856305846, 0.0065753985038868625], "HCA": [0.002878715183960001, 0.0035674204181197805, 0.004031230359112849, 0.004395661845993316, 0.004395661845993316, 0.004687935201291435, 0.004714781559582932, 0.004714781559582932, 0.004851839206029027, 0.004851839206029027, 0.004935823416997365, 0.004935823416997365, 0.004935823416997365, 0.004935823416997365, 0.004935823416997365, 0.004935823416997365, 0.004935823416997365, 0.004935823416997365, 0.004935823416997365, 0.004935823416997365, 0.005029453453513079, 0.005029453453513079, 0.005029453453513079, 0.005029453453513079, 0.005062106514737569, 0.005062106514737569, 0.005062106514737569, 0.005062106514737569, 0.005062106514737569, 0.005062106514737569, 0.005062106514737569, 0.005062106514737569, 0.005062106514737569, 0.005062106514737569, 0.005098837460559424, 0.005098837460559424, 0.005098837460559424, 0.005098837460559424, 0.005098837460559424, 0.005098837460559424, 0.005098837460559424, 0.005098837460559424, 0.005098837460559424, 0.005098837460559424, 0.005098837460559424, 0.005098837460559424, 0.005098837460559424, 0.005098837460559424, 0.005098837460559424, 0.005098837460559424, 0.005098837460559424, 0.005098837460559424, 0.005098837460559424, 0.005098837460559424, 0.005098837460559424, 0.005098837460559424, 0.005098837460559424, 0.005098837460559424, 0.005098837460559424, 0.005098837460559424, 0.005098837460559424, 0.005098837460559424, 0.005098837460559424, 0.005152903204504061], "HPRA": [0.002878715183960001, 0.002878715183960001, 0.002878715183960001, 0.003841855542144091, 0.004551914713741724, 0.004551914713741724, 0.004551914713741724, 0.004551914713741724, 0.004551914713741724, 0.004551914713741724, 0.004551914713741724, 0.0047499681315778496, 0.004892951917216558, 0.004892951917216558, 0.004892951917216558, 0.004892951917216558, 0.004892951917216558, 0.004892951917216558, 0.0049540001147685255, 0.0049540001147685255, 0.0049540001147685255, 0.004985561786274648, 0.004985561786274648, 0.005082410959828367, 0.005082410959828367, 0.005082410959828367, 0.005082410959828367, 0.005082410959828367, 0.005082410959828367, 0.005082410959828367, 0.005082410959828367, 0.005082410959828367, 0.005082410959828367, 0.005082410959828367, 0.005155872851472077, 0.005155872851472077, 0.005155872851472077, 0.005155872851472077, 0.005155872851472077, 0.005155872851472077, 0.005155872851472077, 0.005155872851472077, 0.005155872851472077, 0.005155872851472077, 0.005155872851472077, 0.005155872851472077, 0.005155872851472077, 0.005155872851472077, 0.005155872851472077, 0.005155872851472077, 0.005155872851472077, 0.005155872851472077, 0.005155872851472077, 0.005155872851472077, 0.005155872851472077, 0.005155872851472077, 0.005155872851472077, 0.005155872851472077, 0.005155872851472077, 0.005155872851472077, 0.005155872851472077, 0.005155872851472077, 0.005155872851472077, 0.005209938595416713]}