{"HDA": [0.025625000000000002, 0.05203125, 0.080625, 0.1096875, 0.13953125, 0.169375, 0.19921875, 0.2296875, 0.26015625, 0.29062499999999997, 0.32125, 0.35203124999999996, 0.38281249999999994, 0.4135937499999999, 0.4443749999999999, 0.4751562499999999, 0.5059374999999999, 0.5367187499999999, 0.5674999999999999, 0.5982812499999999, 0.6292187499999998, 0.6601562499999998, 0.6910937499999997, 0.7220312499999997, 0.7529687499999996, 0.7839062499999996, 0.8148437499999995, 0.8457812499999995, 0.8767187499999994, 0.9076562499999994, 0.9385937499999993, 0.9696874999999994], "HBA": [0.011714285714285715, 0.023785714285714285, 0.03685714285714286, 0.05014285714285714, 0.06378571428571428, 0.07749999999999999, 0.09135714285714285, 0.10528571428571427, 0.11928571428571427, 0.13335714285714284, 0.1474285714285714, 0.16149999999999998, 0.17557142857142854, 0.1896428571428571, 0.20371428571428568, 0.21778571428571425, 0.23185714285714282, 0.24592857142857139, 0.25999999999999995, 0.2740714285714285, 0.28821428571428565, 0.30235714285714277, 0.3164999999999999, 0.330642857142857, 0.34478571428571414, 0.35892857142857126, 0.3730714285714284, 0.3872142857142855, 0.40135714285714263, 0.41549999999999976, 0.4296428571428569, 0.443785714285714, 0.45792857142857113, 0.47207142857142825, 0.4862142857142854, 0.5003571428571425, 0.5144999999999996, 0.5286428571428567, 0.5427857142857139, 0.556928571428571, 0.5710714285714281, 0.5852142857142852, 0.5993571428571424, 0.6134999999999995, 0.6276428571428566, 0.6417857142857137, 0.6559285714285709, 0.670071428571428, 0.6842142857142851, 0.6983571428571422, 0.7124999999999994, 0.7266428571428565, 0.7407857142857136, 0.7549285714285707, 0.7690714285714279, 0.783214285714285, 0.7973571428571421, 0.8114999999999992, 0.8256428571428563, 0.8397857142857135, 0.8539285714285706, 0.8680714285714277, 0.8822142857142848, 0.896357142857142, 0.9104999999999991, 0.9246428571428562, 0.9387857142857133, 0.9529285714285705, 0.9670714285714276, 0.9812857142857133], "HCA": [0.027333333333333334, 0.0555, 0.08600000000000001, 0.117, 0.14883333333333335, 0.18066666666666667, 0.213, 0.2455, 0.2781666666666667, 0.311, 0.3438333333333333, 0.37666666666666665, 0.4095, 0.4423333333333333, 0.4751666666666666, 0.508, 0.5408333333333334, 0.5736666666666668, 0.6065000000000002, 0.6393333333333335, 0.6723333333333336, 0.7053333333333336, 0.7383333333333336, 0.7713333333333336, 0.8043333333333337, 0.8373333333333337, 0.8703333333333337, 0.9033333333333338, 0.9363333333333338, 0.9695000000000005], "HPRA": [0.025625000000000002, 0.05203125, 0.080625, 0.10921875, 0.1390625, 0.16890625, 0.19875, 0.22859375, 0.2584375, 0.28890625, 0.31953125, 0.35015625, 0.38078125, 0.41140625000000003, 0.44203125000000004, 0.47265625000000006, 0.50328125, 0.53390625, 0.56453125, 0.59515625, 0.62609375, 0.65703125, 0.6879687499999999, 0.7189062499999999, 0.7498437499999998, 0.7807812499999998, 0.8117187499999997, 0.8426562499999997, 0.8735937499999996, 0.9045312499999996, 0.9354687499999995, 0.9665624999999995]}