{"HDA": [0.025483870967741937, 0.05403225806451613, 0.0835483870967742, 0.11306451612903226, 0.14370967741935484, 0.1743548387096774, 0.2053225806451613, 0.23629032258064517, 0.267741935483871, 0.29935483870967744, 0.3309677419354839, 0.362741935483871, 0.39451612903225813, 0.42629032258064525, 0.4580645161290324, 0.4898387096774195, 0.5216129032258066, 0.5535483870967743, 0.5854838709677421, 0.6174193548387099, 0.6493548387096777, 0.6812903225806455, 0.7132258064516133, 0.745161290322581, 0.7770967741935488, 0.8090322580645166, 0.8409677419354844, 0.8729032258064522, 0.90483870967742, 0.9367741935483878, 0.9688709677419362], "HBA": [0.014363636363636365, 0.031, 0.047636363636363636, 0.06490909090909092, 0.08218181818181819, 0.09954545454545455, 0.117, 0.13454545454545455, 0.15227272727272728, 0.1700909090909091, 0.18790909090909091, 0.20581818181818182, 0.22372727272727272, 0.24163636363636362, 0.2595454545454545, 0.27745454545454545, 0.2953636363636364, 0.3133636363636364, 0.3313636363636364, 0.34936363636363643, 0.36736363636363645, 0.38536363636363646, 0.4033636363636365, 0.4213636363636365, 0.4393636363636365, 0.4573636363636365, 0.47536363636363654, 0.49336363636363656, 0.5113636363636366, 0.5293636363636366, 0.5473636363636366, 0.5653636363636366, 0.5833636363636366, 0.6013636363636367, 0.6193636363636367, 0.6373636363636367, 0.6553636363636367, 0.6733636363636367, 0.6913636363636367, 0.7093636363636368, 0.7273636363636368, 0.7453636363636368, 0.7633636363636368, 0.7813636363636368, 0.7993636363636368, 0.8173636363636368, 0.8353636363636369, 0.8533636363636369, 0.8713636363636369, 0.8893636363636369, 0.9073636363636369, 0.9253636363636369, 0.943363636363637, 0.961363636363637, 0.979454545454546], "HCA": [0.02724137931034483, 0.05879310344827587, 0.0903448275862069, 0.12310344827586207, 0.15586206896551724, 0.18862068965517242, 0.2217241379310345, 0.25482758620689655, 0.28844827586206895, 0.3222413793103448, 0.35603448275862065, 0.38999999999999996, 0.42396551724137926, 0.45793103448275857, 0.4918965517241379, 0.5258620689655172, 0.56, 0.5941379310344828, 0.6282758620689655, 0.6624137931034482, 0.6965517241379309, 0.7306896551724136, 0.7648275862068963, 0.798965517241379, 0.8331034482758617, 0.8672413793103444, 0.9013793103448271, 0.9355172413793098, 0.969827586206896], "HPRA": [0.025483870967741937, 0.05403225806451613, 0.0835483870967742, 0.11306451612903226, 0.14258064516129032, 0.1732258064516129, 0.20387096774193547, 0.23451612903225805, 0.26596774193548384, 0.2974193548387096, 0.3290322580645161, 0.36064516129032254, 0.392258064516129, 0.42387096774193544, 0.4554838709677419, 0.48709677419354835, 0.5187096774193548, 0.5506451612903226, 0.5825806451612904, 0.6145161290322582, 0.646451612903226, 0.6783870967741937, 0.7103225806451615, 0.7422580645161293, 0.7741935483870971, 0.8061290322580649, 0.8380645161290327, 0.8700000000000004, 0.9019354838709682, 0.933870967741936, 0.9659677419354844]}