{"HDA": [0.021071428571428574, 0.05392857142857143, 0.08714285714285713, 0.12035714285714284, 0.15357142857142855, 0.18803571428571425, 0.22249999999999998, 0.2569642857142857, 0.2914285714285714, 0.3264285714285714, 0.3614285714285714, 0.3966071428571428, 0.4317857142857143, 0.46714285714285714, 0.5025, 0.5378571428571428, 0.5732142857142857, 0.6085714285714285, 0.6439285714285714, 0.6792857142857143, 0.7146428571428571, 0.75, 0.7853571428571429, 0.8207142857142857, 0.8560714285714286, 0.8914285714285715, 0.9267857142857143, 0.9623214285714287], "HBA": [0.006860465116279071, 0.01755813953488372, 0.028372093023255815, 0.03924418604651163, 0.050348837209302326, 0.06156976744186046, 0.07284883720930233, 0.08424418604651163, 0.09563953488372093, 0.10703488372093023, 0.11843023255813953, 0.12988372093023257, 0.1413372093023256, 0.15284883720930234, 0.16436046511627908, 0.17587209302325582, 0.18738372093023256, 0.1988953488372093, 0.21040697674418604, 0.22191860465116278, 0.23343023255813952, 0.24494186046511626, 0.25645348837209303, 0.26796511627906977, 0.2794767441860465, 0.29098837209302325, 0.3025, 0.31401162790697673, 0.32552325581395347, 0.3370348837209302, 0.34854651162790695, 0.3600581395348837, 0.37156976744186043, 0.3830813953488372, 0.3945930232558139, 0.40610465116279065, 0.4176162790697674, 0.42912790697674413, 0.4406395348837209, 0.4521511627906976, 0.46366279069767435, 0.4751744186046511, 0.48668604651162783, 0.4981976744186046, 0.5097093023255813, 0.5212209302325581, 0.5327325581395349, 0.5442441860465117, 0.5557558139534885, 0.5672674418604653, 0.5787790697674421, 0.5902906976744189, 0.6018023255813957, 0.6133139534883725, 0.6248255813953493, 0.6363372093023261, 0.6478488372093029, 0.6593604651162797, 0.6708720930232565, 0.6823837209302333, 0.69389534883721, 0.7054069767441868, 0.7169186046511636, 0.7284302325581404, 0.7399418604651172, 0.751453488372094, 0.7629651162790708, 0.7744767441860476, 0.7859883720930244, 0.7975000000000012, 0.809011627906978, 0.8205232558139548, 0.8320348837209316, 0.8435465116279084, 0.8550581395348852, 0.866569767441862, 0.8780813953488388, 0.8895930232558156, 0.9011046511627924, 0.9126162790697692, 0.924127906976746, 0.9356395348837228, 0.9471511627906996, 0.9586627906976763, 0.9701744186046531, 0.9817441860465136], "HCA": [0.021071428571428574, 0.05392857142857143, 0.08714285714285713, 0.12035714285714284, 0.1544642857142857, 0.1889285714285714, 0.22339285714285712, 0.2583928571428571, 0.29339285714285707, 0.32839285714285704, 0.363392857142857, 0.39857142857142847, 0.4337499999999999, 0.4691071428571428, 0.5044642857142856, 0.5398214285714285, 0.5751785714285713, 0.6105357142857142, 0.645892857142857, 0.6812499999999999, 0.7166071428571428, 0.7519642857142856, 0.7873214285714285, 0.8226785714285714, 0.8580357142857142, 0.8933928571428571, 0.92875, 0.9642857142857143], "HPRA": [0.0203448275862069, 0.05206896551724138, 0.08413793103448276, 0.11620689655172414, 0.14827586206896554, 0.1803448275862069, 0.21362068965517242, 0.24689655172413794, 0.2801724137931034, 0.3134482758620689, 0.34724137931034477, 0.3810344827586206, 0.41482758620689647, 0.44896551724137923, 0.483103448275862, 0.5172413793103448, 0.5513793103448275, 0.5855172413793102, 0.6196551724137929, 0.6537931034482756, 0.6879310344827583, 0.722068965517241, 0.7562068965517237, 0.7903448275862064, 0.8244827586206891, 0.8586206896551718, 0.8927586206896545, 0.9268965517241372, 0.9612068965517234]}