{"HDA": [0.00305, 0.00468265306122449, 0.00468265306122449, 0.00468265306122449, 0.005575333085029291, 0.005575333085029291, 0.005575333085029291, 0.005575333085029291, 0.005575333085029291, 0.00596006684926444, 0.006042711477363613, 0.006042711477363613, 0.006042711477363613, 0.0061447418824243216, 0.0061447418824243216, 0.0062603621853495155, 0.0062603621853495155, 0.0062603621853495155, 0.0062603621853495155, 0.0062603621853495155, 0.0062603621853495155, 0.0062603621853495155, 0.0062603621853495155, 0.0062603621853495155, 0.0062603621853495155, 0.0062603621853495155, 0.0062603621853495155, 0.0062603621853495155, 0.0062603621853495155, 0.0062603621853495155, 0.0062603621853495155, 0.006538139963127293], "HBA": [0.00305, 0.00468265306122449, 0.004952704370973342, 0.00508086020847174, 0.005472077382905698, 0.005583460764505163, 0.005701803959771435, 0.005766840380166857, 0.005766840380166857, 0.005766840380166857, 0.00584948500826603, 0.00584948500826603, 0.005945601886389829, 0.005945601886389829, 0.005945601886389829, 0.006061222189315023, 0.006061222189315023, 0.006061222189315023, 0.006061222189315023, 0.006061222189315023, 0.006061222189315023, 0.006061222189315023, 0.006061222189315023, 0.006061222189315023, 0.006061222189315023, 0.006061222189315023, 0.006061222189315023, 0.006061222189315023, 0.006061222189315023, 0.006061222189315023, 0.006061222189315023, 0.006061222189315023, 0.006061222189315023, 0.006061222189315023, 0.006061222189315023, 0.006061222189315023, 0.006061222189315023, 0.006061222189315023, 0.006061222189315023, 0.006061222189315023, 0.006061222189315023, 0.006061222189315023, 0.006061222189315023, 0.006061222189315023, 0.006061222189315023, 0.006061222189315023, 0.006061222189315023, 0.006061222189315023, 0.006061222189315023, 0.006061222189315023, 0.006061222189315023, 0.006061222189315023, 0.006061222189315023, 0.006061222189315023, 0.006061222189315023, 0.006061222189315023, 0.006061222189315023, 0.006061222189315023, 0.006061222189315023, 0.006061222189315023, 0.006061222189315023, 0.006061222189315023, 0.006061222189315023, 0.006061222189315023, 0.006061222189315023, 0.006061222189315023, 0.006061222189315023, 0.006061222189315023, 0.006061222189315023, 0.006061222189315023, 0.006061222189315023, 0.006061222189315023, 0.006061222189315023, 0.009147641942401443], "HCA": [0.00305, 0.004911224489795919, 0.0050241380356576375, 0.005066856648157103, 0.005395248466509514, 0.0055461463086703714, 0.0055461463086703714, 0.0055461463086703714, 0.0055461463086703714, 0.005687379272444116, 0.005687379272444116, 0.005687379272444116, 0.00577637891644554, 0.005872495794569338, 0.005872495794569338, 0.005872495794569338, 0.005988116097494532, 0.005988116097494532, 0.005988116097494532, 0.005988116097494532, 0.005988116097494532, 0.005988116097494532, 0.005988116097494532, 0.005988116097494532, 0.005988116097494532, 0.005988116097494532, 0.005988116097494532, 0.005988116097494532, 0.005988116097494532, 0.006217684508881126], "HPRA": [0.00305, 0.00468265306122449, 0.00468265306122449, 0.00468265306122449, 0.005575333085029291, 0.005575333085029291, 0.005575333085029291, 0.005575333085029291, 0.005575333085029291, 0.005575333085029291, 0.005575333085029291, 0.006109330949037835, 0.006109330949037835, 0.006109330949037835, 0.006109330949037835, 0.006340571554888222, 0.006340571554888222, 0.006340571554888222, 0.006340571554888222, 0.006340571554888222, 0.006340571554888222, 0.006340571554888222, 0.006340571554888222, 0.006340571554888222, 0.006340571554888222, 0.006340571554888222, 0.006340571554888222, 0.006340571554888222, 0.006340571554888222, 0.006340571554888222, 0.006340571554888222, 0.006618349332666]}