{"HDA": [0.0190625, 0.0459375, 0.0728125, 0.0996875, 0.129375, 0.1590625, 0.18875, 0.2184375, 0.248125, 0.27859375000000003, 0.30921875000000004, 0.33984375000000006, 0.37046875000000007, 0.40125000000000005, 0.43203125000000003, 0.46296875000000004, 0.49390625000000005, 0.52484375, 0.55578125, 0.58671875, 0.6176562499999999, 0.6485937499999999, 0.6795312499999998, 0.7104687499999998, 0.7414062499999997, 0.7723437499999997, 0.8032812499999996, 0.8342187499999996, 0.8651562499999995, 0.8960937499999995, 0.9270312499999994, 0.9581249999999994], "HBA": [0.008243243243243242, 0.019864864864864863, 0.03195945945945946, 0.044256756756756756, 0.057094594594594594, 0.07006756756756757, 0.08317567567567569, 0.09635135135135137, 0.10952702702702705, 0.12270270270270273, 0.13594594594594597, 0.14918918918918922, 0.16250000000000003, 0.17581081081081085, 0.18912162162162166, 0.20250000000000004, 0.21587837837837842, 0.2292567567567568, 0.24263513513513518, 0.25601351351351354, 0.2693918918918919, 0.28277027027027024, 0.2961486486486486, 0.30952702702702695, 0.3229054054054053, 0.33628378378378365, 0.349662162162162, 0.36304054054054036, 0.3764189189189187, 0.38979729729729706, 0.4031756756756754, 0.41655405405405377, 0.4299324324324321, 0.4433108108108105, 0.4566891891891888, 0.4700675675675672, 0.48344594594594553, 0.4968243243243239, 0.5102027027027023, 0.5235810810810807, 0.5369594594594591, 0.5503378378378375, 0.5637162162162159, 0.5770945945945943, 0.5904729729729727, 0.6038513513513512, 0.6172297297297296, 0.630608108108108, 0.6439864864864864, 0.6573648648648648, 0.6707432432432432, 0.6841216216216216, 0.6975, 0.7108783783783784, 0.7242567567567568, 0.7376351351351352, 0.7510135135135136, 0.764391891891892, 0.7777702702702705, 0.7911486486486489, 0.8045270270270273, 0.8179054054054057, 0.8312837837837841, 0.8446621621621625, 0.8580405405405409, 0.8714189189189193, 0.8847972972972977, 0.8981756756756761, 0.9115540540540545, 0.924932432432433, 0.9383108108108114, 0.9516891891891898, 0.9650675675675682, 0.9785135135135141], "HCA": [0.02033333333333333, 0.050166666666666665, 0.0805, 0.111, 0.14266666666666666, 0.17483333333333334, 0.20700000000000002, 0.2391666666666667, 0.27133333333333337, 0.3038333333333334, 0.3363333333333334, 0.36883333333333335, 0.4015, 0.43433333333333335, 0.4671666666666667, 0.5, 0.533, 0.5660000000000001, 0.5990000000000001, 0.6320000000000001, 0.6650000000000001, 0.6980000000000002, 0.7310000000000002, 0.7640000000000002, 0.7970000000000003, 0.8300000000000003, 0.8630000000000003, 0.8960000000000004, 0.9290000000000004, 0.9621666666666671], "HPRA": [0.0190625, 0.0459375, 0.0728125, 0.0996875, 0.129375, 0.1590625, 0.18875, 0.2184375, 0.248125, 0.2778125, 0.3075, 0.338125, 0.36875, 0.39937500000000004, 0.43000000000000005, 0.46093750000000006, 0.49187500000000006, 0.5228125, 0.55375, 0.5846874999999999, 0.6156249999999999, 0.6465624999999998, 0.6774999999999998, 0.7084374999999997, 0.7393749999999997, 0.7703124999999996, 0.8012499999999996, 0.8321874999999995, 0.8631249999999995, 0.8940624999999994, 0.9249999999999994, 0.9560937499999994]}