{"HDA": [0.02666666666666667, 0.05333333333333334, 0.08106060606060607, 0.10924242424242425, 0.13833333333333334, 0.16772727272727272, 0.1971212121212121, 0.2265151515151515, 0.2559090909090909, 0.28530303030303034, 0.31469696969696975, 0.34409090909090917, 0.3734848484848486, 0.402878787878788, 0.4322727272727274, 0.46166666666666684, 0.49106060606060625, 0.5204545454545456, 0.5501515151515153, 0.579848484848485, 0.6095454545454546, 0.6393939393939394, 0.6693939393939394, 0.6993939393939395, 0.7293939393939395, 0.7593939393939395, 0.7893939393939395, 0.8193939393939396, 0.8493939393939396, 0.8793939393939396, 0.9093939393939396, 0.9393939393939397, 0.9695454545454548], "HBA": [0.01375, 0.028046875, 0.04234375, 0.056874999999999995, 0.071875, 0.08703124999999999, 0.10218749999999999, 0.11742187499999998, 0.13265624999999998, 0.14789062499999997, 0.16312499999999996, 0.17843749999999997, 0.19374999999999998, 0.20906249999999998, 0.224375, 0.23976562499999998, 0.25515625, 0.27054687499999996, 0.28593749999999996, 0.30132812499999995, 0.31671874999999994, 0.33210937499999993, 0.3475781249999999, 0.3630468749999999, 0.37851562499999986, 0.39398437499999983, 0.4094531249999998, 0.4249218749999998, 0.44039062499999976, 0.45585937499999973, 0.4713281249999997, 0.4867968749999997, 0.5022656249999997, 0.5177343749999997, 0.5332031249999998, 0.5486718749999998, 0.5641406249999998, 0.5796093749999999, 0.5950781249999999, 0.6105468749999999, 0.626015625, 0.641484375, 0.656953125, 0.6724218750000001, 0.6878906250000001, 0.7033593750000001, 0.7188281250000002, 0.7342968750000002, 0.7497656250000002, 0.7652343750000002, 0.7807031250000003, 0.7961718750000003, 0.8116406250000003, 0.8271093750000004, 0.8425781250000004, 0.8580468750000004, 0.8735156250000005, 0.8889843750000005, 0.9044531250000005, 0.9199218750000006, 0.9353906250000006, 0.9508593750000006, 0.9663281250000006, 0.9818750000000006], "HCA": [0.02666666666666667, 0.05333333333333334, 0.08106060606060607, 0.10924242424242425, 0.13833333333333334, 0.16772727272727272, 0.1971212121212121, 0.2265151515151515, 0.2559090909090909, 0.28530303030303034, 0.31469696969696975, 0.34409090909090917, 0.3734848484848486, 0.4031818181818183, 0.43287878787878803, 0.4627272727272729, 0.4925757575757577, 0.5224242424242426, 0.5522727272727275, 0.5821212121212123, 0.611969696969697, 0.6418181818181818, 0.6718181818181819, 0.7018181818181819, 0.7318181818181819, 0.761818181818182, 0.791818181818182, 0.821818181818182, 0.851818181818182, 0.8818181818181821, 0.9118181818181821, 0.9418181818181821, 0.9719696969696973], "HPRA": [0.02666666666666667, 0.05333333333333334, 0.08106060606060607, 0.10924242424242425, 0.13833333333333334, 0.16772727272727272, 0.1971212121212121, 0.2265151515151515, 0.2559090909090909, 0.28530303030303034, 0.31469696969696975, 0.34409090909090917, 0.3734848484848486, 0.402878787878788, 0.4322727272727274, 0.46166666666666684, 0.49106060606060625, 0.5204545454545456, 0.549848484848485, 0.5792424242424244, 0.6086363636363639, 0.6380303030303033, 0.6678787878787882, 0.6978787878787882, 0.7278787878787882, 0.7578787878787883, 0.7878787878787883, 0.8178787878787883, 0.8478787878787883, 0.8778787878787884, 0.9078787878787884, 0.9378787878787884, 0.9680303030303036]}