{"HDA": [0.027857142857142858, 0.060892857142857144, 0.09392857142857143, 0.12696428571428572, 0.16, 0.19410714285714287, 0.22821428571428573, 0.2625, 0.2967857142857143, 0.3316071428571429, 0.36642857142857144, 0.4014285714285714, 0.43660714285714286, 0.4717857142857143, 0.5069642857142858, 0.5421428571428571, 0.5773214285714285, 0.6124999999999999, 0.6476785714285713, 0.6830357142857142, 0.718392857142857, 0.7537499999999999, 0.7891071428571428, 0.8244642857142856, 0.8598214285714285, 0.8951785714285714, 0.9305357142857142, 0.9660714285714286], "HBA": [0.011818181818181818, 0.025833333333333333, 0.03984848484848485, 0.05409090909090909, 0.06856060606060606, 0.0831060606060606, 0.09772727272727272, 0.11234848484848484, 0.12704545454545454, 0.14181818181818182, 0.15666666666666668, 0.17151515151515154, 0.18643939393939396, 0.20136363636363638, 0.2162878787878788, 0.23121212121212123, 0.24613636363636365, 0.2610606060606061, 0.2759848484848485, 0.2909848484848485, 0.3059848484848485, 0.32098484848484854, 0.33598484848484855, 0.35098484848484857, 0.3659848484848486, 0.3809848484848486, 0.3959848484848486, 0.4109848484848486, 0.42598484848484863, 0.44098484848484865, 0.45598484848484866, 0.4709848484848487, 0.4859848484848487, 0.5009848484848487, 0.5159848484848487, 0.5309848484848487, 0.5459848484848487, 0.5609848484848488, 0.5759848484848488, 0.5909848484848488, 0.6059848484848488, 0.6209848484848488, 0.6359848484848488, 0.6509848484848488, 0.6659848484848488, 0.6809848484848489, 0.6959848484848489, 0.7109848484848489, 0.7259848484848489, 0.7409848484848489, 0.7559848484848489, 0.7709848484848489, 0.785984848484849, 0.800984848484849, 0.815984848484849, 0.830984848484849, 0.845984848484849, 0.860984848484849, 0.875984848484849, 0.890984848484849, 0.9059848484848491, 0.9209848484848491, 0.9359848484848491, 0.9509848484848491, 0.9659848484848491, 0.9810606060606066], "HCA": [0.027857142857142858, 0.060892857142857144, 0.09392857142857143, 0.12696428571428572, 0.16, 0.19410714285714287, 0.22821428571428573, 0.2628571428571429, 0.29750000000000004, 0.3323214285714286, 0.3673214285714286, 0.40232142857142855, 0.4373214285714285, 0.4725, 0.5076785714285714, 0.5428571428571428, 0.5780357142857142, 0.6132142857142856, 0.648392857142857, 0.6837499999999999, 0.7191071428571427, 0.7544642857142856, 0.7898214285714285, 0.8251785714285713, 0.8605357142857142, 0.895892857142857, 0.9312499999999999, 0.9667857142857142], "HPRA": [0.027857142857142858, 0.060892857142857144, 0.09392857142857143, 0.12696428571428572, 0.16, 0.19303571428571428, 0.22607142857142856, 0.26035714285714284, 0.29464285714285715, 0.3294642857142857, 0.36428571428571427, 0.3991071428571428, 0.4342857142857143, 0.4694642857142857, 0.5046428571428572, 0.5398214285714286, 0.575, 0.6101785714285713, 0.6453571428571427, 0.6807142857142856, 0.7160714285714285, 0.7514285714285713, 0.7867857142857142, 0.8221428571428571, 0.8574999999999999, 0.8928571428571428, 0.9282142857142857, 0.96375]}