{"HDA": [0.031153846153846157, 0.06557692307692309, 0.1, 0.13634615384615384, 0.17326923076923076, 0.21076923076923076, 0.24826923076923077, 0.2857692307692308, 0.32326923076923075, 0.36076923076923073, 0.3982692307692307, 0.4357692307692307, 0.47326923076923066, 0.5107692307692306, 0.5484615384615383, 0.586153846153846, 0.6240384615384614, 0.6619230769230768, 0.7, 0.7380769230769231, 0.7761538461538462, 0.8142307692307693, 0.8523076923076924, 0.8903846153846156, 0.9284615384615387, 0.9667307692307694], "HBA": [0.012461538461538463, 0.02623076923076923, 0.04007692307692308, 0.05461538461538462, 0.06938461538461539, 0.08438461538461539, 0.09938461538461539, 0.11438461538461539, 0.12938461538461538, 0.14446153846153845, 0.15953846153846152, 0.1746153846153846, 0.18969230769230766, 0.20476923076923073, 0.2198461538461538, 0.23499999999999996, 0.2501538461538461, 0.26530769230769224, 0.28053846153846146, 0.2957692307692307, 0.3109999999999999, 0.3262307692307691, 0.3414615384615383, 0.35669230769230753, 0.37192307692307675, 0.38715384615384596, 0.4023846153846152, 0.4176153846153844, 0.4328461538461536, 0.4480769230769228, 0.46330769230769203, 0.47853846153846125, 0.49376923076923046, 0.5089999999999997, 0.524230769230769, 0.5394615384615382, 0.5546923076923075, 0.5699230769230768, 0.585153846153846, 0.6003846153846153, 0.6156153846153846, 0.6308461538461538, 0.6460769230769231, 0.6613076923076924, 0.6765384615384616, 0.6917692307692309, 0.7070000000000002, 0.7222307692307695, 0.7374615384615387, 0.752692307692308, 0.7679230769230773, 0.7831538461538465, 0.7983846153846158, 0.8136153846153851, 0.8288461538461543, 0.8440769230769236, 0.8593076923076929, 0.8745384615384622, 0.8897692307692314, 0.9050000000000007, 0.92023076923077, 0.9354615384615392, 0.9506923076923085, 0.9659230769230778, 0.9812307692307701], "HCA": [0.032400000000000005, 0.06820000000000001, 0.10400000000000001, 0.1418, 0.1802, 0.2192, 0.2582, 0.29719999999999996, 0.33619999999999994, 0.3751999999999999, 0.4141999999999999, 0.4531999999999999, 0.49219999999999986, 0.5313999999999999, 0.5705999999999999, 0.6099999999999999, 0.6493999999999999, 0.6887999999999999, 0.7283999999999998, 0.7679999999999998, 0.8075999999999998, 0.8471999999999997, 0.8867999999999997, 0.9263999999999997, 0.9661999999999997], "HPRA": [0.031153846153846157, 0.06557692307692309, 0.1, 0.13634615384615384, 0.17326923076923076, 0.21076923076923076, 0.24826923076923077, 0.2857692307692308, 0.32326923076923075, 0.36076923076923073, 0.3982692307692307, 0.4357692307692307, 0.47326923076923066, 0.5107692307692306, 0.5482692307692306, 0.5857692307692306, 0.6232692307692306, 0.6607692307692306, 0.6988461538461537, 0.7369230769230768, 0.7749999999999999, 0.813076923076923, 0.8511538461538461, 0.8892307692307693, 0.9273076923076924, 0.9655769230769231]}