{"HDA": [0.020370370370370372, 0.05185185185185185, 0.08481481481481482, 0.12018518518518519, 0.15574074074074074, 0.1912962962962963, 0.22685185185185186, 0.2627777777777778, 0.2987037037037037, 0.3348148148148148, 0.37111111111111106, 0.40759259259259256, 0.44407407407407407, 0.48055555555555557, 0.5172222222222222, 0.5538888888888889, 0.5905555555555555, 0.6272222222222221, 0.6638888888888888, 0.7005555555555554, 0.737222222222222, 0.7738888888888886, 0.8105555555555553, 0.8472222222222219, 0.8838888888888885, 0.9205555555555551, 0.9574074074074069], "HBA": [0.008333333333333333, 0.02181818181818182, 0.03598484848484849, 0.05022727272727273, 0.0646969696969697, 0.07924242424242424, 0.09386363636363636, 0.10856060606060605, 0.12333333333333332, 0.13818181818181818, 0.15303030303030304, 0.16795454545454547, 0.1828787878787879, 0.1978030303030303, 0.21272727272727274, 0.22765151515151516, 0.24265151515151517, 0.2576515151515152, 0.2726515151515152, 0.2876515151515152, 0.3026515151515152, 0.31765151515151524, 0.33265151515151525, 0.34765151515151527, 0.3626515151515153, 0.3776515151515153, 0.3926515151515153, 0.4076515151515153, 0.42265151515151533, 0.43765151515151535, 0.45265151515151536, 0.4676515151515154, 0.4826515151515154, 0.4976515151515154, 0.5126515151515154, 0.5276515151515154, 0.5426515151515154, 0.5576515151515155, 0.5726515151515155, 0.5876515151515155, 0.6026515151515155, 0.6176515151515155, 0.6326515151515155, 0.6476515151515155, 0.6626515151515155, 0.6776515151515156, 0.6926515151515156, 0.7076515151515156, 0.7226515151515156, 0.7376515151515156, 0.7526515151515156, 0.7676515151515156, 0.7826515151515157, 0.7976515151515157, 0.8126515151515157, 0.8276515151515157, 0.8426515151515157, 0.8576515151515157, 0.8726515151515157, 0.8876515151515157, 0.9026515151515158, 0.9176515151515158, 0.9326515151515158, 0.9476515151515158, 0.9626515151515158, 0.9777272727272734], "HCA": [0.022727272727272728, 0.04924242424242424, 0.07772727272727273, 0.10636363636363635, 0.13499999999999998, 0.1639393939393939, 0.193030303030303, 0.22212121212121208, 0.25121212121212116, 0.2806060606060606, 0.31, 0.3393939393939394, 0.36878787878787883, 0.39818181818181825, 0.42757575757575766, 0.4572727272727274, 0.4869696969696971, 0.5166666666666668, 0.5465151515151516, 0.5765151515151516, 0.6065151515151517, 0.6365151515151517, 0.6665151515151517, 0.6965151515151518, 0.7265151515151518, 0.7565151515151518, 0.7865151515151518, 0.8165151515151519, 0.8465151515151519, 0.8765151515151519, 0.9065151515151519, 0.936515151515152, 0.9666666666666671], "HPRA": [0.020370370370370372, 0.05185185185185185, 0.08481481481481482, 0.12, 0.15518518518518518, 0.19037037037037036, 0.22592592592592592, 0.2614814814814815, 0.29703703703703704, 0.3325925925925926, 0.36814814814814817, 0.4044444444444445, 0.44074074074074077, 0.47703703703703704, 0.5137037037037037, 0.5503703703703703, 0.5870370370370369, 0.6237037037037035, 0.6603703703703702, 0.6970370370370368, 0.7337037037037034, 0.77037037037037, 0.8070370370370367, 0.8437037037037033, 0.8803703703703699, 0.9170370370370365, 0.9538888888888883]}