{"HDA": [0.029107142857142856, 0.05821428571428571, 0.09107142857142857, 0.12392857142857142, 0.15767857142857142, 0.19142857142857142, 0.22517857142857142, 0.2589285714285714, 0.2933928571428571, 0.3283928571428571, 0.3633928571428571, 0.39839285714285705, 0.433392857142857, 0.468392857142857, 0.5035714285714284, 0.5387499999999998, 0.5739285714285712, 0.6091071428571426, 0.644285714285714, 0.6796428571428569, 0.7149999999999997, 0.7503571428571426, 0.7857142857142855, 0.8210714285714283, 0.8564285714285712, 0.8917857142857141, 0.9271428571428569, 0.9626785714285713], "HBA": [0.012936507936507935, 0.0273015873015873, 0.0423015873015873, 0.0573015873015873, 0.0723015873015873, 0.08753968253968253, 0.10285714285714284, 0.11817460317460315, 0.1337301587301587, 0.14928571428571424, 0.1648412698412698, 0.18047619047619043, 0.19611111111111107, 0.2117460317460317, 0.22738095238095235, 0.243015873015873, 0.25865079365079363, 0.27428571428571424, 0.29, 0.3057142857142857, 0.32142857142857145, 0.3371428571428572, 0.3528571428571429, 0.36857142857142866, 0.3842857142857144, 0.40000000000000013, 0.41571428571428587, 0.4314285714285716, 0.44714285714285734, 0.4628571428571431, 0.4785714285714288, 0.49428571428571455, 0.5100000000000002, 0.5257142857142859, 0.5414285714285716, 0.5571428571428573, 0.572857142857143, 0.5885714285714286, 0.6042857142857143, 0.62, 0.6357142857142857, 0.6514285714285714, 0.667142857142857, 0.6828571428571427, 0.6985714285714284, 0.7142857142857141, 0.7299999999999998, 0.7457142857142854, 0.7614285714285711, 0.7771428571428568, 0.7928571428571425, 0.8085714285714282, 0.8242857142857138, 0.8399999999999995, 0.8557142857142852, 0.8714285714285709, 0.8871428571428566, 0.9028571428571422, 0.9185714285714279, 0.9342857142857136, 0.9499999999999993, 0.965714285714285, 0.9815079365079358], "HCA": [0.030185185185185183, 0.0637037037037037, 0.09870370370370371, 0.1337037037037037, 0.16870370370370372, 0.20425925925925928, 0.24000000000000002, 0.27574074074074073, 0.312037037037037, 0.3483333333333333, 0.3848148148148148, 0.4212962962962963, 0.4577777777777778, 0.4942592592592593, 0.5307407407407407, 0.5672222222222222, 0.6037037037037036, 0.6403703703703703, 0.6770370370370369, 0.7137037037037035, 0.7503703703703701, 0.7870370370370368, 0.8237037037037034, 0.86037037037037, 0.8970370370370366, 0.9337037037037033, 0.9705555555555551], "HPRA": [0.029107142857142856, 0.05821428571428571, 0.08732142857142856, 0.12017857142857141, 0.15392857142857141, 0.18767857142857142, 0.22142857142857142, 0.2551785714285714, 0.28964285714285715, 0.32410714285714287, 0.3585714285714286, 0.39357142857142857, 0.42857142857142855, 0.4635714285714285, 0.4985714285714285, 0.5335714285714285, 0.5685714285714285, 0.6035714285714285, 0.6385714285714286, 0.6739285714285714, 0.7092857142857143, 0.7446428571428572, 0.78, 0.8153571428571429, 0.8507142857142858, 0.8860714285714286, 0.9214285714285715, 0.9569642857142858]}