{"HDA": [0.001825, 0.0047196124763705105, 0.004825904993377313, 0.004825904993377313, 0.005288675135447747, 0.005288675135447747, 0.005288675135447747, 0.005855568559484029, 0.005992171250557043, 0.005992171250557043, 0.005992171250557043, 0.005992171250557043, 0.005992171250557043, 0.006092171250557043, 0.006092171250557043, 0.006207791553482237, 0.006207791553482237, 0.006207791553482237, 0.0063495149094913075, 0.0063495149094913075, 0.0063495149094913075, 0.0063495149094913075, 0.0063495149094913075, 0.0063495149094913075, 0.0063495149094913075, 0.0063495149094913075, 0.0063495149094913075, 0.0063495149094913075, 0.0063495149094913075, 0.0063495149094913075, 0.0063495149094913075, 0.0066573019208794266], "HBA": [0.003175, 0.004563232514177694, 0.004563232514177694, 0.004926129886800716, 0.005084351476136581, 0.0052951796090426355, 0.0052951796090426355, 0.005395778170483207, 0.005395778170483207, 0.0054514698612829395, 0.0054514698612829395, 0.0054514698612829395, 0.0054514698612829395, 0.005522086343169812, 0.005522086343169812, 0.005522086343169812, 0.005522086343169812, 0.005609430215997133, 0.005609430215997133, 0.005609430215997133, 0.005609430215997133, 0.005609430215997133, 0.005609430215997133, 0.005609430215997133, 0.005609430215997133, 0.005609430215997133, 0.005609430215997133, 0.005609430215997133, 0.005609430215997133, 0.005609430215997133, 0.005609430215997133, 0.005609430215997133, 0.005609430215997133, 0.005609430215997133, 0.005609430215997133, 0.005609430215997133, 0.005609430215997133, 0.005609430215997133, 0.005609430215997133, 0.005609430215997133, 0.005609430215997133, 0.005609430215997133, 0.005609430215997133, 0.005609430215997133, 0.005609430215997133, 0.005609430215997133, 0.005609430215997133, 0.005609430215997133, 0.005609430215997133, 0.005609430215997133, 0.005609430215997133, 0.005609430215997133, 0.005609430215997133, 0.005609430215997133, 0.005609430215997133, 0.005609430215997133, 0.005609430215997133, 0.005609430215997133, 0.005609430215997133, 0.005609430215997133, 0.005609430215997133, 0.005609430215997133, 0.005609430215997133, 0.005609430215997133, 0.005609430215997133, 0.005609430215997133, 0.005609430215997133, 0.005609430215997133, 0.005609430215997133, 0.005609430215997133, 0.005609430215997133, 0.005609430215997133, 0.005609430215997133, 0.005609430215997133, 0.005609430215997133, 0.005609430215997133, 0.005609430215997133, 0.005609430215997133, 0.005609430215997133, 0.005609430215997133, 0.005609430215997133, 0.005609430215997133, 0.005609430215997133, 0.005609430215997133, 0.005609430215997133, 0.005609430215997133, 0.005609430215997133, 0.005609430215997133, 0.005609430215997133, 0.005609430215997133, 0.005609430215997133, 0.005609430215997133, 0.005609430215997133, 0.005609430215997133, 0.01795510922834281], "HCA": [0.003175, 0.004563232514177694, 0.004563232514177694, 0.004926129886800716, 0.005196181196549568, 0.005278363971040034, 0.005278363971040034, 0.005374814588323985, 0.005374814588323985, 0.005374814588323985, 0.005374814588323985, 0.005374814588323985, 0.005438814588323985, 0.005438814588323985, 0.0055094310702108575, 0.0055094310702108575, 0.0055094310702108575, 0.0055094310702108575, 0.0055967749430381785, 0.0055967749430381785, 0.0055967749430381785, 0.0055967749430381785, 0.0055967749430381785, 0.0055967749430381785, 0.0055967749430381785, 0.0055967749430381785, 0.0055967749430381785, 0.0055967749430381785, 0.0055967749430381785, 0.0055967749430381785, 0.0055967749430381785, 0.0055967749430381785, 0.0055967749430381785, 0.0055967749430381785, 0.0055967749430381785, 0.0055967749430381785, 0.0055967749430381785, 0.0055967749430381785, 0.0055967749430381785, 0.0058409155680381785], "HPRA": [0.001825, 0.0047196124763705105, 0.004825904993377313, 0.004825904993377313, 0.005288675135447747, 0.005288675135447747, 0.005288675135447747, 0.005288675135447747, 0.006039989936349325, 0.006039989936349325, 0.006039989936349325, 0.006039989936349325, 0.006039989936349325, 0.0061399899363493255, 0.0061399899363493255, 0.0061399899363493255, 0.0061399899363493255, 0.0061399899363493255, 0.006423436648367466, 0.006423436648367466, 0.006423436648367466, 0.006423436648367466, 0.006423436648367466, 0.006423436648367466, 0.006423436648367466, 0.006423436648367466, 0.006423436648367466, 0.006423436648367466, 0.006423436648367466, 0.006423436648367466, 0.006423436648367466, 0.006731223659755585]}