{"HDA": [0.01140625, 0.038125, 0.0653125, 0.0925, 0.12125, 0.15, 0.17875, 0.20890625, 0.23937499999999998, 0.26984375, 0.3003125, 0.33078124999999997, 0.36124999999999996, 0.391875, 0.4225, 0.45328124999999997, 0.48406249999999995, 0.5148437499999999, 0.5457812499999999, 0.5767187499999998, 0.6076562499999998, 0.6385937499999997, 0.6695312499999997, 0.7004687499999996, 0.7314062499999996, 0.7623437499999995, 0.7932812499999995, 0.8242187499999994, 0.8551562499999994, 0.8860937499999993, 0.9170312499999993, 0.9481249999999993], "HBA": [0.00668421052631579, 0.015842105263157893, 0.024999999999999998, 0.03468421052631579, 0.04457894736842105, 0.05473684210526315, 0.06489473684210526, 0.07515789473684209, 0.08542105263157893, 0.09573684210526313, 0.10605263157894734, 0.11636842105263155, 0.12668421052631576, 0.13705263157894734, 0.14742105263157892, 0.1577894736842105, 0.1681578947368421, 0.17857894736842103, 0.18899999999999997, 0.19942105263157892, 0.20984210526315786, 0.2202631578947368, 0.23068421052631574, 0.24110526315789468, 0.25152631578947365, 0.2619473684210526, 0.27236842105263154, 0.2827894736842105, 0.2932105263157894, 0.30363157894736836, 0.3140526315789473, 0.32447368421052625, 0.3348947368421052, 0.34531578947368413, 0.3557368421052631, 0.366157894736842, 0.37657894736842096, 0.3869999999999999, 0.39742105263157884, 0.4078421052631578, 0.4182631578947367, 0.42868421052631567, 0.4391052631578946, 0.44952631578947355, 0.4599473684210525, 0.47036842105263144, 0.4807894736842104, 0.4912105263157893, 0.5016315789473683, 0.5120526315789473, 0.5224736842105263, 0.5328947368421053, 0.5433157894736843, 0.5537368421052633, 0.5641578947368423, 0.5745789473684213, 0.5850000000000003, 0.5954210526315793, 0.6058421052631583, 0.6162631578947373, 0.6266842105263163, 0.6371052631578953, 0.6475263157894743, 0.6579473684210533, 0.6683684210526323, 0.6787894736842113, 0.6892105263157903, 0.6996315789473693, 0.7100526315789483, 0.7204736842105273, 0.7308947368421063, 0.7413157894736853, 0.7517368421052643, 0.7621578947368433, 0.7725789473684223, 0.7830000000000013, 0.7934210526315802, 0.8038421052631592, 0.8142631578947382, 0.8246842105263172, 0.8351052631578962, 0.8455263157894752, 0.8559473684210542, 0.8663684210526332, 0.8767894736842122, 0.8872105263157912, 0.8976315789473702, 0.9080526315789492, 0.9184736842105282, 0.9288947368421072, 0.9393157894736862, 0.9497368421052652, 0.9601578947368442, 0.9705789473684232, 0.9810526315789495], "HCA": [0.015875, 0.037625, 0.059375, 0.082375, 0.10625000000000001, 0.13037500000000002, 0.15450000000000003, 0.17887500000000003, 0.20325000000000004, 0.22762500000000005, 0.25200000000000006, 0.27637500000000004, 0.30087500000000006, 0.3253750000000001, 0.3500000000000001, 0.3746250000000001, 0.3992500000000001, 0.4238750000000001, 0.4486250000000001, 0.4733750000000001, 0.4981250000000001, 0.5228750000000001, 0.5476250000000001, 0.5723750000000002, 0.5971250000000002, 0.6218750000000003, 0.6466250000000003, 0.6713750000000004, 0.6961250000000004, 0.7208750000000005, 0.7456250000000005, 0.7703750000000006, 0.7951250000000006, 0.8198750000000007, 0.8446250000000007, 0.8693750000000008, 0.8941250000000008, 0.9188750000000009, 0.9436250000000009, 0.9685000000000009], "HPRA": [0.01140625, 0.038125, 0.0653125, 0.0925, 0.12125, 0.15, 0.17875, 0.2075, 0.23796874999999998, 0.2684375, 0.29890625, 0.329375, 0.35984374999999996, 0.39046875, 0.42109375, 0.45171875, 0.48234375, 0.51296875, 0.5439062499999999, 0.5748437499999999, 0.6057812499999998, 0.6367187499999998, 0.6676562499999997, 0.6985937499999997, 0.7295312499999996, 0.7604687499999996, 0.7914062499999995, 0.8223437499999995, 0.8532812499999994, 0.8842187499999994, 0.9151562499999993, 0.9462499999999994]}