{"HDA": [0.002171662331759299, 0.0031664587811012024, 0.0039652425683670426, 0.004355704875738971, 0.004697585217619313, 0.004697585217619313, 0.004697585217619313, 0.004697585217619313, 0.004862054393354627, 0.004862054393354627, 0.004862054393354627, 0.004862054393354627, 0.004947844664737852, 0.004947844664737852, 0.004947844664737852, 0.004947844664737852, 0.004947844664737852, 0.004978034255367004, 0.005039082452918971, 0.005039082452918971, 0.005039082452918971, 0.005039082452918971, 0.005039082452918971, 0.005039082452918971, 0.005039082452918971, 0.005039082452918971, 0.00507249486228781, 0.00507249486228781, 0.00507249486228781, 0.00507249486228781, 0.00507249486228781, 0.00507249486228781, 0.00507249486228781, 0.00507249486228781, 0.00507249486228781, 0.005109675112139089, 0.005109675112139089, 0.005109675112139089, 0.005109675112139089, 0.005109675112139089, 0.005109675112139089, 0.005109675112139089, 0.005109675112139089, 0.005109675112139089, 0.005109675112139089, 0.005109675112139089, 0.005109675112139089, 0.005109675112139089, 0.005109675112139089, 0.005109675112139089, 0.005109675112139089, 0.005109675112139089, 0.005109675112139089, 0.005109675112139089, 0.005109675112139089, 0.005109675112139089, 0.005158577258943334], "HBA": [0.002878715183960001, 0.0032868368042028332, 0.004059853372524614, 0.004294130756947771, 0.00434672773262167, 0.004718712003001094, 0.004772404719584089, 0.0048537849279174225, 0.0048537849279174225, 0.0048537849279174225, 0.00493776913888576, 0.00493776913888576, 0.00493776913888576, 0.00493776913888576, 0.00493776913888576, 0.004967306000889541, 0.004967306000889541, 0.004997495591518693, 0.005028019690294676, 0.005028019690294676, 0.005028019690294676, 0.005028019690294676, 0.005028019690294676, 0.005028019690294676, 0.005028019690294676, 0.0050610491525750305, 0.0050610491525750305, 0.0050610491525750305, 0.0050610491525750305, 0.0050610491525750305, 0.0050610491525750305, 0.0050610491525750305, 0.0050610491525750305, 0.0050610491525750305, 0.0050610491525750305, 0.005098229402426309, 0.005098229402426309, 0.005098229402426309, 0.005098229402426309, 0.005098229402426309, 0.005098229402426309, 0.005098229402426309, 0.005098229402426309, 0.005098229402426309, 0.005098229402426309, 0.005098229402426309, 0.005098229402426309, 0.005098229402426309, 0.005098229402426309, 0.005098229402426309, 0.005098229402426309, 0.005098229402426309, 0.005098229402426309, 0.005098229402426309, 0.005098229402426309, 0.005098229402426309, 0.005098229402426309, 0.005098229402426309, 0.005098229402426309, 0.005098229402426309, 0.005098229402426309, 0.005098229402426309, 0.005098229402426309, 0.005098229402426309, 0.005098229402426309, 0.005098229402426309, 0.005098229402426309, 0.005098229402426309, 0.005098229402426309, 0.005098229402426309, 0.005098229402426309, 0.005098229402426309, 0.005098229402426309, 0.005098229402426309, 0.005098229402426309, 0.005098229402426309, 0.005098229402426309, 0.005098229402426309, 0.005098229402426309, 0.005098229402426309, 0.005098229402426309, 0.005098229402426309, 0.005098229402426309, 0.005098229402426309, 0.005098229402426309, 0.005098229402426309, 0.005098229402426309, 0.005098229402426309, 0.005098229402426309, 0.005098229402426309, 0.005098229402426309, 0.005098229402426309, 0.005098229402426309, 0.005098229402426309, 0.005098229402426309, 0.005098229402426309, 0.005098229402426309, 0.005098229402426309, 0.005098229402426309, 0.005098229402426309, 0.005098229402426309, 0.005098229402426309, 0.005098229402426309, 0.005098229402426309, 0.005098229402426309, 0.005098229402426309, 0.005098229402426309, 0.005098229402426309, 0.005098229402426309, 0.005098229402426309, 0.005098229402426309, 0.005098229402426309, 0.005098229402426309, 0.005098229402426309, 0.005098229402426309, 0.005098229402426309, 0.005098229402426309, 0.005098229402426309, 0.005098229402426309, 0.005098229402426309, 0.005098229402426309, 0.005098229402426309, 0.005098229402426309, 0.005098229402426309, 0.005098229402426309, 0.005098229402426309, 0.005098229402426309, 0.005098229402426309, 0.005098229402426309, 0.005098229402426309, 0.005098229402426309, 0.005098229402426309, 0.005098229402426309, 0.005098229402426309, 0.005098229402426309, 0.005098229402426309, 0.005098229402426309, 0.005098229402426309, 0.005098229402426309, 0.005098229402426309, 0.005098229402426309, 0.005098229402426309, 0.005098229402426309, 0.005098229402426309, 0.005098229402426309, 0.005098229402426309, 0.005098229402426309, 0.005098229402426309, 0.005098229402426309, 0.005098229402426309, 0.005098229402426309, 0.005098229402426309, 0.005098229402426309, 0.005098229402426309, 0.005098229402426309, 0.005098229402426309, 0.005098229402426309, 0.005098229402426309, 0.005098229402426309, 0.005098229402426309, 0.005098229402426309, 0.005098229402426309, 0.005098229402426309, 0.005098229402426309, 0.005098229402426309, 0.005098229402426309, 0.005098229402426309, 0.005098229402426309, 0.005098229402426309, 0.005098229402426309, 0.005098229402426309, 0.005098229402426309, 0.005098229402426309, 0.005098229402426309, 0.005098229402426309, 0.00683434051353742], "HCA": [0.002878715183960001, 0.0032868368042028332, 0.004059853372524614, 0.004059853372524614, 0.004349136738731057, 0.0047211210091104815, 0.0047211210091104815, 0.004856754689666037, 0.004856754689666037, 0.004856754689666037, 0.004940738900634375, 0.004940738900634375, 0.004940738900634375, 0.004940738900634375, 0.004940738900634375, 0.004940738900634375, 0.004940738900634375, 0.004970928491263527, 0.005031976688815494, 0.005031976688815494, 0.005031976688815494, 0.005031976688815494, 0.005031976688815494, 0.005031976688815494, 0.005031976688815494, 0.005065006151095848, 0.005065006151095848, 0.005065006151095848, 0.005065006151095848, 0.005065006151095848, 0.005065006151095848, 0.005065006151095848, 0.005065006151095848, 0.005065006151095848, 0.005065006151095848, 0.005102186400947127, 0.005102186400947127, 0.005102186400947127, 0.005102186400947127, 0.005102186400947127, 0.005102186400947127, 0.005102186400947127, 0.005102186400947127, 0.005102186400947127, 0.005102186400947127, 0.005102186400947127, 0.005102186400947127, 0.005102186400947127, 0.005102186400947127, 0.005102186400947127, 0.005102186400947127, 0.005102186400947127, 0.005102186400947127, 0.005102186400947127, 0.005102186400947127, 0.005102186400947127, 0.005151088547751372], "HPRA": [0.002171662331759299, 0.0031664587811012024, 0.0039652425683670426, 0.004355704875738971, 0.004697585217619313, 0.004697585217619313, 0.004697585217619313, 0.004724711953730424, 0.004861769600176519, 0.004861769600176519, 0.004861769600176519, 0.004861769600176519, 0.004861769600176519, 0.004861769600176519, 0.004949424822966877, 0.004949424822966877, 0.004949424822966877, 0.004949424822966877, 0.004949424822966877, 0.004949424822966877, 0.004949424822966877, 0.004949424822966877, 0.004949424822966877, 0.005046273996520596, 0.005046273996520596, 0.005046273996520596, 0.005046273996520596, 0.005046273996520596, 0.005046273996520596, 0.005046273996520596, 0.005046273996520596, 0.005046273996520596, 0.005046273996520596, 0.005046273996520596, 0.005046273996520596, 0.0051206344962231535, 0.0051206344962231535, 0.0051206344962231535, 0.0051206344962231535, 0.0051206344962231535, 0.0051206344962231535, 0.0051206344962231535, 0.0051206344962231535, 0.0051206344962231535, 0.0051206344962231535, 0.0051206344962231535, 0.0051206344962231535, 0.0051206344962231535, 0.0051206344962231535, 0.0051206344962231535, 0.0051206344962231535, 0.0051206344962231535, 0.0051206344962231535, 0.0051206344962231535, 0.0051206344962231535, 0.0051206344962231535, 0.0051695366430273984]}