{"HDA": [0.00445, 0.0045836496374753585, 0.0045836496374753585, 0.0045836496374753585, 0.0048613117227176185, 0.0048613117227176185, 0.005139770176716282, 0.00525995526174723, 0.00525995526174723, 0.00525995526174723, 0.005335569628476909, 0.0054167318718013144, 0.0054167318718013144, 0.0054167318718013144, 0.005514761476742007, 0.005514761476742007, 0.005514761476742007, 0.005514761476742007, 0.005514761476742007, 0.005514761476742007, 0.005514761476742007, 0.005514761476742007, 0.005514761476742007, 0.005514761476742007, 0.005514761476742007, 0.005514761476742007, 0.005514761476742007, 0.005514761476742007, 0.005707662711309908], "HBA": [0.00445, 0.0045836496374753585, 0.00473420103195765, 0.004816383806448116, 0.004816383806448116, 0.004867404214611381, 0.005086882952608638, 0.0052070680376395855, 0.0052070680376395855, 0.005277684519526458, 0.005277684519526458, 0.005358846762850864, 0.005358846762850864, 0.005358846762850864, 0.005358846762850864, 0.005462970044816711, 0.005462970044816711, 0.005462970044816711, 0.005462970044816711, 0.005462970044816711, 0.005462970044816711, 0.005462970044816711, 0.005462970044816711, 0.005462970044816711, 0.005462970044816711, 0.005462970044816711, 0.005462970044816711, 0.005462970044816711, 0.005462970044816711, 0.005462970044816711, 0.005462970044816711, 0.005462970044816711, 0.005462970044816711, 0.005462970044816711, 0.005462970044816711, 0.005462970044816711, 0.005462970044816711, 0.005462970044816711, 0.005462970044816711, 0.005462970044816711, 0.005462970044816711, 0.005462970044816711, 0.005462970044816711, 0.005462970044816711, 0.005462970044816711, 0.005462970044816711, 0.005462970044816711, 0.005462970044816711, 0.005462970044816711, 0.005462970044816711, 0.005462970044816711, 0.005462970044816711, 0.005462970044816711, 0.005462970044816711, 0.005462970044816711, 0.005462970044816711, 0.005462970044816711, 0.005462970044816711, 0.005462970044816711, 0.005462970044816711, 0.005462970044816711, 0.005462970044816711, 0.005462970044816711, 0.005462970044816711, 0.005462970044816711, 0.005462970044816711, 0.005462970044816711, 0.005462970044816711, 0.005462970044816711, 0.005462970044816711, 0.005462970044816711, 0.005462970044816711, 0.005462970044816711, 0.005462970044816711, 0.005462970044816711, 0.005462970044816711, 0.005462970044816711, 0.005462970044816711, 0.005462970044816711, 0.0077305437409618365], "HCA": [0.00445, 0.0045836496374753585, 0.00473420103195765, 0.004816383806448116, 0.004816383806448116, 0.004867404214611381, 0.005086882952608638, 0.0052070680376395855, 0.0052070680376395855, 0.005277684519526458, 0.005277684519526458, 0.005358846762850864, 0.005358846762850864, 0.005358846762850864, 0.005456876367791556, 0.005456876367791556, 0.005456876367791556, 0.005456876367791556, 0.005456876367791556, 0.005456876367791556, 0.005456876367791556, 0.005456876367791556, 0.005456876367791556, 0.005456876367791556, 0.005456876367791556, 0.005456876367791556, 0.005456876367791556, 0.005456876367791556, 0.005649777602359457], "HPRA": [0.00445, 0.0045836496374753585, 0.0045836496374753585, 0.0045836496374753585, 0.0048613117227176185, 0.0048613117227176185, 0.0048613117227176185, 0.0048613117227176185, 0.0053165666654855686, 0.0053165666654855686, 0.0053165666654855686, 0.005478891152134379, 0.005478891152134379, 0.005478891152134379, 0.005576920757075072, 0.005576920757075072, 0.005576920757075072, 0.005576920757075072, 0.005576920757075072, 0.005576920757075072, 0.005576920757075072, 0.005576920757075072, 0.005576920757075072, 0.005576920757075072, 0.005576920757075072, 0.005576920757075072, 0.005576920757075072, 0.005576920757075072, 0.005769821991642973]}