{"HDA": [0.030689655172413795, 0.062068965517241385, 0.09344827586206897, 0.12482758620689656, 0.15724137931034482, 0.1896551724137931, 0.2229310344827586, 0.25655172413793104, 0.29017241379310343, 0.32379310344827583, 0.3575862068965517, 0.391551724137931, 0.4255172413793103, 0.4594827586206896, 0.49362068965517236, 0.5277586206896552, 0.5618965517241379, 0.5960344827586206, 0.6301724137931033, 0.664310344827586, 0.6984482758620687, 0.7325862068965514, 0.7667241379310341, 0.8008620689655168, 0.8349999999999995, 0.8691379310344822, 0.9032758620689649, 0.9374137931034476, 0.9717241379310338], "HBA": [0.011125, 0.0225, 0.034125, 0.045875, 0.057624999999999996, 0.0694375, 0.0815, 0.0936875, 0.10587500000000001, 0.11812500000000001, 0.13037500000000002, 0.14268750000000002, 0.15500000000000003, 0.16731250000000003, 0.17962500000000003, 0.19200000000000003, 0.20437500000000003, 0.21675000000000003, 0.22912500000000002, 0.24150000000000002, 0.253875, 0.26625000000000004, 0.27862500000000007, 0.2910000000000001, 0.3033750000000001, 0.31575000000000014, 0.32812500000000017, 0.3405000000000002, 0.3528750000000002, 0.36525000000000024, 0.37762500000000027, 0.3900000000000003, 0.4023750000000003, 0.41475000000000034, 0.42712500000000037, 0.4395000000000004, 0.4518750000000004, 0.46425000000000044, 0.47662500000000046, 0.4890000000000005, 0.5013750000000005, 0.5137500000000005, 0.5261250000000005, 0.5385000000000005, 0.5508750000000006, 0.5632500000000006, 0.5756250000000006, 0.5880000000000006, 0.6003750000000007, 0.6127500000000007, 0.6251250000000007, 0.6375000000000007, 0.6498750000000008, 0.6622500000000008, 0.6746250000000008, 0.6870000000000008, 0.6993750000000009, 0.7117500000000009, 0.7241250000000009, 0.7365000000000009, 0.748875000000001, 0.761250000000001, 0.773625000000001, 0.786000000000001, 0.7983750000000011, 0.8107500000000011, 0.8231250000000011, 0.8355000000000011, 0.8478750000000012, 0.8602500000000012, 0.8726250000000012, 0.8850000000000012, 0.8973750000000013, 0.9097500000000013, 0.9221250000000013, 0.9345000000000013, 0.9468750000000014, 0.9592500000000014, 0.9716250000000014, 0.9840625000000014], "HCA": [0.030689655172413795, 0.062068965517241385, 0.09413793103448276, 0.12655172413793103, 0.1589655172413793, 0.19155172413793103, 0.22482758620689655, 0.258448275862069, 0.2920689655172414, 0.3258620689655172, 0.3596551724137931, 0.3936206896551724, 0.4275862068965517, 0.461551724137931, 0.49568965517241376, 0.5298275862068965, 0.5639655172413793, 0.598103448275862, 0.6322413793103447, 0.6663793103448274, 0.7005172413793102, 0.7346551724137929, 0.7687931034482756, 0.8029310344827583, 0.837068965517241, 0.8712068965517237, 0.9053448275862064, 0.9394827586206891, 0.9737931034482753], "HPRA": [0.030689655172413795, 0.062068965517241385, 0.09344827586206897, 0.12482758620689656, 0.15724137931034482, 0.1896551724137931, 0.22206896551724137, 0.25448275862068964, 0.28810344827586204, 0.32172413793103444, 0.35534482758620684, 0.38931034482758614, 0.42327586206896545, 0.45724137931034475, 0.4913793103448275, 0.5255172413793103, 0.559655172413793, 0.5937931034482757, 0.6279310344827584, 0.6620689655172411, 0.6962068965517239, 0.7303448275862066, 0.7644827586206893, 0.798620689655172, 0.8327586206896547, 0.8668965517241374, 0.9010344827586201, 0.9351724137931028, 0.969482758620689]}