{"HDA": [0.004, 0.004, 0.004892531137165808, 0.005130343265584357, 0.0054454031269580185, 0.0054454031269580185, 0.0054454031269580185, 0.0054454031269580185, 0.005591505837163293, 0.005748135173838052, 0.005748135173838052, 0.005748135173838052, 0.005748135173838052, 0.005748135173838052, 0.005748135173838052, 0.005748135173838052, 0.005748135173838052, 0.005748135173838052, 0.005886543478336322, 0.005886543478336322, 0.005886543478336322, 0.005886543478336322, 0.005886543478336322, 0.005886543478336322, 0.005886543478336322, 0.005886543478336322, 0.005886543478336322, 0.005886543478336322, 0.005886543478336322, 0.005886543478336322, 0.005886543478336322, 0.005886543478336322, 0.006205421029356731], "HBA": [0.004, 0.004207612456747405, 0.004848535385765191, 0.0050863475141837405, 0.005401407375557402, 0.005457939683771546, 0.005457939683771546, 0.005524037905729375, 0.005595856348705531, 0.005672803101552561, 0.005672803101552561, 0.005672803101552561, 0.005672803101552561, 0.005672803101552561, 0.005672803101552561, 0.005672803101552561, 0.005672803101552561, 0.005799049787577053, 0.005799049787577053, 0.005799049787577053, 0.005799049787577053, 0.005799049787577053, 0.005799049787577053, 0.005799049787577053, 0.005799049787577053, 0.005799049787577053, 0.005799049787577053, 0.005799049787577053, 0.005799049787577053, 0.005799049787577053, 0.005799049787577053, 0.005799049787577053, 0.005799049787577053, 0.005799049787577053, 0.005799049787577053, 0.005799049787577053, 0.005799049787577053, 0.005799049787577053, 0.005799049787577053, 0.005799049787577053, 0.005799049787577053, 0.005799049787577053, 0.005799049787577053, 0.005799049787577053, 0.005799049787577053, 0.005799049787577053, 0.005799049787577053, 0.005799049787577053, 0.005799049787577053, 0.005799049787577053, 0.005799049787577053, 0.005799049787577053, 0.005799049787577053, 0.005799049787577053, 0.005799049787577053, 0.005799049787577053, 0.005799049787577053, 0.005799049787577053, 0.005799049787577053, 0.005799049787577053, 0.005799049787577053, 0.005799049787577053, 0.005799049787577053, 0.005799049787577053, 0.005799049787577053, 0.005799049787577053, 0.005799049787577053, 0.005799049787577053, 0.005799049787577053, 0.005799049787577053, 0.005799049787577053, 0.005799049787577053, 0.005799049787577053, 0.005799049787577053, 0.005799049787577053, 0.005799049787577053, 0.005799049787577053, 0.010901090603903582], "HCA": [0.004, 0.004, 0.004892531137165808, 0.005381420026054696, 0.005381420026054696, 0.005381420026054696, 0.005381420026054696, 0.005381420026054696, 0.005515792506570687, 0.005659429392522999, 0.005659429392522999, 0.005659429392522999, 0.005659429392522999, 0.005659429392522999, 0.005659429392522999, 0.005659429392522999, 0.005659429392522999, 0.005659429392522999, 0.005659429392522999, 0.005791547241644416, 0.005791547241644416, 0.005791547241644416, 0.005791547241644416, 0.005791547241644416, 0.005791547241644416, 0.005791547241644416, 0.005791547241644416, 0.005791547241644416, 0.005791547241644416, 0.005791547241644416, 0.005791547241644416, 0.0060516929232261015], "HPRA": [0.004, 0.004, 0.004892531137165808, 0.005130343265584357, 0.005130343265584357, 0.005474695882664247, 0.005474695882664247, 0.005474695882664247, 0.005474695882664247, 0.005787954556013766, 0.005787954556013766, 0.005787954556013766, 0.005787954556013766, 0.005787954556013766, 0.005787954556013766, 0.005787954556013766, 0.005787954556013766, 0.005787954556013766, 0.005926362860512036, 0.005926362860512036, 0.005926362860512036, 0.005926362860512036, 0.005926362860512036, 0.005926362860512036, 0.005926362860512036, 0.005926362860512036, 0.005926362860512036, 0.005926362860512036, 0.005926362860512036, 0.005926362860512036, 0.005926362860512036, 0.005926362860512036, 0.006245240411532444]}