{"HDA": [0.024242424242424242, 0.048484848484848485, 0.07606060606060606, 0.1043939393939394, 0.13363636363636364, 0.16287878787878787, 0.1921212121212121, 0.22136363636363635, 0.2509090909090909, 0.28075757575757576, 0.3106060606060606, 0.34045454545454545, 0.3703030303030303, 0.40015151515151515, 0.43, 0.45984848484848484, 0.4896969696969697, 0.5195454545454545, 0.5495454545454546, 0.5795454545454546, 0.6095454545454546, 0.6395454545454546, 0.6695454545454547, 0.6995454545454547, 0.7295454545454547, 0.7595454545454547, 0.7895454545454548, 0.8195454545454548, 0.8495454545454548, 0.8795454545454549, 0.9095454545454549, 0.9395454545454549, 0.9696969696969701], "HBA": [0.010256410256410256, 0.020897435897435895, 0.03256410256410256, 0.044551282051282046, 0.056923076923076917, 0.06935897435897435, 0.08179487179487178, 0.09429487179487178, 0.10685897435897435, 0.11948717948717948, 0.1321153846153846, 0.14474358974358972, 0.15737179487179484, 0.16999999999999996, 0.18262820512820507, 0.1952564102564102, 0.2078846153846153, 0.220576923076923, 0.2332692307692307, 0.2459615384615384, 0.25865384615384607, 0.27134615384615374, 0.2840384615384614, 0.2967307692307691, 0.30942307692307675, 0.3221153846153844, 0.3348076923076921, 0.34749999999999975, 0.3601923076923074, 0.3728846153846151, 0.38557692307692276, 0.39826923076923043, 0.4109615384615381, 0.42365384615384577, 0.43634615384615344, 0.4490384615384611, 0.4617307692307688, 0.47442307692307645, 0.4871153846153841, 0.4998076923076918, 0.5124999999999995, 0.5251923076923072, 0.5378846153846149, 0.5505769230769225, 0.5632692307692302, 0.5759615384615379, 0.5886538461538455, 0.6013461538461532, 0.6140384615384609, 0.6267307692307685, 0.6394230769230762, 0.6521153846153839, 0.6648076923076915, 0.6774999999999992, 0.6901923076923069, 0.7028846153846146, 0.7155769230769222, 0.7282692307692299, 0.7409615384615376, 0.7536538461538452, 0.7663461538461529, 0.7790384615384606, 0.7917307692307682, 0.8044230769230759, 0.8171153846153836, 0.8298076923076912, 0.8424999999999989, 0.8551923076923066, 0.8678846153846143, 0.8805769230769219, 0.8932692307692296, 0.9059615384615373, 0.9186538461538449, 0.9313461538461526, 0.9440384615384603, 0.9567307692307679, 0.9694230769230756, 0.9821794871794859], "HCA": [0.025, 0.05, 0.07843750000000001, 0.10859375, 0.13875, 0.16890625, 0.1990625, 0.22921875, 0.2596875, 0.29046875, 0.32125, 0.35203124999999996, 0.38281249999999994, 0.4135937499999999, 0.4443749999999999, 0.4751562499999999, 0.5059374999999999, 0.5367187499999999, 0.5674999999999999, 0.5984374999999998, 0.6293749999999998, 0.6603124999999997, 0.6912499999999997, 0.7221874999999996, 0.7531249999999996, 0.7840624999999996, 0.8149999999999995, 0.8459374999999995, 0.8768749999999994, 0.9078124999999994, 0.9387499999999993, 0.9698437499999993], "HPRA": [0.024242424242424242, 0.048484848484848485, 0.07606060606060606, 0.1043939393939394, 0.13272727272727275, 0.16196969696969699, 0.19121212121212122, 0.22045454545454546, 0.2496969696969697, 0.27954545454545454, 0.3093939393939394, 0.33924242424242423, 0.3690909090909091, 0.3989393939393939, 0.4287878787878788, 0.4586363636363636, 0.48848484848484847, 0.5183333333333333, 0.5483333333333333, 0.5783333333333334, 0.6083333333333334, 0.6383333333333334, 0.6683333333333334, 0.6983333333333335, 0.7283333333333335, 0.7583333333333335, 0.7883333333333336, 0.8183333333333336, 0.8483333333333336, 0.8783333333333336, 0.9083333333333337, 0.9383333333333337, 0.9684848484848488]}