{"HDA": [0.025285714285714286, 0.052142857142857144, 0.079, 0.10585714285714286, 0.133, 0.16014285714285714, 0.18771428571428572, 0.21542857142857144, 0.24314285714285716, 0.27085714285714285, 0.29857142857142854, 0.32628571428571423, 0.3539999999999999, 0.38199999999999995, 0.41, 0.438, 0.466, 0.49400000000000005, 0.522, 0.55, 0.5782857142857143, 0.6065714285714285, 0.6348571428571428, 0.663142857142857, 0.6914285714285713, 0.7197142857142855, 0.7479999999999998, 0.776285714285714, 0.8045714285714283, 0.8328571428571425, 0.8611428571428568, 0.889428571428571, 0.9177142857142853, 0.9459999999999995, 0.974428571428571], "HBA": [0.01079268292682927, 0.02225609756097561, 0.03384146341463415, 0.04542682926829268, 0.05707317073170731, 0.06884146341463414, 0.08067073170731706, 0.09249999999999999, 0.10432926829268291, 0.11621951219512193, 0.12817073170731705, 0.14012195121951218, 0.1520731707317073, 0.16402439024390245, 0.17597560975609758, 0.1879268292682927, 0.19987804878048784, 0.21189024390243907, 0.2239024390243903, 0.23591463414634153, 0.24798780487804886, 0.26006097560975616, 0.2721341463414635, 0.2842073170731708, 0.29628048780487815, 0.3083536585365855, 0.3204268292682928, 0.33250000000000013, 0.34457317073170746, 0.3566463414634148, 0.3687195121951221, 0.38079268292682944, 0.39286585365853677, 0.4049390243902441, 0.4170121951219514, 0.42908536585365875, 0.4411585365853661, 0.4532317073170734, 0.46530487804878073, 0.47737804878048806, 0.4894512195121954, 0.5015243902439027, 0.51359756097561, 0.5256707317073174, 0.5377439024390247, 0.549817073170732, 0.5618902439024394, 0.5739634146341467, 0.586036585365854, 0.5981097560975613, 0.6101829268292687, 0.622256097560976, 0.6343292682926833, 0.6464024390243907, 0.658475609756098, 0.6705487804878053, 0.6826219512195126, 0.69469512195122, 0.7067682926829273, 0.7188414634146346, 0.730914634146342, 0.7429878048780493, 0.7550609756097566, 0.7671341463414639, 0.7792073170731713, 0.7912804878048786, 0.8033536585365859, 0.8154268292682932, 0.8275000000000006, 0.8395731707317079, 0.8516463414634152, 0.8637195121951226, 0.8757926829268299, 0.8878658536585372, 0.8999390243902445, 0.9120121951219519, 0.9240853658536592, 0.9361585365853665, 0.9482317073170738, 0.9603048780487812, 0.9723780487804885, 0.9845121951219519], "HCA": [0.024583333333333332, 0.050694444444444445, 0.07680555555555556, 0.10319444444444445, 0.12958333333333333, 0.15652777777777777, 0.1834722222222222, 0.21041666666666664, 0.23736111111111108, 0.2643055555555555, 0.2915277777777777, 0.3187499999999999, 0.3459722222222221, 0.37319444444444433, 0.40041666666666653, 0.42763888888888874, 0.45499999999999985, 0.48236111111111096, 0.5097222222222221, 0.5370833333333331, 0.5645833333333331, 0.5920833333333331, 0.619583333333333, 0.647083333333333, 0.674583333333333, 0.702083333333333, 0.7295833333333329, 0.7570833333333329, 0.7845833333333329, 0.8120833333333328, 0.8395833333333328, 0.8670833333333328, 0.8945833333333327, 0.9220833333333327, 0.9495833333333327, 0.9772222222222215], "HPRA": [0.025285714285714286, 0.052142857142857144, 0.079, 0.10585714285714286, 0.133, 0.16014285714285714, 0.18728571428571428, 0.215, 0.24271428571428572, 0.2704285714285714, 0.2981428571428571, 0.3258571428571428, 0.3535714285714285, 0.3815714285714285, 0.40957142857142853, 0.43757142857142856, 0.4655714285714286, 0.4935714285714286, 0.5215714285714286, 0.5495714285714286, 0.5778571428571428, 0.6061428571428571, 0.6344285714285713, 0.6627142857142856, 0.6909999999999998, 0.7192857142857141, 0.7475714285714283, 0.7758571428571426, 0.8041428571428568, 0.8324285714285711, 0.8607142857142853, 0.8889999999999996, 0.9172857142857138, 0.9455714285714281, 0.9739999999999995]}