{"HDA": [0.027166666666666665, 0.05433333333333333, 0.08149999999999999, 0.10866666666666666, 0.13916666666666666, 0.16966666666666666, 0.20166666666666666, 0.23366666666666666, 0.26566666666666666, 0.29766666666666663, 0.3301666666666666, 0.3626666666666666, 0.39516666666666656, 0.42783333333333323, 0.4604999999999999, 0.4931666666666666, 0.5258333333333333, 0.5586666666666666, 0.5915, 0.6243333333333334, 0.6571666666666668, 0.6900000000000002, 0.7230000000000002, 0.7560000000000002, 0.7890000000000003, 0.8220000000000003, 0.8550000000000003, 0.8880000000000003, 0.9210000000000004, 0.954166666666667], "HBA": [0.010061728395061727, 0.020802469135802467, 0.03172839506172839, 0.04308641975308642, 0.05450617283950617, 0.06635802469135803, 0.07820987654320988, 0.09018518518518519, 0.10222222222222223, 0.11425925925925927, 0.12635802469135804, 0.1384567901234568, 0.15055555555555555, 0.1626543209876543, 0.17475308641975307, 0.18691358024691357, 0.19907407407407407, 0.21123456790123457, 0.22339506172839507, 0.23555555555555557, 0.24771604938271607, 0.2599382716049383, 0.27216049382716057, 0.2843827160493828, 0.29660493827160506, 0.3088271604938273, 0.32104938271604955, 0.3332716049382718, 0.34549382716049404, 0.3577160493827163, 0.36993827160493853, 0.3821604938271608, 0.394382716049383, 0.40660493827160527, 0.4188271604938275, 0.43104938271604976, 0.443271604938272, 0.45549382716049425, 0.4677160493827165, 0.47993827160493874, 0.492160493827161, 0.5043827160493832, 0.5166049382716055, 0.5288271604938277, 0.54104938271605, 0.5532716049382722, 0.5654938271604945, 0.5777160493827167, 0.589938271604939, 0.6021604938271612, 0.6143827160493834, 0.6266049382716057, 0.6388271604938279, 0.6510493827160502, 0.6632716049382724, 0.6754938271604947, 0.6877160493827169, 0.6999382716049392, 0.7121604938271614, 0.7243827160493836, 0.7366049382716059, 0.7488271604938281, 0.7610493827160504, 0.7732716049382726, 0.7854938271604949, 0.7977160493827171, 0.8099382716049394, 0.8221604938271616, 0.8343827160493839, 0.8466049382716061, 0.8588271604938283, 0.8710493827160506, 0.8832716049382728, 0.8954938271604951, 0.9077160493827173, 0.9199382716049396, 0.9321604938271618, 0.9443827160493841, 0.9566049382716063, 0.9688271604938286, 0.9811111111111125], "HCA": [0.023285714285714285, 0.04657142857142857, 0.07185714285714286, 0.09814285714285714, 0.12442857142857143, 0.152, 0.17971428571428572, 0.20757142857142857, 0.23542857142857143, 0.26342857142857146, 0.2914285714285715, 0.3194285714285715, 0.34742857142857153, 0.37542857142857156, 0.4034285714285716, 0.4315714285714287, 0.45971428571428585, 0.487857142857143, 0.5160000000000001, 0.5441428571428573, 0.5722857142857144, 0.6005714285714286, 0.6288571428571429, 0.6571428571428571, 0.6854285714285714, 0.7137142857142856, 0.7419999999999999, 0.7702857142857141, 0.7985714285714284, 0.8268571428571426, 0.8551428571428569, 0.8834285714285711, 0.9117142857142854, 0.9399999999999996, 0.9684285714285711], "HPRA": [0.027166666666666665, 0.05433333333333333, 0.08149999999999999, 0.10866666666666666, 0.13583333333333333, 0.163, 0.1935, 0.2255, 0.2575, 0.2895, 0.3215, 0.35350000000000004, 0.38550000000000006, 0.41816666666666674, 0.4508333333333334, 0.4835000000000001, 0.5161666666666668, 0.5488333333333334, 0.5815, 0.6141666666666666, 0.6468333333333333, 0.6794999999999999, 0.7124999999999999, 0.7454999999999999, 0.7785, 0.8115, 0.8445, 0.8775000000000001, 0.9105000000000001, 0.9436666666666668]}