{"HDA": [0.02818181818181818, 0.05636363636363636, 0.08454545454545453, 0.11318181818181816, 0.14196969696969694, 0.17075757575757572, 0.1995454545454545, 0.22833333333333328, 0.2575757575757575, 0.28712121212121205, 0.3166666666666666, 0.3463636363636363, 0.37606060606060604, 0.40575757575757576, 0.4354545454545455, 0.4651515151515152, 0.49500000000000005, 0.5248484848484849, 0.5546969696969697, 0.5846969696969697, 0.6146969696969697, 0.6446969696969698, 0.6746969696969698, 0.7046969696969698, 0.7346969696969698, 0.7646969696969699, 0.7946969696969699, 0.8246969696969699, 0.85469696969697, 0.88469696969697, 0.91469696969697, 0.94469696969697, 0.9748484848484852], "HBA": [0.01524590163934426, 0.03049180327868852, 0.04573770491803278, 0.0612295081967213, 0.07680327868852457, 0.09262295081967212, 0.10844262295081966, 0.12434426229508196, 0.14032786885245901, 0.15631147540983606, 0.17237704918032787, 0.18844262295081968, 0.20450819672131149, 0.22065573770491803, 0.23680327868852458, 0.2529508196721311, 0.26909836065573767, 0.2852459016393442, 0.30139344262295076, 0.31762295081967207, 0.3338524590163934, 0.3500819672131147, 0.366311475409836, 0.3825409836065573, 0.3987704918032786, 0.4149999999999999, 0.43122950819672123, 0.44745901639344254, 0.46368852459016385, 0.47991803278688516, 0.49614754098360647, 0.5123770491803278, 0.5286065573770491, 0.5448360655737704, 0.5610655737704917, 0.577295081967213, 0.5935245901639343, 0.6097540983606556, 0.625983606557377, 0.6422131147540983, 0.6584426229508196, 0.6746721311475409, 0.6909016393442622, 0.7071311475409835, 0.7233606557377048, 0.7395901639344261, 0.7558196721311474, 0.7720491803278687, 0.78827868852459, 0.8045081967213114, 0.8207377049180327, 0.836967213114754, 0.8531967213114753, 0.8694262295081966, 0.8856557377049179, 0.9018852459016392, 0.9181147540983605, 0.9343442622950818, 0.9505737704918031, 0.9668032786885244, 0.9831147540983605], "HCA": [0.029062499999999998, 0.058124999999999996, 0.0871875, 0.11671875, 0.14640625, 0.17609375, 0.20625, 0.23640624999999998, 0.2665625, 0.29703124999999997, 0.32765625, 0.35828125, 0.38890625, 0.4196875, 0.45046875, 0.48124999999999996, 0.5120312499999999, 0.5428124999999999, 0.5735937499999999, 0.6045312499999999, 0.6354687499999998, 0.6664062499999998, 0.6973437499999997, 0.7282812499999997, 0.7592187499999996, 0.7901562499999996, 0.8210937499999995, 0.8520312499999995, 0.8829687499999994, 0.9139062499999994, 0.9448437499999993, 0.9759374999999993], "HPRA": [0.02818181818181818, 0.05636363636363636, 0.08454545454545453, 0.11318181818181816, 0.1418181818181818, 0.17060606060606057, 0.19939393939393935, 0.22818181818181812, 0.2574242424242424, 0.2866666666666666, 0.31590909090909086, 0.3456060606060606, 0.3753030303030303, 0.405, 0.43469696969696975, 0.46439393939393947, 0.4940909090909092, 0.5237878787878789, 0.5534848484848486, 0.5834848484848486, 0.6134848484848486, 0.6434848484848487, 0.6734848484848487, 0.7034848484848487, 0.7334848484848487, 0.7634848484848488, 0.7934848484848488, 0.8234848484848488, 0.8534848484848488, 0.8834848484848489, 0.9134848484848489, 0.9434848484848489, 0.9736363636363641]}