{"HDA": [0.03066666666666667, 0.06133333333333334, 0.092, 0.12266666666666667, 0.15433333333333332, 0.186, 0.21766666666666667, 0.24933333333333335, 0.2818333333333334, 0.31433333333333335, 0.3468333333333333, 0.3793333333333333, 0.4118333333333333, 0.44449999999999995, 0.47716666666666663, 0.5098333333333332, 0.5426666666666666, 0.5755, 0.6083333333333334, 0.6413333333333334, 0.6743333333333335, 0.7073333333333335, 0.7403333333333335, 0.7733333333333335, 0.8063333333333336, 0.8393333333333336, 0.8723333333333336, 0.9053333333333337, 0.9383333333333337, 0.9715000000000004], "HBA": [0.015081967213114755, 0.030491803278688525, 0.04598360655737705, 0.06155737704918033, 0.0771311475409836, 0.09286885245901638, 0.10860655737704916, 0.1245901639344262, 0.14057377049180325, 0.1565573770491803, 0.1726229508196721, 0.18868852459016391, 0.20475409836065572, 0.22081967213114753, 0.23688524590163934, 0.2530327868852459, 0.26918032786885243, 0.285327868852459, 0.3014754098360655, 0.31770491803278683, 0.33393442622950814, 0.35016393442622945, 0.36639344262295076, 0.38262295081967207, 0.3988524590163934, 0.4150819672131147, 0.431311475409836, 0.4475409836065573, 0.4637704918032786, 0.4799999999999999, 0.49622950819672124, 0.5124590163934426, 0.5286885245901639, 0.5449180327868852, 0.5611475409836065, 0.5773770491803278, 0.5936065573770491, 0.6098360655737705, 0.6260655737704918, 0.6422950819672131, 0.6585245901639344, 0.6747540983606557, 0.690983606557377, 0.7072131147540983, 0.7234426229508196, 0.7396721311475409, 0.7559016393442622, 0.7721311475409836, 0.7883606557377049, 0.8045901639344262, 0.8208196721311475, 0.8370491803278688, 0.8532786885245901, 0.8695081967213114, 0.8857377049180327, 0.901967213114754, 0.9181967213114753, 0.9344262295081966, 0.950655737704918, 0.9668852459016393, 0.9831967213114753], "HCA": [0.03066666666666667, 0.06133333333333334, 0.09283333333333334, 0.1245, 0.15616666666666668, 0.18783333333333335, 0.21983333333333335, 0.25233333333333335, 0.2848333333333334, 0.31733333333333336, 0.35000000000000003, 0.3826666666666667, 0.4153333333333334, 0.44800000000000006, 0.48066666666666674, 0.5135000000000001, 0.5463333333333334, 0.5791666666666668, 0.6121666666666669, 0.6451666666666669, 0.6781666666666669, 0.711166666666667, 0.744166666666667, 0.777166666666667, 0.810166666666667, 0.8431666666666671, 0.8761666666666671, 0.9091666666666671, 0.9421666666666672, 0.9753333333333338], "HPRA": [0.02967741935483871, 0.05935483870967742, 0.08903225806451613, 0.11870967741935484, 0.14838709677419354, 0.17903225806451611, 0.2096774193548387, 0.24032258064516127, 0.27096774193548384, 0.30241935483870963, 0.3338709677419354, 0.3653225806451612, 0.396774193548387, 0.42838709677419345, 0.4599999999999999, 0.49161290322580636, 0.5232258064516128, 0.5548387096774192, 0.5864516129032257, 0.6183870967741935, 0.6503225806451612, 0.682258064516129, 0.7141935483870968, 0.7461290322580646, 0.7780645161290324, 0.8100000000000002, 0.841935483870968, 0.8738709677419357, 0.9058064516129035, 0.9377419354838713, 0.9698387096774197]}