{"HDA": [0.02621212121212121, 0.05409090909090909, 0.08196969696969697, 0.10984848484848485, 0.1384848484848485, 0.16712121212121211, 0.19575757575757574, 0.22484848484848483, 0.2540909090909091, 0.28363636363636363, 0.3131818181818182, 0.3427272727272727, 0.37242424242424244, 0.40212121212121216, 0.4318181818181819, 0.4615151515151516, 0.4912121212121213, 0.520909090909091, 0.5506060606060607, 0.5804545454545456, 0.6103030303030303, 0.6401515151515151, 0.6699999999999999, 0.7, 0.73, 0.76, 0.79, 0.8200000000000001, 0.8500000000000001, 0.8800000000000001, 0.9100000000000001, 0.9400000000000002, 0.9701515151515153], "HBA": [0.012357142857142856, 0.025500000000000002, 0.038785714285714284, 0.05228571428571428, 0.066, 0.0797857142857143, 0.09357142857142858, 0.10735714285714287, 0.1212857142857143, 0.13521428571428573, 0.14914285714285716, 0.16314285714285717, 0.17714285714285719, 0.1911428571428572, 0.2051428571428572, 0.21921428571428578, 0.23328571428571435, 0.24735714285714291, 0.2614285714285715, 0.2755000000000001, 0.28957142857142865, 0.3036428571428572, 0.31778571428571434, 0.33192857142857146, 0.3460714285714286, 0.3602142857142857, 0.37435714285714283, 0.38849999999999996, 0.4026428571428571, 0.4167857142857142, 0.4309285714285713, 0.44507142857142845, 0.4592142857142856, 0.4733571428571427, 0.4874999999999998, 0.501642857142857, 0.5157857142857141, 0.5299285714285712, 0.5440714285714283, 0.5582142857142854, 0.5723571428571426, 0.5864999999999997, 0.6006428571428568, 0.6147857142857139, 0.6289285714285711, 0.6430714285714282, 0.6572142857142853, 0.6713571428571424, 0.6854999999999996, 0.6996428571428567, 0.7137857142857138, 0.7279285714285709, 0.742071428571428, 0.7562142857142852, 0.7703571428571423, 0.7844999999999994, 0.7986428571428565, 0.8127857142857137, 0.8269285714285708, 0.8410714285714279, 0.855214285714285, 0.8693571428571422, 0.8834999999999993, 0.8976428571428564, 0.9117857142857135, 0.9259285714285707, 0.9400714285714278, 0.9542142857142849, 0.968357142857142, 0.9825714285714278], "HCA": [0.02703125, 0.055781250000000004, 0.08453125, 0.1140625, 0.14406249999999998, 0.17406249999999998, 0.20406249999999998, 0.23406249999999998, 0.26453125, 0.295, 0.32546875, 0.35609375, 0.38671875, 0.41734375, 0.44796875, 0.47875, 0.50953125, 0.5403125, 0.57109375, 0.6018749999999999, 0.6326562499999999, 0.6634374999999999, 0.6943749999999999, 0.7253124999999998, 0.7562499999999998, 0.7871874999999997, 0.8181249999999997, 0.8490624999999996, 0.8799999999999996, 0.9109374999999995, 0.9418749999999995, 0.9729687499999995], "HPRA": [0.02621212121212121, 0.05409090909090909, 0.08196969696969697, 0.10984848484848485, 0.13772727272727273, 0.16636363636363635, 0.19499999999999998, 0.2236363636363636, 0.25227272727272726, 0.2818181818181818, 0.31136363636363634, 0.3409090909090909, 0.3706060606060606, 0.4003030303030303, 0.43000000000000005, 0.45969696969696977, 0.4893939393939395, 0.5190909090909092, 0.5487878787878788, 0.5784848484848485, 0.6081818181818182, 0.6378787878787878, 0.6675757575757575, 0.6975757575757575, 0.7275757575757575, 0.7575757575757576, 0.7875757575757576, 0.8175757575757576, 0.8475757575757576, 0.8775757575757577, 0.9075757575757577, 0.9375757575757577, 0.9677272727272729]}