{"HDA": [0.00465, 0.00465, 0.00492025809648214, 0.00492025809648214, 0.00492025809648214, 0.005087333168881338, 0.005087333168881338, 0.005087333168881338, 0.005087333168881338, 0.005087333168881338, 0.005165647837218718, 0.005165647837218718, 0.005165647837218718, 0.005165647837218718, 0.005165647837218718, 0.005165647837218718, 0.005276451161318441, 0.005276451161318441, 0.0054026978473429325, 0.0054026978473429325, 0.0054026978473429325, 0.0054026978473429325, 0.0054026978473429325, 0.0054026978473429325, 0.0054026978473429325, 0.0054026978473429325, 0.0054026978473429325, 0.0054026978473429325, 0.0054026978473429325, 0.0054026978473429325, 0.0054026978473429325, 0.0054026978473429325, 0.00568047562512071], "HBA": [0.00465, 0.004899739854318418, 0.004899739854318418, 0.004899739854318418, 0.005052801078808214, 0.005107670763307528, 0.005107670763307528, 0.005107670763307528, 0.005107670763307528, 0.005107670763307528, 0.005107670763307528, 0.005188833006631934, 0.005188833006631934, 0.005188833006631934, 0.005188833006631934, 0.005188833006631934, 0.005188833006631934, 0.005304453309557128, 0.005304453309557128, 0.005304453309557128, 0.005304453309557128, 0.005304453309557128, 0.005304453309557128, 0.005304453309557128, 0.005304453309557128, 0.005304453309557128, 0.005304453309557128, 0.005304453309557128, 0.005304453309557128, 0.005304453309557128, 0.005304453309557128, 0.005304453309557128, 0.005304453309557128, 0.005304453309557128, 0.005304453309557128, 0.005304453309557128, 0.005304453309557128, 0.005304453309557128, 0.005304453309557128, 0.005304453309557128, 0.005304453309557128, 0.005304453309557128, 0.005304453309557128, 0.005304453309557128, 0.005304453309557128, 0.005304453309557128, 0.005304453309557128, 0.005304453309557128, 0.005304453309557128, 0.005304453309557128, 0.005304453309557128, 0.005304453309557128, 0.005304453309557128, 0.005304453309557128, 0.005304453309557128, 0.005304453309557128, 0.005304453309557128, 0.005304453309557128, 0.005304453309557128, 0.005304453309557128, 0.005304453309557128, 0.005304453309557128, 0.005304453309557128, 0.005304453309557128, 0.005304453309557128, 0.005304453309557128, 0.005304453309557128, 0.005304453309557128, 0.005304453309557128, 0.005304453309557128, 0.005304453309557128, 0.005304453309557128, 0.005304453309557128, 0.005304453309557128, 0.005304453309557128, 0.005304453309557128, 0.005304453309557128, 0.005304453309557128, 0.005304453309557128, 0.005304453309557128, 0.005304453309557128, 0.005304453309557128, 0.005304453309557128, 0.005304453309557128, 0.005304453309557128, 0.005304453309557128, 0.020929453309557127], "HCA": [0.00465, 0.004899739854318418, 0.004899739854318418, 0.004899739854318418, 0.005052801078808214, 0.005107670763307528, 0.005107670763307528, 0.005107670763307528, 0.005107670763307528, 0.005107670763307528, 0.005107670763307528, 0.005188833006631934, 0.005188833006631934, 0.005188833006631934, 0.005188833006631934, 0.005188833006631934, 0.005188833006631934, 0.005304453309557128, 0.005304453309557128, 0.005304453309557128, 0.005304453309557128, 0.005304453309557128, 0.005304453309557128, 0.005304453309557128, 0.005304453309557128, 0.005304453309557128, 0.005304453309557128, 0.005304453309557128, 0.005304453309557128, 0.005304453309557128, 0.005304453309557128, 0.005304453309557128, 0.005564598991138814], "HPRA": [0.00465, 0.00465, 0.00465, 0.00465, 0.00465, 0.005151225217197594, 0.005151225217197594, 0.005151225217197594, 0.005151225217197594, 0.005151225217197594, 0.005151225217197594, 0.005151225217197594, 0.005151225217197594, 0.005151225217197594, 0.005151225217197594, 0.005151225217197594, 0.005151225217197594, 0.005151225217197594, 0.005529965275271069, 0.005529965275271069, 0.005529965275271069, 0.005529965275271069, 0.005529965275271069, 0.005529965275271069, 0.005529965275271069, 0.005529965275271069, 0.005529965275271069, 0.005529965275271069, 0.005529965275271069, 0.005529965275271069, 0.005529965275271069, 0.005529965275271069, 0.005807743053048847]}