{"HDA": [0.02818181818181818, 0.05636363636363636, 0.08545454545454545, 0.11454545454545453, 0.14363636363636362, 0.17318181818181816, 0.2027272727272727, 0.23227272727272724, 0.2618181818181818, 0.2913636363636363, 0.32106060606060605, 0.35075757575757577, 0.3804545454545455, 0.4101515151515152, 0.43984848484848493, 0.46954545454545465, 0.4993939393939395, 0.5292424242424243, 0.5592424242424243, 0.5892424242424243, 0.6192424242424244, 0.6492424242424244, 0.6792424242424244, 0.7092424242424245, 0.7392424242424245, 0.7692424242424245, 0.7992424242424245, 0.8292424242424246, 0.8592424242424246, 0.8892424242424246, 0.9192424242424246, 0.9492424242424247, 0.9793939393939398], "HBA": [0.010689655172413793, 0.021724137931034483, 0.03275862068965517, 0.04379310344827586, 0.055, 0.06626436781609195, 0.0775287356321839, 0.08879310344827586, 0.10005747126436781, 0.11132183908045977, 0.12258620689655172, 0.1339080459770115, 0.14522988505747128, 0.15655172413793106, 0.16787356321839084, 0.17919540229885061, 0.1905172413793104, 0.20189655172413798, 0.21327586206896557, 0.22465517241379315, 0.23603448275862074, 0.24741379310344833, 0.2587931034482759, 0.27017241379310347, 0.28155172413793106, 0.29293103448275865, 0.30431034482758623, 0.3156896551724138, 0.3270689655172414, 0.338448275862069, 0.3498275862068966, 0.36120689655172417, 0.37258620689655175, 0.38396551724137934, 0.3953448275862069, 0.4067241379310345, 0.4181034482758621, 0.4294827586206897, 0.4408620689655173, 0.45224137931034486, 0.46362068965517245, 0.47500000000000003, 0.4863793103448276, 0.4977586206896552, 0.5091379310344828, 0.5205172413793104, 0.5318965517241381, 0.5432758620689657, 0.5546551724137934, 0.566034482758621, 0.5774137931034486, 0.5887931034482763, 0.6001724137931039, 0.6115517241379316, 0.6229310344827592, 0.6343103448275869, 0.6456896551724145, 0.6570689655172421, 0.6684482758620698, 0.6798275862068974, 0.6912068965517251, 0.7025862068965527, 0.7139655172413804, 0.725344827586208, 0.7367241379310356, 0.7481034482758633, 0.7594827586206909, 0.7708620689655186, 0.7822413793103462, 0.7936206896551738, 0.8050000000000015, 0.8163793103448291, 0.8277586206896568, 0.8391379310344844, 0.8505172413793121, 0.8618965517241397, 0.8732758620689673, 0.884655172413795, 0.8960344827586226, 0.9074137931034503, 0.9187931034482779, 0.9301724137931056, 0.9415517241379332, 0.9529310344827608, 0.9643103448275885, 0.9756896551724161, 0.9871264367816115], "HCA": [0.02818181818181818, 0.05727272727272727, 0.08636363636363636, 0.11545454545454545, 0.145, 0.17469696969696968, 0.20439393939393938, 0.23409090909090907, 0.2637878787878788, 0.2934848484848485, 0.32318181818181824, 0.3530303030303031, 0.38287878787878793, 0.4127272727272728, 0.4425757575757576, 0.47242424242424247, 0.5022727272727273, 0.5322727272727273, 0.5622727272727274, 0.5922727272727274, 0.6222727272727274, 0.6522727272727274, 0.6822727272727275, 0.7122727272727275, 0.7422727272727275, 0.7722727272727276, 0.8022727272727276, 0.8322727272727276, 0.8622727272727276, 0.8922727272727277, 0.9222727272727277, 0.9522727272727277, 0.9824242424242429], "HPRA": [0.02818181818181818, 0.05636363636363636, 0.08454545454545453, 0.11272727272727272, 0.1409090909090909, 0.17045454545454544, 0.19999999999999998, 0.22954545454545452, 0.2590909090909091, 0.28863636363636364, 0.3181818181818182, 0.3477272727272727, 0.37727272727272726, 0.4068181818181818, 0.43636363636363634, 0.4659090909090909, 0.4954545454545454, 0.525, 0.555, 0.5850000000000001, 0.6150000000000001, 0.6450000000000001, 0.6750000000000002, 0.7050000000000002, 0.7350000000000002, 0.7650000000000002, 0.7950000000000003, 0.8250000000000003, 0.8550000000000003, 0.8850000000000003, 0.9150000000000004, 0.9450000000000004, 0.9751515151515155]}