{"HDA": [0.03391304347826087, 0.06956521739130436, 0.11108695652173914, 0.15260869565217391, 0.19478260869565217, 0.23739130434782607, 0.2802173913043478, 0.32304347826086954, 0.3658695652173913, 0.408695652173913, 0.45152173913043475, 0.4945652173913043, 0.5376086956521738, 0.5806521739130434, 0.6236956521739129, 0.6667391304347824, 0.7097826086956519, 0.7528260869565214, 0.7958695652173909, 0.8389130434782605, 0.88195652173913, 0.9249999999999995, 0.9682608695652168], "HBA": [0.012380952380952381, 0.025396825396825397, 0.04055555555555555, 0.05579365079365079, 0.07119047619047619, 0.08674603174603175, 0.10238095238095238, 0.11801587301587302, 0.13365079365079366, 0.1492857142857143, 0.16492063492063494, 0.18063492063492065, 0.19634920634920636, 0.21206349206349207, 0.22777777777777777, 0.24349206349206348, 0.2592063492063492, 0.27492063492063495, 0.2906349206349207, 0.3063492063492064, 0.32206349206349216, 0.3377777777777779, 0.35349206349206364, 0.36920634920634937, 0.3849206349206351, 0.40063492063492084, 0.4163492063492066, 0.4320634920634923, 0.44777777777777805, 0.4634920634920638, 0.4792063492063495, 0.49492063492063526, 0.510634920634921, 0.5263492063492067, 0.5420634920634924, 0.557777777777778, 0.5734920634920637, 0.5892063492063494, 0.6049206349206351, 0.6206349206349208, 0.6363492063492064, 0.6520634920634921, 0.6677777777777778, 0.6834920634920635, 0.6992063492063492, 0.7149206349206348, 0.7306349206349205, 0.7463492063492062, 0.7620634920634919, 0.7777777777777776, 0.7934920634920632, 0.8092063492063489, 0.8249206349206346, 0.8406349206349203, 0.856349206349206, 0.8720634920634917, 0.8877777777777773, 0.903492063492063, 0.9192063492063487, 0.9349206349206344, 0.95063492063492, 0.9663492063492057, 0.9821428571428565], "HCA": [0.03391304347826087, 0.06956521739130436, 0.11108695652173914, 0.15260869565217391, 0.19478260869565217, 0.23739130434782607, 0.2802173913043478, 0.32304347826086954, 0.3658695652173913, 0.408695652173913, 0.45152173913043475, 0.4945652173913043, 0.5376086956521738, 0.5806521739130434, 0.6236956521739129, 0.6667391304347824, 0.7097826086956519, 0.7528260869565214, 0.7958695652173909, 0.8389130434782605, 0.88195652173913, 0.9249999999999995, 0.9682608695652168], "HPRA": [0.03391304347826087, 0.06956521739130436, 0.11108695652173914, 0.15260869565217391, 0.19478260869565217, 0.23739130434782607, 0.27999999999999997, 0.32260869565217387, 0.36521739130434777, 0.40782608695652167, 0.45043478260869557, 0.49347826086956514, 0.5365217391304347, 0.5795652173913042, 0.6226086956521737, 0.6656521739130432, 0.7086956521739127, 0.7517391304347822, 0.7947826086956518, 0.8378260869565213, 0.8808695652173908, 0.9239130434782603, 0.9671739130434777]}