{"HDA": [0.0039, 0.00417681660899654, 0.005443470765498698, 0.005443470765498698, 0.005635470765498698, 0.005776703729272443, 0.005853650482119473, 0.005853650482119473, 0.005853650482119473, 0.005853650482119473, 0.005853650482119473, 0.005955680887180181, 0.005955680887180181, 0.005955680887180181, 0.005955680887180181, 0.005955680887180181, 0.005955680887180181, 0.005955680887180181, 0.005955680887180181, 0.005955680887180181, 0.005955680887180181, 0.005955680887180181, 0.006128811081085999], "HBA": [0.0039, 0.00417681660899654, 0.005443470765498698, 0.005500862868345347, 0.005626839184797854, 0.0057680721485715986, 0.0058450189014186285, 0.0058450189014186285, 0.0058450189014186285, 0.0058450189014186285, 0.0058450189014186285, 0.005947049306479337, 0.005947049306479337, 0.005947049306479337, 0.005947049306479337, 0.005947049306479337, 0.005947049306479337, 0.005947049306479337, 0.005947049306479337, 0.005947049306479337, 0.005947049306479337, 0.005947049306479337, 0.005947049306479337, 0.005947049306479337, 0.005947049306479337, 0.005947049306479337, 0.005947049306479337, 0.005947049306479337, 0.005947049306479337, 0.005947049306479337, 0.005947049306479337, 0.005947049306479337, 0.005947049306479337, 0.005947049306479337, 0.005947049306479337, 0.005947049306479337, 0.005947049306479337, 0.005947049306479337, 0.005947049306479337, 0.005947049306479337, 0.005947049306479337, 0.005947049306479337, 0.005947049306479337, 0.005947049306479337, 0.005947049306479337, 0.005947049306479337, 0.005947049306479337, 0.005947049306479337, 0.005947049306479337, 0.005947049306479337, 0.005947049306479337, 0.005947049306479337, 0.005947049306479337, 0.005947049306479337, 0.005947049306479337, 0.005947049306479337, 0.005947049306479337, 0.005947049306479337, 0.005947049306479337, 0.005947049306479337, 0.005947049306479337, 0.005947049306479337, 0.006718654244750942], "HCA": [0.0039, 0.00417681660899654, 0.005443470765498698, 0.005443470765498698, 0.005635470765498698, 0.005776703729272443, 0.005853650482119473, 0.005853650482119473, 0.005853650482119473, 0.005853650482119473, 0.005853650482119473, 0.005955680887180181, 0.005955680887180181, 0.005955680887180181, 0.005955680887180181, 0.005955680887180181, 0.005955680887180181, 0.005955680887180181, 0.005955680887180181, 0.005955680887180181, 0.005955680887180181, 0.005955680887180181, 0.006128811081085999], "HPRA": [0.0039, 0.00417681660899654, 0.005443470765498698, 0.005443470765498698, 0.005635470765498698, 0.005776703729272443, 0.005776703729272443, 0.005776703729272443, 0.005776703729272443, 0.005776703729272443, 0.005776703729272443, 0.005980764539393859, 0.005980764539393859, 0.005980764539393859, 0.005980764539393859, 0.005980764539393859, 0.005980764539393859, 0.005980764539393859, 0.005980764539393859, 0.005980764539393859, 0.005980764539393859, 0.005980764539393859, 0.006153894733299676]}