{"HDA": [0.00395, 0.004570274102079395, 0.004570274102079395, 0.004847161883417159, 0.004847161883417159, 0.004900441227015646, 0.0051371276175481905, 0.0051371276175481905, 0.00541959354509568, 0.00541959354509568, 0.00541959354509568, 0.00541959354509568, 0.00541959354509568, 0.005525874765204087, 0.005525874765204087, 0.005525874765204087, 0.005525874765204087, 0.005667598121213157, 0.005667598121213157, 0.005667598121213157, 0.0058453758989909345, 0.0058453758989909345, 0.0058453758989909345, 0.0058453758989909345, 0.0058453758989909345, 0.0058453758989909345, 0.0058453758989909345, 0.0058453758989909345, 0.0058453758989909345, 0.0058453758989909345, 0.006188311427111647], "HBA": [0.00395, 0.0046588846880907375, 0.004692686743255691, 0.00481135293525759, 0.004857006697127568, 0.004857006697127568, 0.0050936930876601125, 0.0050936930876601125, 0.00536689846980614, 0.00536689846980614, 0.005448060713130546, 0.005448060713130546, 0.005448060713130546, 0.005448060713130546, 0.00555656765757499, 0.00555656765757499, 0.00555656765757499, 0.00555656765757499, 0.00555656765757499, 0.005708983447850863, 0.005708983447850863, 0.005708983447850863, 0.005708983447850863, 0.005708983447850863, 0.005708983447850863, 0.005708983447850863, 0.005708983447850863, 0.005708983447850863, 0.005708983447850863, 0.005708983447850863, 0.005708983447850863, 0.005708983447850863, 0.005708983447850863, 0.005708983447850863, 0.005708983447850863, 0.005708983447850863, 0.005708983447850863, 0.005708983447850863, 0.005708983447850863, 0.005708983447850863, 0.005708983447850863, 0.005708983447850863, 0.005708983447850863, 0.005708983447850863, 0.005708983447850863, 0.005708983447850863, 0.005708983447850863, 0.005708983447850863, 0.005708983447850863, 0.005708983447850863, 0.005708983447850863, 0.005708983447850863, 0.005708983447850863, 0.005708983447850863, 0.005708983447850863, 0.005708983447850863, 0.005708983447850863, 0.005708983447850863, 0.005708983447850863, 0.005708983447850863, 0.00689804408994361], "HCA": [0.00395, 0.0046884215500945185, 0.0046884215500945185, 0.004794714067101321, 0.004794714067101321, 0.005008307129598651, 0.005008307129598651, 0.005108905691039223, 0.005108905691039223, 0.005221970307467512, 0.005282062849982986, 0.005282062849982986, 0.005282062849982986, 0.005353881292959142, 0.005353881292959142, 0.005353881292959142, 0.005353881292959142, 0.005353881292959142, 0.005353881292959142, 0.005453881292959142, 0.005453881292959142, 0.005453881292959142, 0.005453881292959142, 0.005453881292959142, 0.005453881292959142, 0.005453881292959142, 0.005453881292959142, 0.005453881292959142, 0.005453881292959142, 0.005453881292959142, 0.005453881292959142, 0.00563165907073692], "HPRA": [0.00395, 0.004570274102079395, 0.004570274102079395, 0.004570274102079395, 0.004889850435169242, 0.004943129778767729, 0.005179816169300274, 0.005179816169300274, 0.005179816169300274, 0.005487603180688393, 0.005487603180688393, 0.005487603180688393, 0.005487603180688393, 0.0055938844007968, 0.0055938844007968, 0.0055938844007968, 0.0055938844007968, 0.0055938844007968, 0.0055938844007968, 0.0055938844007968, 0.005949439956352356, 0.005949439956352356, 0.005949439956352356, 0.005949439956352356, 0.005949439956352356, 0.005949439956352356, 0.005949439956352356, 0.005949439956352356, 0.005949439956352356, 0.005949439956352356, 0.006292375484473069]}