{"HDA": [0.025483870967741937, 0.054354838709677424, 0.08322580645161291, 0.11322580645161291, 0.14322580645161292, 0.17338709677419356, 0.20419354838709677, 0.235, 0.2664516129032258, 0.29790322580645157, 0.32935483870967736, 0.36080645161290315, 0.39225806451612893, 0.4238709677419354, 0.45548387096774184, 0.4870967741935483, 0.5187096774193547, 0.5504838709677418, 0.5822580645161288, 0.6140322580645159, 0.6459677419354837, 0.6779032258064515, 0.7098387096774192, 0.741774193548387, 0.7737096774193548, 0.8056451612903226, 0.8375806451612904, 0.8695161290322582, 0.901451612903226, 0.9333870967741937, 0.9654838709677421], "HBA": [0.012950819672131148, 0.027868852459016394, 0.04286885245901639, 0.05811475409836066, 0.07344262295081967, 0.08877049180327869, 0.10442622950819672, 0.12008196721311475, 0.1360655737704918, 0.15204918032786885, 0.16811475409836066, 0.18418032786885247, 0.20024590163934428, 0.21631147540983608, 0.23245901639344263, 0.24860655737704918, 0.2647540983606557, 0.28090163934426227, 0.2970491803278688, 0.3132786885245901, 0.32950819672131143, 0.34573770491803274, 0.36196721311475405, 0.37819672131147536, 0.39442622950819667, 0.410655737704918, 0.4268852459016393, 0.4431147540983606, 0.4593442622950819, 0.4755737704918032, 0.4918032786885245, 0.5080327868852459, 0.5242622950819672, 0.5404918032786885, 0.5567213114754098, 0.5729508196721311, 0.5891803278688524, 0.6054098360655737, 0.6216393442622951, 0.6378688524590164, 0.6540983606557377, 0.670327868852459, 0.6865573770491803, 0.7027868852459016, 0.7190163934426229, 0.7352459016393442, 0.7514754098360655, 0.7677049180327868, 0.7839344262295082, 0.8001639344262295, 0.8163934426229508, 0.8326229508196721, 0.8488524590163934, 0.8650819672131147, 0.881311475409836, 0.8975409836065573, 0.9137704918032786, 0.9299999999999999, 0.9462295081967212, 0.9624590163934426, 0.9787704918032786], "HCA": [0.0246875, 0.05328125, 0.081875, 0.1109375, 0.13999999999999999, 0.16984375, 0.1996875, 0.22984374999999999, 0.26, 0.29046875, 0.32109375, 0.35171875, 0.38234375000000004, 0.413125, 0.44390625, 0.4746875, 0.50546875, 0.53625, 0.56703125, 0.5979687499999999, 0.6289062499999999, 0.6598437499999998, 0.6907812499999998, 0.7217187499999997, 0.7526562499999997, 0.7835937499999996, 0.8145312499999996, 0.8454687499999995, 0.8764062499999995, 0.9073437499999994, 0.9382812499999994, 0.9693749999999994], "HPRA": [0.025483870967741937, 0.054354838709677424, 0.08322580645161291, 0.1120967741935484, 0.14209677419354838, 0.17225806451612902, 0.20306451612903223, 0.23387096774193544, 0.2646774193548387, 0.2961290322580645, 0.32758064516129026, 0.35903225806451605, 0.39048387096774184, 0.4220967741935483, 0.45370967741935475, 0.4853225806451612, 0.5169354838709677, 0.5485483870967741, 0.5801612903225806, 0.611774193548387, 0.6437096774193548, 0.6756451612903226, 0.7075806451612904, 0.7395161290322582, 0.771451612903226, 0.8033870967741937, 0.8353225806451615, 0.8672580645161293, 0.8991935483870971, 0.9311290322580649, 0.9632258064516133]}