{"HDA": [0.0031059821721673695, 0.004177301425304805, 0.004177301425304805, 0.004177301425304805, 0.004177301425304805, 0.004443004475575822, 0.004684621700199302, 0.004684621700199302, 0.004684621700199302, 0.0048508266863488865, 0.0048508266863488865, 0.0048508266863488865, 0.00490802020060437, 0.00490802020060437, 0.00490802020060437, 0.00490802020060437, 0.00490802020060437, 0.00490802020060437, 0.004969068398156337, 0.004969068398156337, 0.004969068398156337, 0.00500063006966246, 0.00500063006966246, 0.00500063006966246, 0.005033283130886949, 0.005033283130886949, 0.005033283130886949, 0.005033283130886949, 0.005033283130886949, 0.005067885207011517, 0.005067885207011517, 0.005067885207011517, 0.005067885207011517, 0.005067885207011517, 0.005067885207011517, 0.005067885207011517, 0.005067885207011517, 0.005105989154580485, 0.005105989154580485, 0.005105989154580485, 0.005105989154580485, 0.005105989154580485, 0.005105989154580485, 0.005105989154580485, 0.005105989154580485, 0.005105989154580485, 0.005105989154580485, 0.005105989154580485, 0.005105989154580485, 0.005105989154580485, 0.005105989154580485, 0.005105989154580485, 0.005105989154580485, 0.005105989154580485, 0.005105989154580485, 0.005105989154580485, 0.005105989154580485, 0.005105989154580485, 0.005105989154580485, 0.005105989154580485, 0.0051577463100072225], "HBA": [0.0031059821721673695, 0.004177301425304805, 0.004177301425304805, 0.0043855479892365, 0.004543338916258196, 0.004676190441393705, 0.004756729516268198, 0.00481098298849042, 0.004838394517779639, 0.004838394517779639, 0.004866389254769085, 0.004894682600174245, 0.004894682600174245, 0.0049235876759055434, 0.0049235876759055434, 0.0049531245379093244, 0.0049531245379093244, 0.0049531245379093244, 0.004983648636685308, 0.004983648636685308, 0.005014858648857212, 0.005014858648857212, 0.005014858648857212, 0.005014858648857212, 0.005014858648857212, 0.005014858648857212, 0.005048271058226052, 0.005048271058226052, 0.005048271058226052, 0.005048271058226052, 0.005048271058226052, 0.005048271058226052, 0.005048271058226052, 0.005048271058226052, 0.005048271058226052, 0.005048271058226052, 0.005085908906846625, 0.005085908906846625, 0.005085908906846625, 0.005085908906846625, 0.005085908906846625, 0.005085908906846625, 0.005085908906846625, 0.005085908906846625, 0.005085908906846625, 0.005085908906846625, 0.005085908906846625, 0.005085908906846625, 0.005085908906846625, 0.005085908906846625, 0.005085908906846625, 0.005085908906846625, 0.005085908906846625, 0.005085908906846625, 0.005085908906846625, 0.005085908906846625, 0.005085908906846625, 0.005085908906846625, 0.005085908906846625, 0.005085908906846625, 0.005085908906846625, 0.005085908906846625, 0.005085908906846625, 0.005085908906846625, 0.005085908906846625, 0.005085908906846625, 0.005085908906846625, 0.005085908906846625, 0.005085908906846625, 0.005085908906846625, 0.005085908906846625, 0.005085908906846625, 0.005085908906846625, 0.005085908906846625, 0.005085908906846625, 0.005085908906846625, 0.005085908906846625, 0.005085908906846625, 0.005085908906846625, 0.005085908906846625, 0.005085908906846625, 0.005085908906846625, 0.005085908906846625, 0.005085908906846625, 0.005085908906846625, 0.005085908906846625, 0.005085908906846625, 0.005085908906846625, 0.005085908906846625, 0.005085908906846625, 0.005085908906846625, 0.005085908906846625, 0.005085908906846625, 0.005085908906846625, 0.005085908906846625, 0.005085908906846625, 0.005085908906846625, 0.005085908906846625, 0.005085908906846625, 0.005085908906846625, 0.005085908906846625, 0.005085908906846625, 0.005085908906846625, 0.005085908906846625, 0.005085908906846625, 0.005085908906846625, 0.005085908906846625, 0.005085908906846625, 0.005085908906846625, 0.005085908906846625, 0.005085908906846625, 0.005085908906846625, 0.005085908906846625, 0.005085908906846625, 0.005085908906846625, 0.005085908906846625, 0.005085908906846625, 0.005085908906846625, 0.005085908906846625, 0.005085908906846625, 0.005085908906846625, 0.005085908906846625, 0.005085908906846625, 0.005085908906846625, 0.005085908906846625, 0.005085908906846625, 0.005085908906846625, 0.005085908906846625, 0.005085908906846625, 0.005085908906846625, 0.005085908906846625, 0.005085908906846625, 0.005085908906846625, 0.005085908906846625, 0.005085908906846625, 0.005085908906846625, 0.005085908906846625, 0.005085908906846625, 0.005085908906846625, 0.005085908906846625, 0.005085908906846625, 0.005085908906846625, 0.005085908906846625, 0.005085908906846625, 0.005085908906846625, 0.005085908906846625, 0.005085908906846625, 0.005085908906846625, 0.005085908906846625, 0.005085908906846625, 0.005085908906846625, 0.005085908906846625, 0.005085908906846625, 0.005085908906846625, 0.005085908906846625, 0.005085908906846625, 0.005085908906846625, 0.005085908906846625, 0.005085908906846625, 0.005085908906846625, 0.005085908906846625, 0.005085908906846625, 0.005085908906846625, 0.005085908906846625, 0.005085908906846625, 0.005085908906846625, 0.006004182552392998], "HCA": [0.0031059821721673695, 0.004177301425304805, 0.004177301425304805, 0.004177301425304805, 0.0045454802550220965, 0.004678331780157605, 0.004678331780157605, 0.004678331780157605, 0.004678331780157605, 0.0048445367663071896, 0.0048445367663071896, 0.004901123457117511, 0.004901123457117511, 0.004901123457117511, 0.004901123457117511, 0.004901123457117511, 0.004960844559569062, 0.004960844559569062, 0.004960844559569062, 0.004991708757099926, 0.004991708757099926, 0.004991708757099926, 0.004991708757099926, 0.005023991814951166, 0.005023991814951166, 0.005023991814951166, 0.005057404224320005, 0.005057404224320005, 0.005057404224320005, 0.005057404224320005, 0.005057404224320005, 0.005057404224320005, 0.005057404224320005, 0.005057404224320005, 0.005057404224320005, 0.005057404224320005, 0.005095042072940578, 0.005095042072940578, 0.005095042072940578, 0.005095042072940578, 0.005095042072940578, 0.005095042072940578, 0.005095042072940578, 0.005095042072940578, 0.005095042072940578, 0.005095042072940578, 0.005095042072940578, 0.005095042072940578, 0.005095042072940578, 0.005095042072940578, 0.005095042072940578, 0.005095042072940578, 0.005095042072940578, 0.005095042072940578, 0.005095042072940578, 0.005095042072940578, 0.005095042072940578, 0.005095042072940578, 0.005095042072940578, 0.005095042072940578, 0.005095042072940578, 0.005147552049836189], "HPRA": [0.0031059821721673695, 0.004177301425304805, 0.004177301425304805, 0.004177301425304805, 0.004177301425304805, 0.004443004475575822, 0.004443004475575822, 0.004687145100575822, 0.004687145100575822, 0.004687145100575822, 0.004855113522512498, 0.004855113522512498, 0.004855113522512498, 0.004855113522512498, 0.004855113522512498, 0.004855113522512498, 0.004914834624964049, 0.004914834624964049, 0.004914834624964049, 0.004914834624964049, 0.004914834624964049, 0.004914834624964049, 0.005010592548932258, 0.005010592548932258, 0.005010592548932258, 0.005010592548932258, 0.005010592548932258, 0.005010592548932258, 0.005010592548932258, 0.005010592548932258, 0.005010592548932258, 0.005010592548932258, 0.005010592548932258, 0.005010592548932258, 0.005010592548932258, 0.005010592548932258, 0.005010592548932258, 0.005086800444070194, 0.005125379202605744, 0.005125379202605744, 0.005125379202605744, 0.005125379202605744, 0.005125379202605744, 0.005125379202605744, 0.005125379202605744, 0.005125379202605744, 0.005125379202605744, 0.005125379202605744, 0.005125379202605744, 0.005125379202605744, 0.005125379202605744, 0.005125379202605744, 0.005125379202605744, 0.005125379202605744, 0.005125379202605744, 0.005125379202605744, 0.005125379202605744, 0.005125379202605744, 0.005125379202605744, 0.005176399610769009]}