{"HDA": [0.0034, 0.004898080584251428, 0.004898080584251428, 0.004898080584251428, 0.0052264724026038385, 0.005329986713457314, 0.005329986713457314, 0.005329986713457314, 0.005329986713457314, 0.005404303003588111, 0.005404303003588111, 0.005404303003588111, 0.0054985625945014865, 0.005600592999562195, 0.005600592999562195, 0.005600592999562195, 0.005600592999562195, 0.005735801220222011, 0.005735801220222011, 0.005735801220222011, 0.005735801220222011, 0.005918416267701923, 0.005918416267701923, 0.005918416267701923, 0.005918416267701923, 0.005918416267701923, 0.005918416267701923, 0.005918416267701923, 0.005918416267701923, 0.006226203279090042], "HBA": [0.0034, 0.004898080584251428, 0.005081735313360702, 0.005121792996424314, 0.005167446758294292, 0.005270961069147768, 0.005270961069147768, 0.005270961069147768, 0.005339262414684275, 0.005413578704815071, 0.005413578704815071, 0.005413578704815071, 0.005507838295728447, 0.005507838295728447, 0.005507838295728447, 0.00562598574374357, 0.00562598574374357, 0.00562598574374357, 0.00562598574374357, 0.00562598574374357, 0.00562598574374357, 0.005808600791223482, 0.005808600791223482, 0.005808600791223482, 0.005808600791223482, 0.005808600791223482, 0.005808600791223482, 0.005808600791223482, 0.005808600791223482, 0.005808600791223482, 0.005808600791223482, 0.005808600791223482, 0.005808600791223482, 0.005808600791223482, 0.005808600791223482, 0.005808600791223482, 0.005808600791223482, 0.005808600791223482, 0.005808600791223482, 0.005808600791223482, 0.005808600791223482, 0.005808600791223482, 0.005808600791223482, 0.005808600791223482, 0.005808600791223482, 0.005808600791223482, 0.005808600791223482, 0.005808600791223482, 0.005808600791223482, 0.005808600791223482, 0.005808600791223482, 0.005808600791223482, 0.005808600791223482, 0.005808600791223482, 0.005808600791223482, 0.005808600791223482, 0.005808600791223482, 0.005808600791223482, 0.005808600791223482, 0.005808600791223482, 0.007287890732051884], "HCA": [0.0034, 0.004898080584251428, 0.004898080584251428, 0.004898080584251428, 0.0052264724026038385, 0.005329986713457314, 0.005329986713457314, 0.005329986713457314, 0.005398288058993821, 0.005398288058993821, 0.005398288058993821, 0.005398288058993821, 0.005586807240820572, 0.005586807240820572, 0.005586807240820572, 0.005702427543745766, 0.005702427543745766, 0.005702427543745766, 0.005702427543745766, 0.005702427543745766, 0.005702427543745766, 0.005880205321523543, 0.005880205321523543, 0.005880205321523543, 0.005880205321523543, 0.005880205321523543, 0.005880205321523543, 0.005880205321523543, 0.006157983099301321], "HPRA": [0.0034, 0.004898080584251428, 0.004898080584251428, 0.004898080584251428, 0.004898080584251428, 0.005363894983092067, 0.005363894983092067, 0.005363894983092067, 0.005363894983092067, 0.005438211273222864, 0.005438211273222864, 0.005438211273222864, 0.005438211273222864, 0.00564227208334428, 0.00564227208334428, 0.00564227208334428, 0.00564227208334428, 0.00564227208334428, 0.00564227208334428, 0.00564227208334428, 0.00564227208334428, 0.006007502178304105, 0.006007502178304105, 0.006007502178304105, 0.006007502178304105, 0.006007502178304105, 0.006007502178304105, 0.006007502178304105, 0.006007502178304105, 0.006315289189692224]}