{"HDA": [0.022500000000000003, 0.04875, 0.075, 0.10124999999999999, 0.1275, 0.15375, 0.18055555555555555, 0.2075, 0.23444444444444443, 0.26166666666666666, 0.28888888888888886, 0.31611111111111106, 0.34333333333333327, 0.37055555555555547, 0.3977777777777777, 0.4249999999999999, 0.4522222222222221, 0.4794444444444443, 0.5068055555555554, 0.5343055555555554, 0.5618055555555553, 0.5893055555555553, 0.6168055555555553, 0.6443055555555552, 0.6718055555555552, 0.6993055555555552, 0.7268055555555551, 0.7543055555555551, 0.7818055555555551, 0.8093055555555551, 0.836805555555555, 0.864305555555555, 0.891805555555555, 0.9193055555555549, 0.9468055555555549, 0.9744444444444438], "HBA": [0.011571428571428573, 0.02507142857142857, 0.03857142857142857, 0.052142857142857144, 0.06578571428571428, 0.07942857142857142, 0.09321428571428571, 0.10707142857142857, 0.12092857142857143, 0.13492857142857143, 0.14892857142857144, 0.16292857142857145, 0.17692857142857146, 0.19100000000000003, 0.2050714285714286, 0.21914285714285717, 0.23321428571428574, 0.2472857142857143, 0.2613571428571429, 0.2755, 0.28964285714285715, 0.30378571428571427, 0.3179285714285714, 0.3320714285714285, 0.34621428571428564, 0.36035714285714276, 0.3744999999999999, 0.388642857142857, 0.40278571428571414, 0.41692857142857126, 0.4310714285714284, 0.4452142857142855, 0.45935714285714263, 0.47349999999999975, 0.4876428571428569, 0.5017857142857141, 0.5159285714285712, 0.5300714285714283, 0.5442142857142854, 0.5583571428571426, 0.5724999999999997, 0.5866428571428568, 0.6007857142857139, 0.614928571428571, 0.6290714285714282, 0.6432142857142853, 0.6573571428571424, 0.6714999999999995, 0.6856428571428567, 0.6997857142857138, 0.7139285714285709, 0.728071428571428, 0.7422142857142852, 0.7563571428571423, 0.7704999999999994, 0.7846428571428565, 0.7987857142857137, 0.8129285714285708, 0.8270714285714279, 0.841214285714285, 0.8553571428571421, 0.8694999999999993, 0.8836428571428564, 0.8977857142857135, 0.9119285714285706, 0.9260714285714278, 0.9402142857142849, 0.954357142857142, 0.9684999999999991, 0.9827142857142849], "HCA": [0.022500000000000003, 0.04875, 0.075, 0.10124999999999999, 0.12763888888888889, 0.15416666666666667, 0.18097222222222223, 0.20791666666666667, 0.2348611111111111, 0.26208333333333333, 0.28930555555555554, 0.31652777777777774, 0.34374999999999994, 0.37111111111111106, 0.39847222222222217, 0.4258333333333333, 0.4531944444444444, 0.4805555555555555, 0.5079166666666666, 0.5354166666666665, 0.5629166666666665, 0.5904166666666665, 0.6179166666666664, 0.6454166666666664, 0.6729166666666664, 0.7004166666666664, 0.7279166666666663, 0.7554166666666663, 0.7829166666666663, 0.8104166666666662, 0.8379166666666662, 0.8654166666666662, 0.8929166666666661, 0.9204166666666661, 0.9479166666666661, 0.975555555555555], "HPRA": [0.021891891891891894, 0.047432432432432434, 0.07297297297297298, 0.09851351351351352, 0.12405405405405406, 0.1495945945945946, 0.17513513513513512, 0.20135135135135135, 0.22756756756756757, 0.2537837837837838, 0.28, 0.30621621621621625, 0.33270270270270275, 0.35918918918918924, 0.38567567567567573, 0.4121621621621622, 0.4386486486486487, 0.4651351351351352, 0.4916216216216217, 0.5181081081081081, 0.5448648648648649, 0.5716216216216216, 0.5983783783783783, 0.625135135135135, 0.6518918918918917, 0.6786486486486484, 0.7054054054054051, 0.7321621621621618, 0.7589189189189185, 0.7856756756756752, 0.8124324324324319, 0.8391891891891886, 0.8659459459459453, 0.892702702702702, 0.9194594594594587, 0.9462162162162154, 0.9731081081081073]}