{"HDA": [0.0246, 0.06, 0.09659999999999999, 0.1336, 0.1716, 0.2106, 0.24960000000000002, 0.2886, 0.3276, 0.3666, 0.4058, 0.445, 0.4842, 0.5234, 0.5626, 0.6018, 0.641, 0.6802, 0.7196, 0.7592, 0.7988, 0.8383999999999999, 0.8779999999999999, 0.9175999999999999, 0.9573999999999998], "HBA": [0.01548076923076923, 0.031538461538461536, 0.0485576923076923, 0.06701923076923076, 0.08567307692307691, 0.10442307692307691, 0.12317307692307691, 0.1419230769230769, 0.1606730769230769, 0.17951923076923074, 0.19836538461538458, 0.21721153846153843, 0.23605769230769227, 0.2549038461538461, 0.27374999999999994, 0.29269230769230764, 0.31163461538461534, 0.33057692307692305, 0.34951923076923075, 0.36846153846153845, 0.3875, 0.40653846153846157, 0.42557692307692313, 0.4446153846153847, 0.46365384615384625, 0.4826923076923078, 0.5017307692307693, 0.5207692307692309, 0.5398076923076924, 0.558846153846154, 0.5778846153846156, 0.5969230769230771, 0.6159615384615387, 0.6350000000000002, 0.6540384615384618, 0.6730769230769234, 0.6921153846153849, 0.7111538461538465, 0.730192307692308, 0.7492307692307696, 0.7682692307692311, 0.7873076923076927, 0.8063461538461543, 0.8253846153846158, 0.8444230769230774, 0.863461538461539, 0.8825000000000005, 0.9015384615384621, 0.9205769230769236, 0.9396153846153852, 0.9586538461538467, 0.9777884615384621], "HCA": [0.02981481481481481, 0.060740740740740734, 0.09166666666666666, 0.1272222222222222, 0.16314814814814813, 0.19925925925925925, 0.23537037037037034, 0.27148148148148143, 0.30759259259259253, 0.3438888888888888, 0.38018518518518507, 0.41648148148148134, 0.4527777777777776, 0.4890740740740739, 0.5253703703703702, 0.5618518518518516, 0.598333333333333, 0.6348148148148145, 0.671296296296296, 0.7077777777777774, 0.744444444444444, 0.7811111111111106, 0.8177777777777773, 0.8544444444444439, 0.8911111111111105, 0.9277777777777771, 0.964629629629629], "HPRA": [0.0246, 0.06, 0.09659999999999999, 0.1336, 0.1716, 0.2106, 0.24960000000000002, 0.2886, 0.3276, 0.3666, 0.4058, 0.445, 0.4842, 0.5234, 0.5626, 0.6018, 0.641, 0.6802, 0.7194, 0.759, 0.7986, 0.8382, 0.8777999999999999, 0.9173999999999999, 0.9571999999999998]}