{"HDA": [0.01375, 0.04285714285714286, 0.07321428571428572, 0.10714285714285715, 0.14142857142857143, 0.1757142857142857, 0.21, 0.24428571428571427, 0.2785714285714286, 0.3132142857142857, 0.34785714285714286, 0.38285714285714284, 0.4178571428571428, 0.4528571428571428, 0.48785714285714277, 0.5228571428571428, 0.5580357142857142, 0.593392857142857, 0.6287499999999999, 0.6641071428571428, 0.6994642857142856, 0.7348214285714285, 0.7701785714285714, 0.8055357142857142, 0.8408928571428571, 0.87625, 0.9116071428571428, 0.9471428571428572], "HBA": [0.00923076923076923, 0.019679487179487178, 0.030576923076923074, 0.042756410256410256, 0.05506410256410256, 0.06737179487179487, 0.07974358974358975, 0.09211538461538463, 0.10455128205128206, 0.11698717948717949, 0.1294871794871795, 0.14205128205128206, 0.15461538461538463, 0.16724358974358974, 0.17987179487179486, 0.19249999999999998, 0.2051282051282051, 0.2178205128205128, 0.2305128205128205, 0.24320512820512818, 0.25589743589743585, 0.2685897435897435, 0.2812820512820512, 0.29397435897435886, 0.30666666666666653, 0.3193589743589742, 0.33205128205128187, 0.34474358974358954, 0.3574358974358972, 0.3701282051282049, 0.38282051282051255, 0.3955128205128202, 0.4082051282051279, 0.42089743589743556, 0.4335897435897432, 0.4462820512820509, 0.45897435897435856, 0.47166666666666623, 0.4843589743589739, 0.4970512820512816, 0.5097435897435892, 0.5224358974358969, 0.5351282051282046, 0.5478205128205123, 0.5605128205128199, 0.5732051282051276, 0.5858974358974353, 0.5985897435897429, 0.6112820512820506, 0.6239743589743583, 0.6366666666666659, 0.6493589743589736, 0.6620512820512813, 0.674743589743589, 0.6874358974358966, 0.7001282051282043, 0.712820512820512, 0.7255128205128196, 0.7382051282051273, 0.750897435897435, 0.7635897435897426, 0.7762820512820503, 0.788974358974358, 0.8016666666666656, 0.8143589743589733, 0.827051282051281, 0.8397435897435886, 0.8524358974358963, 0.865128205128204, 0.8778205128205117, 0.8905128205128193, 0.903205128205127, 0.9158974358974347, 0.9285897435897423, 0.94128205128205, 0.9539743589743577, 0.9666666666666653, 0.9794230769230756], "HCA": [0.025714285714285714, 0.05482142857142857, 0.08517857142857142, 0.11910714285714286, 0.15339285714285714, 0.18767857142857142, 0.2219642857142857, 0.25625, 0.2907142857142857, 0.32535714285714284, 0.36, 0.39499999999999996, 0.42999999999999994, 0.4651785714285714, 0.5003571428571428, 0.5355357142857142, 0.5707142857142856, 0.6060714285714285, 0.6414285714285713, 0.6767857142857142, 0.7121428571428571, 0.7474999999999999, 0.7828571428571428, 0.8182142857142857, 0.8535714285714285, 0.8889285714285714, 0.9242857142857143, 0.9598214285714286], "HPRA": [0.01375, 0.04285714285714286, 0.07321428571428572, 0.10714285714285715, 0.14142857142857143, 0.1757142857142857, 0.21, 0.24428571428571427, 0.2785714285714286, 0.3128571428571429, 0.34750000000000003, 0.3825, 0.4175, 0.45249999999999996, 0.48749999999999993, 0.5225, 0.5575, 0.5928571428571429, 0.6282142857142857, 0.6635714285714286, 0.6989285714285715, 0.7342857142857143, 0.7696428571428572, 0.805, 0.8403571428571429, 0.8757142857142858, 0.9110714285714286, 0.946607142857143]}