{"HDA": [0.001925, 0.004550072494734593, 0.004804100655570708, 0.005647413187194928, 0.005742538038562348, 0.005742538038562348, 0.005742538038562348, 0.005742538038562348, 0.005742538038562348, 0.005893766772021705, 0.005893766772021705, 0.006075172667713315, 0.006075172667713315, 0.006075172667713315, 0.006075172667713315, 0.006075172667713315, 0.006201419353737807, 0.006336627574397623, 0.006336627574397623, 0.006336627574397623, 0.006336627574397623, 0.006336627574397623, 0.006336627574397623, 0.006336627574397623, 0.006336627574397623, 0.006336627574397623, 0.006336627574397623, 0.006573313964930168], "HBA": [0.0036, 0.004161200378071834, 0.004415228538907949, 0.005258541070532169, 0.005353665921899588, 0.005353665921899588, 0.0054101982301137325, 0.0054101982301137325, 0.00547849957565024, 0.00547849957565024, 0.005561144203749413, 0.005650143847750836, 0.005650143847750836, 0.005754267129716684, 0.005754267129716684, 0.005754267129716684, 0.005754267129716684, 0.0058894753503765, 0.0058894753503765, 0.0058894753503765, 0.0058894753503765, 0.0058894753503765, 0.0058894753503765, 0.0058894753503765, 0.0058894753503765, 0.0058894753503765, 0.0058894753503765, 0.0058894753503765, 0.0058894753503765, 0.0058894753503765, 0.0058894753503765, 0.0058894753503765, 0.0058894753503765, 0.0058894753503765, 0.0058894753503765, 0.0058894753503765, 0.0058894753503765, 0.0058894753503765, 0.0058894753503765, 0.0058894753503765, 0.0058894753503765, 0.0058894753503765, 0.0058894753503765, 0.0058894753503765, 0.0058894753503765, 0.0058894753503765, 0.0058894753503765, 0.0058894753503765, 0.0058894753503765, 0.0058894753503765, 0.0058894753503765, 0.0058894753503765, 0.0058894753503765, 0.0058894753503765, 0.0058894753503765, 0.0058894753503765, 0.0058894753503765, 0.0058894753503765, 0.0058894753503765, 0.0058894753503765, 0.0058894753503765, 0.0058894753503765, 0.0058894753503765, 0.0058894753503765, 0.0058894753503765, 0.0058894753503765, 0.0058894753503765, 0.0058894753503765, 0.0058894753503765, 0.0058894753503765, 0.0058894753503765, 0.0058894753503765, 0.0058894753503765, 0.0058894753503765, 0.0058894753503765, 0.0058894753503765, 0.0058894753503765, 0.010333919794820946], "HCA": [0.0036, 0.004161200378071834, 0.004415228538907949, 0.005258541070532169, 0.005353665921899588, 0.005353665921899588, 0.005353665921899588, 0.005353665921899588, 0.0054231103663440324, 0.005498724733073711, 0.005498724733073711, 0.005680130628765321, 0.005680130628765321, 0.005784253910731169, 0.005784253910731169, 0.005784253910731169, 0.005784253910731169, 0.005919462131390985, 0.005919462131390985, 0.005919462131390985, 0.005919462131390985, 0.005919462131390985, 0.005919462131390985, 0.005919462131390985, 0.005919462131390985, 0.005919462131390985, 0.005919462131390985, 0.00615614852192353], "HPRA": [0.001925, 0.004550072494734593, 0.004804100655570708, 0.005647413187194928, 0.005742538038562348, 0.005742538038562348, 0.005742538038562348, 0.005742538038562348, 0.005742538038562348, 0.005742538038562348, 0.005907827294760695, 0.006089233190452305, 0.006089233190452305, 0.006089233190452305, 0.006089233190452305, 0.006089233190452305, 0.006089233190452305, 0.006359649631771938, 0.006359649631771938, 0.006359649631771938, 0.006359649631771938, 0.006359649631771938, 0.006359649631771938, 0.006359649631771938, 0.006359649631771938, 0.006359649631771938, 0.006359649631771938, 0.006596336022304482]}