{"HDA": [0.011666666666666665, 0.04033333333333333, 0.069, 0.1, 0.131, 0.16316666666666668, 0.19533333333333336, 0.22766666666666668, 0.26, 0.29233333333333333, 0.32466666666666666, 0.3575, 0.3903333333333333, 0.42316666666666664, 0.45599999999999996, 0.489, 0.522, 0.555, 0.5880000000000001, 0.6210000000000001, 0.6540000000000001, 0.6870000000000002, 0.7200000000000002, 0.7530000000000002, 0.7860000000000003, 0.8190000000000003, 0.8520000000000003, 0.8850000000000003, 0.9180000000000004, 0.951166666666667], "HBA": [0.009415584415584415, 0.020584415584415584, 0.03214285714285714, 0.044220779220779216, 0.05662337662337662, 0.06915584415584415, 0.08175324675324674, 0.09435064935064934, 0.107012987012987, 0.11967532467532467, 0.13246753246753246, 0.14525974025974026, 0.15805194805194805, 0.17084415584415585, 0.1837012987012987, 0.19655844155844154, 0.2094155844155844, 0.22227272727272723, 0.23512987012987008, 0.24798701298701292, 0.26084415584415577, 0.2737012987012986, 0.28655844155844146, 0.2994155844155843, 0.31227272727272715, 0.32512987012987, 0.33798701298701284, 0.3508441558441557, 0.3637012987012985, 0.37655844155844137, 0.3894155844155842, 0.40227272727272706, 0.4151298701298699, 0.42798701298701275, 0.4408441558441556, 0.45370129870129844, 0.4665584415584413, 0.47941558441558413, 0.492272727272727, 0.5051298701298699, 0.5179870129870128, 0.5308441558441557, 0.5437012987012986, 0.5565584415584415, 0.5694155844155844, 0.5822727272727273, 0.5951298701298702, 0.6079870129870131, 0.620844155844156, 0.6337012987012989, 0.6465584415584418, 0.6594155844155847, 0.6722727272727276, 0.6851298701298705, 0.6979870129870134, 0.7108441558441563, 0.7237012987012992, 0.7365584415584421, 0.749415584415585, 0.7622727272727279, 0.7751298701298708, 0.7879870129870137, 0.8008441558441566, 0.8137012987012995, 0.8265584415584424, 0.8394155844155853, 0.8522727272727282, 0.8651298701298711, 0.877987012987014, 0.8908441558441569, 0.9037012987012998, 0.9165584415584427, 0.9294155844155856, 0.9422727272727285, 0.9551298701298714, 0.9679870129870143, 0.9809090909090922], "HCA": [0.024166666666666666, 0.05283333333333333, 0.08249999999999999, 0.11349999999999999, 0.1445, 0.17666666666666664, 0.20899999999999996, 0.24149999999999996, 0.27399999999999997, 0.3068333333333333, 0.3396666666666666, 0.37249999999999994, 0.40533333333333327, 0.4381666666666666, 0.4711666666666666, 0.5041666666666667, 0.5371666666666667, 0.5701666666666667, 0.6031666666666667, 0.6361666666666668, 0.6691666666666668, 0.7021666666666668, 0.7351666666666669, 0.7681666666666669, 0.8011666666666669, 0.834166666666667, 0.867166666666667, 0.900166666666667, 0.933166666666667, 0.9663333333333337], "HPRA": [0.011666666666666665, 0.04033333333333333, 0.069, 0.1, 0.131, 0.16316666666666668, 0.19533333333333336, 0.22750000000000004, 0.25983333333333336, 0.2921666666666667, 0.3245, 0.35733333333333334, 0.39016666666666666, 0.423, 0.4558333333333333, 0.48883333333333334, 0.5218333333333334, 0.5548333333333334, 0.5878333333333334, 0.6208333333333335, 0.6538333333333335, 0.6868333333333335, 0.7198333333333335, 0.7528333333333336, 0.7858333333333336, 0.8188333333333336, 0.8518333333333337, 0.8848333333333337, 0.9178333333333337, 0.9510000000000004]}