{"HDA": [0.00175, 0.0050057694149190845, 0.0050057694149190845, 0.005619777572456035, 0.005619777572456035, 0.005998237780068492, 0.005998237780068492, 0.006062237780068491, 0.006062237780068491, 0.006062237780068491, 0.006062237780068491, 0.006324269398550455, 0.006324269398550455, 0.006324269398550455, 0.006324269398550455, 0.006437442780171098, 0.006437442780171098, 0.006437442780171098, 0.006437442780171098, 0.006437442780171098, 0.006437442780171098, 0.006437442780171098, 0.006437442780171098, 0.006437442780171098, 0.006437442780171098, 0.006437442780171098, 0.006437442780171098, 0.006437442780171098, 0.006437442780171098, 0.006674129170703642], "HBA": [0.003625, 0.00442249527410208, 0.004651118959515889, 0.004988443972165577, 0.005232954706186801, 0.005339513393383774, 0.00539868499101691, 0.00539868499101691, 0.005468129435461354, 0.005468129435461354, 0.005627568210971558, 0.005627568210971558, 0.005627568210971558, 0.005627568210971558, 0.005729598616032267, 0.005729598616032267, 0.005729598616032267, 0.005729598616032267, 0.005729598616032267, 0.005729598616032267, 0.005729598616032267, 0.005729598616032267, 0.005729598616032267, 0.005729598616032267, 0.005729598616032267, 0.005729598616032267, 0.005729598616032267, 0.005729598616032267, 0.005729598616032267, 0.005729598616032267, 0.005729598616032267, 0.005729598616032267, 0.005729598616032267, 0.005729598616032267, 0.005729598616032267, 0.005729598616032267, 0.005729598616032267, 0.005729598616032267, 0.005729598616032267, 0.005729598616032267, 0.005729598616032267, 0.005729598616032267, 0.005729598616032267, 0.005729598616032267, 0.005729598616032267, 0.005729598616032267, 0.005729598616032267, 0.005729598616032267, 0.005729598616032267, 0.005729598616032267, 0.005729598616032267, 0.005729598616032267, 0.005729598616032267, 0.005729598616032267, 0.005729598616032267, 0.005729598616032267, 0.005729598616032267, 0.005729598616032267, 0.005729598616032267, 0.005729598616032267, 0.005729598616032267, 0.005729598616032267, 0.005729598616032267, 0.005729598616032267, 0.005729598616032267, 0.005729598616032267, 0.005729598616032267, 0.005729598616032267, 0.005729598616032267, 0.005729598616032267, 0.005729598616032267, 0.005729598616032267, 0.005729598616032267, 0.005729598616032267, 0.005729598616032267, 0.005729598616032267, 0.007795714318511606], "HCA": [0.003625, 0.00442249527410208, 0.004651118959515889, 0.004988443972165577, 0.004988443972165577, 0.005366904179778033, 0.005423436487992177, 0.005484471644242177, 0.005484471644242177, 0.005625704608015922, 0.005625704608015922, 0.005625704608015922, 0.005625704608015922, 0.005625704608015922, 0.005719964198929298, 0.005719964198929298, 0.005719964198929298, 0.005719964198929298, 0.005719964198929298, 0.005719964198929298, 0.005719964198929298, 0.005719964198929298, 0.005719964198929298, 0.005719964198929298, 0.005719964198929298, 0.005719964198929298, 0.005719964198929298, 0.005719964198929298, 0.005719964198929298, 0.005912865433497199], "HPRA": [0.00175, 0.0050057694149190845, 0.0050057694149190845, 0.005619777572456035, 0.005619777572456035, 0.005998237780068492, 0.005998237780068492, 0.005998237780068492, 0.006067682224512936, 0.006067682224512936, 0.006067682224512936, 0.006329713842994899, 0.006329713842994899, 0.006329713842994899, 0.006329713842994899, 0.006442887224615542, 0.006442887224615542, 0.006442887224615542, 0.006442887224615542, 0.006442887224615542, 0.006442887224615542, 0.006442887224615542, 0.006442887224615542, 0.006442887224615542, 0.006442887224615542, 0.006442887224615542, 0.006442887224615542, 0.006442887224615542, 0.006442887224615542, 0.006679573615148086]}