{"HDA": [0.02767857142857143, 0.05964285714285715, 0.0917857142857143, 0.125, 0.15928571428571428, 0.19357142857142856, 0.22803571428571429, 0.26267857142857143, 0.29732142857142857, 0.3319642857142857, 0.3669642857142857, 0.40214285714285714, 0.4373214285714286, 0.47250000000000003, 0.5076785714285714, 0.5430357142857143, 0.5783928571428572, 0.61375, 0.6491071428571429, 0.6844642857142857, 0.7198214285714286, 0.7551785714285715, 0.7905357142857143, 0.8258928571428572, 0.8612500000000001, 0.8966071428571429, 0.9319642857142858, 0.9675000000000001], "HBA": [0.012301587301587301, 0.026507936507936508, 0.04079365079365079, 0.05555555555555555, 0.0707936507936508, 0.08611111111111111, 0.1015079365079365, 0.1169047619047619, 0.13238095238095238, 0.14793650793650792, 0.16357142857142856, 0.1792063492063492, 0.19484126984126984, 0.21047619047619048, 0.22611111111111112, 0.24182539682539683, 0.25753968253968257, 0.2732539682539683, 0.28896825396825404, 0.3046825396825398, 0.3203968253968255, 0.33611111111111125, 0.351825396825397, 0.3675396825396827, 0.38325396825396846, 0.3989682539682542, 0.41468253968253993, 0.43039682539682567, 0.4461111111111114, 0.46182539682539714, 0.4775396825396829, 0.4932539682539686, 0.5089682539682543, 0.52468253968254, 0.5403968253968257, 0.5561111111111113, 0.571825396825397, 0.5875396825396827, 0.6032539682539684, 0.6189682539682541, 0.6346825396825397, 0.6503968253968254, 0.6661111111111111, 0.6818253968253968, 0.6975396825396825, 0.7132539682539681, 0.7289682539682538, 0.7446825396825395, 0.7603968253968252, 0.7761111111111109, 0.7918253968253965, 0.8075396825396822, 0.8232539682539679, 0.8389682539682536, 0.8546825396825393, 0.870396825396825, 0.8861111111111106, 0.9018253968253963, 0.917539682539682, 0.9332539682539677, 0.9489682539682534, 0.964682539682539, 0.9804761904761898], "HCA": [0.026724137931034484, 0.05758620689655172, 0.08862068965517242, 0.1206896551724138, 0.15379310344827588, 0.1870689655172414, 0.2203448275862069, 0.2537931034482759, 0.2872413793103448, 0.3210344827586207, 0.355, 0.3889655172413793, 0.4229310344827586, 0.4568965517241379, 0.4908620689655172, 0.5249999999999999, 0.5591379310344826, 0.5932758620689653, 0.627413793103448, 0.6615517241379307, 0.6956896551724134, 0.7298275862068961, 0.7639655172413788, 0.7981034482758615, 0.8322413793103443, 0.866379310344827, 0.9005172413793097, 0.9346551724137924, 0.9689655172413786], "HPRA": [0.025, 0.05387096774193549, 0.08290322580645162, 0.11193548387096776, 0.14290322580645162, 0.1738709677419355, 0.20500000000000002, 0.23612903225806453, 0.26725806451612905, 0.2988709677419355, 0.33048387096774196, 0.3620967741935484, 0.39370967741935486, 0.4253225806451613, 0.4569354838709678, 0.4888709677419355, 0.5208064516129033, 0.5527419354838711, 0.5846774193548389, 0.6166129032258066, 0.6485483870967744, 0.6804838709677422, 0.71241935483871, 0.7443548387096778, 0.7762903225806456, 0.8082258064516133, 0.8401612903225811, 0.8720967741935489, 0.9040322580645167, 0.9359677419354845, 0.9680645161290329]}