{"HDA": [0.00395, 0.004905004591368228, 0.005075879041366092, 0.005310444625903529, 0.005310444625903529, 0.005310444625903529, 0.005310444625903529, 0.005310444625903529, 0.005310444625903529, 0.005310444625903529, 0.005469883401413733, 0.005469883401413733, 0.005469883401413733, 0.005669883401413733, 0.005669883401413733, 0.005669883401413733, 0.005669883401413733, 0.005669883401413733, 0.005811606757422803, 0.005811606757422803, 0.005811606757422803, 0.005811606757422803, 0.005811606757422803, 0.005811606757422803, 0.005811606757422803, 0.005811606757422803, 0.006034373520621733], "HBA": [0.00395, 0.004905004591368228, 0.005075879041366092, 0.005310444625903529, 0.005310444625903529, 0.005366136316703261, 0.005366136316703261, 0.005430136316703261, 0.005430136316703261, 0.005430136316703261, 0.005509855704458363, 0.005509855704458363, 0.005509855704458363, 0.005609855704458364, 0.005609855704458364, 0.005609855704458364, 0.005609855704458364, 0.005609855704458364, 0.005751579060467434, 0.005751579060467434, 0.005751579060467434, 0.005751579060467434, 0.005751579060467434, 0.005751579060467434, 0.005751579060467434, 0.005751579060467434, 0.005751579060467434, 0.005751579060467434, 0.005751579060467434, 0.005751579060467434, 0.005751579060467434, 0.005751579060467434, 0.005751579060467434, 0.005751579060467434, 0.005751579060467434, 0.005751579060467434, 0.005751579060467434, 0.005751579060467434, 0.005751579060467434, 0.005751579060467434, 0.005751579060467434, 0.005751579060467434, 0.005751579060467434, 0.005751579060467434, 0.005751579060467434, 0.005751579060467434, 0.005751579060467434, 0.005751579060467434, 0.005751579060467434, 0.005751579060467434, 0.005751579060467434, 0.005751579060467434, 0.005751579060467434, 0.005751579060467434, 0.005751579060467434, 0.005751579060467434, 0.005751579060467434, 0.005751579060467434, 0.005751579060467434, 0.005751579060467434, 0.005751579060467434, 0.005751579060467434, 0.005751579060467434, 0.005751579060467434, 0.005751579060467434, 0.005751579060467434, 0.005751579060467434, 0.005751579060467434, 0.005751579060467434, 0.005751579060467434, 0.005751579060467434, 0.005751579060467434, 0.005751579060467434, 0.005751579060467434, 0.005751579060467434, 0.005751579060467434, 0.005751579060467434, 0.005751579060467434, 0.005751579060467434, 0.005751579060467434, 0.005751579060467434, 0.012696023504911877], "HCA": [0.00395, 0.004905004591368228, 0.005073667097693072, 0.0053050521687282885, 0.0053050521687282885, 0.0053050521687282885, 0.0053050521687282885, 0.005369052168728288, 0.005369052168728288, 0.005515154878933563, 0.005515154878933563, 0.005515154878933563, 0.005515154878933563, 0.005611271757057361, 0.005611271757057361, 0.005611271757057361, 0.005611271757057361, 0.005611271757057361, 0.005611271757057361, 0.005756430706106571, 0.005756430706106571, 0.005756430706106571, 0.005756430706106571, 0.005756430706106571, 0.005756430706106571, 0.005756430706106571, 0.005756430706106571, 0.005985999117493164], "HPRA": [0.00395, 0.004905004591368228, 0.005075879041366092, 0.005075879041366092, 0.005330981082182419, 0.005330981082182419, 0.005330981082182419, 0.005330981082182419, 0.005330981082182419, 0.005330981082182419, 0.005330981082182419, 0.005330981082182419, 0.005330981082182419, 0.005730981082182419, 0.005730981082182419, 0.005730981082182419, 0.005730981082182419, 0.005730981082182419, 0.0058727044381914895, 0.0058727044381914895, 0.0058727044381914895, 0.0058727044381914895, 0.0058727044381914895, 0.0058727044381914895, 0.0058727044381914895, 0.0058727044381914895, 0.0058727044381914895, 0.006109390828724034]}