{"HDA": [0.02925925925925926, 0.06333333333333334, 0.09814814814814815, 0.1338888888888889, 0.16962962962962963, 0.20537037037037037, 0.2411111111111111, 0.27685185185185185, 0.3125925925925926, 0.34833333333333333, 0.3844444444444444, 0.4205555555555555, 0.4566666666666666, 0.4931481481481481, 0.5296296296296296, 0.566111111111111, 0.6025925925925925, 0.6390740740740739, 0.6757407407407405, 0.7124074074074072, 0.7490740740740738, 0.7857407407407404, 0.822407407407407, 0.8590740740740737, 0.8957407407407403, 0.9324074074074069, 0.9692592592592587], "HBA": [0.009634146341463415, 0.020853658536585367, 0.03231707317073171, 0.044085365853658534, 0.05585365853658536, 0.06768292682926828, 0.0795121951219512, 0.09140243902439023, 0.10329268292682925, 0.11518292682926827, 0.1271341463414634, 0.13908536585365852, 0.15103658536585365, 0.16304878048780488, 0.17506097560975611, 0.18707317073170734, 0.19908536585365857, 0.2110975609756098, 0.22317073170731713, 0.23524390243902446, 0.2473170731707318, 0.2593902439024391, 0.2714634146341464, 0.28353658536585374, 0.29560975609756107, 0.3076829268292684, 0.3197560975609757, 0.33182926829268306, 0.3439024390243904, 0.3559756097560977, 0.36804878048780504, 0.38012195121951237, 0.3921951219512197, 0.404268292682927, 0.41634146341463435, 0.4284146341463417, 0.440487804878049, 0.45256097560975633, 0.46463414634146366, 0.476707317073171, 0.4887804878048783, 0.5008536585365856, 0.5129268292682929, 0.5250000000000002, 0.5370731707317076, 0.5491463414634149, 0.5612195121951222, 0.5732926829268296, 0.5853658536585369, 0.5974390243902442, 0.6095121951219515, 0.6215853658536589, 0.6336585365853662, 0.6457317073170735, 0.6578048780487809, 0.6698780487804882, 0.6819512195121955, 0.6940243902439028, 0.7060975609756102, 0.7181707317073175, 0.7302439024390248, 0.7423170731707321, 0.7543902439024395, 0.7664634146341468, 0.7785365853658541, 0.7906097560975615, 0.8026829268292688, 0.8147560975609761, 0.8268292682926834, 0.8389024390243908, 0.8509756097560981, 0.8630487804878054, 0.8751219512195128, 0.8871951219512201, 0.8992682926829274, 0.9113414634146347, 0.9234146341463421, 0.9354878048780494, 0.9475609756097567, 0.959634146341464, 0.9717073170731714, 0.9838414634146347], "HCA": [0.028214285714285716, 0.06107142857142857, 0.09464285714285714, 0.12910714285714286, 0.1635714285714286, 0.19803571428571431, 0.23250000000000004, 0.2671428571428572, 0.3017857142857143, 0.3367857142857143, 0.3717857142857143, 0.40678571428571425, 0.4417857142857142, 0.4769642857142857, 0.5121428571428571, 0.5473214285714285, 0.5824999999999999, 0.6176785714285713, 0.6528571428571427, 0.6882142857142856, 0.7235714285714284, 0.7589285714285713, 0.7942857142857142, 0.829642857142857, 0.8649999999999999, 0.9003571428571427, 0.9357142857142856, 0.97125], "HPRA": [0.028214285714285716, 0.06107142857142857, 0.09464285714285714, 0.12821428571428573, 0.16267857142857145, 0.19714285714285718, 0.2316071428571429, 0.2660714285714286, 0.30053571428571435, 0.3350000000000001, 0.3694642857142858, 0.4039285714285715, 0.43839285714285725, 0.4735714285714287, 0.5087500000000001, 0.5439285714285715, 0.5791071428571429, 0.6142857142857143, 0.6496428571428572, 0.685, 0.7203571428571429, 0.7557142857142858, 0.7910714285714286, 0.8264285714285715, 0.8617857142857144, 0.8971428571428572, 0.9325000000000001, 0.9680357142857144]}