{"HDA": [0.0015, 0.004092592592592592, 0.0055405426002133815, 0.005675671648454452, 0.005837868880288362, 0.006147869500289602, 0.006147869500289602, 0.006224816253136632, 0.006224816253136632, 0.006224816253136632, 0.006420875463018016, 0.006420875463018016, 0.006420875463018016, 0.006420875463018016, 0.006552993312139432, 0.006552993312139432, 0.006552993312139432, 0.006552993312139432, 0.006552993312139432, 0.006745894546707334, 0.006745894546707334, 0.006745894546707334, 0.006745894546707334, 0.006745894546707334, 0.006745894546707334, 0.006745894546707334, 0.006745894546707334, 0.006745894546707334, 0.006745894546707334, 0.006745894546707334, 0.007162387674570724], "HBA": [0.004225, 0.004314581653677326, 0.005016242250422957, 0.005100573503585379, 0.005100573503585379, 0.005149475650389624, 0.005149475650389624, 0.005149475650389624, 0.005149475650389624, 0.005149475650389624, 0.005149475650389624, 0.005217776995926131, 0.005217776995926131, 0.005217776995926131, 0.005217776995926131, 0.005217776995926131, 0.005217776995926131, 0.005312036586839507, 0.005312036586839507, 0.005312036586839507, 0.005312036586839507, 0.005312036586839507, 0.005312036586839507, 0.005312036586839507, 0.005312036586839507, 0.005312036586839507, 0.005312036586839507, 0.005312036586839507, 0.005312036586839507, 0.005312036586839507, 0.005312036586839507, 0.005312036586839507, 0.005312036586839507, 0.005312036586839507, 0.005312036586839507, 0.005312036586839507, 0.005312036586839507, 0.005312036586839507, 0.005312036586839507, 0.005312036586839507, 0.005312036586839507, 0.005312036586839507, 0.005312036586839507, 0.005312036586839507, 0.005312036586839507, 0.005312036586839507, 0.005312036586839507, 0.005312036586839507, 0.005312036586839507, 0.005312036586839507, 0.005312036586839507, 0.005312036586839507, 0.005312036586839507, 0.005312036586839507, 0.005312036586839507, 0.005312036586839507, 0.005312036586839507, 0.005312036586839507, 0.005312036586839507, 0.005312036586839507, 0.005312036586839507, 0.005312036586839507, 0.005312036586839507, 0.005312036586839507, 0.005312036586839507, 0.005312036586839507, 0.005312036586839507, 0.005312036586839507, 0.005312036586839507, 0.005312036586839507, 0.005312036586839507, 0.005312036586839507, 0.005312036586839507, 0.005312036586839507, 0.005312036586839507, 0.005312036586839507, 0.005312036586839507, 0.005312036586839507, 0.005312036586839507, 0.005312036586839507, 0.005312036586839507, 0.008082119689332581], "HCA": [0.004225, 0.004225, 0.005117325996430696, 0.005201657249593117, 0.005201657249593117, 0.005250559396397362, 0.005250559396397362, 0.005250559396397362, 0.005250559396397362, 0.005250559396397362, 0.005250559396397362, 0.005318860741933869, 0.005318860741933869, 0.005318860741933869, 0.005318860741933869, 0.005318860741933869, 0.005318860741933869, 0.005413120332847245, 0.005413120332847245, 0.005413120332847245, 0.005413120332847245, 0.005413120332847245, 0.005413120332847245, 0.005413120332847245, 0.005413120332847245, 0.005413120332847245, 0.005413120332847245, 0.005413120332847245, 0.005413120332847245, 0.005413120332847245, 0.005413120332847245, 0.005413120332847245, 0.005413120332847245, 0.005413120332847245, 0.005413120332847245, 0.005413120332847245, 0.005657260957847245], "HPRA": [0.0015, 0.004092592592592592, 0.004092592592592592, 0.005939356251887218, 0.006101553483721128, 0.006411554103722368, 0.006411554103722368, 0.006488500856569398, 0.006488500856569398, 0.006488500856569398, 0.006488500856569398, 0.006701063296786212, 0.006701063296786212, 0.006701063296786212, 0.006701063296786212, 0.006701063296786212, 0.006701063296786212, 0.006701063296786212, 0.006701063296786212, 0.0070868657659220145, 0.0070868657659220145, 0.0070868657659220145, 0.0070868657659220145, 0.0070868657659220145, 0.0070868657659220145, 0.0070868657659220145, 0.0070868657659220145, 0.0070868657659220145, 0.0070868657659220145, 0.0070868657659220145, 0.007503358893785405]}