{"HDA": [0.009677419354838712, 0.032903225806451615, 0.06225806451612903, 0.09209677419354839, 0.12241935483870968, 0.1535483870967742, 0.18467741935483872, 0.21596774193548388, 0.24725806451612903, 0.2785483870967742, 0.31016129032258066, 0.3417741935483871, 0.37338709677419357, 0.405, 0.43677419354838715, 0.46854838709677427, 0.5003225806451613, 0.5320967741935484, 0.5638709677419355, 0.5958064516129032, 0.627741935483871, 0.6596774193548388, 0.6916129032258066, 0.7235483870967744, 0.7554838709677422, 0.78741935483871, 0.8193548387096777, 0.8512903225806455, 0.8832258064516133, 0.9151612903225811, 0.9472580645161295], "HBA": [0.010304878048780488, 0.02079268292682927, 0.0325609756097561, 0.04445121951219512, 0.05634146341463414, 0.06829268292682926, 0.08024390243902438, 0.0921951219512195, 0.10414634146341462, 0.11609756097560973, 0.12804878048780485, 0.14006097560975608, 0.1520731707317073, 0.16408536585365854, 0.17609756097560977, 0.188109756097561, 0.20012195121951223, 0.21219512195121956, 0.2242682926829269, 0.23634146341463422, 0.24841463414634155, 0.26048780487804885, 0.2725609756097562, 0.2846341463414635, 0.29670731707317083, 0.30878048780487816, 0.3208536585365855, 0.3329268292682928, 0.34500000000000014, 0.35707317073170747, 0.3691463414634148, 0.3812195121951221, 0.39329268292682945, 0.4053658536585368, 0.4174390243902441, 0.42951219512195143, 0.44158536585365876, 0.4536585365853661, 0.4657317073170734, 0.47780487804878075, 0.4898780487804881, 0.5019512195121953, 0.5140243902439027, 0.52609756097561, 0.5381707317073173, 0.5502439024390247, 0.562317073170732, 0.5743902439024393, 0.5864634146341466, 0.598536585365854, 0.6106097560975613, 0.6226829268292686, 0.634756097560976, 0.6468292682926833, 0.6589024390243906, 0.6709756097560979, 0.6830487804878053, 0.6951219512195126, 0.7071951219512199, 0.7192682926829272, 0.7313414634146346, 0.7434146341463419, 0.7554878048780492, 0.7675609756097566, 0.7796341463414639, 0.7917073170731712, 0.8037804878048785, 0.8158536585365859, 0.8279268292682932, 0.8400000000000005, 0.8520731707317079, 0.8641463414634152, 0.8762195121951225, 0.8882926829268298, 0.9003658536585372, 0.9124390243902445, 0.9245121951219518, 0.9365853658536591, 0.9486585365853665, 0.9607317073170738, 0.9728048780487811, 0.9849390243902445], "HCA": [0.022837837837837837, 0.045675675675675674, 0.07175675675675676, 0.0981081081081081, 0.12445945945945945, 0.15094594594594593, 0.17743243243243242, 0.20391891891891892, 0.2304054054054054, 0.2568918918918919, 0.28337837837837837, 0.31, 0.3366216216216216, 0.36324324324324325, 0.3898648648648649, 0.4164864864864865, 0.44310810810810813, 0.4698648648648649, 0.49662162162162166, 0.5233783783783784, 0.5501351351351351, 0.5768918918918918, 0.6036486486486485, 0.6304054054054052, 0.657162162162162, 0.6839189189189187, 0.7106756756756754, 0.7374324324324321, 0.7641891891891888, 0.7909459459459455, 0.8177027027027022, 0.8444594594594589, 0.8712162162162156, 0.8979729729729723, 0.924729729729729, 0.9514864864864857, 0.9783783783783776], "HPRA": [0.009677419354838712, 0.032903225806451615, 0.056129032258064517, 0.08596774193548387, 0.11629032258064516, 0.14741935483870966, 0.17854838709677417, 0.20983870967741933, 0.24112903225806448, 0.27241935483870966, 0.30370967741935484, 0.3353225806451613, 0.36693548387096775, 0.3985483870967742, 0.43016129032258066, 0.4617741935483871, 0.49338709677419357, 0.525, 0.5566129032258065, 0.5885483870967743, 0.620483870967742, 0.6524193548387098, 0.6843548387096776, 0.7162903225806454, 0.7482258064516132, 0.780161290322581, 0.8120967741935488, 0.8440322580645165, 0.8759677419354843, 0.9079032258064521, 0.9400000000000005]}