{"HDA": [0.025294117647058825, 0.05235294117647059, 0.07941176470588235, 0.10705882352941176, 0.13470588235294118, 0.1623529411764706, 0.19, 0.2188235294117647, 0.2476470588235294, 0.2764705882352941, 0.30529411764705877, 0.33411764705882346, 0.36294117647058816, 0.39176470588235285, 0.42058823529411754, 0.4495588235294117, 0.4785294117647058, 0.5076470588235293, 0.5367647058823529, 0.5658823529411765, 0.5950000000000001, 0.6241176470588237, 0.6532352941176472, 0.6823529411764708, 0.7114705882352944, 0.740588235294118, 0.7697058823529416, 0.7988235294117652, 0.8279411764705887, 0.8570588235294123, 0.8861764705882359, 0.9152941176470595, 0.9444117647058831, 0.973676470588236], "HBA": [0.011944444444444445, 0.024722222222222222, 0.03777777777777778, 0.051041666666666666, 0.06444444444444444, 0.07791666666666666, 0.09138888888888888, 0.10493055555555555, 0.11854166666666667, 0.13215277777777779, 0.1457638888888889, 0.15944444444444444, 0.173125, 0.18680555555555556, 0.20048611111111111, 0.21416666666666667, 0.22791666666666668, 0.2416666666666667, 0.2554166666666667, 0.26916666666666667, 0.28291666666666665, 0.29666666666666663, 0.3104166666666666, 0.3241666666666666, 0.3379166666666666, 0.35166666666666657, 0.36541666666666656, 0.37916666666666654, 0.3929166666666665, 0.4066666666666665, 0.4204166666666665, 0.4341666666666665, 0.44791666666666646, 0.46166666666666645, 0.47541666666666643, 0.4891666666666664, 0.5029166666666665, 0.5166666666666665, 0.5304166666666665, 0.5441666666666666, 0.5579166666666666, 0.5716666666666667, 0.5854166666666667, 0.5991666666666667, 0.6129166666666668, 0.6266666666666668, 0.6404166666666669, 0.6541666666666669, 0.6679166666666669, 0.681666666666667, 0.695416666666667, 0.7091666666666671, 0.7229166666666671, 0.7366666666666671, 0.7504166666666672, 0.7641666666666672, 0.7779166666666673, 0.7916666666666673, 0.8054166666666673, 0.8191666666666674, 0.8329166666666674, 0.8466666666666675, 0.8604166666666675, 0.8741666666666675, 0.8879166666666676, 0.9016666666666676, 0.9154166666666677, 0.9291666666666677, 0.9429166666666677, 0.9566666666666678, 0.9704166666666678, 0.9842361111111123], "HCA": [0.02457142857142857, 0.05085714285714286, 0.07771428571428571, 0.10457142857142857, 0.13214285714285715, 0.15985714285714286, 0.18771428571428572, 0.21571428571428572, 0.24371428571428572, 0.27171428571428574, 0.2998571428571429, 0.328, 0.35614285714285715, 0.3842857142857143, 0.4124285714285714, 0.44057142857142856, 0.46885714285714286, 0.49714285714285716, 0.5254285714285715, 0.5537142857142857, 0.582, 0.6102857142857142, 0.6385714285714285, 0.6668571428571427, 0.695142857142857, 0.7234285714285712, 0.7517142857142854, 0.7799999999999997, 0.8082857142857139, 0.8365714285714282, 0.8648571428571424, 0.8931428571428567, 0.9214285714285709, 0.9497142857142852, 0.9781428571428566], "HPRA": [0.025294117647058825, 0.05058823529411765, 0.07764705882352942, 0.10529411764705883, 0.13294117647058823, 0.16058823529411764, 0.18823529411764706, 0.21705882352941175, 0.24588235294117644, 0.27470588235294113, 0.3035294117647058, 0.3323529411764705, 0.3611764705882352, 0.3899999999999999, 0.4188235294117646, 0.4476470588235293, 0.476470588235294, 0.5055882352941176, 0.5347058823529411, 0.5638235294117647, 0.5929411764705883, 0.6220588235294119, 0.6511764705882355, 0.680294117647059, 0.7094117647058826, 0.7385294117647062, 0.7676470588235298, 0.7967647058823534, 0.825882352941177, 0.8550000000000005, 0.8841176470588241, 0.9132352941176477, 0.9423529411764713, 0.9716176470588243]}