{"HDA": [0.0043, 0.0047201533559749305, 0.0047201533559749305, 0.004891027805972795, 0.004891027805972795, 0.004891027805972795, 0.004891027805972795, 0.005364400587037884, 0.005364400587037884, 0.005364400587037884, 0.005364400587037884, 0.005364400587037884, 0.005364400587037884, 0.005364400587037884, 0.005364400587037884, 0.005458660177951259, 0.005458660177951259, 0.005564941398059666, 0.005564941398059666, 0.005564941398059666, 0.005564941398059666, 0.005564941398059666, 0.005564941398059666, 0.005564941398059666, 0.005564941398059666, 0.005564941398059666, 0.005564941398059666, 0.005564941398059666, 0.005564941398059666, 0.005564941398059666, 0.005564941398059666, 0.005564941398059666, 0.005564941398059666, 0.005809082023059666], "HBA": [0.0043, 0.0047201533559749305, 0.004874468390117132, 0.004997742551852832, 0.00508545800292954, 0.0051343601497337845, 0.0051343601497337845, 0.005192631812224315, 0.005255619970450568, 0.005255619970450568, 0.005255619970450568, 0.005329936260581365, 0.005329936260581365, 0.005329936260581365, 0.005329936260581365, 0.005329936260581365, 0.0054279658655220575, 0.0054279658655220575, 0.0054279658655220575, 0.0054279658655220575, 0.0054279658655220575, 0.0054279658655220575, 0.0054279658655220575, 0.0054279658655220575, 0.0054279658655220575, 0.0054279658655220575, 0.0054279658655220575, 0.0054279658655220575, 0.0054279658655220575, 0.0054279658655220575, 0.0054279658655220575, 0.0054279658655220575, 0.0054279658655220575, 0.0054279658655220575, 0.0054279658655220575, 0.0054279658655220575, 0.0054279658655220575, 0.0054279658655220575, 0.0054279658655220575, 0.0054279658655220575, 0.0054279658655220575, 0.0054279658655220575, 0.0054279658655220575, 0.0054279658655220575, 0.0054279658655220575, 0.0054279658655220575, 0.0054279658655220575, 0.0054279658655220575, 0.0054279658655220575, 0.0054279658655220575, 0.0054279658655220575, 0.0054279658655220575, 0.0054279658655220575, 0.0054279658655220575, 0.0054279658655220575, 0.0054279658655220575, 0.0054279658655220575, 0.0054279658655220575, 0.0054279658655220575, 0.0054279658655220575, 0.0054279658655220575, 0.0054279658655220575, 0.0054279658655220575, 0.0054279658655220575, 0.0054279658655220575, 0.0054279658655220575, 0.0054279658655220575, 0.0054279658655220575, 0.0054279658655220575, 0.0054279658655220575, 0.0054279658655220575, 0.0064685485918488], "HCA": [0.0043, 0.0047201533559749305, 0.004874468390117132, 0.004874468390117132, 0.005102737199467022, 0.005150962508108998, 0.005203472485004608, 0.005260004793218752, 0.005260004793218752, 0.005260004793218752, 0.005327191033476748, 0.005327191033476748, 0.005327191033476748, 0.005327191033476748, 0.005327191033476748, 0.005327191033476748, 0.005419646654778522, 0.005419646654778522, 0.005419646654778522, 0.005419646654778522, 0.005419646654778522, 0.005419646654778522, 0.005419646654778522, 0.005419646654778522, 0.005419646654778522, 0.005419646654778522, 0.005419646654778522, 0.005419646654778522, 0.005419646654778522, 0.005419646654778522, 0.005419646654778522, 0.005419646654778522, 0.005419646654778522, 0.005419646654778522, 0.005642413417977453], "HPRA": [0.0043, 0.0043, 0.004762945102426604, 0.004933819552424468, 0.004933819552424468, 0.004933819552424468, 0.004933819552424468, 0.005407192333489557, 0.005407192333489557, 0.005407192333489557, 0.005407192333489557, 0.005407192333489557, 0.005407192333489557, 0.005407192333489557, 0.005407192333489557, 0.005407192333489557, 0.005407192333489557, 0.005619754773706371, 0.005619754773706371, 0.005619754773706371, 0.005619754773706371, 0.005619754773706371, 0.005619754773706371, 0.005619754773706371, 0.005619754773706371, 0.005619754773706371, 0.005619754773706371, 0.005619754773706371, 0.005619754773706371, 0.005619754773706371, 0.005619754773706371, 0.005619754773706371, 0.005619754773706371, 0.005863895398706371]}