{"HDA": [0.025689655172413794, 0.055, 0.08499999999999999, 0.11810344827586206, 0.15120689655172412, 0.18431034482758618, 0.21741379310344824, 0.2508620689655172, 0.2844827586206896, 0.318103448275862, 0.3517241379310344, 0.3853448275862068, 0.4193103448275861, 0.4532758620689654, 0.4872413793103447, 0.521206896551724, 0.5551724137931033, 0.5891379310344826, 0.6232758620689653, 0.657413793103448, 0.6915517241379308, 0.7256896551724135, 0.7598275862068962, 0.7939655172413789, 0.8281034482758616, 0.8622413793103443, 0.896379310344827, 0.9305172413793097, 0.9648275862068959], "HBA": [0.010205479452054795, 0.02184931506849315, 0.03417808219178082, 0.047328767123287666, 0.06047945205479451, 0.0736986301369863, 0.08691780821917808, 0.1002054794520548, 0.11363013698630137, 0.12712328767123288, 0.14061643835616439, 0.1541095890410959, 0.1676027397260274, 0.18109589041095892, 0.19458904109589042, 0.20808219178082193, 0.22157534246575344, 0.23506849315068495, 0.2486301369863014, 0.26219178082191785, 0.2757534246575343, 0.2893150684931507, 0.3028767123287671, 0.31643835616438354, 0.32999999999999996, 0.3435616438356164, 0.3571232876712328, 0.3706849315068492, 0.38424657534246565, 0.39780821917808207, 0.4113698630136985, 0.4249315068493149, 0.43849315068493133, 0.45205479452054775, 0.4656164383561642, 0.4791780821917806, 0.492739726027397, 0.5063013698630134, 0.5198630136986299, 0.5334246575342463, 0.5469863013698627, 0.5605479452054791, 0.5741095890410955, 0.587671232876712, 0.6012328767123284, 0.6147945205479448, 0.6283561643835612, 0.6419178082191777, 0.6554794520547941, 0.6690410958904105, 0.6826027397260269, 0.6961643835616433, 0.7097260273972598, 0.7232876712328762, 0.7368493150684926, 0.750410958904109, 0.7639726027397254, 0.7775342465753419, 0.7910958904109583, 0.8046575342465747, 0.8182191780821911, 0.8317808219178076, 0.845342465753424, 0.8589041095890404, 0.8724657534246568, 0.8860273972602732, 0.8995890410958897, 0.9131506849315061, 0.9267123287671225, 0.9402739726027389, 0.9538356164383553, 0.9673972602739718, 0.9810273972602731], "HCA": [0.02403225806451613, 0.05145161290322581, 0.08048387096774194, 0.1114516129032258, 0.14241935483870968, 0.17338709677419356, 0.20451612903225808, 0.23580645161290323, 0.26741935483870966, 0.2991935483870968, 0.3309677419354839, 0.362741935483871, 0.39451612903225813, 0.42629032258064525, 0.4580645161290324, 0.4898387096774195, 0.5216129032258066, 0.5533870967741936, 0.5853225806451614, 0.6172580645161292, 0.649193548387097, 0.6811290322580648, 0.7130645161290325, 0.7450000000000003, 0.7769354838709681, 0.8088709677419359, 0.8408064516129037, 0.8727419354838715, 0.9046774193548393, 0.936612903225807, 0.9687096774193554], "HPRA": [0.024833333333333332, 0.05316666666666667, 0.0815, 0.1135, 0.14550000000000002, 0.17750000000000002, 0.20950000000000002, 0.24183333333333334, 0.2743333333333333, 0.3068333333333333, 0.33933333333333326, 0.37183333333333324, 0.4043333333333332, 0.4368333333333332, 0.46933333333333316, 0.5018333333333331, 0.5343333333333331, 0.5668333333333331, 0.5998333333333331, 0.6328333333333331, 0.6658333333333332, 0.6988333333333332, 0.7318333333333332, 0.7648333333333333, 0.7978333333333333, 0.8308333333333333, 0.8638333333333333, 0.8968333333333334, 0.9298333333333334, 0.9630000000000001]}