{"HDA": [0.003725, 0.004469047619047619, 0.004633413168028552, 0.005466399423755333, 0.005466399423755333, 0.005466399423755333, 0.005466399423755333, 0.005605288312644222, 0.005680902679373901, 0.005680902679373901, 0.005680902679373901, 0.005680902679373901, 0.005873136435621498, 0.005873136435621498, 0.005873136435621498, 0.005873136435621498, 0.005873136435621498, 0.005873136435621498, 0.006014859791630568, 0.006014859791630568, 0.006014859791630568, 0.006014859791630568, 0.006014859791630568, 0.006014859791630568, 0.006014859791630568, 0.006014859791630568, 0.006014859791630568, 0.006014859791630568, 0.006266812424535582], "HBA": [0.003725, 0.004469047619047619, 0.004845426105253348, 0.00535141362422788, 0.00535141362422788, 0.00540392360112349, 0.00540392360112349, 0.005466911759349743, 0.005601284239865734, 0.00567310268284189, 0.00567310268284189, 0.00567310268284189, 0.00567310268284189, 0.00567310268284189, 0.00567310268284189, 0.00567310268284189, 0.00567310268284189, 0.00567310268284189, 0.005793861045358494, 0.005793861045358494, 0.005793861045358494, 0.005793861045358494, 0.005793861045358494, 0.005793861045358494, 0.005793861045358494, 0.005793861045358494, 0.005793861045358494, 0.005793861045358494, 0.005793861045358494, 0.005793861045358494, 0.005793861045358494, 0.005793861045358494, 0.005793861045358494, 0.005793861045358494, 0.005793861045358494, 0.005793861045358494, 0.005793861045358494, 0.005793861045358494, 0.005793861045358494, 0.005793861045358494, 0.005793861045358494, 0.005793861045358494, 0.005793861045358494, 0.005793861045358494, 0.005793861045358494, 0.005793861045358494, 0.005793861045358494, 0.005793861045358494, 0.005793861045358494, 0.005793861045358494, 0.005793861045358494, 0.005793861045358494, 0.005793861045358494, 0.005793861045358494, 0.005793861045358494, 0.005793861045358494, 0.005793861045358494, 0.005793861045358494, 0.005793861045358494, 0.005793861045358494, 0.005793861045358494, 0.005793861045358494, 0.005793861045358494, 0.005793861045358494, 0.005793861045358494, 0.005793861045358494, 0.005793861045358494, 0.005793861045358494, 0.005793861045358494, 0.005793861045358494, 0.005793861045358494, 0.005793861045358494, 0.007529972156469605], "HCA": [0.003725, 0.004469047619047619, 0.004845426105253348, 0.00535141362422788, 0.00535141362422788, 0.00535141362422788, 0.00540968528671841, 0.0054726734449446635, 0.005607045925460654, 0.00567886436843681, 0.00567886436843681, 0.00567886436843681, 0.00567886436843681, 0.00567886436843681, 0.00567886436843681, 0.00567886436843681, 0.00567886436843681, 0.00567886436843681, 0.005799622730953414, 0.005799622730953414, 0.005799622730953414, 0.005799622730953414, 0.005799622730953414, 0.005799622730953414, 0.005799622730953414, 0.005799622730953414, 0.005799622730953414, 0.005799622730953414, 0.005799622730953414, 0.005799622730953414, 0.0060291911423400076], "HPRA": [0.003725, 0.004469047619047619, 0.004469047619047619, 0.005487141931602573, 0.005487141931602573, 0.005487141931602573, 0.005487141931602573, 0.005626030820491462, 0.0057016451872211405, 0.0057016451872211405, 0.0057016451872211405, 0.0057016451872211405, 0.0057016451872211405, 0.0057016451872211405, 0.0057016451872211405, 0.0057016451872211405, 0.0057016451872211405, 0.0057016451872211405, 0.006126815255248351, 0.006126815255248351, 0.006126815255248351, 0.006126815255248351, 0.006126815255248351, 0.006126815255248351, 0.006126815255248351, 0.006126815255248351, 0.006126815255248351, 0.006126815255248351, 0.006126815255248351, 0.006395560216280332]}