{"HDA": [0.021666666666666667, 0.046818181818181814, 0.07545454545454544, 0.10439393939393937, 0.1333333333333333, 0.16227272727272724, 0.19166666666666662, 0.221060606060606, 0.25045454545454543, 0.27999999999999997, 0.3098484848484848, 0.33969696969696966, 0.3695454545454545, 0.39939393939393936, 0.4292424242424242, 0.45909090909090905, 0.489090909090909, 0.519090909090909, 0.5490909090909091, 0.5790909090909091, 0.6090909090909091, 0.6390909090909092, 0.6690909090909092, 0.6990909090909092, 0.7290909090909092, 0.7590909090909093, 0.7890909090909093, 0.8190909090909093, 0.8490909090909093, 0.8790909090909094, 0.9090909090909094, 0.9390909090909094, 0.9692424242424246], "HBA": [0.010833333333333334, 0.023409090909090907, 0.03772727272727272, 0.052196969696969686, 0.06689393939393938, 0.08159090909090908, 0.09636363636363635, 0.11113636363636362, 0.1259090909090909, 0.14068181818181816, 0.15560606060606058, 0.170530303030303, 0.18545454545454543, 0.20037878787878785, 0.21530303030303027, 0.2302272727272727, 0.24522727272727268, 0.2602272727272727, 0.2752272727272727, 0.2902272727272727, 0.30522727272727274, 0.32022727272727275, 0.33522727272727276, 0.3502272727272728, 0.3652272727272728, 0.3802272727272728, 0.3952272727272728, 0.41022727272727283, 0.42522727272727284, 0.44022727272727286, 0.45522727272727287, 0.4702272727272729, 0.4852272727272729, 0.5002272727272729, 0.5152272727272729, 0.5302272727272729, 0.5452272727272729, 0.5602272727272729, 0.5752272727272729, 0.5902272727272729, 0.605227272727273, 0.620227272727273, 0.635227272727273, 0.650227272727273, 0.665227272727273, 0.680227272727273, 0.695227272727273, 0.710227272727273, 0.725227272727273, 0.7402272727272731, 0.7552272727272731, 0.7702272727272731, 0.7852272727272731, 0.8002272727272731, 0.8152272727272731, 0.8302272727272731, 0.8452272727272732, 0.8602272727272732, 0.8752272727272732, 0.8902272727272732, 0.9052272727272732, 0.9202272727272732, 0.9352272727272732, 0.9502272727272733, 0.9652272727272733, 0.9803030303030309], "HCA": [0.021666666666666667, 0.046818181818181814, 0.07545454545454544, 0.10439393939393937, 0.1333333333333333, 0.1627272727272727, 0.19212121212121208, 0.22151515151515147, 0.25090909090909086, 0.2804545454545454, 0.31030303030303025, 0.3401515151515151, 0.36999999999999994, 0.3998484848484848, 0.42969696969696963, 0.4595454545454545, 0.4895454545454545, 0.5195454545454545, 0.5495454545454546, 0.5795454545454546, 0.6095454545454546, 0.6395454545454546, 0.6695454545454547, 0.6995454545454547, 0.7295454545454547, 0.7595454545454547, 0.7895454545454548, 0.8195454545454548, 0.8495454545454548, 0.8795454545454549, 0.9095454545454549, 0.9395454545454549, 0.9696969696969701], "HPRA": [0.021666666666666667, 0.043333333333333335, 0.07196969696969696, 0.10090909090909089, 0.12984848484848482, 0.15878787878787876, 0.1877272727272727, 0.21666666666666662, 0.246060606060606, 0.2754545454545454, 0.30530303030303024, 0.3351515151515151, 0.36499999999999994, 0.3948484848484848, 0.42469696969696963, 0.4545454545454545, 0.4845454545454545, 0.5145454545454545, 0.5445454545454546, 0.5745454545454546, 0.6045454545454546, 0.6345454545454546, 0.6645454545454547, 0.6945454545454547, 0.7245454545454547, 0.7545454545454547, 0.7845454545454548, 0.8145454545454548, 0.8445454545454548, 0.8745454545454548, 0.9045454545454549, 0.9345454545454549, 0.96469696969697]}