{"HDA": [0.003575, 0.004309144083756264, 0.005207581583756264, 0.005305385877364753, 0.005305385877364753, 0.005305385877364753, 0.005497385877364753, 0.005497385877364753, 0.005497385877364753, 0.0055800305054639265, 0.0057580297934667745, 0.0057580297934667745, 0.0057580297934667745, 0.0057580297934667745, 0.0057580297934667745, 0.0057580297934667745, 0.005890147642588191, 0.005890147642588191, 0.005890147642588191, 0.005890147642588191, 0.005890147642588191, 0.005890147642588191, 0.005890147642588191, 0.005890147642588191, 0.005890147642588191, 0.005890147642588191, 0.005890147642588191, 0.005890147642588191, 0.005890147642588191, 0.005890147642588191, 0.005890147642588191, 0.005890147642588191, 0.006233083170708904], "HBA": [0.003575, 0.004309144083756264, 0.005207581583756264, 0.005305385877364753, 0.005467583109198663, 0.005467583109198663, 0.005531583109198663, 0.005531583109198663, 0.005531583109198663, 0.005531583109198663, 0.005709582397201511, 0.005709582397201511, 0.005709582397201511, 0.005709582397201511, 0.005709582397201511, 0.005709582397201511, 0.005841700246322927, 0.005841700246322927, 0.005841700246322927, 0.005841700246322927, 0.005841700246322927, 0.005841700246322927, 0.005841700246322927, 0.005841700246322927, 0.005841700246322927, 0.005841700246322927, 0.005841700246322927, 0.005841700246322927, 0.005841700246322927, 0.005841700246322927, 0.005841700246322927, 0.005841700246322927, 0.005841700246322927, 0.005841700246322927, 0.005841700246322927, 0.005841700246322927, 0.005841700246322927, 0.005841700246322927, 0.005841700246322927, 0.005841700246322927, 0.005841700246322927, 0.005841700246322927, 0.005841700246322927, 0.005841700246322927, 0.005841700246322927, 0.005841700246322927, 0.005841700246322927, 0.005841700246322927, 0.005841700246322927, 0.005841700246322927, 0.005841700246322927, 0.005841700246322927, 0.005841700246322927, 0.005841700246322927, 0.005841700246322927, 0.005841700246322927, 0.005841700246322927, 0.005841700246322927, 0.005841700246322927, 0.005841700246322927, 0.005841700246322927, 0.005841700246322927, 0.005841700246322927, 0.005841700246322927, 0.005841700246322927, 0.008109273942468052], "HCA": [0.003575, 0.004309144083756264, 0.005207581583756264, 0.005305385877364753, 0.005305385877364753, 0.005482900670264162, 0.005482900670264162, 0.005482900670264162, 0.005482900670264162, 0.005565545298363335, 0.005743544586366183, 0.005743544586366183, 0.005743544586366183, 0.005743544586366183, 0.005743544586366183, 0.005743544586366183, 0.005875662435487599, 0.005875662435487599, 0.005875662435487599, 0.005875662435487599, 0.005875662435487599, 0.005875662435487599, 0.005875662435487599, 0.005875662435487599, 0.005875662435487599, 0.005875662435487599, 0.005875662435487599, 0.005875662435487599, 0.005875662435487599, 0.005875662435487599, 0.005875662435487599, 0.005875662435487599, 0.006218597963608312], "HPRA": [0.003575, 0.003575, 0.005371875, 0.005469679293608489, 0.005469679293608489, 0.005469679293608489, 0.005469679293608489, 0.005469679293608489, 0.005696522393797525, 0.005696522393797525, 0.005963521325801796, 0.005963521325801796, 0.005963521325801796, 0.005963521325801796, 0.005963521325801796, 0.005963521325801796, 0.006095639174923213, 0.006095639174923213, 0.006095639174923213, 0.006095639174923213, 0.006095639174923213, 0.006095639174923213, 0.006095639174923213, 0.006095639174923213, 0.006095639174923213, 0.006095639174923213, 0.006095639174923213, 0.006095639174923213, 0.006095639174923213, 0.006095639174923213, 0.006095639174923213, 0.006095639174923213, 0.006438574703043926]}