{"HDA": [0.001868639680816141, 0.0036796793706437092, 0.004117722092692719, 0.0044561227590817236, 0.00461391368610342, 0.00461391368610342, 0.00461391368610342, 0.00461391368610342, 0.00461391368610342, 0.004835520334302865, 0.004835520334302865, 0.004863813679708026, 0.004863813679708026, 0.004863813679708026, 0.004863813679708026, 0.004922887403715587, 0.0049527479549413625, 0.0049527479549413625, 0.0049527479549413625, 0.0049527479549413625, 0.004983957967113267, 0.004983957967113267, 0.004983957967113267, 0.004983957967113267, 0.004983957967113267, 0.004983957967113267, 0.004983957967113267, 0.004983957967113267, 0.004983957967113267, 0.004983957967113267, 0.005053983526442422, 0.00508941436544469, 0.00508941436544469, 0.00508941436544469, 0.00508941436544469, 0.00508941436544469, 0.00508941436544469, 0.00508941436544469, 0.00508941436544469, 0.00508941436544469, 0.005128969762778656, 0.005128969762778656, 0.005128969762778656, 0.005128969762778656, 0.005128969762778656, 0.005128969762778656, 0.005128969762778656, 0.005128969762778656, 0.005128969762778656, 0.005128969762778656, 0.005128969762778656, 0.005128969762778656, 0.005128969762778656, 0.005128969762778656, 0.005128969762778656, 0.005128969762778656, 0.005128969762778656, 0.005128969762778656, 0.005128969762778656, 0.005128969762778656, 0.005128969762778656, 0.005128969762778656, 0.005128969762778656, 0.005128969762778656, 0.005128969762778656, 0.0051846614535783885], "HBA": [0.003181737834903159, 0.003666382258941523, 0.004439398827263304, 0.004439398827263304, 0.004597189754285, 0.004783181889474712, 0.0048100282477662095, 0.0048371549838773205, 0.0048371549838773205, 0.0048371549838773205, 0.0048651497208667665, 0.004893443066271927, 0.004893443066271927, 0.004893443066271927, 0.004893443066271927, 0.004922979928275708, 0.004922979928275708, 0.0049531695189048595, 0.004983693617680843, 0.005014557815211707, 0.005014557815211707, 0.005014557815211707, 0.005014557815211707, 0.005014557815211707, 0.005014557815211707, 0.005014557815211707, 0.005014557815211707, 0.005014557815211707, 0.005048756372032609, 0.005048756372032609, 0.005048756372032609, 0.005048756372032609, 0.005048756372032609, 0.005048756372032609, 0.005048756372032609, 0.005048756372032609, 0.005048756372032609, 0.005048756372032609, 0.005048756372032609, 0.005048756372032609, 0.0050883117693665755, 0.0050883117693665755, 0.0050883117693665755, 0.0050883117693665755, 0.0050883117693665755, 0.0050883117693665755, 0.0050883117693665755, 0.0050883117693665755, 0.0050883117693665755, 0.0050883117693665755, 0.0050883117693665755, 0.0050883117693665755, 0.0050883117693665755, 0.0050883117693665755, 0.0050883117693665755, 0.0050883117693665755, 0.0050883117693665755, 0.0050883117693665755, 0.0050883117693665755, 0.0050883117693665755, 0.0050883117693665755, 0.0050883117693665755, 0.0050883117693665755, 0.0050883117693665755, 0.0050883117693665755, 0.0050883117693665755, 0.0050883117693665755, 0.0050883117693665755, 0.0050883117693665755, 0.0050883117693665755, 0.0050883117693665755, 0.0050883117693665755, 0.0050883117693665755, 0.0050883117693665755, 0.0050883117693665755, 0.0050883117693665755, 0.0050883117693665755, 0.0050883117693665755, 0.0050883117693665755, 0.0050883117693665755, 0.0050883117693665755, 0.0050883117693665755, 0.0050883117693665755, 0.0050883117693665755, 0.0050883117693665755, 0.0050883117693665755, 0.0050883117693665755, 0.0050883117693665755, 0.0050883117693665755, 0.0050883117693665755, 0.0050883117693665755, 0.0050883117693665755, 0.0050883117693665755, 0.0050883117693665755, 0.0050883117693665755, 0.0050883117693665755, 0.0050883117693665755, 0.0050883117693665755, 0.0050883117693665755, 0.0050883117693665755, 0.0050883117693665755, 0.0050883117693665755, 0.0050883117693665755, 0.0050883117693665755, 0.0050883117693665755, 0.0050883117693665755, 0.0050883117693665755, 0.0050883117693665755, 0.0050883117693665755, 0.0050883117693665755, 0.0050883117693665755, 0.0050883117693665755, 0.0050883117693665755, 0.0050883117693665755, 0.0050883117693665755, 0.0050883117693665755, 0.0050883117693665755, 0.0050883117693665755, 0.0050883117693665755, 0.0050883117693665755, 0.0050883117693665755, 0.0050883117693665755, 0.0050883117693665755, 0.0050883117693665755, 0.0050883117693665755, 0.0050883117693665755, 0.0050883117693665755, 0.0050883117693665755, 0.0050883117693665755, 0.0050883117693665755, 0.0050883117693665755, 0.0050883117693665755, 0.0050883117693665755, 0.0050883117693665755, 0.0050883117693665755, 0.0050883117693665755, 0.0050883117693665755, 0.0050883117693665755, 0.0050883117693665755, 0.0050883117693665755, 0.0050883117693665755, 0.0050883117693665755, 0.0050883117693665755, 0.0050883117693665755, 0.0050883117693665755, 0.0050883117693665755, 0.0050883117693665755, 0.0050883117693665755, 0.0050883117693665755, 0.0050883117693665755, 0.0050883117693665755, 0.0050883117693665755, 0.0050883117693665755, 0.0050883117693665755, 0.0050883117693665755, 0.0050883117693665755, 0.0050883117693665755, 0.0050883117693665755, 0.0050883117693665755, 0.0050883117693665755, 0.0050883117693665755, 0.0050883117693665755, 0.0050883117693665755, 0.0050883117693665755, 0.0050883117693665755, 0.0050883117693665755, 0.0050883117693665755, 0.0050883117693665755, 0.0050883117693665755, 0.0050883117693665755, 0.0050883117693665755, 0.0050883117693665755, 0.0050883117693665755, 0.0050883117693665755, 0.0050883117693665755, 0.0050883117693665755, 0.0050883117693665755, 0.0050883117693665755, 0.0073558854655117], "HCA": [0.003181737834903159, 0.003666382258941523, 0.004439398827263304, 0.004439398827263304, 0.004597189754285, 0.004783181889474712, 0.0048100282477662095, 0.0048100282477662095, 0.0048100282477662095, 0.00483772907879114, 0.00483772907879114, 0.00483772907879114, 0.00483772907879114, 0.004895539230253737, 0.004895539230253737, 0.004895539230253737, 0.004925399781479513, 0.004955589372108664, 0.004955589372108664, 0.004986453569639528, 0.005017663581811433, 0.005017663581811433, 0.005017663581811433, 0.005017663581811433, 0.005017663581811433, 0.005017663581811433, 0.005017663581811433, 0.005017663581811433, 0.005051862138632335, 0.005051862138632335, 0.005051862138632335, 0.005051862138632335, 0.005051862138632335, 0.005051862138632335, 0.005051862138632335, 0.005051862138632335, 0.005051862138632335, 0.005051862138632335, 0.005051862138632335, 0.005051862138632335, 0.005091417535966301, 0.005091417535966301, 0.005091417535966301, 0.005091417535966301, 0.005091417535966301, 0.005091417535966301, 0.005091417535966301, 0.005091417535966301, 0.005091417535966301, 0.005091417535966301, 0.005091417535966301, 0.005091417535966301, 0.005091417535966301, 0.005091417535966301, 0.005091417535966301, 0.005091417535966301, 0.005091417535966301, 0.005091417535966301, 0.005091417535966301, 0.005091417535966301, 0.005091417535966301, 0.005091417535966301, 0.005091417535966301, 0.005091417535966301, 0.005091417535966301, 0.0051471092267660334],