{"HDA": [0.003625, 0.004302944214876033, 0.004625652092533891, 0.005179427655209418, 0.005179427655209418, 0.005179427655209418, 0.005282941966062894, 0.005396006582491183, 0.005457041738741183, 0.005457041738741183, 0.005457041738741183, 0.005457041738741183, 0.005457041738741183, 0.005457041738741183, 0.005457041738741183, 0.005661102548862599, 0.005661102548862599, 0.005781860911379203, 0.005781860911379203, 0.005781860911379203, 0.005781860911379203, 0.005942091643633649, 0.005942091643633649, 0.005942091643633649, 0.005942091643633649, 0.005942091643633649, 0.005942091643633649, 0.005942091643633649, 0.005942091643633649, 0.006202237325215335], "HBA": [0.004375, 0.004556137543774907, 0.004622962362512586, 0.004802244516766952, 0.004880369516766952, 0.004965806741765884, 0.004965806741765884, 0.005014708888570129, 0.005014708888570129, 0.005071241196784273, 0.005071241196784273, 0.0051352411967842725, 0.00520354254232078, 0.005276593897423416, 0.005276593897423416, 0.005276593897423416, 0.005363937770250737, 0.005363937770250737, 0.005363937770250737, 0.005363937770250737, 0.005363937770250737, 0.005363937770250737, 0.005363937770250737, 0.005363937770250737, 0.005363937770250737, 0.005363937770250737, 0.005363937770250737, 0.005363937770250737, 0.005363937770250737, 0.005363937770250737, 0.005363937770250737, 0.005363937770250737, 0.005363937770250737, 0.005363937770250737, 0.005363937770250737, 0.005363937770250737, 0.005363937770250737, 0.005363937770250737, 0.005363937770250737, 0.005363937770250737, 0.005363937770250737, 0.005363937770250737, 0.005363937770250737, 0.005363937770250737, 0.005363937770250737, 0.005363937770250737, 0.005363937770250737, 0.005363937770250737, 0.005363937770250737, 0.005363937770250737, 0.005363937770250737, 0.005363937770250737, 0.005363937770250737, 0.005363937770250737, 0.005363937770250737, 0.005363937770250737, 0.005363937770250737, 0.005363937770250737, 0.005363937770250737, 0.005363937770250737, 0.005363937770250737, 0.005363937770250737, 0.005363937770250737, 0.005363937770250737, 0.005363937770250737, 0.005363937770250737, 0.005363937770250737, 0.005363937770250737, 0.005363937770250737, 0.005363937770250737, 0.005363937770250737, 0.005363937770250737, 0.005363937770250737, 0.005363937770250737, 0.005363937770250737, 0.005363937770250737, 0.005363937770250737, 0.005363937770250737, 0.005363937770250737, 0.005363937770250737, 0.005363937770250737, 0.005363937770250737, 0.005363937770250737, 0.005363937770250737, 0.005363937770250737, 0.005363937770250737, 0.005363937770250737, 0.005363937770250737, 0.005363937770250737, 0.005363937770250737, 0.005363937770250737, 0.005363937770250737, 0.005363937770250737, 0.015363937770250738], "HCA": [0.004375, 0.004556137543774907, 0.004556137543774907, 0.004810165704611022, 0.004888290704611022, 0.004973727929609954, 0.004973727929609954, 0.005022630076414199, 0.005022630076414199, 0.005077499760913513, 0.005136671358546649, 0.005199659516772902, 0.005266845757030897, 0.005266845757030897, 0.005266845757030897, 0.005266845757030897, 0.005266845757030897, 0.005355845401032322, 0.005355845401032322, 0.005355845401032322, 0.005355845401032322, 0.005355845401032322, 0.005355845401032322, 0.005355845401032322, 0.005355845401032322, 0.005355845401032322, 0.005355845401032322, 0.005355845401032322, 0.005355845401032322, 0.005355845401032322, 0.005355845401032322, 0.005355845401032322, 0.005355845401032322, 0.005355845401032322, 0.005355845401032322, 0.005355845401032322, 0.005355845401032322, 0.005592531791564866], "HPRA": [0.003625, 0.004302944214876033, 0.004302944214876033, 0.005212718353557256, 0.005212718353557256, 0.005212718353557256, 0.005316232664410732, 0.005316232664410732, 0.005438302976910732, 0.005438302976910732, 0.005438302976910732, 0.005438302976910732, 0.005438302976910732, 0.005438302976910732, 0.005438302976910732, 0.005438302976910732, 0.005770712949209901, 0.005770712949209901, 0.005770712949209901, 0.005770712949209901, 0.005770712949209901, 0.006091174413718793, 0.006091174413718793, 0.006091174413718793, 0.006091174413718793, 0.006091174413718793, 0.006091174413718793, 0.006091174413718793, 0.006091174413718793, 0.006351320095300479]}