{"HDA": [0.00415, 0.004724634937804218, 0.004877050728080091, 0.004877050728080091, 0.004877050728080091, 0.004877050728080091, 0.004877050728080091, 0.004877050728080091, 0.004877050728080091, 0.004877050728080091, 0.005594525217876009, 0.005594525217876009, 0.005594525217876009, 0.005594525217876009, 0.005698648499841857, 0.005698648499841857, 0.005698648499841857, 0.005698648499841857, 0.005833856720501673, 0.005833856720501673, 0.005833856720501673, 0.005833856720501673, 0.005833856720501673, 0.005833856720501673, 0.005833856720501673, 0.005833856720501673, 0.005833856720501673, 0.005833856720501673, 0.005833856720501673, 0.005833856720501673, 0.005833856720501673, 0.006121130492406299], "HBA": [0.00415, 0.004724634937804218, 0.004869793886853427, 0.004950933081141228, 0.005036370306140159, 0.005130196539955134, 0.005130196539955134, 0.005185888230754866, 0.005246923387004866, 0.005313021608962696, 0.005313021608962696, 0.005313021608962696, 0.0053941838522871014, 0.0053941838522871014, 0.0053941838522871014, 0.0053941838522871014, 0.0053941838522871014, 0.0053941838522871014, 0.005509804155212295, 0.005509804155212295, 0.005509804155212295, 0.005509804155212295, 0.005509804155212295, 0.005509804155212295, 0.005509804155212295, 0.005509804155212295, 0.005509804155212295, 0.005509804155212295, 0.005509804155212295, 0.005509804155212295, 0.005509804155212295, 0.005509804155212295, 0.005509804155212295, 0.005509804155212295, 0.005509804155212295, 0.005509804155212295, 0.005509804155212295, 0.005509804155212295, 0.005509804155212295, 0.005509804155212295, 0.005509804155212295, 0.005509804155212295, 0.005509804155212295, 0.005509804155212295, 0.005509804155212295, 0.005509804155212295, 0.005509804155212295, 0.005509804155212295, 0.005509804155212295, 0.005509804155212295, 0.005509804155212295, 0.005509804155212295, 0.005509804155212295, 0.005509804155212295, 0.005509804155212295, 0.005509804155212295, 0.005509804155212295, 0.005509804155212295, 0.005509804155212295, 0.005509804155212295, 0.005509804155212295, 0.005509804155212295, 0.005509804155212295, 0.005509804155212295, 0.005509804155212295, 0.005509804155212295, 0.005509804155212295, 0.005509804155212295, 0.005509804155212295, 0.005509804155212295, 0.005509804155212295, 0.0069890940960406975], "HCA": [0.00415, 0.004724634937804218, 0.004869793886853427, 0.004869793886853427, 0.004869793886853427, 0.00515914573870528, 0.00515914573870528, 0.005214837429505012, 0.005275872585755012, 0.005341970807712842, 0.005341970807712842, 0.005341970807712842, 0.0054231330510372475, 0.0054231330510372475, 0.0054231330510372475, 0.0054231330510372475, 0.0054231330510372475, 0.0054231330510372475, 0.005538753353962441, 0.005538753353962441, 0.005538753353962441, 0.005538753353962441, 0.005538753353962441, 0.005538753353962441, 0.005538753353962441, 0.005538753353962441, 0.005538753353962441, 0.005538753353962441, 0.005538753353962441, 0.005538753353962441, 0.005538753353962441, 0.005768321765349035], "HPRA": [0.00415, 0.004724634937804218, 0.004877050728080091, 0.004877050728080091, 0.004877050728080091, 0.004877050728080091, 0.004877050728080091, 0.004877050728080091, 0.004877050728080091, 0.004877050728080091, 0.004877050728080091, 0.005305720138230983, 0.0057679982447398585, 0.0057679982447398585, 0.0057679982447398585, 0.0057679982447398585, 0.0057679982447398585, 0.005897130476144817, 0.005897130476144817, 0.005897130476144817, 0.005897130476144817, 0.005897130476144817, 0.005897130476144817, 0.005897130476144817, 0.005897130476144817, 0.005897130476144817, 0.005897130476144817, 0.005897130476144817, 0.005897130476144817, 0.005897130476144817, 0.005897130476144817, 0.006184404248049442]}