{"HDA": [0.0259375, 0.05453125, 0.08375, 0.11296875, 0.14218750000000002, 0.17140625000000004, 0.20062500000000005, 0.22984375000000007, 0.2590625000000001, 0.2882812500000001, 0.3189062500000001, 0.3495312500000001, 0.38015625000000014, 0.41078125000000015, 0.44156250000000014, 0.4723437500000001, 0.5031250000000002, 0.5339062500000001, 0.5648437500000001, 0.59578125, 0.62671875, 0.6576562499999999, 0.6885937499999999, 0.7195312499999998, 0.7504687499999998, 0.7814062499999997, 0.8123437499999997, 0.8432812499999996, 0.8742187499999996, 0.9051562499999996, 0.9360937499999995, 0.9671874999999995], "HBA": [0.011527777777777777, 0.02423611111111111, 0.037222222222222226, 0.050347222222222224, 0.06361111111111112, 0.0770138888888889, 0.09041666666666667, 0.10388888888888889, 0.11743055555555557, 0.13104166666666667, 0.14465277777777777, 0.15826388888888887, 0.17194444444444443, 0.18562499999999998, 0.19930555555555554, 0.2129861111111111, 0.22666666666666666, 0.2403472222222222, 0.2540972222222222, 0.2678472222222222, 0.28159722222222217, 0.29534722222222215, 0.30909722222222213, 0.3228472222222221, 0.3365972222222221, 0.3503472222222221, 0.36409722222222207, 0.37784722222222206, 0.39159722222222204, 0.405347222222222, 0.419097222222222, 0.432847222222222, 0.446597222222222, 0.46034722222222196, 0.47409722222222195, 0.48784722222222193, 0.5015972222222219, 0.515347222222222, 0.529097222222222, 0.542847222222222, 0.5565972222222221, 0.5703472222222221, 0.5840972222222222, 0.5978472222222222, 0.6115972222222222, 0.6253472222222223, 0.6390972222222223, 0.6528472222222224, 0.6665972222222224, 0.6803472222222224, 0.6940972222222225, 0.7078472222222225, 0.7215972222222226, 0.7353472222222226, 0.7490972222222226, 0.7628472222222227, 0.7765972222222227, 0.7903472222222228, 0.8040972222222228, 0.8178472222222228, 0.8315972222222229, 0.8453472222222229, 0.859097222222223, 0.872847222222223, 0.886597222222223, 0.9003472222222231, 0.9140972222222231, 0.9278472222222232, 0.9415972222222232, 0.9553472222222232, 0.9690972222222233, 0.9829166666666678], "HCA": [0.0259375, 0.05453125, 0.08375, 0.11296875, 0.14218750000000002, 0.17234375000000002, 0.2025, 0.2328125, 0.26328125, 0.29390625000000004, 0.32453125000000005, 0.35515625000000006, 0.38593750000000004, 0.41671875, 0.4475, 0.47828125, 0.5090625, 0.53984375, 0.5707812499999999, 0.6017187499999999, 0.6326562499999998, 0.6635937499999998, 0.6945312499999997, 0.7254687499999997, 0.7564062499999996, 0.7873437499999996, 0.8182812499999995, 0.8492187499999995, 0.8801562499999994, 0.9110937499999994, 0.9420312499999993, 0.9731249999999994], "HPRA": [0.0259375, 0.05453125, 0.08375, 0.11296875, 0.14218750000000002, 0.17140625000000004, 0.20062500000000005, 0.22984375000000007, 0.2590625000000001, 0.2882812500000001, 0.3175000000000001, 0.34750000000000014, 0.3782812500000001, 0.4090625000000001, 0.4398437500000001, 0.47062500000000007, 0.50140625, 0.53234375, 0.56328125, 0.5942187499999999, 0.6251562499999999, 0.6560937499999998, 0.6870312499999998, 0.7179687499999997, 0.7489062499999997, 0.7798437499999996, 0.8107812499999996, 0.8417187499999995, 0.8726562499999995, 0.9035937499999994, 0.9345312499999994, 0.9656249999999994]}