{"HDA": [0.03288461538461539, 0.0696153846153846, 0.10673076923076921, 0.14423076923076922, 0.18173076923076922, 0.21923076923076923, 0.2567307692307692, 0.2942307692307692, 0.33173076923076916, 0.36923076923076914, 0.40711538461538455, 0.44499999999999995, 0.48288461538461536, 0.5209615384615385, 0.5590384615384616, 0.5971153846153847, 0.6351923076923078, 0.673269230769231, 0.7113461538461541, 0.7494230769230772, 0.7875000000000003, 0.8255769230769234, 0.8636538461538465, 0.9017307692307697, 0.9398076923076928, 0.9780769230769235], "HBA": [0.009095744680851064, 0.019361702127659572, 0.029734042553191488, 0.040106382978723404, 0.05047872340425532, 0.060904255319148934, 0.07138297872340425, 0.08186170212765957, 0.09234042553191489, 0.10281914893617021, 0.11329787234042553, 0.12377659574468085, 0.13430851063829788, 0.1448404255319149, 0.1553723404255319, 0.16590425531914893, 0.17643617021276595, 0.18696808510638296, 0.19749999999999998, 0.208031914893617, 0.21856382978723402, 0.22909574468085103, 0.23962765957446805, 0.25015957446808507, 0.2606914893617021, 0.27122340425531916, 0.2817553191489362, 0.29228723404255325, 0.3028191489361703, 0.31335106382978734, 0.3238829787234044, 0.3344148936170214, 0.34494680851063847, 0.3554787234042555, 0.36601063829787256, 0.3765425531914896, 0.38707446808510665, 0.3976063829787237, 0.40813829787234074, 0.4186702127659578, 0.42920212765957483, 0.4397340425531919, 0.4502659574468089, 0.46079787234042596, 0.471329787234043, 0.48186170212766005, 0.4923936170212771, 0.5029255319148941, 0.5134574468085111, 0.5239893617021282, 0.5345212765957452, 0.5450531914893623, 0.5555851063829793, 0.5661170212765964, 0.5766489361702134, 0.5871808510638304, 0.5977127659574475, 0.6082446808510645, 0.6187765957446816, 0.6293085106382986, 0.6398404255319157, 0.6503723404255327, 0.6609042553191498, 0.6714361702127668, 0.6819680851063838, 0.6925000000000009, 0.7030319148936179, 0.713563829787235, 0.724095744680852, 0.7346276595744691, 0.7451595744680861, 0.7556914893617032, 0.7662234042553202, 0.7767553191489373, 0.7872872340425543, 0.7978191489361713, 0.8083510638297884, 0.8188829787234054, 0.8294148936170225, 0.8399468085106395, 0.8504787234042566, 0.8610106382978736, 0.8715425531914907, 0.8820744680851077, 0.8926063829787247, 0.9031382978723418, 0.9136702127659588, 0.9242021276595759, 0.9347340425531929, 0.94526595744681, 0.955797872340427, 0.9663297872340441, 0.9768617021276611, 0.9874468085106398], "HCA": [0.03166666666666667, 0.06740740740740742, 0.10351851851851852, 0.13962962962962963, 0.17574074074074075, 0.21185185185185185, 0.24833333333333332, 0.2848148148148148, 0.3212962962962963, 0.3577777777777778, 0.3942592592592593, 0.4307407407407408, 0.4674074074074075, 0.5040740740740741, 0.5407407407407407, 0.5774074074074074, 0.614074074074074, 0.6507407407407406, 0.6874074074074072, 0.7240740740740739, 0.7607407407407405, 0.7974074074074071, 0.8340740740740737, 0.8707407407407404, 0.907407407407407, 0.9440740740740736, 0.9809259259259254], "HPRA": [0.03288461538461539, 0.0696153846153846, 0.10673076923076921, 0.14423076923076922, 0.18173076923076922, 0.21923076923076923, 0.2567307692307692, 0.2942307692307692, 0.33173076923076916, 0.36923076923076914, 0.4067307692307691, 0.4442307692307691, 0.4817307692307691, 0.5198076923076922, 0.5578846153846153, 0.5959615384615384, 0.6340384615384616, 0.6721153846153847, 0.7101923076923078, 0.7482692307692309, 0.786346153846154, 0.8244230769230771, 0.8625000000000003, 0.9005769230769234, 0.9386538461538465, 0.9769230769230772]}