{"HDA": [0.03153846153846154, 0.06307692307692309, 0.09461538461538463, 0.12615384615384617, 0.1609615384615385, 0.1957692307692308, 0.23230769230769233, 0.26884615384615385, 0.30596153846153845, 0.34307692307692306, 0.38019230769230766, 0.41730769230769227, 0.45499999999999996, 0.49288461538461537, 0.5307692307692308, 0.5686538461538462, 0.6067307692307693, 0.6448076923076924, 0.6828846153846155, 0.7209615384615387, 0.7590384615384618, 0.7971153846153849, 0.835192307692308, 0.8732692307692311, 0.9113461538461542, 0.949615384615385], "HBA": [0.007472527472527472, 0.017417582417582417, 0.027802197802197802, 0.03824175824175824, 0.04873626373626373, 0.05934065934065934, 0.06994505494505494, 0.08054945054945055, 0.09115384615384615, 0.10186813186813187, 0.11263736263736264, 0.1234065934065934, 0.1341758241758242, 0.14500000000000002, 0.15582417582417585, 0.16664835164835168, 0.1774725274725275, 0.1883516483516484, 0.19923076923076927, 0.21010989010989015, 0.22098901098901103, 0.2318681318681319, 0.24274725274725278, 0.25362637362637364, 0.26450549450549454, 0.27538461538461545, 0.28626373626373636, 0.29714285714285726, 0.30802197802197817, 0.3189010989010991, 0.32978021978022, 0.3406593406593409, 0.3515384615384618, 0.3624175824175827, 0.3732967032967036, 0.3841758241758245, 0.39505494505494543, 0.40593406593406633, 0.41681318681318724, 0.42769230769230815, 0.43857142857142906, 0.44945054945054996, 0.46032967032967087, 0.4712087912087918, 0.4820879120879127, 0.4929670329670336, 0.5038461538461545, 0.5147252747252754, 0.5256043956043963, 0.5364835164835172, 0.5473626373626381, 0.558241758241759, 0.5691208791208799, 0.5800000000000008, 0.5908791208791218, 0.6017582417582427, 0.6126373626373636, 0.6235164835164845, 0.6343956043956054, 0.6452747252747263, 0.6561538461538472, 0.6670329670329681, 0.677912087912089, 0.6887912087912099, 0.6996703296703308, 0.7105494505494517, 0.7214285714285726, 0.7323076923076935, 0.7431868131868145, 0.7540659340659354, 0.7649450549450563, 0.7758241758241772, 0.7867032967032981, 0.797582417582419, 0.8084615384615399, 0.8193406593406608, 0.8302197802197817, 0.8410989010989026, 0.8519780219780235, 0.8628571428571444, 0.8737362637362653, 0.8846153846153862, 0.8954945054945072, 0.9063736263736281, 0.917252747252749, 0.9281318681318699, 0.9390109890109908, 0.9498901098901117, 0.9607692307692326, 0.9716483516483535, 0.9825824175824195], "HCA": [0.03153846153846154, 0.06307692307692309, 0.0978846153846154, 0.13269230769230772, 0.16750000000000004, 0.20403846153846156, 0.24057692307692308, 0.2771153846153846, 0.3142307692307692, 0.3513461538461538, 0.3888461538461538, 0.42634615384615376, 0.46403846153846146, 0.5019230769230768, 0.5398076923076922, 0.5776923076923076, 0.6157692307692307, 0.6538461538461539, 0.691923076923077, 0.7300000000000001, 0.7680769230769232, 0.8061538461538463, 0.8442307692307695, 0.8823076923076926, 0.9203846153846157, 0.9586538461538464], "HPRA": [0.0328, 0.0656, 0.09840000000000002, 0.1312, 0.164, 0.1968, 0.23320000000000002, 0.2696, 0.3076, 0.34559999999999996, 0.38359999999999994, 0.4215999999999999, 0.4609999999999999, 0.5004, 0.5398, 0.5793999999999999, 0.6189999999999999, 0.6585999999999999, 0.6981999999999998, 0.7377999999999998, 0.7773999999999998, 0.8169999999999997, 0.8565999999999997, 0.8961999999999997, 0.9359999999999997]}