{"HDA": [0.025689655172413794, 0.05517241379310345, 0.08586206896551724, 0.11655172413793102, 0.1486206896551724, 0.1818965517241379, 0.21517241379310342, 0.24844827586206894, 0.28172413793103446, 0.31499999999999995, 0.34827586206896544, 0.3815517241379309, 0.4148275862068964, 0.4487931034482757, 0.482758620689655, 0.5167241379310343, 0.5506896551724136, 0.584655172413793, 0.6186206896551723, 0.6525862068965516, 0.6865517241379309, 0.7206896551724136, 0.7548275862068963, 0.788965517241379, 0.8231034482758617, 0.8572413793103444, 0.8913793103448271, 0.9255172413793098, 0.959827586206896], "HBA": [0.016195652173913045, 0.034782608695652174, 0.05413043478260869, 0.07391304347826086, 0.09413043478260869, 0.11510869565217391, 0.13608695652173913, 0.15728260869565217, 0.1784782608695652, 0.19967391304347823, 0.22097826086956518, 0.24228260869565213, 0.2635869565217391, 0.2849999999999999, 0.3064130434782608, 0.3278260869565217, 0.3492391304347826, 0.3706521739130435, 0.3920652173913044, 0.4134782608695653, 0.4348913043478262, 0.45641304347826095, 0.4779347826086957, 0.49945652173913047, 0.5209782608695652, 0.5425, 0.5640217391304347, 0.5855434782608695, 0.6070652173913043, 0.628586956521739, 0.6501086956521738, 0.6716304347826085, 0.6931521739130433, 0.714673913043478, 0.7361956521739128, 0.7577173913043476, 0.7792391304347823, 0.8007608695652171, 0.8222826086956518, 0.8438043478260866, 0.8653260869565214, 0.8868478260869561, 0.9083695652173909, 0.9298913043478256, 0.9514130434782604, 0.9730434782608691], "HCA": [0.020135135135135134, 0.043243243243243246, 0.0677027027027027, 0.09216216216216216, 0.11729729729729729, 0.14337837837837838, 0.16972972972972974, 0.1960810810810811, 0.22243243243243246, 0.24878378378378382, 0.2752702702702703, 0.3017567567567568, 0.3282432432432433, 0.3548648648648649, 0.38148648648648653, 0.40810810810810816, 0.4347297297297298, 0.4613513513513514, 0.48797297297297304, 0.5145945945945947, 0.5412162162162163, 0.567972972972973, 0.5947297297297297, 0.6214864864864864, 0.6482432432432431, 0.6749999999999998, 0.7017567567567565, 0.7285135135135132, 0.7552702702702699, 0.7820270270270266, 0.8087837837837833, 0.83554054054054, 0.8622972972972968, 0.8890540540540535, 0.9158108108108102, 0.9425675675675669, 0.9694594594594588], "HPRA": [0.0085, 0.037000000000000005, 0.06666666666666668, 0.09633333333333335, 0.12733333333333335, 0.15883333333333335, 0.19033333333333335, 0.22183333333333335, 0.25333333333333335, 0.2858333333333334, 0.31833333333333336, 0.35083333333333333, 0.3833333333333333, 0.41616666666666663, 0.44899999999999995, 0.4818333333333333, 0.5146666666666666, 0.5475, 0.5803333333333334, 0.6131666666666667, 0.6460000000000001, 0.6788333333333335, 0.7118333333333335, 0.7448333333333336, 0.7778333333333336, 0.8108333333333336, 0.8438333333333337, 0.8768333333333337, 0.9098333333333337, 0.9430000000000004]}