{"HDA": [0.003725, 0.004389170993841324, 0.004649432742800277, 0.004649432742800277, 0.005024737678060176, 0.005381880535203033, 0.005381880535203033, 0.005381880535203033, 0.005381880535203033, 0.005381880535203033, 0.005381880535203033, 0.005381880535203033, 0.005381880535203033, 0.005758918898856535, 0.005758918898856535, 0.005758918898856535, 0.005758918898856535, 0.005758918898856535, 0.005758918898856535, 0.005758918898856535, 0.005758918898856535, 0.0059232844478374685, 0.0059232844478374685, 0.0059232844478374685, 0.0059232844478374685, 0.0059232844478374685, 0.0059232844478374685, 0.0059232844478374685, 0.006175237080742482], "HBA": [0.003725, 0.004389170993841324, 0.004649432742800277, 0.004818095249125121, 0.005000710296605033, 0.00535785315374789, 0.00535785315374789, 0.005478038238778838, 0.005478038238778838, 0.005478038238778838, 0.005553652605508517, 0.005553652605508517, 0.005553652605508517, 0.005647912196421892, 0.005647912196421892, 0.005647912196421892, 0.005647912196421892, 0.005647912196421892, 0.005647912196421892, 0.005647912196421892, 0.005647912196421892, 0.005812277745402826, 0.005812277745402826, 0.005812277745402826, 0.005812277745402826, 0.005812277745402826, 0.005812277745402826, 0.005812277745402826, 0.005812277745402826, 0.005812277745402826, 0.005812277745402826, 0.005812277745402826, 0.005812277745402826, 0.005812277745402826, 0.005812277745402826, 0.005812277745402826, 0.005812277745402826, 0.005812277745402826, 0.005812277745402826, 0.005812277745402826, 0.005812277745402826, 0.005812277745402826, 0.005812277745402826, 0.005812277745402826, 0.005812277745402826, 0.006284867537463317], "HCA": [0.003725, 0.004389170993841324, 0.004704787708902553, 0.004704787708902553, 0.004900100208902553, 0.0051877399196191875, 0.005276628808508077, 0.005276628808508077, 0.005276628808508077, 0.005276628808508077, 0.005335800406141213, 0.005335800406141213, 0.005335800406141213, 0.005407618849117369, 0.005407618849117369, 0.005407618849117369, 0.005407618849117369, 0.005407618849117369, 0.005407618849117369, 0.005407618849117369, 0.005407618849117369, 0.005523239152042563, 0.005523239152042563, 0.005523239152042563, 0.005523239152042563, 0.005523239152042563, 0.005523239152042563, 0.005523239152042563, 0.005523239152042563, 0.005523239152042563, 0.005523239152042563, 0.005523239152042563, 0.005523239152042563, 0.005523239152042563, 0.005523239152042563, 0.005523239152042563, 0.0057833848336242485], "HPRA": [0.001275, 0.004897750875498128, 0.0051580126244570815, 0.0051580126244570815, 0.0055333175597169805, 0.0056863787842067765, 0.0056863787842067765, 0.0056863787842067765, 0.0056863787842067765, 0.0061100776755280105, 0.0061100776755280105, 0.0061100776755280105, 0.0061100776755280105, 0.006302311431775608, 0.006302311431775608, 0.006302311431775608, 0.006302311431775608, 0.006302311431775608, 0.006302311431775608, 0.006302311431775608, 0.006302311431775608, 0.006302311431775608, 0.00648492647925552, 0.00648492647925552, 0.00648492647925552, 0.00648492647925552, 0.00648492647925552, 0.00648492647925552, 0.00648492647925552, 0.0067722002511601456]}