{"HDA": [0.00315, 0.004473605371900826, 0.004473605371900826, 0.005509594741749032, 0.005509594741749032, 0.005509594741749032, 0.005570629897999032, 0.005772188618773017, 0.005845239973875654, 0.005924959361630756, 0.005924959361630756, 0.005924959361630756, 0.005924959361630756, 0.006029082643596604, 0.006029082643596604, 0.006029082643596604, 0.006029082643596604, 0.00616429086425642, 0.00616429086425642, 0.00616429086425642, 0.00616429086425642, 0.00616429086425642, 0.00616429086425642, 0.00616429086425642, 0.00616429086425642, 0.00616429086425642, 0.00616429086425642, 0.00616429086425642, 0.00616429086425642, 0.00616429086425642, 0.00616429086425642, 0.00616429086425642, 0.006494869376653114], "HBA": [0.003975, 0.004595274102079395, 0.0048028865588268, 0.0048819973534947325, 0.004966328606657154, 0.005013241723564641, 0.005115282539891172, 0.005170974230690905, 0.005170974230690905, 0.0052989742306909044, 0.0052989742306909044, 0.0052989742306909044, 0.005377288899028284, 0.005377288899028284, 0.005377288899028284, 0.005377288899028284, 0.005377288899028284, 0.005481412180994132, 0.005481412180994132, 0.005481412180994132, 0.005481412180994132, 0.005481412180994132, 0.005481412180994132, 0.005481412180994132, 0.005481412180994132, 0.005481412180994132, 0.005481412180994132, 0.005481412180994132, 0.005481412180994132, 0.005481412180994132, 0.005481412180994132, 0.005481412180994132, 0.005481412180994132, 0.005481412180994132, 0.005481412180994132, 0.005481412180994132, 0.005481412180994132, 0.005481412180994132, 0.005481412180994132, 0.005481412180994132, 0.005481412180994132, 0.005481412180994132, 0.005481412180994132, 0.005481412180994132, 0.005481412180994132, 0.005481412180994132, 0.005481412180994132, 0.005481412180994132, 0.005481412180994132, 0.005481412180994132, 0.005481412180994132, 0.005481412180994132, 0.005481412180994132, 0.005481412180994132, 0.005481412180994132, 0.005481412180994132, 0.005481412180994132, 0.005481412180994132, 0.005481412180994132, 0.005481412180994132, 0.005481412180994132, 0.005481412180994132, 0.005481412180994132, 0.005481412180994132, 0.005481412180994132, 0.005481412180994132, 0.005481412180994132, 0.005481412180994132, 0.005481412180994132, 0.005481412180994132, 0.005481412180994132, 0.005481412180994132, 0.005481412180994132, 0.005481412180994132, 0.005481412180994132, 0.005481412180994132, 0.005481412180994132, 0.005481412180994132, 0.005481412180994132, 0.005481412180994132, 0.005481412180994132, 0.005481412180994132, 0.005481412180994132, 0.005481412180994132, 0.005481412180994132, 0.005481412180994132, 0.005481412180994132, 0.005481412180994132, 0.012425856625438575], "HCA": [0.003975, 0.004595274102079395, 0.0048028865588268, 0.0048028865588268, 0.004978317460980214, 0.004978317460980214, 0.00513137868547001, 0.00513137868547001, 0.00513137868547001, 0.005326487946656275, 0.005326487946656275, 0.005326487946656275, 0.005404802614993654, 0.005404802614993654, 0.005404802614993654, 0.005404802614993654, 0.005404802614993654, 0.005508925896959502, 0.005508925896959502, 0.005508925896959502, 0.005508925896959502, 0.005508925896959502, 0.005508925896959502, 0.005508925896959502, 0.005508925896959502, 0.005508925896959502, 0.005508925896959502, 0.005508925896959502, 0.005508925896959502, 0.005508925896959502, 0.005508925896959502, 0.005718965804541943], "HPRA": [0.00315, 0.004473605371900826, 0.004473605371900826, 0.005509594741749032, 0.005509594741749032, 0.005509594741749032, 0.005570629897999032, 0.005570629897999032, 0.00586283531840958, 0.00586283531840958, 0.0059485692004397584, 0.0059485692004397584, 0.0059485692004397584, 0.0059485692004397584, 0.0059485692004397584, 0.0059485692004397584, 0.0059485692004397584, 0.006218985641759391, 0.006218985641759391, 0.006218985641759391, 0.006218985641759391, 0.006218985641759391, 0.006218985641759391, 0.006218985641759391, 0.006218985641759391, 0.006218985641759391, 0.006218985641759391, 0.006218985641759391, 0.006218985641759391, 0.006218985641759391, 0.006218985641759391, 0.006218985641759391, 0.006549564154156085]}