{"HDA": [0.019090909090909092, 0.044393939393939395, 0.0696969696969697, 0.09848484848484848, 0.12727272727272726, 0.15606060606060604, 0.18499999999999997, 0.21439393939393936, 0.2439393939393939, 0.2736363636363636, 0.30333333333333334, 0.33303030303030307, 0.3627272727272728, 0.39257575757575763, 0.4224242424242425, 0.4522727272727273, 0.4821212121212122, 0.5121212121212122, 0.5421212121212122, 0.5721212121212123, 0.6021212121212123, 0.6321212121212123, 0.6621212121212123, 0.6921212121212124, 0.7221212121212124, 0.7521212121212124, 0.7821212121212124, 0.8121212121212125, 0.8421212121212125, 0.8721212121212125, 0.9021212121212125, 0.9321212121212126, 0.9622727272727277], "HBA": [0.008932584269662923, 0.019044943820224723, 0.029494382022471913, 0.0400561797752809, 0.05073033707865168, 0.06146067415730337, 0.07230337078651686, 0.08320224719101124, 0.09410112359550563, 0.1051123595505618, 0.11612359550561799, 0.12713483146067417, 0.13820224719101123, 0.1492696629213483, 0.16033707865168537, 0.17140449438202243, 0.1824719101123595, 0.19359550561797748, 0.20471910112359545, 0.21584269662921343, 0.2269662921348314, 0.2380898876404494, 0.24921348314606737, 0.2603370786516853, 0.2714606741573033, 0.2825842696629213, 0.29370786516853925, 0.30483146067415723, 0.3159550561797752, 0.3270786516853932, 0.33820224719101116, 0.34932584269662914, 0.3604494382022471, 0.3715730337078651, 0.3826966292134831, 0.39382022471910105, 0.40494382022471903, 0.416067415730337, 0.427191011235955, 0.43831460674157297, 0.44943820224719094, 0.4605617977528089, 0.4716853932584269, 0.4828089887640449, 0.49393258426966286, 0.5050561797752808, 0.5161797752808988, 0.5273033707865167, 0.5384269662921346, 0.5495505617977525, 0.5606741573033704, 0.5717977528089884, 0.5829213483146063, 0.5940449438202242, 0.6051685393258421, 0.6162921348314601, 0.627415730337078, 0.6385393258426959, 0.6496629213483138, 0.6607865168539317, 0.6719101123595497, 0.6830337078651676, 0.6941573033707855, 0.7052808988764034, 0.7164044943820214, 0.7275280898876393, 0.7386516853932572, 0.7497752808988751, 0.760898876404493, 0.772022471910111, 0.7831460674157289, 0.7942696629213468, 0.8053932584269647, 0.8165168539325827, 0.8276404494382006, 0.8387640449438185, 0.8498876404494364, 0.8610112359550544, 0.8721348314606723, 0.8832584269662902, 0.8943820224719081, 0.905505617977526, 0.916629213483144, 0.9277528089887619, 0.9388764044943798, 0.9499999999999977, 0.9611235955056157, 0.9722471910112336, 0.9834269662921324], "HCA": [0.02484375, 0.05296875, 0.08203125, 0.11109374999999999, 0.14078125, 0.17046875, 0.200625, 0.23078125, 0.2609375, 0.2915625, 0.3221875, 0.35281250000000003, 0.38359375, 0.414375, 0.44515625, 0.47593749999999996, 0.50671875, 0.53765625, 0.5685937499999999, 0.5995312499999998, 0.6304687499999998, 0.6614062499999998, 0.6923437499999997, 0.7232812499999997, 0.7542187499999996, 0.7851562499999996, 0.8160937499999995, 0.8470312499999995, 0.8779687499999994, 0.9089062499999994, 0.9398437499999993, 0.9709374999999993], "HPRA": [0.019090909090909092, 0.044393939393939395, 0.0696969696969697, 0.09848484848484848, 0.12727272727272726, 0.15606060606060604, 0.18499999999999997, 0.2139393939393939, 0.24348484848484844, 0.273030303030303, 0.30272727272727273, 0.33242424242424246, 0.3621212121212122, 0.3918181818181819, 0.4215151515151516, 0.45121212121212134, 0.48090909090909106, 0.5109090909090911, 0.5409090909090911, 0.5709090909090911, 0.6009090909090912, 0.6309090909090912, 0.6609090909090912, 0.6909090909090913, 0.7209090909090913, 0.7509090909090913, 0.7809090909090913, 0.8109090909090914, 0.8409090909090914, 0.8709090909090914, 0.9009090909090914, 0.9309090909090915, 0.9610606060606066]}