{"HDA": [0.024545454545454547, 0.06181818181818183, 0.10454545454545455, 0.14750000000000002, 0.1904545454545455, 0.23340909090909095, 0.2775, 0.3215909090909091, 0.36613636363636365, 0.4106818181818182, 0.45522727272727276, 0.4997727272727273, 0.5443181818181818, 0.5893181818181819, 0.6343181818181819, 0.6793181818181819, 0.724318181818182, 0.769318181818182, 0.814318181818182, 0.8593181818181821, 0.9043181818181821, 0.9495454545454549], "HBA": [0.01136986301369863, 0.02410958904109589, 0.03684931506849315, 0.04965753424657534, 0.06273972602739726, 0.07582191780821917, 0.08897260273972603, 0.10219178082191781, 0.11547945205479451, 0.12883561643835614, 0.14219178082191777, 0.15561643835616434, 0.16904109589041091, 0.18246575342465748, 0.195958904109589, 0.2094520547945205, 0.22301369863013695, 0.2365753424657534, 0.2501369863013698, 0.26369863013698625, 0.27726027397260267, 0.2908219178082191, 0.3043835616438355, 0.31794520547945193, 0.33150684931506835, 0.3450684931506848, 0.3586301369863012, 0.3721917808219176, 0.38575342465753404, 0.39931506849315046, 0.4128767123287669, 0.4264383561643833, 0.4399999999999997, 0.45356164383561615, 0.46712328767123257, 0.480684931506849, 0.4942465753424654, 0.5078082191780818, 0.5213698630136983, 0.5349315068493147, 0.5484931506849311, 0.5620547945205475, 0.5756164383561639, 0.5891780821917804, 0.6027397260273968, 0.6163013698630132, 0.6298630136986296, 0.643424657534246, 0.6569863013698625, 0.6705479452054789, 0.6841095890410953, 0.6976712328767117, 0.7112328767123282, 0.7247945205479446, 0.738356164383561, 0.7519178082191774, 0.7654794520547938, 0.7790410958904103, 0.7926027397260267, 0.8061643835616431, 0.8197260273972595, 0.833287671232876, 0.8468493150684924, 0.8604109589041088, 0.8739726027397252, 0.8875342465753416, 0.9010958904109581, 0.9146575342465745, 0.9282191780821909, 0.9417808219178073, 0.9553424657534237, 0.9689041095890402, 0.9825342465753415], "HCA": [0.026774193548387094, 0.05677419354838709, 0.08677419354838709, 0.11677419354838708, 0.1475806451612903, 0.1783870967741935, 0.20919354838709672, 0.23999999999999994, 0.2712903225806451, 0.3027419354838709, 0.3341935483870967, 0.36580645161290315, 0.3974193548387096, 0.42903225806451606, 0.4608064516129032, 0.4925806451612903, 0.5245161290322581, 0.5564516129032259, 0.5883870967741937, 0.6203225806451614, 0.6522580645161292, 0.684193548387097, 0.7161290322580648, 0.7480645161290326, 0.7800000000000004, 0.8119354838709681, 0.8438709677419359, 0.8758064516129037, 0.9077419354838715, 0.9396774193548393, 0.9717741935483877], "HPRA": [0.02347826086956522, 0.0591304347826087, 0.09478260869565219, 0.13586956521739132, 0.17695652173913046, 0.2180434782608696, 0.26021739130434784, 0.30239130434782613, 0.34500000000000003, 0.38760869565217393, 0.43021739130434783, 0.47282608695652173, 0.5154347826086957, 0.5584782608695652, 0.6015217391304347, 0.6445652173913042, 0.6876086956521738, 0.7306521739130433, 0.7736956521739128, 0.8167391304347823, 0.8597826086956518, 0.9028260869565213, 0.9460869565217387]}