{"HDA": [0.024242424242424242, 0.048484848484848485, 0.07272727272727272, 0.1003030303030303, 0.12787878787878787, 0.15727272727272726, 0.1868181818181818, 0.2165151515151515, 0.2462121212121212, 0.2759090909090909, 0.3056060606060606, 0.3353030303030303, 0.36500000000000005, 0.39469696969696977, 0.4243939393939395, 0.45424242424242434, 0.48424242424242436, 0.5142424242424244, 0.5442424242424244, 0.5742424242424244, 0.6042424242424245, 0.6342424242424245, 0.6642424242424245, 0.6942424242424245, 0.7242424242424246, 0.7542424242424246, 0.7842424242424246, 0.8142424242424247, 0.8442424242424247, 0.8742424242424247, 0.9042424242424247, 0.9342424242424248, 0.9643939393939399], "HBA": [0.00963855421686747, 0.01927710843373494, 0.030180722891566265, 0.041144578313253015, 0.052590361445783135, 0.06427710843373494, 0.07602409638554217, 0.08783132530120481, 0.09969879518072289, 0.11156626506024096, 0.12343373493975904, 0.1353012048192771, 0.14716867469879516, 0.15903614457831322, 0.17090361445783128, 0.18277108433734934, 0.19469879518072283, 0.20662650602409632, 0.2185542168674698, 0.2304819277108433, 0.2424096385542168, 0.2543373493975903, 0.2662650602409638, 0.2781927710843373, 0.29012048192771084, 0.30204819277108436, 0.3139759036144579, 0.3259036144578314, 0.3378313253012049, 0.34975903614457843, 0.36168674698795195, 0.37361445783132546, 0.385542168674699, 0.3974698795180725, 0.409397590361446, 0.42132530120481954, 0.43325301204819305, 0.44518072289156657, 0.4571084337349401, 0.4690361445783136, 0.4809638554216871, 0.49289156626506064, 0.5048192771084341, 0.5167469879518076, 0.5286746987951811, 0.5406024096385547, 0.5525301204819282, 0.5644578313253017, 0.5763855421686752, 0.5883132530120487, 0.6002409638554222, 0.6121686746987958, 0.6240963855421693, 0.6360240963855428, 0.6479518072289163, 0.6598795180722898, 0.6718072289156634, 0.6837349397590369, 0.6956626506024104, 0.7075903614457839, 0.7195180722891574, 0.731445783132531, 0.7433734939759045, 0.755301204819278, 0.7672289156626515, 0.779156626506025, 0.7910843373493985, 0.803012048192772, 0.8149397590361456, 0.8268674698795191, 0.8387951807228926, 0.8507228915662661, 0.8626506024096396, 0.8745783132530132, 0.8865060240963867, 0.8984337349397602, 0.9103614457831337, 0.9222891566265072, 0.9342168674698808, 0.9461445783132543, 0.9580722891566278, 0.9700000000000013, 0.9819879518072302], "HCA": [0.024242424242424242, 0.048484848484848485, 0.07590909090909091, 0.10348484848484849, 0.13227272727272726, 0.16166666666666665, 0.1912121212121212, 0.2209090909090909, 0.25075757575757573, 0.2806060606060606, 0.3104545454545454, 0.3403030303030303, 0.3701515151515151, 0.39999999999999997, 0.4298484848484848, 0.45969696969696966, 0.48969696969696963, 0.5196969696969697, 0.5496969696969697, 0.5796969696969697, 0.6096969696969697, 0.6396969696969698, 0.6696969696969698, 0.6996969696969698, 0.7296969696969698, 0.7596969696969699, 0.7896969696969699, 0.8196969696969699, 0.84969696969697, 0.87969696969697, 0.90969696969697, 0.93969696969697, 0.9698484848484852], "HPRA": [0.022857142857142857, 0.045714285714285714, 0.06857142857142857, 0.09457142857142858, 0.12057142857142858, 0.1482857142857143, 0.1762857142857143, 0.2042857142857143, 0.2322857142857143, 0.2602857142857143, 0.2882857142857143, 0.31628571428571434, 0.34428571428571436, 0.3722857142857144, 0.4002857142857144, 0.42828571428571444, 0.45628571428571446, 0.48457142857142876, 0.512857142857143, 0.5411428571428573, 0.5694285714285715, 0.5977142857142858, 0.626, 0.6542857142857142, 0.6825714285714285, 0.7108571428571427, 0.739142857142857, 0.7674285714285712, 0.7957142857142855, 0.8239999999999997, 0.852285714285714, 0.8805714285714282, 0.9088571428571425, 0.9371428571428567, 0.9655714285714282]}