{"HDA": [0.004, 0.004, 0.004, 0.004939809474988253, 0.004939809474988253, 0.005598245688980022, 0.005658338231495496, 0.005723374651890918, 0.005723374651890918, 0.005723374651890918, 0.005723374651890918, 0.005723374651890918, 0.005723374651890918, 0.005723374651890918, 0.005723374651890918, 0.005825405056951626, 0.00593391200139607, 0.00593391200139607, 0.00593391200139607, 0.00593391200139607, 0.00593391200139607, 0.00593391200139607, 0.00593391200139607, 0.00593391200139607, 0.00593391200139607, 0.00593391200139607, 0.00593391200139607, 0.00593391200139607, 0.00593391200139607, 0.00593391200139607, 0.00593391200139607, 0.00593391200139607, 0.006185864634301084], "HBA": [0.004, 0.004, 0.004780785246876859, 0.004823503859376325, 0.005220250536622903, 0.00543651351240145, 0.005496606054916924, 0.005561642475312345, 0.005631086919756789, 0.005631086919756789, 0.005631086919756789, 0.005631086919756789, 0.005631086919756789, 0.005631086919756789, 0.005631086919756789, 0.005631086919756789, 0.0057395938642012334, 0.0057395938642012334, 0.0057395938642012334, 0.0057395938642012334, 0.0057395938642012334, 0.0057395938642012334, 0.0057395938642012334, 0.0057395938642012334, 0.0057395938642012334, 0.0057395938642012334, 0.0057395938642012334, 0.0057395938642012334, 0.0057395938642012334, 0.0057395938642012334, 0.0057395938642012334, 0.0057395938642012334, 0.0057395938642012334, 0.0057395938642012334, 0.0057395938642012334, 0.0057395938642012334, 0.0057395938642012334, 0.0057395938642012334, 0.0057395938642012334, 0.0057395938642012334, 0.0057395938642012334, 0.0057395938642012334, 0.0057395938642012334, 0.0057395938642012334, 0.0057395938642012334, 0.0057395938642012334, 0.0057395938642012334, 0.0057395938642012334, 0.0057395938642012334, 0.0057395938642012334, 0.0057395938642012334, 0.0057395938642012334, 0.0057395938642012334, 0.0057395938642012334, 0.0057395938642012334, 0.0057395938642012334, 0.0057395938642012334, 0.0057395938642012334, 0.0057395938642012334, 0.0057395938642012334, 0.0057395938642012334, 0.0057395938642012334, 0.0057395938642012334, 0.0057395938642012334, 0.0057395938642012334, 0.0057395938642012334, 0.0057395938642012334, 0.0057395938642012334, 0.0057395938642012334, 0.0057395938642012334, 0.0057395938642012334, 0.0057395938642012334, 0.0057395938642012334, 0.0057395938642012334, 0.0057395938642012334, 0.0057395938642012334, 0.0057395938642012334, 0.0057395938642012334, 0.0057395938642012334, 0.0057395938642012334, 0.0057395938642012334, 0.0057395938642012334, 0.011656753627514843], "HCA": [0.004, 0.004, 0.004780785246876859, 0.004823503859376325, 0.005220250536622903, 0.00543651351240145, 0.005496606054916924, 0.005561642475312345, 0.005631086919756789, 0.005631086919756789, 0.005631086919756789, 0.005631086919756789, 0.005631086919756789, 0.005631086919756789, 0.005631086919756789, 0.005631086919756789, 0.0057395938642012334, 0.0057395938642012334, 0.0057395938642012334, 0.0057395938642012334, 0.0057395938642012334, 0.0057395938642012334, 0.0057395938642012334, 0.0057395938642012334, 0.0057395938642012334, 0.0057395938642012334, 0.0057395938642012334, 0.0057395938642012334, 0.0057395938642012334, 0.0057395938642012334, 0.0057395938642012334, 0.0057395938642012334, 0.005991546497106247], "HPRA": [0.004, 0.004, 0.004, 0.004939809474988253, 0.004939809474988253, 0.005598245688980022, 0.00571843077401097, 0.00571843077401097, 0.00571843077401097, 0.00571843077401097, 0.00571843077401097, 0.00571843077401097, 0.00571843077401097, 0.00571843077401097, 0.00571843077401097, 0.00571843077401097, 0.00571843077401097, 0.005944777537252256, 0.005944777537252256, 0.005944777537252256, 0.005944777537252256, 0.005944777537252256, 0.005944777537252256, 0.005944777537252256, 0.005944777537252256, 0.005944777537252256, 0.005944777537252256, 0.005944777537252256, 0.005944777537252256, 0.005944777537252256, 0.005944777537252256, 0.005944777537252256, 0.005944777537252256, 0.005944777537252256, 0.006232051309156881]}