{"HDA": [0.02090909090909091, 0.04636363636363636, 0.07181818181818181, 0.10075757575757574, 0.12969696969696967, 0.1592424242424242, 0.18878787878787875, 0.21848484848484845, 0.24818181818181814, 0.27787878787878784, 0.30757575757575756, 0.3372727272727273, 0.366969696969697, 0.3966666666666667, 0.42666666666666675, 0.4566666666666668, 0.4866666666666668, 0.5166666666666668, 0.5466666666666669, 0.5766666666666669, 0.6066666666666669, 0.6366666666666669, 0.666666666666667, 0.696666666666667, 0.726666666666667, 0.756666666666667, 0.7866666666666671, 0.8166666666666671, 0.8466666666666671, 0.8766666666666671, 0.9066666666666672, 0.9366666666666672, 0.9668181818181824], "HBA": [0.008518518518518517, 0.018888888888888886, 0.02950617283950617, 0.04129629629629629, 0.05333333333333333, 0.06537037037037037, 0.07746913580246914, 0.08956790123456791, 0.10166666666666668, 0.11382716049382718, 0.12598765432098769, 0.1381481481481482, 0.1503086419753087, 0.1624691358024692, 0.1746296296296297, 0.1867901234567902, 0.1990123456790124, 0.21123456790123463, 0.22345679012345684, 0.23567901234567906, 0.24790123456790128, 0.2601234567901235, 0.27234567901234574, 0.284567901234568, 0.29679012345679023, 0.3090123456790125, 0.3212345679012347, 0.33345679012345697, 0.3456790123456792, 0.35790123456790146, 0.3701234567901237, 0.38234567901234595, 0.3945679012345682, 0.40679012345679044, 0.4190123456790127, 0.43123456790123493, 0.4434567901234572, 0.4556790123456794, 0.46790123456790167, 0.4801234567901239, 0.49234567901234616, 0.5045679012345684, 0.5167901234567907, 0.5290123456790129, 0.5412345679012351, 0.5534567901234574, 0.5656790123456796, 0.5779012345679019, 0.5901234567901241, 0.6023456790123464, 0.6145679012345686, 0.6267901234567909, 0.6390123456790131, 0.6512345679012354, 0.6634567901234576, 0.6756790123456798, 0.6879012345679021, 0.7001234567901243, 0.7123456790123466, 0.7245679012345688, 0.7367901234567911, 0.7490123456790133, 0.7612345679012356, 0.7734567901234578, 0.78567901234568, 0.7979012345679023, 0.8101234567901245, 0.8223456790123468, 0.834567901234569, 0.8467901234567913, 0.8590123456790135, 0.8712345679012358, 0.883456790123458, 0.8956790123456803, 0.9079012345679025, 0.9201234567901247, 0.932345679012347, 0.9445679012345692, 0.9567901234567915, 0.9690123456790137, 0.9812962962962977], "HCA": [0.02090909090909091, 0.04636363636363636, 0.07242424242424242, 0.10136363636363635, 0.1309090909090909, 0.16045454545454543, 0.19015151515151513, 0.21984848484848482, 0.24954545454545451, 0.27939393939393936, 0.3092424242424242, 0.33909090909090905, 0.3689393939393939, 0.39878787878787875, 0.4286363636363636, 0.45848484848484844, 0.4884848484848484, 0.5184848484848484, 0.5484848484848485, 0.5784848484848485, 0.6084848484848485, 0.6384848484848485, 0.6684848484848486, 0.6984848484848486, 0.7284848484848486, 0.7584848484848487, 0.7884848484848487, 0.8184848484848487, 0.8484848484848487, 0.8784848484848488, 0.9084848484848488, 0.9384848484848488, 0.968636363636364], "HPRA": [0.020294117647058824, 0.045, 0.06970588235294117, 0.09779411764705882, 0.12588235294117647, 0.1539705882352941, 0.1826470588235294, 0.21132352941176472, 0.24014705882352944, 0.26897058823529413, 0.2977941176470588, 0.3266176470588235, 0.3554411764705882, 0.3842647058823529, 0.4133823529411764, 0.44249999999999995, 0.4716176470588235, 0.5007352941176471, 0.5298529411764706, 0.5589705882352942, 0.5880882352941178, 0.6172058823529414, 0.646323529411765, 0.6754411764705885, 0.7045588235294121, 0.7336764705882357, 0.7627941176470593, 0.7919117647058829, 0.8210294117647065, 0.85014705882353, 0.8792647058823536, 0.9083823529411772, 0.9375000000000008, 0.9667647058823537]}