{"HDA": [0.00345, 0.00441849173553719, 0.00441849173553719, 0.005527673834302622, 0.005527673834302622, 0.005768044004364517, 0.005768044004364517, 0.00583866048625139, 0.00583866048625139, 0.00583866048625139, 0.00583866048625139, 0.00583866048625139, 0.00583866048625139, 0.00583866048625139, 0.006055674375140279, 0.006055674375140279, 0.006055674375140279, 0.006055674375140279, 0.006055674375140279, 0.006055674375140279, 0.006055674375140279, 0.006055674375140279, 0.006055674375140279, 0.006055674375140279, 0.006055674375140279, 0.006055674375140279, 0.006055674375140279, 0.006055674375140279, 0.006055674375140279, 0.006055674375140279, 0.006055674375140279, 0.006055674375140279, 0.006342948147044904], "HBA": [0.00345, 0.00441849173553719, 0.0045828572845181235, 0.005462120554451947, 0.005681599292449204, 0.005681599292449204, 0.005745599292449203, 0.005745599292449203, 0.005745599292449203, 0.005822546045296233, 0.005822546045296233, 0.005822546045296233, 0.005822546045296233, 0.005822546045296233, 0.005822546045296233, 0.005822546045296233, 0.005938166348221427, 0.005938166348221427, 0.005938166348221427, 0.005938166348221427, 0.005938166348221427, 0.005938166348221427, 0.005938166348221427, 0.005938166348221427, 0.005938166348221427, 0.005938166348221427, 0.005938166348221427, 0.005938166348221427, 0.005938166348221427, 0.005938166348221427, 0.005938166348221427, 0.005938166348221427, 0.005938166348221427, 0.005938166348221427, 0.005938166348221427, 0.005938166348221427, 0.005938166348221427, 0.005938166348221427, 0.005938166348221427, 0.005938166348221427, 0.005938166348221427, 0.005938166348221427, 0.005938166348221427, 0.005938166348221427, 0.005938166348221427, 0.005938166348221427, 0.005938166348221427, 0.005938166348221427, 0.005938166348221427, 0.005938166348221427, 0.005938166348221427, 0.005938166348221427, 0.005938166348221427, 0.005938166348221427, 0.005938166348221427, 0.005938166348221427, 0.005938166348221427, 0.005938166348221427, 0.005938166348221427, 0.005938166348221427, 0.005938166348221427, 0.005938166348221427, 0.005938166348221427, 0.005938166348221427, 0.005938166348221427, 0.005938166348221427, 0.005938166348221427, 0.005938166348221427, 0.005938166348221427, 0.005938166348221427, 0.005938166348221427, 0.005938166348221427, 0.005938166348221427, 0.005938166348221427, 0.005938166348221427, 0.005938166348221427, 0.005938166348221427, 0.005938166348221427, 0.005938166348221427, 0.005938166348221427, 0.012882610792665871], "HCA": [0.00345, 0.00441849173553719, 0.0045828572845181235, 0.005462120554451947, 0.005681599292449204, 0.005681599292449204, 0.005745599292449203, 0.005745599292449203, 0.005745599292449203, 0.005822546045296233, 0.005822546045296233, 0.005822546045296233, 0.005822546045296233, 0.005822546045296233, 0.005822546045296233, 0.005822546045296233, 0.005938166348221427, 0.005938166348221427, 0.005938166348221427, 0.005938166348221427, 0.005938166348221427, 0.005938166348221427, 0.005938166348221427, 0.005938166348221427, 0.005938166348221427, 0.005938166348221427, 0.005938166348221427, 0.005938166348221427, 0.005938166348221427, 0.005938166348221427, 0.005938166348221427, 0.005938166348221427, 0.006215944125999205], "HPRA": [0.00345, 0.00441849173553719, 0.00441849173553719, 0.005527673834302622, 0.005527673834302622, 0.005527673834302622, 0.005787819515884308, 0.005787819515884308, 0.005863433882613987, 0.005863433882613987, 0.005863433882613987, 0.005863433882613987, 0.005863433882613987, 0.005863433882613987, 0.006080447771502876, 0.006080447771502876, 0.006080447771502876, 0.006080447771502876, 0.006080447771502876, 0.006080447771502876, 0.006080447771502876, 0.006080447771502876, 0.006080447771502876, 0.006080447771502876, 0.006080447771502876, 0.006080447771502876, 0.006080447771502876, 0.006080447771502876, 0.006080447771502876, 0.006080447771502876, 0.006080447771502876, 0.006080447771502876, 0.006080447771502876, 0.006388234782890995]}