{"HDA": [0.030535714285714284, 0.06357142857142857, 0.09660714285714286, 0.12964285714285714, 0.16267857142857142, 0.19589285714285715, 0.2307142857142857, 0.26553571428571426, 0.3003571428571428, 0.3353571428571428, 0.37053571428571425, 0.4057142857142857, 0.44107142857142856, 0.4764285714285714, 0.5117857142857143, 0.5471428571428572, 0.5825, 0.6178571428571429, 0.6532142857142857, 0.6885714285714286, 0.7239285714285715, 0.7592857142857143, 0.7946428571428572, 0.8300000000000001, 0.8653571428571429, 0.9007142857142858, 0.9360714285714287, 0.971607142857143], "HBA": [0.009095744680851064, 0.01893617021276596, 0.028829787234042555, 0.038829787234042554, 0.048882978723404254, 0.05898936170212766, 0.06936170212765957, 0.07973404255319148, 0.09010638297872339, 0.10053191489361701, 0.11101063829787233, 0.12148936170212765, 0.13202127659574467, 0.14255319148936169, 0.1530851063829787, 0.16361702127659572, 0.17414893617021274, 0.18468085106382975, 0.19521276595744677, 0.2057446808510638, 0.2162765957446808, 0.22680851063829782, 0.23734042553191484, 0.24787234042553186, 0.2584042553191489, 0.26893617021276595, 0.279468085106383, 0.29000000000000004, 0.3005319148936171, 0.3110638297872341, 0.32159574468085117, 0.3321276595744682, 0.34265957446808526, 0.3531914893617023, 0.36372340425531935, 0.3742553191489364, 0.38478723404255344, 0.3953191489361705, 0.40585106382978753, 0.4163829787234046, 0.4269148936170216, 0.43744680851063866, 0.4479787234042557, 0.45851063829787275, 0.4690425531914898, 0.47957446808510684, 0.4901063829787239, 0.5006382978723409, 0.511170212765958, 0.521702127659575, 0.5322340425531921, 0.5427659574468091, 0.5532978723404262, 0.5638297872340432, 0.5743617021276602, 0.5848936170212773, 0.5954255319148943, 0.6059574468085114, 0.6164893617021284, 0.6270212765957455, 0.6375531914893625, 0.6480851063829796, 0.6586170212765966, 0.6691489361702136, 0.6796808510638307, 0.6902127659574477, 0.7007446808510648, 0.7112765957446818, 0.7218085106382989, 0.7323404255319159, 0.742872340425533, 0.75340425531915, 0.763936170212767, 0.7744680851063841, 0.7850000000000011, 0.7955319148936182, 0.8060638297872352, 0.8165957446808523, 0.8271276595744693, 0.8376595744680864, 0.8481914893617034, 0.8587234042553205, 0.8692553191489375, 0.8797872340425545, 0.8903191489361716, 0.9008510638297886, 0.9113829787234057, 0.9219148936170227, 0.9324468085106398, 0.9429787234042568, 0.9535106382978739, 0.9640425531914909, 0.974574468085108, 0.9851595744680867], "HCA": [0.030535714285714284, 0.06357142857142857, 0.09678571428571428, 0.13, 0.1635714285714286, 0.19714285714285718, 0.23196428571428573, 0.2667857142857143, 0.30160714285714285, 0.3366071428571428, 0.3717857142857143, 0.4069642857142857, 0.4423214285714286, 0.47767857142857145, 0.5130357142857143, 0.5483928571428571, 0.58375, 0.6191071428571429, 0.6544642857142857, 0.6898214285714286, 0.7251785714285715, 0.7605357142857143, 0.7958928571428572, 0.83125, 0.8666071428571429, 0.9019642857142858, 0.9373214285714286, 0.972857142857143], "HPRA": [0.030535714285714284, 0.06357142857142857, 0.09660714285714286, 0.12964285714285714, 0.16267857142857142, 0.19589285714285715, 0.2307142857142857, 0.26553571428571426, 0.3003571428571428, 0.3353571428571428, 0.3703571428571428, 0.40535714285714275, 0.4407142857142856, 0.4760714285714285, 0.5114285714285713, 0.5467857142857142, 0.5821428571428571, 0.6174999999999999, 0.6528571428571428, 0.6882142857142857, 0.7235714285714285, 0.7589285714285714, 0.7942857142857143, 0.8296428571428571, 0.865, 0.9003571428571429, 0.9357142857142857, 0.9712500000000001]}