{"HDA": [0.028571428571428574, 0.06160714285714286, 0.095, 0.12839285714285714, 0.16178571428571428, 0.19624999999999998, 0.2307142857142857, 0.2657142857142857, 0.30071428571428566, 0.33571428571428563, 0.3707142857142856, 0.4057142857142856, 0.44071428571428556, 0.47571428571428553, 0.5108928571428569, 0.5460714285714283, 0.5814285714285712, 0.616785714285714, 0.6521428571428569, 0.6874999999999998, 0.7228571428571426, 0.7582142857142855, 0.7935714285714284, 0.8289285714285712, 0.8642857142857141, 0.899642857142857, 0.9349999999999998, 0.9705357142857142], "HBA": [0.010810810810810811, 0.023310810810810812, 0.03594594594594595, 0.04864864864864865, 0.06148648648648649, 0.07452702702702703, 0.08763513513513514, 0.10087837837837839, 0.11412162162162164, 0.12736486486486487, 0.14060810810810812, 0.15385135135135136, 0.16716216216216218, 0.180472972972973, 0.1937837837837838, 0.20709459459459462, 0.220472972972973, 0.23385135135135138, 0.24722972972972976, 0.26060810810810814, 0.2739864864864865, 0.28736486486486484, 0.3007432432432432, 0.31412162162162155, 0.3274999999999999, 0.34087837837837826, 0.3542567567567566, 0.36763513513513496, 0.3810135135135133, 0.39439189189189167, 0.40777027027027, 0.42114864864864837, 0.4345270270270267, 0.4479054054054051, 0.46128378378378343, 0.4746621621621618, 0.48804054054054014, 0.5014189189189185, 0.514797297297297, 0.5281756756756754, 0.5415540540540538, 0.5549324324324322, 0.5683108108108106, 0.581689189189189, 0.5950675675675674, 0.6084459459459458, 0.6218243243243242, 0.6352027027027026, 0.648581081081081, 0.6619594594594594, 0.6753378378378379, 0.6887162162162163, 0.7020945945945947, 0.7154729729729731, 0.7288513513513515, 0.7422297297297299, 0.7556081081081083, 0.7689864864864867, 0.7823648648648651, 0.7957432432432435, 0.8091216216216219, 0.8225000000000003, 0.8358783783783788, 0.8492567567567572, 0.8626351351351356, 0.876013513513514, 0.8893918918918924, 0.9027702702702708, 0.9161486486486492, 0.9295270270270276, 0.942905405405406, 0.9562837837837844, 0.9696621621621628, 0.9831081081081088], "HCA": [0.028571428571428574, 0.06196428571428572, 0.09535714285714286, 0.12892857142857145, 0.16339285714285717, 0.1978571428571429, 0.2328571428571429, 0.2678571428571429, 0.3028571428571429, 0.33785714285714286, 0.37285714285714283, 0.4078571428571428, 0.44303571428571425, 0.4782142857142857, 0.5133928571428571, 0.5485714285714285, 0.5837499999999999, 0.6189285714285713, 0.6542857142857141, 0.689642857142857, 0.7249999999999999, 0.7603571428571427, 0.7957142857142856, 0.8310714285714285, 0.8664285714285713, 0.9017857142857142, 0.937142857142857, 0.9726785714285714], "HPRA": [0.028571428571428574, 0.06160714285714286, 0.095, 0.12839285714285714, 0.16178571428571428, 0.19517857142857142, 0.22964285714285715, 0.2646428571428571, 0.2996428571428571, 0.3346428571428571, 0.36964285714285705, 0.404642857142857, 0.439642857142857, 0.474642857142857, 0.509642857142857, 0.544642857142857, 0.5799999999999998, 0.6153571428571427, 0.6507142857142856, 0.6860714285714284, 0.7214285714285713, 0.7567857142857142, 0.792142857142857, 0.8274999999999999, 0.8628571428571428, 0.8982142857142856, 0.9335714285714285, 0.9691071428571428]}