{"HDA": [0.004, 0.0049409462155143215, 0.005031032247675035, 0.005031032247675035, 0.005031032247675035, 0.005447698914341702, 0.005447698914341702, 0.005704900560432237, 0.005704900560432237, 0.005704900560432237, 0.005704900560432237, 0.005704900560432237, 0.005704900560432237, 0.005704900560432237, 0.0058536215598373525, 0.0058536215598373525, 0.00602675175374317, 0.00602675175374317, 0.00602675175374317, 0.00602675175374317, 0.00602675175374317, 0.00602675175374317, 0.00602675175374317, 0.00602675175374317, 0.00602675175374317, 0.00602675175374317, 0.00602675175374317, 0.006382750329748866], "HBA": [0.004, 0.0049409462155143215, 0.005031032247675035, 0.0050843115912735225, 0.005200854916254584, 0.005395964177440848, 0.005472910930287878, 0.00564124692894119, 0.00564124692894119, 0.00564124692894119, 0.00564124692894119, 0.00564124692894119, 0.005770379160346149, 0.005770379160346149, 0.005770379160346149, 0.005770379160346149, 0.005943509354251966, 0.005943509354251966, 0.005943509354251966, 0.005943509354251966, 0.005943509354251966, 0.005943509354251966, 0.005943509354251966, 0.005943509354251966, 0.005943509354251966, 0.005943509354251966, 0.005943509354251966, 0.005943509354251966, 0.005943509354251966, 0.005943509354251966, 0.005943509354251966, 0.005943509354251966, 0.005943509354251966, 0.005943509354251966, 0.005943509354251966, 0.005943509354251966, 0.005943509354251966, 0.005943509354251966, 0.005943509354251966, 0.005943509354251966, 0.005943509354251966, 0.005943509354251966, 0.005943509354251966, 0.005943509354251966, 0.005943509354251966, 0.005943509354251966, 0.005943509354251966, 0.005943509354251966, 0.005943509354251966, 0.005943509354251966, 0.005943509354251966, 0.005943509354251966, 0.005943509354251966, 0.005943509354251966, 0.005943509354251966, 0.005943509354251966, 0.005943509354251966, 0.005943509354251966, 0.005943509354251966, 0.005943509354251966, 0.005943509354251966, 0.005943509354251966, 0.005943509354251966, 0.005943509354251966, 0.005943509354251966, 0.005943509354251966, 0.005943509354251966, 0.005943509354251966, 0.005943509354251966, 0.005943509354251966, 0.005943509354251966, 0.005943509354251966, 0.005943509354251966, 0.021568509354251968], "HCA": [0.004, 0.005016221912755467, 0.005016221912755467, 0.005063784338439177, 0.005322570115572866, 0.005322570115572866, 0.0055115345902516264, 0.0055115345902516264, 0.0055115345902516264, 0.0055115345902516264, 0.0055115345902516264, 0.0055115345902516264, 0.005607651468375425, 0.005607651468375425, 0.005607651468375425, 0.005607651468375425, 0.005607651468375425, 0.005607651468375425, 0.005749374824384495, 0.005749374824384495, 0.005749374824384495, 0.005749374824384495, 0.005749374824384495, 0.005749374824384495, 0.005749374824384495, 0.005749374824384495, 0.005749374824384495, 0.00598606121491704], "HPRA": [0.004, 0.0049409462155143215, 0.005031032247675035, 0.005031032247675035, 0.005031032247675035, 0.005031032247675035, 0.0054927127647572144, 0.005749914410847749, 0.005749914410847749, 0.005749914410847749, 0.005749914410847749, 0.005749914410847749, 0.005749914410847749, 0.005749914410847749, 0.005749914410847749, 0.005749914410847749, 0.006096174798659384, 0.006096174798659384, 0.006096174798659384, 0.006096174798659384, 0.006096174798659384, 0.006096174798659384, 0.006096174798659384, 0.006096174798659384, 0.006096174798659384, 0.006096174798659384, 0.006096174798659384, 0.00645217337466508]}