{"HDA": [0.0041, 0.0041, 0.0049179654967281385, 0.0049179654967281385, 0.005116338835351428, 0.005342468068208005, 0.005342468068208005, 0.005342468068208005, 0.005342468068208005, 0.005342468068208005, 0.005342468068208005, 0.005431467712209429, 0.005623701468457027, 0.005623701468457027, 0.00573450479255675, 0.00573450479255675, 0.00573450479255675, 0.00573450479255675, 0.00573450479255675, 0.00573450479255675, 0.00573450479255675, 0.00573450479255675, 0.00573450479255675, 0.00573450479255675, 0.00573450479255675, 0.00573450479255675, 0.00573450479255675, 0.00573450479255675, 0.005964073203943343], "HBA": [0.0041, 0.004610708927830445, 0.004828447351404259, 0.004956603188902657, 0.0050048284975446325, 0.00523095773040121, 0.00523095773040121, 0.00523095773040121, 0.00523095773040121, 0.00530790448324824, 0.005390549111347413, 0.005390549111347413, 0.0054866659894712115, 0.0054866659894712115, 0.005597469313570935, 0.005597469313570935, 0.005597469313570935, 0.005597469313570935, 0.005597469313570935, 0.005597469313570935, 0.005597469313570935, 0.005597469313570935, 0.005597469313570935, 0.005597469313570935, 0.005597469313570935, 0.005597469313570935, 0.005597469313570935, 0.005597469313570935, 0.005597469313570935, 0.005597469313570935, 0.005597469313570935, 0.005597469313570935, 0.005597469313570935, 0.005597469313570935, 0.005597469313570935, 0.005597469313570935, 0.005597469313570935, 0.005597469313570935, 0.005597469313570935, 0.005597469313570935, 0.005597469313570935, 0.005597469313570935, 0.005597469313570935, 0.005597469313570935, 0.005597469313570935, 0.005597469313570935, 0.005597469313570935, 0.005597469313570935, 0.005597469313570935, 0.005597469313570935, 0.005597469313570935, 0.005597469313570935, 0.005597469313570935, 0.005597469313570935, 0.005597469313570935, 0.005597469313570935, 0.005597469313570935, 0.005597469313570935, 0.005597469313570935, 0.005597469313570935, 0.005597469313570935, 0.005597469313570935, 0.005597469313570935, 0.005597469313570935, 0.005597469313570935, 0.005597469313570935, 0.005597469313570935, 0.005597469313570935, 0.005597469313570935, 0.005597469313570935, 0.005597469313570935, 0.005597469313570935, 0.005597469313570935, 0.005597469313570935, 0.005597469313570935, 0.00836755241606401], "HCA": [0.0041, 0.004610708927830445, 0.004828447351404259, 0.004828447351404259, 0.005026820690027548, 0.005252949922884125, 0.005252949922884125, 0.005252949922884125, 0.005252949922884125, 0.005329896675731155, 0.005412541303830328, 0.005412541303830328, 0.005508658181954127, 0.005508658181954127, 0.00561946150605385, 0.00561946150605385, 0.00561946150605385, 0.00561946150605385, 0.00561946150605385, 0.00561946150605385, 0.00561946150605385, 0.00561946150605385, 0.00561946150605385, 0.00561946150605385, 0.00561946150605385, 0.00561946150605385, 0.00561946150605385, 0.00561946150605385, 0.0058490299174404434], "HPRA": [0.0041, 0.0041, 0.0041, 0.005039809474988253, 0.005238182813611542, 0.005464312046468119, 0.005464312046468119, 0.005464312046468119, 0.005464312046468119, 0.005464312046468119, 0.005464312046468119, 0.005464312046468119, 0.0057526626808395145, 0.0057526626808395145, 0.005863466004939238, 0.005863466004939238, 0.005863466004939238, 0.005863466004939238, 0.005863466004939238, 0.005863466004939238, 0.005863466004939238, 0.005863466004939238, 0.005863466004939238, 0.005863466004939238, 0.005863466004939238, 0.005863466004939238, 0.005863466004939238, 0.005863466004939238, 0.006093034416325831]}