{"HDA": [0.003434256710689124, 0.003434256710689124, 0.003434256710689124, 0.003434256710689124, 0.003933927979591162, 0.003933927979591162, 0.00430977699567213, 0.004689551301227686, 0.00488143200625222, 0.00488143200625222, 0.00488143200625222, 0.004994605387872862, 0.004994605387872862, 0.004994605387872862, 0.004994605387872862, 0.004994605387872862, 0.004994605387872862, 0.004994605387872862, 0.005025129486648846, 0.005025129486648846, 0.00505633949882075, 0.00505633949882075, 0.00505633949882075, 0.00505633949882075, 0.00505633949882075, 0.0050893689611011044, 0.0050893689611011044, 0.0050893689611011044, 0.0050893689611011044, 0.0050893689611011044, 0.005124381740765682, 0.005124381740765682, 0.005124381740765682, 0.005124381740765682, 0.005124381740765682, 0.005124381740765682, 0.005124381740765682, 0.005124381740765682, 0.005124381740765682, 0.005124381740765682, 0.005124381740765682, 0.005124381740765682, 0.005124381740765682, 0.005124381740765682, 0.005124381740765682, 0.005124381740765682, 0.005124381740765682, 0.005124381740765682, 0.005124381740765682, 0.005124381740765682, 0.005124381740765682, 0.005124381740765682, 0.005124381740765682, 0.005124381740765682, 0.005124381740765682, 0.005124381740765682, 0.005124381740765682, 0.005124381740765682, 0.005124381740765682, 0.005175402148928947], "HBA": [0.003434256710689124, 0.003918901134727488, 0.003918901134727488, 0.00436142508308234, 0.004571812985777935, 0.0045983832908050365, 0.004732615082262526, 0.004813995290595859, 0.004841406819885078, 0.004841406819885078, 0.00489739629386397, 0.004953982984674291, 0.004953982984674291, 0.004953982984674291, 0.004953982984674291, 0.004983519846678072, 0.004983519846678072, 0.004983519846678072, 0.0050140439454540555, 0.0050140439454540555, 0.0050140439454540555, 0.0050140439454540555, 0.005045963253443459, 0.005045963253443459, 0.005045963253443459, 0.005045963253443459, 0.005045963253443459, 0.005045963253443459, 0.005045963253443459, 0.005045963253443459, 0.005080976033108036, 0.005080976033108036, 0.005080976033108036, 0.005080976033108036, 0.005080976033108036, 0.005080976033108036, 0.005080976033108036, 0.005080976033108036, 0.005080976033108036, 0.005080976033108036, 0.005080976033108036, 0.005080976033108036, 0.005080976033108036, 0.005080976033108036, 0.005080976033108036, 0.005080976033108036, 0.005080976033108036, 0.005080976033108036, 0.005080976033108036, 0.005080976033108036, 0.005080976033108036, 0.005080976033108036, 0.005080976033108036, 0.005080976033108036, 0.005080976033108036, 0.005080976033108036, 0.005080976033108036, 0.005080976033108036, 0.005080976033108036, 0.005080976033108036, 0.005080976033108036, 0.005080976033108036, 0.005080976033108036, 0.005080976033108036, 0.005080976033108036, 0.005080976033108036, 0.005080976033108036, 0.005080976033108036, 0.005080976033108036, 0.005080976033108036, 0.005080976033108036, 0.005080976033108036, 0.005080976033108036, 0.005080976033108036, 0.005080976033108036, 0.005080976033108036, 0.005080976033108036, 0.005080976033108036, 0.005080976033108036, 0.005080976033108036, 0.005080976033108036, 0.005080976033108036, 0.005080976033108036, 0.005080976033108036, 0.005080976033108036, 0.005080976033108036, 0.005080976033108036, 0.005080976033108036, 0.005080976033108036, 0.005080976033108036, 0.005080976033108036, 0.005080976033108036, 0.005080976033108036, 0.005080976033108036, 0.005080976033108036, 0.005080976033108036, 0.005080976033108036, 0.005080976033108036, 0.005080976033108036, 0.005080976033108036, 0.005080976033108036, 0.005080976033108036, 0.005080976033108036, 0.005080976033108036, 0.005080976033108036, 0.005080976033108036, 0.005080976033108036, 0.005080976033108036, 0.005080976033108036, 0.005080976033108036, 0.005080976033108036, 0.005080976033108036, 0.005080976033108036, 0.005080976033108036, 0.005080976033108036, 0.005080976033108036, 0.005080976033108036, 0.005080976033108036, 0.005080976033108036, 0.005080976033108036, 0.005080976033108036, 0.005080976033108036, 0.005080976033108036, 0.005080976033108036, 0.005080976033108036, 0.005080976033108036, 0.005080976033108036, 0.005080976033108036, 0.005080976033108036, 0.005080976033108036, 0.005080976033108036, 0.005080976033108036, 0.005080976033108036, 0.005080976033108036, 0.005080976033108036, 0.005080976033108036, 0.005080976033108036, 0.005080976033108036, 0.005080976033108036, 0.005080976033108036, 0.005080976033108036, 0.005080976033108036, 0.005080976033108036, 0.005080976033108036, 0.005080976033108036, 0.005080976033108036, 0.005080976033108036, 0.005080976033108036, 0.005080976033108036, 0.005080976033108036, 0.005080976033108036, 0.005080976033108036, 0.005080976033108036, 0.005080976033108036, 0.005080976033108036, 0.005080976033108036, 0.005080976033108036, 0.005080976033108036, 0.005080976033108036, 0.005080976033108036, 0.005080976033108036, 0.005080976033108036, 0.005080976033108036, 0.005080976033108036, 0.005080976033108036, 0.0059460279362222234], "HCA": [0.003434256710689124, 0.003434256710689124, 0.0039238338706262515, 0.004366357818981104, 0.004366357818981104, 0.004605490564225019, 0.004739722355682508, 0.004739722355682508, 0.004849368472839384, 0.004849368472839384, 0.004905357946818276, 0.004961944637628597, 0.004961944637628597, 0.004961944637628597, 0.004961944637628597, 0.004961944637628597, 0.0049918051888543724, 0.0049918051888543724, 0.005022329287630356, 0.005022329287630356, 0.005022329287630356, 0.005022329287630356, 0.005054248595619759, 0.005054248595619759, 0.005054248595619759, 0.005054248595619759, 0.005054248595619759, 0.005054248595619759, 0.005054248595619759, 0.005054248595619759, 0.005089261375284337, 0.005089261375284337, 0.005089261375284337, 0.005089261375284337, 0.005089261375284337, 0.005089261375284337, 0.005089261375284337, 0.005089261375284337, 0.005089261375284337, 0.005089261375284337, 0.005089261375284337, 0.005089261375284337, 0.005089261375284337, 0.005089261375284337, 0.005089261375284337, 0.005089261375284337, 0.005089261375284337, 0.005089261375284337, 0.005089261375284337, 0.005089261375284337, 0.005089261375284337, 0.005089261375284337, 0.005089261375284337, 0.005089261375284337, 0.005089261375284337, 0.005089261375284337, 0.005089261375284337, 0.005089261375284337, 0.005089261375284337, 0.005140281783447602], "HPRA": [0.003434256710689124, 0.003434256710689124, 0.003434256710689124, 0.003434256710689124, 0.003434256710689124, 0.003939092506204056, 0.004314941522285024, 0.00469471582784058, 0.00469471582784058, 0.004888621645015095, 0.004888621645015095, 0.005001795026635738, 0.005001795026635738, 0.005001795026635738, 0.005001795026635738, 0.005001795026635738, 0.005001795026635738, 0.005001795026635738, 0.005001795026635738, 0.005001795026635738, 0.005064215050979547, 0.005064215050979547, 0.005064215050979547, 0.005064215050979547, 0.005064215050979547, 0.005064215050979547, 0.005064215050979547, 0.005064215050979547, 0.005064215050979547, 0.005064215050979547, 0.005134240610308703, 0.005134240610308703, 0.005134240610308703, 0.005134240610308703, 0.005134240610308703, 0.005134240610308703, 0.005134240610308703, 0.005134240610308703, 0.005134240610308703, 0.005134240610308703, 0.005134240610308703, 0.005134240610308703, 0.005134240610308703, 0.005134240610308703, 0.005134240610308703, 0.005134240610308703, 0.005134240610308703, 0.005134240610308703, 0.005134240610308703, 0.005134240610308703, 0.005134240610308703, 0.005134240610308703, 0.005134240610308703, 0.005134240610308703, 0.005134240610308703, 0.005134240610308703, 0.005134240610308703, 0.005134240610308703, 0.005134240610308703, 0.005185261018471968]}