{"HDA": [0.024482758620689653, 0.05482758620689655, 0.08517241379310345, 0.11862068965517242, 0.15224137931034482, 0.1858620689655172, 0.2194827586206896, 0.253103448275862, 0.2867241379310344, 0.3203448275862068, 0.3543103448275861, 0.3882758620689654, 0.4222413793103447, 0.45620689655172403, 0.49017241379310333, 0.5243103448275861, 0.5584482758620688, 0.5925862068965515, 0.6267241379310342, 0.6608620689655169, 0.6949999999999996, 0.7291379310344823, 0.763275862068965, 0.7974137931034477, 0.8315517241379304, 0.8656896551724131, 0.8998275862068958, 0.9339655172413786, 0.9682758620689648], "HBA": [0.00922077922077922, 0.020649350649350647, 0.03207792207792207, 0.044675324675324674, 0.05733766233766233, 0.06999999999999999, 0.08266233766233766, 0.09532467532467533, 0.10805194805194805, 0.12077922077922078, 0.13357142857142856, 0.14636363636363636, 0.15915584415584416, 0.17194805194805196, 0.18474025974025976, 0.1975974025974026, 0.21045454545454545, 0.2233116883116883, 0.23616883116883114, 0.24902597402597398, 0.26188311688311683, 0.2747402597402597, 0.2875974025974025, 0.30045454545454536, 0.3133116883116882, 0.32616883116883105, 0.3390259740259739, 0.35188311688311674, 0.3647402597402596, 0.37759740259740243, 0.3904545454545453, 0.4033116883116881, 0.41616883116883097, 0.4290259740259738, 0.44188311688311666, 0.4547402597402595, 0.46759740259740235, 0.4804545454545452, 0.49331168831168803, 0.5061688311688309, 0.5190259740259738, 0.5318831168831167, 0.5447402597402596, 0.5575974025974025, 0.5704545454545454, 0.5833116883116883, 0.5961688311688312, 0.6090259740259741, 0.621883116883117, 0.6347402597402599, 0.6475974025974028, 0.6604545454545457, 0.6733116883116886, 0.6861688311688315, 0.6990259740259744, 0.7118831168831173, 0.7247402597402602, 0.7375974025974031, 0.750454545454546, 0.7633116883116889, 0.7761688311688318, 0.7890259740259747, 0.8018831168831176, 0.8147402597402605, 0.8275974025974034, 0.8404545454545463, 0.8533116883116892, 0.8661688311688321, 0.879025974025975, 0.8918831168831179, 0.9047402597402608, 0.9175974025974037, 0.9304545454545466, 0.9433116883116895, 0.9561688311688324, 0.9690259740259753, 0.9819480519480532], "HCA": [0.024482758620689653, 0.05482758620689655, 0.08517241379310345, 0.11862068965517242, 0.15224137931034482, 0.1858620689655172, 0.2194827586206896, 0.253103448275862, 0.28689655172413786, 0.3206896551724137, 0.354655172413793, 0.3886206896551723, 0.42258620689655163, 0.45655172413793094, 0.49051724137931024, 0.524655172413793, 0.5587931034482758, 0.5929310344827585, 0.6270689655172412, 0.6612068965517239, 0.6953448275862066, 0.7294827586206893, 0.763620689655172, 0.7977586206896548, 0.8318965517241375, 0.8660344827586202, 0.9001724137931029, 0.9343103448275856, 0.9686206896551718], "HPRA": [0.024482758620689653, 0.05482758620689655, 0.08517241379310345, 0.11862068965517242, 0.15224137931034482, 0.1858620689655172, 0.2194827586206896, 0.253103448275862, 0.2867241379310344, 0.3203448275862068, 0.3543103448275861, 0.3882758620689654, 0.4222413793103447, 0.45620689655172403, 0.49017241379310333, 0.5243103448275861, 0.5584482758620688, 0.5925862068965515, 0.6267241379310342, 0.6608620689655169, 0.6949999999999996, 0.7291379310344823, 0.763275862068965, 0.7974137931034477, 0.8315517241379304, 0.8656896551724131, 0.8998275862068958, 0.9339655172413786, 0.9682758620689648]}