{"HDA": [0.00355, 0.004647623966942149, 0.004647623966942149, 0.005437063026632513, 0.005485965173436758, 0.005485965173436758, 0.005485965173436758, 0.005485965173436758, 0.005485965173436758, 0.005485965173436758, 0.00562960205938907, 0.00562960205938907, 0.00562960205938907, 0.00562960205938907, 0.00562960205938907, 0.005725718937512869, 0.005725718937512869, 0.005725718937512869, 0.005725718937512869, 0.005725718937512869, 0.005725718937512869, 0.005725718937512869, 0.005725718937512869, 0.005725718937512869, 0.005725718937512869, 0.005725718937512869, 0.005725718937512869, 0.005725718937512869, 0.005903496715290646], "HBA": [0.00355, 0.004647623966942149, 0.004647623966942149, 0.005437063026632513, 0.005485965173436758, 0.005485965173436758, 0.005485965173436758, 0.005485965173436758, 0.005548953331663011, 0.005548953331663011, 0.005620771774639167, 0.005620771774639167, 0.005620771774639167, 0.005620771774639167, 0.005620771774639167, 0.005716888652762966, 0.005716888652762966, 0.005716888652762966, 0.005716888652762966, 0.005716888652762966, 0.005716888652762966, 0.005716888652762966, 0.005716888652762966, 0.005716888652762966, 0.005716888652762966, 0.005716888652762966, 0.005716888652762966, 0.005716888652762966, 0.005716888652762966, 0.005716888652762966, 0.005716888652762966, 0.005716888652762966, 0.005716888652762966, 0.005716888652762966, 0.005716888652762966, 0.005716888652762966, 0.005716888652762966, 0.005716888652762966, 0.005716888652762966, 0.005716888652762966, 0.005716888652762966, 0.005716888652762966, 0.005716888652762966, 0.005716888652762966, 0.005716888652762966, 0.005716888652762966, 0.005716888652762966, 0.005716888652762966, 0.005716888652762966, 0.005716888652762966, 0.005716888652762966, 0.005716888652762966, 0.005716888652762966, 0.005716888652762966, 0.005716888652762966, 0.005716888652762966, 0.005716888652762966, 0.005716888652762966, 0.005716888652762966, 0.005716888652762966, 0.005716888652762966, 0.005716888652762966, 0.005716888652762966, 0.005716888652762966, 0.005716888652762966, 0.005716888652762966, 0.005716888652762966, 0.005716888652762966, 0.005716888652762966, 0.005716888652762966, 0.005716888652762966, 0.005716888652762966, 0.005716888652762966, 0.005716888652762966, 0.005716888652762966, 0.005716888652762966, 0.007088630765245819], "HCA": [0.00355, 0.004647623966942149, 0.004647623966942149, 0.005437063026632513, 0.005485965173436758, 0.005485965173436758, 0.005485965173436758, 0.005485965173436758, 0.005548953331663011, 0.005548953331663011, 0.005620771774639167, 0.005620771774639167, 0.005620771774639167, 0.005620771774639167, 0.005620771774639167, 0.005716888652762966, 0.005716888652762966, 0.005716888652762966, 0.005716888652762966, 0.005716888652762966, 0.005716888652762966, 0.005716888652762966, 0.005716888652762966, 0.005716888652762966, 0.005716888652762966, 0.005716888652762966, 0.005716888652762966, 0.005716888652762966, 0.0058946664305407435], "HPRA": [0.00355, 0.004647623966942149, 0.004647623966942149, 0.005437063026632513, 0.005485965173436758, 0.005485965173436758, 0.005485965173436758, 0.005485965173436758, 0.005485965173436758, 0.005485965173436758, 0.00562960205938907, 0.00562960205938907, 0.00562960205938907, 0.00562960205938907, 0.00562960205938907, 0.005725718937512869, 0.005725718937512869, 0.005725718937512869, 0.005725718937512869, 0.005725718937512869, 0.005725718937512869, 0.005725718937512869, 0.005725718937512869, 0.005725718937512869, 0.005725718937512869, 0.005725718937512869, 0.005725718937512869, 0.005725718937512869, 0.005903496715290646]}