{"HDA": [0.02189655172413793, 0.05241379310344828, 0.08413793103448276, 0.11672413793103448, 0.1496551724137931, 0.18258620689655175, 0.21603448275862072, 0.2494827586206897, 0.28327586206896554, 0.3170689655172414, 0.35086206896551725, 0.38482758620689655, 0.41879310344827586, 0.45275862068965517, 0.4867241379310345, 0.5206896551724138, 0.5546551724137931, 0.5886206896551724, 0.6227586206896552, 0.6568965517241379, 0.6910344827586206, 0.7251724137931033, 0.759310344827586, 0.7934482758620687, 0.8275862068965514, 0.8617241379310341, 0.8958620689655168, 0.9299999999999995, 0.9643103448275857], "HBA": [0.007559523809523809, 0.018095238095238095, 0.029047619047619048, 0.04029761904761905, 0.051666666666666666, 0.06321428571428571, 0.07482142857142857, 0.08648809523809524, 0.09815476190476191, 0.10988095238095238, 0.12160714285714286, 0.13333333333333333, 0.1450595238095238, 0.15678571428571428, 0.16851190476190475, 0.18023809523809523, 0.1919642857142857, 0.20369047619047617, 0.21547619047619046, 0.22726190476190475, 0.23904761904761904, 0.2508333333333333, 0.2626190476190476, 0.2744047619047619, 0.28619047619047616, 0.29797619047619045, 0.30976190476190474, 0.321547619047619, 0.3333333333333333, 0.3451190476190476, 0.3569047619047619, 0.3686904761904762, 0.38047619047619047, 0.39226190476190476, 0.40404761904761904, 0.41583333333333333, 0.4276190476190476, 0.4394047619047619, 0.4511904761904762, 0.4629761904761905, 0.4747619047619048, 0.48654761904761906, 0.49833333333333335, 0.5101190476190476, 0.5219047619047619, 0.5336904761904762, 0.5454761904761904, 0.5572619047619047, 0.569047619047619, 0.5808333333333333, 0.5926190476190476, 0.6044047619047619, 0.6161904761904762, 0.6279761904761905, 0.6397619047619048, 0.651547619047619, 0.6633333333333333, 0.6751190476190476, 0.6869047619047619, 0.6986904761904762, 0.7104761904761905, 0.7222619047619048, 0.7340476190476191, 0.7458333333333333, 0.7576190476190476, 0.7694047619047619, 0.7811904761904762, 0.7929761904761905, 0.8047619047619048, 0.8165476190476191, 0.8283333333333334, 0.8401190476190477, 0.8519047619047619, 0.8636904761904762, 0.8754761904761905, 0.8872619047619048, 0.8990476190476191, 0.9108333333333334, 0.9226190476190477, 0.934404761904762, 0.9461904761904762, 0.9579761904761905, 0.9697619047619048, 0.9816071428571429], "HCA": [0.02267857142857143, 0.054285714285714284, 0.08714285714285713, 0.12089285714285714, 0.155, 0.18964285714285714, 0.22446428571428573, 0.2594642857142857, 0.2944642857142857, 0.3296428571428571, 0.3648214285714286, 0.4, 0.43517857142857147, 0.4703571428571429, 0.5055357142857143, 0.5407142857142857, 0.5758928571428571, 0.6110714285714285, 0.6464285714285714, 0.6817857142857142, 0.7171428571428571, 0.7525, 0.7878571428571428, 0.8232142857142857, 0.8585714285714285, 0.8939285714285714, 0.9292857142857143, 0.9648214285714286], "HPRA": [0.02189655172413793, 0.05241379310344828, 0.08413793103448276, 0.11672413793103448, 0.1496551724137931, 0.18258620689655175, 0.2155172413793104, 0.24896551724137936, 0.28241379310344833, 0.3162068965517242, 0.35000000000000003, 0.3837931034482759, 0.41758620689655174, 0.4513793103448276, 0.48517241379310344, 0.5189655172413793, 0.5527586206896552, 0.5865517241379311, 0.6206896551724139, 0.6548275862068966, 0.6889655172413793, 0.723103448275862, 0.7572413793103447, 0.7913793103448274, 0.8255172413793102, 0.8596551724137929, 0.8937931034482756, 0.9279310344827583, 0.9622413793103445]}