{"HDA": [0.01706896551724138, 0.04482758620689655, 0.07344827586206897, 0.10517241379310345, 0.13827586206896553, 0.17155172413793104, 0.20482758620689656, 0.23810344827586208, 0.27155172413793105, 0.305, 0.3386206896551724, 0.3722413793103448, 0.4058620689655172, 0.4394827586206896, 0.4734482758620689, 0.5074137931034483, 0.5415517241379311, 0.5756896551724138, 0.6098275862068965, 0.6439655172413792, 0.6781034482758619, 0.7122413793103446, 0.7463793103448273, 0.78051724137931, 0.8146551724137927, 0.8487931034482754, 0.8829310344827581, 0.9170689655172408, 0.951379310344827], "HBA": [0.008618421052631579, 0.02, 0.031578947368421054, 0.04421052631578948, 0.0568421052631579, 0.06947368421052633, 0.08217105263157895, 0.09493421052631579, 0.10769736842105262, 0.12046052631578946, 0.1332894736842105, 0.14618421052631578, 0.15907894736842104, 0.1719736842105263, 0.18486842105263157, 0.19776315789473684, 0.2107236842105263, 0.2236842105263158, 0.23664473684210527, 0.24960526315789475, 0.2625657894736842, 0.2755263157894737, 0.28855263157894734, 0.301578947368421, 0.31460526315789467, 0.32763157894736833, 0.340657894736842, 0.35368421052631566, 0.3667105263157893, 0.379736842105263, 0.39276315789473665, 0.4057894736842103, 0.418815789473684, 0.43184210526315764, 0.4448684210526313, 0.45789473684210497, 0.47092105263157863, 0.4839473684210523, 0.49697368421052596, 0.5099999999999997, 0.5230263157894733, 0.536052631578947, 0.5490789473684207, 0.5621052631578943, 0.575131578947368, 0.5881578947368417, 0.6011842105263153, 0.614210526315789, 0.6272368421052626, 0.6402631578947363, 0.65328947368421, 0.6663157894736836, 0.6793421052631573, 0.692368421052631, 0.7053947368421046, 0.7184210526315783, 0.731447368421052, 0.7444736842105256, 0.7574999999999993, 0.770526315789473, 0.7835526315789466, 0.7965789473684203, 0.8096052631578939, 0.8226315789473676, 0.8356578947368413, 0.8486842105263149, 0.8617105263157886, 0.8747368421052623, 0.8877631578947359, 0.9007894736842096, 0.9138157894736832, 0.9268421052631569, 0.9398684210526306, 0.9528947368421042, 0.9659210526315779, 0.9790131578947358], "HCA": [0.025517241379310343, 0.053275862068965514, 0.08189655172413793, 0.11362068965517241, 0.14672413793103448, 0.18, 0.2132758620689655, 0.24655172413793103, 0.2798275862068965, 0.31327586206896546, 0.34689655172413786, 0.3806896551724137, 0.41448275862068956, 0.4482758620689654, 0.4822413793103447, 0.516206896551724, 0.5503448275862068, 0.5844827586206895, 0.6186206896551723, 0.652758620689655, 0.6868965517241377, 0.7210344827586204, 0.7551724137931031, 0.7893103448275858, 0.8234482758620685, 0.8575862068965512, 0.8917241379310339, 0.9258620689655166, 0.9601724137931028], "HPRA": [0.01706896551724138, 0.04482758620689655, 0.07344827586206897, 0.10206896551724137, 0.13517241379310344, 0.16844827586206895, 0.20172413793103447, 0.235, 0.2682758620689655, 0.3017241379310344, 0.33517241379310336, 0.3686206896551723, 0.40206896551724125, 0.4355172413793102, 0.4694827586206895, 0.5034482758620689, 0.5375862068965516, 0.5717241379310343, 0.605862068965517, 0.6399999999999997, 0.6741379310344824, 0.7082758620689651, 0.7424137931034478, 0.7765517241379305, 0.8106896551724132, 0.8448275862068959, 0.8789655172413786, 0.9131034482758613, 0.9474137931034475]}