{"HDA": [0.002475, 0.00457072742022715, 0.004787140162609421, 0.005692527215574564, 0.00615166403834775, 0.006217762260305579, 0.006217762260305579, 0.006217762260305579, 0.0063067619043070035, 0.0063067619043070035, 0.006415268848751448, 0.006415268848751448, 0.006415268848751448, 0.006415268848751448, 0.006727768848751448, 0.006727768848751448, 0.006915421316381397, 0.006915421316381397, 0.006915421316381397, 0.006915421316381397, 0.006915421316381397, 0.006915421316381397, 0.006915421316381397, 0.006915421316381397, 0.006915421316381397, 0.006915421316381397, 0.006915421316381397, 0.006915421316381397, 0.007349449094159175], "HBA": [0.003275, 0.004402547048242906, 0.004494119344570857, 0.005041296253705291, 0.005041296253705291, 0.005041296253705291, 0.005085740698149735, 0.005133303123833445, 0.005133303123833445, 0.005133303123833445, 0.0051915747863239756, 0.0052535749103242236, 0.0052535749103242236, 0.0052535749103242236, 0.0052535749103242236, 0.0052535749103242236, 0.005339308792354402, 0.005339308792354402, 0.005339308792354402, 0.005339308792354402, 0.005339308792354402, 0.005339308792354402, 0.005462765582477859, 0.005462765582477859, 0.005462765582477859, 0.005462765582477859, 0.005462765582477859, 0.005462765582477859, 0.005462765582477859, 0.005462765582477859, 0.005462765582477859, 0.005462765582477859, 0.005462765582477859, 0.005462765582477859, 0.005462765582477859, 0.005462765582477859, 0.005462765582477859, 0.005462765582477859, 0.005462765582477859, 0.005462765582477859, 0.005462765582477859, 0.005462765582477859, 0.005462765582477859, 0.005462765582477859, 0.005462765582477859, 0.005462765582477859, 0.005462765582477859, 0.005462765582477859, 0.005462765582477859, 0.005462765582477859, 0.005462765582477859, 0.005462765582477859, 0.005462765582477859, 0.005462765582477859, 0.005462765582477859, 0.005462765582477859, 0.005462765582477859, 0.005462765582477859, 0.005462765582477859, 0.005462765582477859, 0.005462765582477859, 0.005462765582477859, 0.005462765582477859, 0.005462765582477859, 0.005462765582477859, 0.005462765582477859, 0.005462765582477859, 0.005462765582477859, 0.005462765582477859, 0.005462765582477859, 0.005462765582477859, 0.005462765582477859, 0.005462765582477859, 0.005462765582477859, 0.005462765582477859, 0.006834507694960712], "HCA": [0.0037, 0.004105730158234762, 0.004322142900617033, 0.005227529953582176, 0.005686666776355362, 0.005752764998313191, 0.005752764998313191, 0.005752764998313191, 0.005752764998313191, 0.005850794603253884, 0.005959301547698328, 0.006077448995713451, 0.006077448995713451, 0.006077448995713451, 0.006233698995713451, 0.006233698995713451, 0.006421351463343401, 0.006421351463343401, 0.006421351463343401, 0.006421351463343401, 0.006421351463343401, 0.006421351463343401, 0.006421351463343401, 0.006421351463343401, 0.006421351463343401, 0.006421351463343401, 0.006421351463343401, 0.006421351463343401, 0.0068553792411211786], "HPRA": [0.002475, 0.00457072742022715, 0.004787140162609421, 0.004787140162609421, 0.006279334836622277, 0.006345433058580106, 0.006345433058580106, 0.006345433058580106, 0.006345433058580106, 0.006443462663520799, 0.006443462663520799, 0.006443462663520799, 0.006443462663520799, 0.006443462663520799, 0.006912212663520798, 0.006912212663520798, 0.007099865131150748, 0.007099865131150748, 0.007099865131150748, 0.007099865131150748, 0.007099865131150748, 0.007099865131150748, 0.007099865131150748, 0.007099865131150748, 0.007099865131150748, 0.007099865131150748, 0.007099865131150748, 0.007099865131150748, 0.007533892908928526]}