{"HDA": [0.024714285714285713, 0.051571428571428574, 0.07842857142857143, 0.10528571428571429, 0.13214285714285715, 0.15942857142857142, 0.1867142857142857, 0.21399999999999997, 0.24185714285714283, 0.2697142857142857, 0.29757142857142854, 0.32557142857142857, 0.3535714285714286, 0.3815714285714286, 0.40957142857142864, 0.43757142857142867, 0.4657142857142858, 0.49385714285714294, 0.5221428571428572, 0.5504285714285715, 0.5787142857142857, 0.607, 0.6352857142857142, 0.6635714285714285, 0.6918571428571427, 0.720142857142857, 0.7484285714285712, 0.7767142857142855, 0.8049999999999997, 0.833285714285714, 0.8615714285714282, 0.8898571428571425, 0.9181428571428567, 0.946428571428571, 0.9748571428571424], "HBA": [0.009719101123595506, 0.020280898876404496, 0.030842696629213483, 0.04140449438202247, 0.051966292134831456, 0.06269662921348314, 0.07359550561797752, 0.0845505617977528, 0.09550561797752809, 0.10646067415730337, 0.11747191011235955, 0.12848314606741573, 0.1394943820224719, 0.1505056179775281, 0.16157303370786516, 0.17264044943820223, 0.1837078651685393, 0.19477528089887636, 0.20589887640449434, 0.2170224719101123, 0.2281460674157303, 0.23926966292134827, 0.25039325842696625, 0.2615168539325842, 0.2726404494382022, 0.2837640449438202, 0.29488764044943816, 0.30601123595505614, 0.3171348314606741, 0.3282584269662921, 0.33938202247191007, 0.35050561797752805, 0.36162921348314603, 0.372752808988764, 0.383876404494382, 0.39499999999999996, 0.40612359550561794, 0.4172471910112359, 0.4283707865168539, 0.4394943820224719, 0.45061797752808985, 0.46174157303370783, 0.4728651685393258, 0.4839887640449438, 0.49511235955056176, 0.5062359550561797, 0.5173595505617976, 0.5284831460674155, 0.5396067415730335, 0.5507303370786514, 0.5618539325842693, 0.5729775280898872, 0.5841011235955051, 0.5952247191011231, 0.606348314606741, 0.6174719101123589, 0.6285955056179768, 0.6397191011235948, 0.6508426966292127, 0.6619662921348306, 0.6730898876404485, 0.6842134831460664, 0.6953370786516844, 0.7064606741573023, 0.7175842696629202, 0.7287078651685381, 0.7398314606741561, 0.750955056179774, 0.7620786516853919, 0.7732022471910098, 0.7843258426966278, 0.7954494382022457, 0.8065730337078636, 0.8176966292134815, 0.8288202247190994, 0.8399438202247174, 0.8510674157303353, 0.8621910112359532, 0.8733146067415711, 0.884438202247189, 0.895561797752807, 0.9066853932584249, 0.9178089887640428, 0.9289325842696607, 0.9400561797752787, 0.9511797752808966, 0.9623033707865145, 0.9734269662921324, 0.9846067415730313], "HCA": [0.025441176470588234, 0.053088235294117644, 0.08073529411764706, 0.10838235294117647, 0.13602941176470587, 0.1641176470588235, 0.1926470588235294, 0.2213235294117647, 0.25, 0.2786764705882353, 0.3075, 0.3363235294117647, 0.3651470588235294, 0.3939705882352941, 0.4229411764705882, 0.45191176470588235, 0.4808823529411765, 0.5098529411764706, 0.5389705882352942, 0.5680882352941178, 0.5972058823529414, 0.626323529411765, 0.6554411764705885, 0.6845588235294121, 0.7136764705882357, 0.7427941176470593, 0.7719117647058829, 0.8010294117647064, 0.83014705882353, 0.8592647058823536, 0.8883823529411772, 0.9175000000000008, 0.9466176470588243, 0.9758823529411773], "HPRA": [0.024714285714285713, 0.049428571428571426, 0.07628571428571429, 0.10314285714285715, 0.13, 0.15728571428571428, 0.18457142857142855, 0.21185714285714283, 0.23971428571428569, 0.26757142857142857, 0.29542857142857143, 0.3232857142857143, 0.3512857142857143, 0.37928571428571434, 0.40728571428571436, 0.4352857142857144, 0.4632857142857144, 0.49128571428571444, 0.5195714285714287, 0.5478571428571429, 0.5761428571428572, 0.6044285714285714, 0.6327142857142857, 0.6609999999999999, 0.6892857142857142, 0.7175714285714284, 0.7458571428571427, 0.7741428571428569, 0.8024285714285712, 0.8307142857142854, 0.8589999999999997, 0.8872857142857139, 0.9155714285714281, 0.9438571428571424, 0.9722857142857139]}