{"HDA": [0.01606060606060606, 0.043333333333333335, 0.07060606060606062, 0.0978787878787879, 0.12681818181818183, 0.15575757575757576, 0.1846969696969697, 0.21393939393939393, 0.24318181818181817, 0.2725757575757576, 0.301969696969697, 0.3313636363636364, 0.36075757575757583, 0.39015151515151525, 0.4196969696969698, 0.4493939393939395, 0.47909090909090923, 0.5087878787878789, 0.5384848484848486, 0.5684848484848486, 0.5984848484848486, 0.6284848484848486, 0.6584848484848487, 0.6884848484848487, 0.7184848484848487, 0.7484848484848488, 0.7784848484848488, 0.8084848484848488, 0.8384848484848488, 0.8684848484848489, 0.8984848484848489, 0.9284848484848489, 0.9586363636363641], "HBA": [0.010123456790123457, 0.02123456790123457, 0.03277777777777778, 0.044444444444444446, 0.05611111111111111, 0.06790123456790123, 0.07969135802469135, 0.0915432098765432, 0.10358024691358024, 0.11561728395061728, 0.12771604938271605, 0.1398148148148148, 0.15191358024691357, 0.16401234567901232, 0.17617283950617282, 0.18833333333333332, 0.20049382716049383, 0.21265432098765433, 0.22481481481481483, 0.23703703703703705, 0.24925925925925926, 0.2614814814814815, 0.2737037037037037, 0.28592592592592597, 0.2981481481481482, 0.31037037037037046, 0.3225925925925927, 0.33481481481481495, 0.3470370370370372, 0.35925925925925944, 0.3714814814814817, 0.38370370370370394, 0.3959259259259262, 0.4081481481481484, 0.42037037037037067, 0.4325925925925929, 0.44481481481481516, 0.4570370370370374, 0.46925925925925965, 0.4814814814814819, 0.49370370370370414, 0.5059259259259263, 0.5181481481481486, 0.5303703703703708, 0.5425925925925931, 0.5548148148148153, 0.5670370370370376, 0.5792592592592598, 0.591481481481482, 0.6037037037037043, 0.6159259259259265, 0.6281481481481488, 0.640370370370371, 0.6525925925925933, 0.6648148148148155, 0.6770370370370378, 0.68925925925926, 0.7014814814814823, 0.7137037037037045, 0.7259259259259268, 0.738148148148149, 0.7503703703703712, 0.7625925925925935, 0.7748148148148157, 0.787037037037038, 0.7992592592592602, 0.8114814814814825, 0.8237037037037047, 0.835925925925927, 0.8481481481481492, 0.8603703703703715, 0.8725925925925937, 0.8848148148148159, 0.8970370370370382, 0.9092592592592604, 0.9214814814814827, 0.9337037037037049, 0.9459259259259272, 0.9581481481481494, 0.9703703703703717, 0.9826543209876556], "HCA": [0.02645161290322581, 0.05548387096774194, 0.08564516129032258, 0.11612903225806452, 0.14661290322580645, 0.17741935483870966, 0.20822580645161287, 0.23919354838709675, 0.27064516129032257, 0.30209677419354836, 0.3337096774193548, 0.36532258064516127, 0.3969354838709677, 0.4285483870967742, 0.4603225806451613, 0.4920967741935484, 0.5238709677419355, 0.5556451612903226, 0.5874193548387097, 0.6193548387096774, 0.6512903225806452, 0.683225806451613, 0.7151612903225808, 0.7470967741935486, 0.7790322580645164, 0.8109677419354842, 0.8429032258064519, 0.8748387096774197, 0.9067741935483875, 0.9387096774193553, 0.9708064516129037], "HPRA": [0.015588235294117648, 0.04205882352941177, 0.06852941176470588, 0.095, 0.12308823529411765, 0.1511764705882353, 0.17926470588235294, 0.20735294117647057, 0.2354411764705882, 0.26397058823529407, 0.2924999999999999, 0.3210294117647058, 0.34955882352941164, 0.3780882352941175, 0.4067647058823528, 0.4354411764705881, 0.4641176470588234, 0.4927941176470587, 0.521470588235294, 0.5505882352941176, 0.5797058823529412, 0.6088235294117648, 0.6379411764705883, 0.6670588235294119, 0.6961764705882355, 0.7252941176470591, 0.7544117647058827, 0.7835294117647063, 0.8126470588235298, 0.8417647058823534, 0.870882352941177, 0.9000000000000006, 0.9291176470588242, 0.9583823529411771]}