{"HDA": [0.028484848484848484, 0.05696969696969697, 0.08545454545454545, 0.11409090909090908, 0.1427272727272727, 0.17196969696969694, 0.20121212121212118, 0.2304545454545454, 0.25969696969696965, 0.2889393939393939, 0.3186363636363636, 0.34833333333333333, 0.37803030303030305, 0.40772727272727277, 0.4374242424242425, 0.4671212121212122, 0.49681818181818194, 0.5266666666666668, 0.5565151515151516, 0.5865151515151517, 0.6165151515151517, 0.6465151515151517, 0.6765151515151517, 0.7065151515151518, 0.7365151515151518, 0.7665151515151518, 0.7965151515151518, 0.8265151515151519, 0.8565151515151519, 0.8865151515151519, 0.916515151515152, 0.946515151515152, 0.9766666666666671], "HBA": [0.01205128205128205, 0.0241025641025641, 0.036217948717948714, 0.048333333333333325, 0.060641025641025637, 0.07301282051282051, 0.08538461538461539, 0.09782051282051282, 0.11032051282051282, 0.12282051282051282, 0.13538461538461538, 0.14794871794871794, 0.1605128205128205, 0.17307692307692307, 0.1857051282051282, 0.1983333333333333, 0.21096153846153842, 0.22358974358974354, 0.23621794871794866, 0.24891025641025635, 0.26160256410256405, 0.2742948717948717, 0.2869871794871794, 0.29967948717948706, 0.31237179487179473, 0.3250641025641024, 0.33775641025641007, 0.35044871794871774, 0.3631410256410254, 0.3758333333333331, 0.38852564102564074, 0.4012179487179484, 0.4139102564102561, 0.42660256410256375, 0.4392948717948714, 0.4519871794871791, 0.46467948717948676, 0.47737179487179443, 0.4900641025641021, 0.5027564102564098, 0.5154487179487175, 0.5281410256410252, 0.5408333333333328, 0.5535256410256405, 0.5662179487179482, 0.5789102564102558, 0.5916025641025635, 0.6042948717948712, 0.6169871794871788, 0.6296794871794865, 0.6423717948717942, 0.6550641025641019, 0.6677564102564095, 0.6804487179487172, 0.6931410256410249, 0.7058333333333325, 0.7185256410256402, 0.7312179487179479, 0.7439102564102555, 0.7566025641025632, 0.7692948717948709, 0.7819871794871786, 0.7946794871794862, 0.8073717948717939, 0.8200641025641016, 0.8327564102564092, 0.8454487179487169, 0.8581410256410246, 0.8708333333333322, 0.8835256410256399, 0.8962179487179476, 0.9089102564102552, 0.9216025641025629, 0.9342948717948706, 0.9469871794871783, 0.9596794871794859, 0.9723717948717936, 0.9851282051282039], "HCA": [0.028484848484848484, 0.05696969696969697, 0.0856060606060606, 0.11424242424242423, 0.1433333333333333, 0.17257575757575755, 0.20181818181818179, 0.23121212121212117, 0.26075757575757574, 0.2903030303030303, 0.32, 0.34969696969696973, 0.37939393939393945, 0.40909090909090917, 0.438939393939394, 0.46878787878787886, 0.4986363636363637, 0.5284848484848486, 0.5583333333333333, 0.5883333333333334, 0.6183333333333334, 0.6483333333333334, 0.6783333333333335, 0.7083333333333335, 0.7383333333333335, 0.7683333333333335, 0.7983333333333336, 0.8283333333333336, 0.8583333333333336, 0.8883333333333336, 0.9183333333333337, 0.9483333333333337, 0.9784848484848488], "HPRA": [0.028484848484848484, 0.05696969696969697, 0.08545454545454545, 0.11409090909090908, 0.1427272727272727, 0.17136363636363633, 0.19999999999999996, 0.22863636363636358, 0.2572727272727272, 0.28590909090909084, 0.31560606060606056, 0.3453030303030303, 0.375, 0.4046969696969697, 0.43439393939393944, 0.46409090909090916, 0.4937878787878789, 0.5234848484848486, 0.5531818181818182, 0.5831818181818182, 0.6131818181818183, 0.6431818181818183, 0.6731818181818183, 0.7031818181818184, 0.7331818181818184, 0.7631818181818184, 0.7931818181818184, 0.8231818181818185, 0.8531818181818185, 0.8831818181818185, 0.9131818181818185, 0.9431818181818186, 0.9733333333333337]}