{"HDA": [0.0047, 0.0047, 0.0047, 0.0047410913872452335, 0.0047410913872452335, 0.004936699974462212, 0.004936699974462212, 0.004936699974462212, 0.004936699974462212, 0.004936699974462212, 0.005152155303390681, 0.005152155303390681, 0.005152155303390681, 0.005152155303390681, 0.005152155303390681, 0.005152155303390681, 0.005152155303390681, 0.005265328685011323, 0.005265328685011323, 0.005394460916416282, 0.005394460916416282, 0.005394460916416282, 0.005394460916416282, 0.005394460916416282, 0.005394460916416282, 0.005394460916416282, 0.005394460916416282, 0.005394460916416282, 0.005394460916416282, 0.005394460916416282, 0.005394460916416282, 0.005394460916416282, 0.005663205877448263], "HBA": [0.0047, 0.0047, 0.004737637848620573, 0.004737637848620573, 0.004869211025235634, 0.0049174363338776094, 0.0049174363338776094, 0.0049739686420917535, 0.0050350037983417535, 0.0050350037983417535, 0.00510682224131791, 0.00510682224131791, 0.00510682224131791, 0.00510682224131791, 0.005201081832231285, 0.005201081832231285, 0.005201081832231285, 0.005201081832231285, 0.005201081832231285, 0.005330214063636244, 0.005330214063636244, 0.005330214063636244, 0.005330214063636244, 0.005330214063636244, 0.005330214063636244, 0.005330214063636244, 0.005330214063636244, 0.005330214063636244, 0.005330214063636244, 0.005330214063636244, 0.005330214063636244, 0.005330214063636244, 0.005330214063636244, 0.005330214063636244, 0.005330214063636244, 0.005330214063636244, 0.005330214063636244, 0.005330214063636244, 0.005330214063636244, 0.005330214063636244, 0.005330214063636244, 0.005330214063636244, 0.005330214063636244, 0.005330214063636244, 0.005330214063636244, 0.005330214063636244, 0.005330214063636244, 0.005330214063636244, 0.005330214063636244, 0.005330214063636244, 0.005330214063636244, 0.005330214063636244, 0.005330214063636244, 0.005330214063636244, 0.005330214063636244, 0.005330214063636244, 0.005330214063636244, 0.005330214063636244, 0.005330214063636244, 0.005330214063636244, 0.005330214063636244, 0.005330214063636244, 0.005330214063636244, 0.005330214063636244, 0.005330214063636244, 0.005330214063636244, 0.005330214063636244, 0.005330214063636244, 0.005330214063636244, 0.005330214063636244, 0.005330214063636244, 0.005330214063636244, 0.005330214063636244, 0.005330214063636244, 0.005330214063636244, 0.005330214063636244, 0.005330214063636244, 0.009236464063636244], "HCA": [0.0047, 0.0047, 0.004737637848620573, 0.004737637848620573, 0.004872766896861644, 0.004920992205503619, 0.004920992205503619, 0.004977524513717763, 0.005038559669967763, 0.005038559669967763, 0.0051103781129439195, 0.0051103781129439195, 0.0051103781129439195, 0.0051103781129439195, 0.005204637703857295, 0.005204637703857295, 0.005204637703857295, 0.005204637703857295, 0.005204637703857295, 0.005333769935262253, 0.005333769935262253, 0.005333769935262253, 0.005333769935262253, 0.005333769935262253, 0.005333769935262253, 0.005333769935262253, 0.005333769935262253, 0.005333769935262253, 0.005333769935262253, 0.005333769935262253, 0.005333769935262253, 0.005333769935262253, 0.005602514896294234], "HPRA": [0.0047, 0.0047, 0.0047, 0.0047410913872452335, 0.0047410913872452335, 0.0047410913872452335, 0.0047410913872452335, 0.0047410913872452335, 0.0047410913872452335, 0.0047410913872452335, 0.0052438204880783275, 0.0052438204880783275, 0.0052438204880783275, 0.0052438204880783275, 0.0052438204880783275, 0.0052438204880783275, 0.0052438204880783275, 0.0052438204880783275, 0.0052438204880783275, 0.005502084950888245, 0.005502084950888245, 0.005502084950888245, 0.005502084950888245, 0.005502084950888245, 0.005502084950888245, 0.005502084950888245, 0.005502084950888245, 0.005502084950888245, 0.005502084950888245, 0.005502084950888245, 0.005502084950888245, 0.005502084950888245, 0.005770829911920226]}