{"HDA": [0.004175, 0.004570553973339662, 0.005215267323865351, 0.005387443632405296, 0.0055794436324052964, 0.0055794436324052964, 0.0055794436324052964, 0.0055794436324052964, 0.0055794436324052964, 0.005666787505232617, 0.005666787505232617, 0.005666787505232617, 0.005666787505232617, 0.005666787505232617, 0.005666787505232617, 0.005793034191257109, 0.005793034191257109, 0.005793034191257109, 0.005793034191257109, 0.005793034191257109, 0.005793034191257109, 0.005793034191257109, 0.005793034191257109, 0.005793034191257109, 0.005793034191257109, 0.005793034191257109, 0.005793034191257109, 0.006037174816257109], "HBA": [0.004175, 0.004570553973339662, 0.005215267323865351, 0.005387443632405296, 0.0055794436324052964, 0.0055794436324052964, 0.0055794436324052964, 0.0055794436324052964, 0.0055794436324052964, 0.005666787505232617, 0.005666787505232617, 0.005666787505232617, 0.005666787505232617, 0.005666787505232617, 0.005666787505232617, 0.005793034191257109, 0.005793034191257109, 0.005793034191257109, 0.005793034191257109, 0.005793034191257109, 0.005793034191257109, 0.005793034191257109, 0.005793034191257109, 0.005793034191257109, 0.005793034191257109, 0.005793034191257109, 0.005793034191257109, 0.005793034191257109, 0.005793034191257109, 0.005793034191257109, 0.005793034191257109, 0.005793034191257109, 0.005793034191257109, 0.005793034191257109, 0.005793034191257109, 0.005793034191257109, 0.005793034191257109, 0.005793034191257109, 0.005793034191257109, 0.005793034191257109, 0.005793034191257109, 0.005793034191257109, 0.005793034191257109, 0.005793034191257109, 0.005793034191257109, 0.005793034191257109, 0.005793034191257109, 0.005793034191257109, 0.005793034191257109, 0.005793034191257109, 0.005793034191257109, 0.005793034191257109, 0.005793034191257109, 0.005793034191257109, 0.005793034191257109, 0.005793034191257109, 0.005793034191257109, 0.005793034191257109, 0.005793034191257109, 0.006711307836803482], "HCA": [0.004175, 0.004570553973339662, 0.005215267323865351, 0.005387443632405296, 0.0055794436324052964, 0.0055794436324052964, 0.0055794436324052964, 0.0055794436324052964, 0.0055794436324052964, 0.005666787505232617, 0.005666787505232617, 0.005666787505232617, 0.005666787505232617, 0.005666787505232617, 0.005666787505232617, 0.005793034191257109, 0.005793034191257109, 0.005793034191257109, 0.005793034191257109, 0.005793034191257109, 0.005793034191257109, 0.005793034191257109, 0.005793034191257109, 0.005793034191257109, 0.005793034191257109, 0.005793034191257109, 0.0060226026026437025], "HPRA": [0.004175, 0.004570553973339662, 0.005215267323865351, 0.005387443632405296, 0.005387443632405296, 0.005387443632405296, 0.005606597697713208, 0.005606597697713208, 0.005606597697713208, 0.005606597697713208, 0.005606597697713208, 0.005606597697713208, 0.005606597697713208, 0.005606597697713208, 0.005606597697713208, 0.005859091069762192, 0.005859091069762192, 0.005859091069762192, 0.005859091069762192, 0.005859091069762192, 0.005859091069762192, 0.005859091069762192, 0.005859091069762192, 0.005859091069762192, 0.005859091069762192, 0.005859091069762192, 0.005859091069762192, 0.006103231694762192]}