{"HDA": [0.02982142857142857, 0.06142857142857143, 0.09535714285714286, 0.1298214285714286, 0.1648214285714286, 0.1998214285714286, 0.2348214285714286, 0.2698214285714286, 0.3048214285714286, 0.34, 0.3751785714285715, 0.4103571428571429, 0.44553571428571437, 0.4807142857142858, 0.5158928571428573, 0.5512500000000001, 0.586607142857143, 0.6219642857142859, 0.6573214285714287, 0.6926785714285716, 0.7280357142857145, 0.7633928571428573, 0.7987500000000002, 0.834107142857143, 0.8694642857142859, 0.9048214285714288, 0.9401785714285716, 0.975714285714286], "HBA": [0.013916666666666666, 0.028666666666666667, 0.0445, 0.06058333333333333, 0.07691666666666666, 0.09325, 0.10958333333333334, 0.12591666666666668, 0.14225000000000002, 0.15866666666666668, 0.17508333333333334, 0.1915, 0.20791666666666667, 0.22433333333333333, 0.24075, 0.25725, 0.27375, 0.29025, 0.30675, 0.32325000000000004, 0.33975000000000005, 0.35625000000000007, 0.3727500000000001, 0.3892500000000001, 0.4057500000000001, 0.4222500000000001, 0.43875000000000014, 0.45525000000000015, 0.47175000000000017, 0.4882500000000002, 0.5047500000000001, 0.5212500000000001, 0.5377500000000001, 0.55425, 0.57075, 0.5872499999999999, 0.6037499999999999, 0.6202499999999999, 0.6367499999999998, 0.6532499999999998, 0.6697499999999997, 0.6862499999999997, 0.7027499999999997, 0.7192499999999996, 0.7357499999999996, 0.7522499999999995, 0.7687499999999995, 0.7852499999999994, 0.8017499999999994, 0.8182499999999994, 0.8347499999999993, 0.8512499999999993, 0.8677499999999992, 0.8842499999999992, 0.9007499999999992, 0.9172499999999991, 0.9337499999999991, 0.950249999999999, 0.966749999999999, 0.9833333333333323], "HCA": [0.030925925925925926, 0.0637037037037037, 0.09888888888888889, 0.13462962962962963, 0.17092592592592593, 0.20722222222222222, 0.24351851851851852, 0.27981481481481485, 0.3161111111111111, 0.3525925925925926, 0.3890740740740741, 0.42555555555555563, 0.46203703703703713, 0.49851851851851864, 0.5350000000000001, 0.5716666666666668, 0.6083333333333334, 0.645, 0.6816666666666666, 0.7183333333333333, 0.7549999999999999, 0.7916666666666665, 0.8283333333333331, 0.8649999999999998, 0.9016666666666664, 0.938333333333333, 0.9751851851851848], "HPRA": [0.02982142857142857, 0.06142857142857143, 0.09535714285714286, 0.1298214285714286, 0.1642857142857143, 0.19875000000000004, 0.23375000000000004, 0.26875000000000004, 0.30375, 0.33875, 0.37374999999999997, 0.40874999999999995, 0.4437499999999999, 0.4787499999999999, 0.5137499999999999, 0.5491071428571428, 0.5844642857142857, 0.6198214285714285, 0.6551785714285714, 0.6905357142857143, 0.7258928571428571, 0.76125, 0.7966071428571428, 0.8319642857142857, 0.8673214285714286, 0.9026785714285714, 0.9380357142857143, 0.9735714285714286]}