{"HDA": [0.019999999999999997, 0.04514705882352941, 0.07279411764705881, 0.10044117647058823, 0.12808823529411764, 0.15573529411764706, 0.18338235294117647, 0.21205882352941177, 0.24073529411764708, 0.26941176470588235, 0.29808823529411765, 0.32676470588235296, 0.35544117647058826, 0.38411764705882356, 0.41279411764705887, 0.441764705882353, 0.47088235294117653, 0.5000000000000001, 0.5291176470588237, 0.5582352941176473, 0.5873529411764709, 0.6164705882352944, 0.645588235294118, 0.6747058823529416, 0.7038235294117652, 0.7329411764705888, 0.7620588235294123, 0.7911764705882359, 0.8202941176470595, 0.8494117647058831, 0.8785294117647067, 0.9076470588235303, 0.9367647058823538, 0.9660294117647068], "HBA": [0.009096385542168675, 0.020301204819277108, 0.03162650602409638, 0.043132530120481925, 0.05463855421686747, 0.06620481927710843, 0.07795180722891566, 0.08969879518072289, 0.10144578313253012, 0.11319277108433735, 0.12493975903614458, 0.13674698795180723, 0.1485542168674699, 0.16042168674698795, 0.172289156626506, 0.18415662650602407, 0.19602409638554213, 0.2078915662650602, 0.21981927710843369, 0.23174698795180718, 0.24367469879518067, 0.2556024096385542, 0.2675301204819277, 0.2794578313253012, 0.29138554216867474, 0.30331325301204826, 0.3152409638554218, 0.3271686746987953, 0.3390963855421688, 0.35102409638554233, 0.36295180722891585, 0.37487951807228936, 0.3868072289156629, 0.3987349397590364, 0.4106626506024099, 0.42259036144578344, 0.43451807228915695, 0.44644578313253047, 0.458373493975904, 0.4703012048192775, 0.482228915662651, 0.49415662650602454, 0.5060843373493981, 0.5180120481927716, 0.5299397590361451, 0.5418674698795186, 0.5537951807228921, 0.5657228915662657, 0.5776506024096392, 0.5895783132530127, 0.6015060240963862, 0.6134337349397597, 0.6253614457831332, 0.6372891566265068, 0.6492168674698803, 0.6611445783132538, 0.6730722891566273, 0.6850000000000008, 0.6969277108433743, 0.7088554216867479, 0.7207831325301214, 0.7327108433734949, 0.7446385542168684, 0.7565662650602419, 0.7684939759036155, 0.780421686746989, 0.7923493975903625, 0.804277108433736, 0.8162048192771095, 0.828132530120483, 0.8400602409638566, 0.8519879518072301, 0.8639156626506036, 0.8758433734939771, 0.8877710843373506, 0.8996987951807242, 0.9116265060240977, 0.9235542168674712, 0.9354819277108447, 0.9474096385542182, 0.9593373493975917, 0.9712650602409653, 0.9832530120481942], "HCA": [0.02157142857142857, 0.04814285714285714, 0.0747142857142857, 0.102, 0.12928571428571428, 0.1567142857142857, 0.18457142857142855, 0.2124285714285714, 0.24028571428571427, 0.2681428571428571, 0.296, 0.32385714285714284, 0.35185714285714287, 0.38, 0.40814285714285714, 0.4362857142857143, 0.4644285714285714, 0.49257142857142855, 0.5208571428571428, 0.549142857142857, 0.5774285714285713, 0.6057142857142855, 0.6339999999999998, 0.662285714285714, 0.6905714285714283, 0.7188571428571425, 0.7471428571428568, 0.775428571428571, 0.8037142857142853, 0.8319999999999995, 0.8602857142857138, 0.888571428571428, 0.9168571428571423, 0.9451428571428565, 0.973571428571428], "HPRA": [0.019999999999999997, 0.04514705882352941, 0.07279411764705881, 0.10044117647058823, 0.12808823529411764, 0.15573529411764706, 0.18338235294117647, 0.21205882352941177, 0.24073529411764708, 0.26941176470588235, 0.29808823529411765, 0.32676470588235296, 0.35544117647058826, 0.38411764705882356, 0.41279411764705887, 0.44147058823529417, 0.4705882352941177, 0.4997058823529412, 0.5288235294117648, 0.5579411764705884, 0.587058823529412, 0.6161764705882355, 0.6452941176470591, 0.6744117647058827, 0.7035294117647063, 0.7326470588235299, 0.7617647058823535, 0.790882352941177, 0.8200000000000006, 0.8491176470588242, 0.8782352941176478, 0.9073529411764714, 0.9364705882352949, 0.9657352941176479]}