{"HDA": [0.02586206896551724, 0.05172413793103448, 0.08327586206896552, 0.11482758620689656, 0.1463793103448276, 0.17931034482758623, 0.21224137931034487, 0.24586206896551727, 0.27948275862068966, 0.31310344827586206, 0.34672413793103446, 0.38034482758620686, 0.4141379310344827, 0.44793103448275856, 0.4817241379310344, 0.5155172413793103, 0.5494827586206896, 0.5834482758620689, 0.6174137931034482, 0.6513793103448275, 0.6855172413793102, 0.719655172413793, 0.7537931034482757, 0.7879310344827584, 0.8220689655172411, 0.8562068965517238, 0.8903448275862065, 0.9244827586206892, 0.9587931034482754], "HBA": [0.008426966292134831, 0.01691011235955056, 0.027191011235955055, 0.03792134831460674, 0.048651685393258426, 0.05949438202247191, 0.0703932584269663, 0.08140449438202248, 0.09241573033707866, 0.10342696629213484, 0.11443820224719102, 0.1254494382022472, 0.13651685393258425, 0.14758426966292132, 0.15865168539325838, 0.16971910112359545, 0.18078651685393252, 0.19185393258426958, 0.20297752808988756, 0.21410112359550554, 0.22522471910112352, 0.2363483146067415, 0.24747191011235947, 0.25859550561797745, 0.26971910112359543, 0.2808426966292134, 0.2919662921348314, 0.30308988764044936, 0.31421348314606734, 0.3253370786516853, 0.3364606741573033, 0.3475842696629213, 0.35870786516853925, 0.36983146067415723, 0.3809550561797752, 0.3920786516853932, 0.40320224719101116, 0.41432584269662914, 0.4254494382022471, 0.4365730337078651, 0.4476966292134831, 0.45882022471910106, 0.46994382022471903, 0.481067415730337, 0.492191011235955, 0.503314606741573, 0.514438202247191, 0.5255617977528089, 0.5366853932584268, 0.5478089887640447, 0.5589325842696626, 0.5700561797752806, 0.5811797752808985, 0.5923033707865164, 0.6034269662921343, 0.6145505617977522, 0.6256741573033702, 0.6367977528089881, 0.647921348314606, 0.6590449438202239, 0.6701685393258419, 0.6812921348314598, 0.6924157303370777, 0.7035393258426956, 0.7146629213483136, 0.7257865168539315, 0.7369101123595494, 0.7480337078651673, 0.7591573033707852, 0.7702808988764032, 0.7814044943820211, 0.792528089887639, 0.8036516853932569, 0.8147752808988749, 0.8258988764044928, 0.8370224719101107, 0.8481460674157286, 0.8592696629213465, 0.8703932584269645, 0.8815168539325824, 0.8926404494382003, 0.9037640449438182, 0.9148876404494362, 0.9260112359550541, 0.937134831460672, 0.9482584269662899, 0.9593820224719078, 0.9705056179775258, 0.9816853932584246], "HCA": [0.026785714285714284, 0.05357142857142857, 0.08625, 0.12035714285714286, 0.15446428571428572, 0.18857142857142858, 0.22321428571428573, 0.25821428571428573, 0.2932142857142857, 0.3282142857142857, 0.36321428571428566, 0.39821428571428563, 0.4333928571428571, 0.4685714285714285, 0.5037499999999999, 0.5389285714285713, 0.5741071428571427, 0.6092857142857141, 0.644642857142857, 0.6799999999999998, 0.7153571428571427, 0.7507142857142856, 0.7860714285714284, 0.8214285714285713, 0.8567857142857142, 0.892142857142857, 0.9274999999999999, 0.9630357142857142], "HPRA": [0.024193548387096774, 0.04838709677419355, 0.07790322580645162, 0.10741935483870968, 0.13693548387096774, 0.1664516129032258, 0.197258064516129, 0.22806451612903222, 0.25887096774193546, 0.2896774193548387, 0.32048387096774195, 0.3512903225806452, 0.38290322580645164, 0.4145161290322581, 0.44612903225806455, 0.477741935483871, 0.5093548387096775, 0.5409677419354839, 0.5725806451612904, 0.6041935483870968, 0.6358064516129033, 0.6677419354838711, 0.6996774193548388, 0.7316129032258066, 0.7635483870967744, 0.7954838709677422, 0.82741935483871, 0.8593548387096778, 0.8912903225806456, 0.9232258064516133, 0.9553225806451617]}