{"HDA": [0.025156249999999998, 0.050312499999999996, 0.0790625, 0.10781249999999999, 0.1365625, 0.1653125, 0.195, 0.22546875, 0.2559375, 0.28640625, 0.31687499999999996, 0.3475, 0.378125, 0.40875, 0.439375, 0.47000000000000003, 0.500625, 0.53125, 0.561875, 0.5925, 0.623125, 0.65375, 0.6846875, 0.715625, 0.7465624999999999, 0.7774999999999999, 0.8084374999999998, 0.8393749999999998, 0.8703124999999997, 0.9012499999999997, 0.9321874999999996, 0.9632812499999996], "HBA": [0.01032051282051282, 0.021346153846153845, 0.03314102564102564, 0.04493589743589743, 0.05685897435897436, 0.06884615384615385, 0.08102564102564103, 0.0933974358974359, 0.1058974358974359, 0.1183974358974359, 0.13096153846153846, 0.14352564102564103, 0.1560897435897436, 0.16865384615384615, 0.18121794871794872, 0.19384615384615383, 0.20647435897435895, 0.21910256410256407, 0.23173076923076918, 0.2443589743589743, 0.25705128205128197, 0.26974358974358964, 0.2824358974358973, 0.295128205128205, 0.30782051282051265, 0.3205128205128203, 0.333205128205128, 0.34589743589743566, 0.3585897435897433, 0.371282051282051, 0.38397435897435866, 0.39666666666666633, 0.409358974358974, 0.4220512820512817, 0.43474358974358934, 0.447435897435897, 0.4601282051282047, 0.47282051282051235, 0.48551282051282, 0.4982051282051277, 0.5108974358974354, 0.5235897435897431, 0.5362820512820508, 0.5489743589743584, 0.5616666666666661, 0.5743589743589738, 0.5870512820512814, 0.5997435897435891, 0.6124358974358968, 0.6251282051282044, 0.6378205128205121, 0.6505128205128198, 0.6632051282051274, 0.6758974358974351, 0.6885897435897428, 0.7012820512820505, 0.7139743589743581, 0.7266666666666658, 0.7393589743589735, 0.7520512820512811, 0.7647435897435888, 0.7774358974358965, 0.7901282051282041, 0.8028205128205118, 0.8155128205128195, 0.8282051282051272, 0.8408974358974348, 0.8535897435897425, 0.8662820512820502, 0.8789743589743578, 0.8916666666666655, 0.9043589743589732, 0.9170512820512808, 0.9297435897435885, 0.9424358974358962, 0.9551282051282038, 0.9678205128205115, 0.9805769230769218], "HCA": [0.02683333333333333, 0.055499999999999994, 0.08616666666666667, 0.11683333333333334, 0.14750000000000002, 0.1786666666666667, 0.21033333333333337, 0.24200000000000005, 0.2745000000000001, 0.30700000000000005, 0.33966666666666673, 0.3723333333333334, 0.4050000000000001, 0.43766666666666676, 0.47033333333333344, 0.5031666666666668, 0.5360000000000001, 0.5688333333333335, 0.6016666666666669, 0.6345000000000003, 0.6675000000000003, 0.7005000000000003, 0.7335000000000004, 0.7665000000000004, 0.7995000000000004, 0.8325000000000005, 0.8655000000000005, 0.8985000000000005, 0.9315000000000005, 0.9646666666666672], "HPRA": [0.025156249999999998, 0.050312499999999996, 0.07546875, 0.10203125, 0.13078125000000002, 0.15953125, 0.18921875000000002, 0.2196875, 0.25015625, 0.280625, 0.31109375, 0.3415625, 0.3721875, 0.4028125, 0.43343750000000003, 0.46406250000000004, 0.49468750000000006, 0.5253125000000001, 0.5559375000000001, 0.5865625000000001, 0.6171875000000001, 0.6478125000000001, 0.6787500000000001, 0.7096875, 0.740625, 0.7715624999999999, 0.8024999999999999, 0.8334374999999998, 0.8643749999999998, 0.8953124999999997, 0.9262499999999997, 0.9573437499999997]}