{"HDA": [0.004025, 0.004025, 0.004820847750865052, 0.004820847750865052, 0.004820847750865052, 0.004820847750865052, 0.005126970199844644, 0.005405428653843308, 0.005405428653843308, 0.005405428653843308, 0.005405428653843308, 0.0054784800089459455, 0.0054784800089459455, 0.0054784800089459455, 0.0054784800089459455, 0.0054784800089459455, 0.0054784800089459455, 0.0054784800089459455, 0.0054784800089459455, 0.0054784800089459455, 0.0054784800089459455, 0.0054784800089459455, 0.005775922007756178, 0.005775922007756178, 0.005775922007756178, 0.005775922007756178, 0.005775922007756178, 0.005775922007756178, 0.005775922007756178, 0.005775922007756178, 0.005775922007756178, 0.0060278746406611915], "HBA": [0.004025, 0.00436076508653582, 0.0047526018212296975, 0.0047526018212296975, 0.004832717187356921, 0.004875999735833375, 0.005020675661759301, 0.005178205592446131, 0.00529127020887442, 0.00529127020887442, 0.0053584564491324154, 0.0053584564491324154, 0.0053584564491324154, 0.0053584564491324154, 0.0053584564491324154, 0.0054491593969782206, 0.0054491593969782206, 0.0054491593969782206, 0.0054491593969782206, 0.0054491593969782206, 0.005572616187101678, 0.005572616187101678, 0.005572616187101678, 0.005572616187101678, 0.005572616187101678, 0.005572616187101678, 0.005572616187101678, 0.005572616187101678, 0.005572616187101678, 0.005572616187101678, 0.005572616187101678, 0.005572616187101678, 0.005572616187101678, 0.005572616187101678, 0.005572616187101678, 0.005572616187101678, 0.005572616187101678, 0.005572616187101678, 0.005572616187101678, 0.005572616187101678, 0.005572616187101678, 0.005572616187101678, 0.005572616187101678, 0.005572616187101678, 0.005572616187101678, 0.005572616187101678, 0.005572616187101678, 0.005572616187101678, 0.005572616187101678, 0.005572616187101678, 0.005572616187101678, 0.005572616187101678, 0.005572616187101678, 0.005572616187101678, 0.005572616187101678, 0.005572616187101678, 0.005572616187101678, 0.005572616187101678, 0.005572616187101678, 0.005572616187101678, 0.005572616187101678, 0.005572616187101678, 0.005572616187101678, 0.005572616187101678, 0.005572616187101678, 0.005572616187101678, 0.005572616187101678, 0.005572616187101678, 0.005572616187101678, 0.005572616187101678, 0.005572616187101678, 0.005572616187101678, 0.005572616187101678, 0.005572616187101678, 0.005572616187101678, 0.005572616187101678, 0.005572616187101678, 0.0074629753553436436], "HCA": [0.004025, 0.00436076508653582, 0.0047526018212296975, 0.0047526018212296975, 0.0047526018212296975, 0.004885935154563031, 0.005030611080488957, 0.005030611080488957, 0.005321969392941611, 0.005321969392941611, 0.005389155633199606, 0.005389155633199606, 0.005389155633199606, 0.005389155633199606, 0.005389155633199606, 0.005479858581045411, 0.005479858581045411, 0.005479858581045411, 0.005479858581045411, 0.005479858581045411, 0.005603315371168868, 0.005603315371168868, 0.005603315371168868, 0.005603315371168868, 0.005603315371168868, 0.005603315371168868, 0.005603315371168868, 0.005603315371168868, 0.005603315371168868, 0.0058016887097921575], "HPRA": [0.004025, 0.004025, 0.004025, 0.004367935528120713, 0.004958254300257666, 0.004958254300257666, 0.0052643767492372585, 0.005542835203235922, 0.005542835203235922, 0.005542835203235922, 0.005542835203235922, 0.005542835203235922, 0.005621149871573302, 0.005621149871573302, 0.005621149871573302, 0.005621149871573302, 0.005621149871573302, 0.005621149871573302, 0.005621149871573302, 0.005621149871573302, 0.005621149871573302, 0.005621149871573302, 0.005918591870383534, 0.005918591870383534, 0.005918591870383534, 0.005918591870383534, 0.005918591870383534, 0.005918591870383534, 0.005918591870383534, 0.005918591870383534, 0.005918591870383534, 0.006170544503288548]}