{"HDA": [0.0035605161485821064, 0.0035605161485821064, 0.004333532716903887, 0.004333532716903887, 0.004649114570947279, 0.004702255181001483, 0.004782794255875976, 0.004782794255875976, 0.004837617314454414, 0.004837617314454414, 0.004837617314454414, 0.004837617314454414, 0.004837617314454414, 0.004837617314454414, 0.004837617314454414, 0.004955764762469537, 0.004955764762469537, 0.004985954353098688, 0.004985954353098688, 0.0050168185506295525, 0.0050168185506295525, 0.0050168185506295525, 0.0050168185506295525, 0.0050168185506295525, 0.0050168185506295525, 0.0050168185506295525, 0.0050168185506295525, 0.0050168185506295525, 0.0050168185506295525, 0.0050168185506295525, 0.0050168185506295525, 0.00505224938963182, 0.00505224938963182, 0.00505224938963182, 0.005088980335453675, 0.005088980335453675, 0.005088980335453675, 0.005088980335453675, 0.005088980335453675, 0.005088980335453675, 0.005088980335453675, 0.005088980335453675, 0.005088980335453675, 0.005088980335453675, 0.005088980335453675, 0.005088980335453675, 0.005088980335453675, 0.005088980335453675, 0.005088980335453675, 0.005088980335453675, 0.005088980335453675, 0.005088980335453675, 0.005088980335453675, 0.005088980335453675, 0.005136542761137385], "HBA": [0.0035605161485821064, 0.004070668173885647, 0.004328340363326241, 0.004640710209223783, 0.004693307184897682, 0.004773018099978987, 0.004773018099978987, 0.004800144836090098, 0.004827556365379317, 0.004827556365379317, 0.004855551102368763, 0.004883844447773924, 0.004883844447773924, 0.004912749523505222, 0.004941967931102008, 0.004941967931102008, 0.004971828482327784, 0.005002018072956935, 0.005002018072956935, 0.005002018072956935, 0.005002018072956935, 0.005002018072956935, 0.005002018072956935, 0.005002018072956935, 0.005002018072956935, 0.005035047535237289, 0.005035047535237289, 0.005035047535237289, 0.005035047535237289, 0.005035047535237289, 0.005035047535237289, 0.005035047535237289, 0.005035047535237289, 0.005035047535237289, 0.005071778481059145, 0.005071778481059145, 0.005071778481059145, 0.005071778481059145, 0.005071778481059145, 0.005071778481059145, 0.005071778481059145, 0.005071778481059145, 0.005071778481059145, 0.005071778481059145, 0.005071778481059145, 0.005071778481059145, 0.005071778481059145, 0.005071778481059145, 0.005071778481059145, 0.005071778481059145, 0.005071778481059145, 0.005071778481059145, 0.005071778481059145, 0.005071778481059145, 0.005071778481059145, 0.005071778481059145, 0.005071778481059145, 0.005071778481059145, 0.005071778481059145, 0.005071778481059145, 0.005071778481059145, 0.005071778481059145, 0.005071778481059145, 0.005071778481059145, 0.005071778481059145, 0.005071778481059145, 0.005071778481059145, 0.005071778481059145, 0.005071778481059145, 0.005071778481059145, 0.005071778481059145, 0.005071778481059145, 0.005071778481059145, 0.005071778481059145, 0.005071778481059145, 0.005071778481059145, 0.005071778481059145, 0.005071778481059145, 0.005071778481059145, 0.005071778481059145, 0.005071778481059145, 0.005071778481059145, 0.005071778481059145, 0.005071778481059145, 0.005071778481059145, 0.005071778481059145, 0.005071778481059145, 0.005071778481059145, 0.005071778481059145, 0.005071778481059145, 0.005071778481059145, 0.005071778481059145, 0.005071778481059145, 0.005071778481059145, 0.005071778481059145, 0.005071778481059145, 0.005071778481059145, 0.005071778481059145, 0.005071778481059145, 0.005071778481059145, 0.005071778481059145, 0.005071778481059145, 0.005071778481059145, 0.005071778481059145, 0.005071778481059145, 0.005071778481059145, 0.005071778481059145, 0.005071778481059145, 0.005071778481059145, 0.005071778481059145, 0.005071778481059145, 0.005071778481059145, 0.005071778481059145, 0.005071778481059145, 0.005071778481059145, 0.005071778481059145, 0.005071778481059145, 0.005071778481059145, 0.005071778481059145, 0.005071778481059145, 0.005071778481059145, 0.005071778481059145, 0.005071778481059145, 0.005071778481059145, 0.005071778481059145, 0.005071778481059145, 0.005071778481059145, 0.005071778481059145, 0.005071778481059145, 0.005071778481059145, 0.005071778481059145, 0.005071778481059145, 0.005071778481059145, 0.005071778481059145, 0.005071778481059145, 0.005071778481059145, 0.005071778481059145, 0.005071778481059145, 0.005071778481059145, 0.005071778481059145, 0.005071778481059145, 0.005071778481059145, 0.005071778481059145, 0.005071778481059145, 0.005071778481059145, 0.005071778481059145, 0.005071778481059145, 0.005071778481059145, 0.005071778481059145, 0.005071778481059145, 0.005071778481059145, 0.005071778481059145, 0.005071778481059145, 0.005071778481059145, 0.005071778481059145, 0.005071778481059145, 0.005071778481059145, 0.005071778481059145, 0.005071778481059145, 0.005071778481059145, 0.005071778481059145, 0.005071778481059145, 0.005071778481059145, 0.005071778481059145, 0.005071778481059145, 0.005071778481059145, 0.005071778481059145, 0.005071778481059145, 0.005071778481059145, 0.005071778481059145, 0.005071778481059145, 0.005071778481059145, 0.005071778481059145, 0.005071778481059145, 0.005071778481059145, 0.005071778481059145, 0.005071778481059145, 0.005071778481059145, 0.005071778481059145, 0.005071778481059145, 0.005071778481059145, 0.008158198234145564], "HCA": [0.0035605161485821064, 0.004070668173885647, 0.004328340363326241, 0.004640710209223783, 0.004719605672734632, 0.004719605672734632, 0.004719605672734632, 0.004773859144956854, 0.004773859144956854, 0.004829260807006715, 0.004829260807006715, 0.004829260807006715, 0.004829260807006715, 0.004829260807006715, 0.004916916029797073, 0.004946452891800854, 0.004946452891800854, 0.004946452891800854, 0.005007501089352821, 0.005007501089352821, 0.005007501089352821, 0.005007501089352821, 0.005007501089352821, 0.005007501089352821, 0.005007501089352821, 0.005007501089352821, 0.0050409134987216605, 0.0050409134987216605, 0.0050409134987216605, 0.0050409134987216605, 0.0050409134987216605, 0.0050409134987216605, 0.0050409134987216605, 0.0050409134987216605, 0.0050409134987216605, 0.005078093748572939, 0.005078093748572939, 0.005078093748572939, 0.005078093748572939, 0.005078093748572939, 0.005078093748572939, 0.005078093748572939, 0.005078093748572939, 0.005078093748572939, 0.005078093748572939, 0.005078093748572939, 0.005078093748572939, 0.005078093748572939, 0.005078093748572939, 0.005078093748572939, 0.005078093748572939, 0.005078093748572939, 0.005078093748572939, 0.005078093748572939, 0.005078093748572939, 0.005078093748572939, 0.005126995895377184], "HPRA": [0.0035605161485821064, 0.0035605161485821064, 0.004333532716903887, 0.004333532716903887, 0.004333532716903887, 0.004705516987283311, 0.004786056062157804, 0.004786056062157804, 0.004786056062157804, 0.004841457724207666, 0.004841457724207666, 0.004841457724207666, 0.004841457724207666, 0.004841457724207666, 0.004841457724207666, 0.004841457724207666, 0.004841457724207666, 0.004841457724207666, 0.004841457724207666, 0.004841457724207666, 0.004841457724207666, 0.0049361427387260345, 0.005031900662694243, 0.005031900662694243, 0.005031900662694243, 0.005031900662694243, 0.005031900662694243, 0.005031900662694243, 0.005031900662694243, 0.005031900662694243, 0.005031900662694243, 0.005031900662694243, 0.005031900662694243, 0.005031900662694243, 0.005105362554337953, 0.005105362554337953, 0.005105362554337953, 0.005105362554337953, 0.005105362554337953, 0.005105362554337953, 0.005105362554337953, 0.005105362554337953, 0.005105362554337953, 0.005105362554337953, 0.005105362554337953, 0.005105362554337953, 0.005105362554337953, 0.005105362554337953, 0.005105362554337953, 0.005105362554337953, 0.005105362554337953, 0.005105362554337953, 0.005105362554337953, 0.005105362554337953, 0.0051529249800216625]}