{"HDA": [0.004625, 0.004625, 0.004771923783287419, 0.004813015170532653, 0.004813015170532653, 0.004813015170532653, 0.004813015170532653, 0.004813015170532653, 0.004813015170532653, 0.00509079294831043, 0.00509079294831043, 0.005250231723820635, 0.005250231723820635, 0.005250231723820635, 0.005350231723820635, 0.005350231723820635, 0.005350231723820635, 0.005350231723820635, 0.005350231723820635, 0.005350231723820635, 0.005498952723225751, 0.005498952723225751, 0.005498952723225751, 0.005498952723225751, 0.005498952723225751, 0.005498952723225751, 0.005498952723225751, 0.005498952723225751, 0.005498952723225751, 0.005498952723225751, 0.005498952723225751, 0.005786226495130376], "HBA": [0.004625, 0.004625, 0.004771923783287419, 0.004813015170532653, 0.004813015170532653, 0.004862608505188474, 0.004915118482084085, 0.0049725105849307335, 0.0050345107089309815, 0.0050345107089309815, 0.005183143289192575, 0.005183143289192575, 0.005183143289192575, 0.005183143289192575, 0.005283143289192575, 0.005283143289192575, 0.005283143289192575, 0.005283143289192575, 0.005283143289192575, 0.005283143289192575, 0.005431864288597691, 0.005431864288597691, 0.005431864288597691, 0.005431864288597691, 0.005431864288597691, 0.005431864288597691, 0.005431864288597691, 0.005431864288597691, 0.005431864288597691, 0.005431864288597691, 0.005431864288597691, 0.005431864288597691, 0.005431864288597691, 0.005431864288597691, 0.005431864288597691, 0.005431864288597691, 0.005431864288597691, 0.005431864288597691, 0.005431864288597691, 0.005431864288597691, 0.005431864288597691, 0.005431864288597691, 0.005431864288597691, 0.005431864288597691, 0.005431864288597691, 0.005431864288597691, 0.005431864288597691, 0.005431864288597691, 0.005431864288597691, 0.005431864288597691, 0.005431864288597691, 0.005431864288597691, 0.005431864288597691, 0.005431864288597691, 0.005431864288597691, 0.005431864288597691, 0.005431864288597691, 0.005431864288597691, 0.005431864288597691, 0.005431864288597691, 0.005431864288597691, 0.005431864288597691, 0.005431864288597691, 0.005431864288597691, 0.005431864288597691, 0.005431864288597691, 0.005431864288597691, 0.005431864288597691, 0.005431864288597691, 0.005431864288597691, 0.005431864288597691, 0.005431864288597691, 0.005431864288597691, 0.005431864288597691, 0.005431864288597691, 0.005431864288597691, 0.005431864288597691, 0.005431864288597691, 0.005431864288597691, 0.005431864288597691, 0.005431864288597691, 0.005431864288597691, 0.02105686428859769], "HCA": [0.004625, 0.004625, 0.004771923783287419, 0.004813015170532653, 0.004813015170532653, 0.004813015170532653, 0.004813015170532653, 0.004813015170532653, 0.005069015170532653, 0.005069015170532653, 0.005217647750794246, 0.005217647750794246, 0.005217647750794246, 0.005217647750794246, 0.0053156773557349385, 0.0053156773557349385, 0.0053156773557349385, 0.0053156773557349385, 0.0053156773557349385, 0.0053156773557349385, 0.005460836304784148, 0.005460836304784148, 0.005460836304784148, 0.005460836304784148, 0.005460836304784148, 0.005460836304784148, 0.005460836304784148, 0.005460836304784148, 0.005460836304784148, 0.005460836304784148, 0.005720981986365834], "HPRA": [0.004625, 0.004625, 0.004771923783287419, 0.004813015170532653, 0.004813015170532653, 0.004813015170532653, 0.004813015170532653, 0.004813015170532653, 0.004813015170532653, 0.004813015170532653, 0.004813015170532653, 0.004813015170532653, 0.004813015170532653, 0.005182837655739753, 0.005382837655739753, 0.005382837655739753, 0.005382837655739753, 0.005382837655739753, 0.005382837655739753, 0.005382837655739753, 0.005687669236291498, 0.005687669236291498, 0.005687669236291498, 0.005687669236291498, 0.005687669236291498, 0.005687669236291498, 0.005687669236291498, 0.005687669236291498, 0.005687669236291498, 0.005687669236291498, 0.005965447014069276]}