{"HDA": [0.014333333333333335, 0.04133333333333334, 0.07250000000000001, 0.10416666666666667, 0.136, 0.168, 0.2, 0.232, 0.264, 0.29600000000000004, 0.3281666666666667, 0.3603333333333334, 0.39250000000000007, 0.42500000000000004, 0.4575, 0.49, 0.5228333333333334, 0.5558333333333334, 0.5888333333333334, 0.6218333333333335, 0.6548333333333335, 0.6878333333333335, 0.7208333333333335, 0.7538333333333336, 0.7868333333333336, 0.8198333333333336, 0.8528333333333337, 0.8858333333333337, 0.9188333333333337, 0.9520000000000004], "HBA": [0.007037037037037038, 0.017037037037037038, 0.02858024691358025, 0.040308641975308646, 0.052098765432098765, 0.06395061728395061, 0.07580246913580246, 0.08765432098765431, 0.09950617283950616, 0.11141975308641974, 0.12333333333333332, 0.13530864197530862, 0.14734567901234566, 0.15944444444444442, 0.17154320987654317, 0.18364197530864193, 0.19580246913580243, 0.20802469135802465, 0.22024691358024687, 0.23246913580246908, 0.2446913580246913, 0.2569135802469135, 0.26913580246913577, 0.281358024691358, 0.29358024691358026, 0.3058024691358025, 0.31802469135802475, 0.330246913580247, 0.34246913580246924, 0.3546913580246915, 0.36691358024691373, 0.379135802469136, 0.3913580246913582, 0.40358024691358046, 0.4158024691358027, 0.42802469135802496, 0.4402469135802472, 0.45246913580246945, 0.4646913580246917, 0.47691358024691394, 0.4891358024691362, 0.5013580246913584, 0.5135802469135806, 0.5258024691358029, 0.5380246913580251, 0.5502469135802474, 0.5624691358024696, 0.5746913580246918, 0.5869135802469141, 0.5991358024691363, 0.6113580246913586, 0.6235802469135808, 0.6358024691358031, 0.6480246913580253, 0.6602469135802476, 0.6724691358024698, 0.684691358024692, 0.6969135802469143, 0.7091358024691365, 0.7213580246913588, 0.733580246913581, 0.7458024691358033, 0.7580246913580255, 0.7702469135802478, 0.78246913580247, 0.7946913580246923, 0.8069135802469145, 0.8191358024691368, 0.831358024691359, 0.8435802469135812, 0.8558024691358035, 0.8680246913580257, 0.880246913580248, 0.8924691358024702, 0.9046913580246925, 0.9169135802469147, 0.929135802469137, 0.9413580246913592, 0.9535802469135815, 0.9658024691358037, 0.9780864197530876], "HCA": [0.022285714285714287, 0.04542857142857143, 0.07114285714285715, 0.09685714285714286, 0.12314285714285715, 0.14985714285714286, 0.17728571428571427, 0.20471428571428568, 0.23228571428571426, 0.2601428571428571, 0.28814285714285715, 0.31614285714285717, 0.3441428571428572, 0.37228571428571433, 0.40042857142857147, 0.4285714285714286, 0.45671428571428574, 0.4848571428571429, 0.5131428571428571, 0.5414285714285714, 0.5697142857142856, 0.5979999999999999, 0.6262857142857141, 0.6545714285714284, 0.6828571428571426, 0.7111428571428569, 0.7394285714285711, 0.7677142857142853, 0.7959999999999996, 0.8242857142857138, 0.8525714285714281, 0.8808571428571423, 0.9091428571428566, 0.9374285714285708, 0.9658571428571423], "HPRA": [0.014333333333333335, 0.04133333333333334, 0.06833333333333334, 0.1, 0.13183333333333333, 0.16366666666666665, 0.19549999999999998, 0.22749999999999998, 0.25949999999999995, 0.2915, 0.32366666666666666, 0.35583333333333333, 0.388, 0.4201666666666667, 0.45266666666666666, 0.48516666666666663, 0.5176666666666666, 0.5506666666666666, 0.5836666666666667, 0.6166666666666667, 0.6496666666666667, 0.6826666666666668, 0.7156666666666668, 0.7486666666666668, 0.7816666666666668, 0.8146666666666669, 0.8476666666666669, 0.8806666666666669, 0.913666666666667, 0.9468333333333336]}