{"HDA": [0.0044, 0.0044, 0.0044, 0.0044, 0.0051460973370064285, 0.005272073653458936, 0.005549851431236714, 0.005549851431236714, 0.005632496059335887, 0.005632496059335887, 0.0057286129374596855, 0.0057286129374596855, 0.0057286129374596855, 0.0057286129374596855, 0.0057286129374596855, 0.0057286129374596855, 0.0057286129374596855, 0.0057286129374596855, 0.0057286129374596855, 0.005906390715237463, 0.005906390715237463, 0.005906390715237463, 0.005906390715237463, 0.005906390715237463, 0.005906390715237463, 0.005906390715237463, 0.005906390715237463, 0.005906390715237463, 0.005906390715237463, 0.006249326243358176], "HBA": [0.0044, 0.0044, 0.004746260387811635, 0.004840086621626609, 0.005004695675124552, 0.005130671991577059, 0.005408449769354837, 0.005485396522201867, 0.005485396522201867, 0.005485396522201867, 0.005581513400325666, 0.005581513400325666, 0.005581513400325666, 0.005581513400325666, 0.005581513400325666, 0.005581513400325666, 0.005581513400325666, 0.005581513400325666, 0.005581513400325666, 0.005759291178103443, 0.005759291178103443, 0.005759291178103443, 0.005759291178103443, 0.005759291178103443, 0.005759291178103443, 0.005759291178103443, 0.005759291178103443, 0.005759291178103443, 0.005759291178103443, 0.005759291178103443, 0.005759291178103443, 0.005759291178103443, 0.005759291178103443, 0.005759291178103443, 0.005759291178103443, 0.005759291178103443, 0.005759291178103443, 0.005759291178103443, 0.005759291178103443, 0.005759291178103443, 0.005759291178103443, 0.005759291178103443, 0.005759291178103443, 0.005759291178103443, 0.005759291178103443, 0.005759291178103443, 0.005759291178103443, 0.005759291178103443, 0.005759291178103443, 0.005759291178103443, 0.005759291178103443, 0.005759291178103443, 0.005759291178103443, 0.005759291178103443, 0.005759291178103443, 0.005759291178103443, 0.005759291178103443, 0.005759291178103443, 0.005759291178103443, 0.005759291178103443, 0.005759291178103443, 0.005759291178103443, 0.005759291178103443, 0.005759291178103443, 0.005759291178103443, 0.005759291178103443, 0.005759291178103443, 0.005759291178103443, 0.005759291178103443, 0.005759291178103443, 0.005759291178103443, 0.005759291178103443, 0.005759291178103443, 0.015759291178103443], "HCA": [0.0044, 0.0044, 0.0044, 0.004902992807202858, 0.0050676018607008, 0.0051935781771533076, 0.005471355954931085, 0.005548302707778115, 0.005548302707778115, 0.005548302707778115, 0.005644419585901914, 0.005644419585901914, 0.005644419585901914, 0.005644419585901914, 0.005644419585901914, 0.005644419585901914, 0.005644419585901914, 0.005644419585901914, 0.005644419585901914, 0.005822197363679692, 0.005822197363679692, 0.005822197363679692, 0.005822197363679692, 0.005822197363679692, 0.005822197363679692, 0.005822197363679692, 0.005822197363679692, 0.005822197363679692, 0.005822197363679692, 0.006165132891800405], "HPRA": [0.0044, 0.0044, 0.0044, 0.0044, 0.0044, 0.0044, 0.005511111111111112, 0.005511111111111112, 0.005511111111111112, 0.005511111111111112, 0.005511111111111112, 0.005927604238974502, 0.005927604238974502, 0.005927604238974502, 0.005927604238974502, 0.005927604238974502, 0.005927604238974502, 0.0062480657034833945, 0.0062480657034833945, 0.0062480657034833945, 0.0062480657034833945, 0.0062480657034833945, 0.0062480657034833945, 0.0062480657034833945, 0.0062480657034833945, 0.0062480657034833945, 0.0062480657034833945, 0.0062480657034833945, 0.0062480657034833945, 0.006591001231604107]}