{"HDA": [0.029333333333333333, 0.058666666666666666, 0.088, 0.11733333333333333, 0.14883333333333332, 0.18066666666666664, 0.21316666666666664, 0.24566666666666664, 0.2783333333333333, 0.311, 0.3438333333333333, 0.37666666666666665, 0.4095, 0.4423333333333333, 0.4751666666666666, 0.508, 0.5408333333333334, 0.5736666666666668, 0.6065000000000002, 0.6395000000000002, 0.6725000000000002, 0.7055000000000002, 0.7385000000000003, 0.7715000000000003, 0.8045000000000003, 0.8375000000000004, 0.8705000000000004, 0.9035000000000004, 0.9365000000000004, 0.9696666666666671], "HBA": [0.011891891891891892, 0.023783783783783784, 0.03621621621621622, 0.048783783783783785, 0.06155405405405406, 0.07445945945945946, 0.08763513513513514, 0.10087837837837839, 0.11412162162162164, 0.12736486486486487, 0.14067567567567568, 0.1539864864864865, 0.1672972972972973, 0.18060810810810812, 0.19391891891891894, 0.20722972972972975, 0.22054054054054056, 0.23385135135135138, 0.2471621621621622, 0.26054054054054054, 0.2739189189189189, 0.28729729729729725, 0.3006756756756756, 0.31405405405405395, 0.3274324324324323, 0.34081081081081066, 0.354189189189189, 0.36756756756756737, 0.3809459459459457, 0.39432432432432407, 0.4077027027027024, 0.4210810810810808, 0.43445945945945913, 0.4478378378378375, 0.46121621621621584, 0.4745945945945942, 0.48797297297297254, 0.5013513513513509, 0.5147297297297293, 0.5281081081081077, 0.5414864864864861, 0.5548648648648645, 0.5682432432432429, 0.5816216216216213, 0.5949999999999998, 0.6083783783783782, 0.6217567567567566, 0.635135135135135, 0.6485135135135134, 0.6618918918918918, 0.6752702702702702, 0.6886486486486486, 0.702027027027027, 0.7154054054054054, 0.7287837837837838, 0.7421621621621622, 0.7555405405405407, 0.7689189189189191, 0.7822972972972975, 0.7956756756756759, 0.8090540540540543, 0.8224324324324327, 0.8358108108108111, 0.8491891891891895, 0.8625675675675679, 0.8759459459459463, 0.8893243243243247, 0.9027027027027031, 0.9160810810810815, 0.92945945945946, 0.9428378378378384, 0.9562162162162168, 0.9695945945945952, 0.9830405405405411], "HCA": [0.029333333333333333, 0.058666666666666666, 0.088, 0.119, 0.1505, 0.18233333333333332, 0.21483333333333332, 0.2475, 0.2801666666666667, 0.31283333333333335, 0.3456666666666667, 0.3785, 0.41133333333333333, 0.44416666666666665, 0.477, 0.5098333333333334, 0.5426666666666667, 0.5755000000000001, 0.6083333333333335, 0.6413333333333335, 0.6743333333333336, 0.7073333333333336, 0.7403333333333336, 0.7733333333333337, 0.8063333333333337, 0.8393333333333337, 0.8723333333333337, 0.9053333333333338, 0.9383333333333338, 0.9715000000000005], "HPRA": [0.029333333333333333, 0.058666666666666666, 0.088, 0.11733333333333333, 0.14666666666666667, 0.176, 0.208, 0.24, 0.272, 0.30400000000000005, 0.3360000000000001, 0.36866666666666675, 0.40133333333333343, 0.4340000000000001, 0.4666666666666668, 0.49933333333333346, 0.5320000000000001, 0.5650000000000002, 0.5980000000000002, 0.6310000000000002, 0.6640000000000003, 0.6970000000000003, 0.7300000000000003, 0.7630000000000003, 0.7960000000000004, 0.8290000000000004, 0.8620000000000004, 0.8950000000000005, 0.9280000000000005, 0.9611666666666672]}