{"HDA": [0.02042857142857143, 0.04371428571428572, 0.06914285714285714, 0.09457142857142857, 0.12128571428571429, 0.14842857142857144, 0.17557142857142857, 0.203, 0.2305714285714286, 0.2581428571428572, 0.28585714285714287, 0.31357142857142856, 0.34128571428571425, 0.36899999999999994, 0.3968571428571428, 0.42471428571428566, 0.4528571428571428, 0.4809999999999999, 0.5091428571428571, 0.5374285714285714, 0.5657142857142856, 0.5939999999999999, 0.6222857142857141, 0.6505714285714284, 0.6788571428571426, 0.7071428571428569, 0.7354285714285711, 0.7637142857142853, 0.7919999999999996, 0.8202857142857138, 0.8485714285714281, 0.8768571428571423, 0.9051428571428566, 0.9334285714285708, 0.9618571428571423], "HBA": [0.010070422535211268, 0.021549295774647887, 0.03436619718309859, 0.04753521126760564, 0.06091549295774648, 0.07429577464788732, 0.08788732394366197, 0.10154929577464789, 0.1152112676056338, 0.1288732394366197, 0.14253521126760563, 0.15626760563380282, 0.17007042253521126, 0.1838732394366197, 0.19774647887323943, 0.21161971830985915, 0.22549295774647887, 0.2393661971830986, 0.2532394366197183, 0.26711267605633804, 0.28105633802816904, 0.29500000000000004, 0.30894366197183104, 0.32288732394366204, 0.33683098591549304, 0.35077464788732404, 0.36471830985915504, 0.37866197183098604, 0.39260563380281704, 0.40654929577464805, 0.42049295774647905, 0.43443661971831005, 0.44838028169014105, 0.46232394366197205, 0.47626760563380305, 0.49021126760563405, 0.504154929577465, 0.5180985915492959, 0.5320422535211269, 0.5459859154929578, 0.5599295774647888, 0.5738732394366197, 0.5878169014084507, 0.6017605633802816, 0.6157042253521126, 0.6296478873239435, 0.6435915492957744, 0.6575352112676054, 0.6714788732394363, 0.6854225352112673, 0.6993661971830982, 0.7133098591549292, 0.7272535211267601, 0.7411971830985911, 0.755140845070422, 0.769084507042253, 0.7830281690140839, 0.7969718309859148, 0.8109154929577458, 0.8248591549295767, 0.8388028169014077, 0.8527464788732386, 0.8666901408450696, 0.8806338028169005, 0.8945774647887315, 0.9085211267605624, 0.9224647887323933, 0.9364084507042243, 0.9503521126760552, 0.9642957746478862, 0.9783098591549284], "HCA": [0.021857142857142856, 0.04685714285714286, 0.07185714285714287, 0.09771428571428573, 0.12428571428571429, 0.15171428571428572, 0.17914285714285716, 0.20657142857142857, 0.2342857142857143, 0.262, 0.2897142857142857, 0.3174285714285714, 0.3451428571428571, 0.37299999999999994, 0.4008571428571428, 0.4288571428571428, 0.45699999999999996, 0.4851428571428571, 0.5132857142857142, 0.5414285714285714, 0.5695714285714285, 0.5978571428571428, 0.626142857142857, 0.6544285714285712, 0.6827142857142855, 0.7109999999999997, 0.739285714285714, 0.7675714285714282, 0.7958571428571425, 0.8241428571428567, 0.852428571428571, 0.8807142857142852, 0.9089999999999995, 0.9372857142857137, 0.9657142857142852], "HPRA": [0.019861111111111114, 0.0425, 0.06722222222222222, 0.09194444444444444, 0.11666666666666667, 0.14305555555555555, 0.16944444444444443, 0.1958333333333333, 0.22263888888888886, 0.2494444444444444, 0.27625, 0.3030555555555555, 0.32999999999999996, 0.3569444444444444, 0.38388888888888884, 0.4108333333333333, 0.4377777777777777, 0.46472222222222215, 0.4916666666666666, 0.5190277777777776, 0.5465277777777776, 0.5740277777777776, 0.6015277777777776, 0.6290277777777775, 0.6565277777777775, 0.6840277777777775, 0.7115277777777774, 0.7390277777777774, 0.7665277777777774, 0.7940277777777773, 0.8215277777777773, 0.8490277777777773, 0.8765277777777772, 0.9040277777777772, 0.9315277777777772, 0.9591666666666661]}