{"HDA": [0.003575, 0.004192283950617284, 0.004723746535651298, 0.004723746535651298, 0.005123746535651298, 0.0052684224615772235, 0.0052684224615772235, 0.0053814870780055125, 0.0054425222342555125, 0.0054425222342555125, 0.005513138716142385, 0.005513138716142385, 0.005513138716142385, 0.005513138716142385, 0.00560559433744416, 0.00560559433744416, 0.005813840901375855, 0.005813840901375855, 0.005813840901375855, 0.005940087587400346, 0.005940087587400346, 0.005940087587400346, 0.005940087587400346, 0.005940087587400346, 0.005940087587400346, 0.005940087587400346, 0.005940087587400346, 0.005940087587400346, 0.005940087587400346, 0.005940087587400346, 0.005940087587400346, 0.005940087587400346, 0.005940087587400346, 0.005940087587400346, 0.006237352747923533], "HBA": [0.003575, 0.004192283950617284, 0.0048345229987514105, 0.005022712241854275, 0.005147582169013484, 0.005147582169013484, 0.00529225809493941, 0.005344015250366148, 0.005344015250366148, 0.005344015250366148, 0.005344015250366148, 0.00541463173225302, 0.005488948022383817, 0.005488948022383817, 0.005573116021710472, 0.005573116021710472, 0.005573116021710472, 0.005573116021710472, 0.005573116021710472, 0.005573116021710472, 0.005693874384227076, 0.005693874384227076, 0.005693874384227076, 0.005693874384227076, 0.005693874384227076, 0.005693874384227076, 0.005693874384227076, 0.005693874384227076, 0.005693874384227076, 0.005693874384227076, 0.005693874384227076, 0.005693874384227076, 0.005693874384227076, 0.005693874384227076, 0.005693874384227076, 0.005693874384227076, 0.005693874384227076, 0.005693874384227076, 0.005693874384227076, 0.005693874384227076, 0.005693874384227076, 0.005693874384227076, 0.005693874384227076, 0.005693874384227076, 0.005693874384227076, 0.005693874384227076, 0.005693874384227076, 0.005693874384227076, 0.005693874384227076, 0.005693874384227076, 0.005693874384227076, 0.005693874384227076, 0.005693874384227076, 0.005693874384227076, 0.005693874384227076, 0.005693874384227076, 0.005693874384227076, 0.005693874384227076, 0.005693874384227076, 0.005693874384227076, 0.005693874384227076, 0.005693874384227076, 0.005693874384227076, 0.005693874384227076, 0.005693874384227076, 0.005693874384227076, 0.005693874384227076, 0.005693874384227076, 0.005693874384227076, 0.005693874384227076, 0.0070656164967099295], "HCA": [0.003825, 0.004421788194444444, 0.004421788194444444, 0.004624600525434169, 0.0048105017746905634, 0.005057050098161964, 0.005057050098161964, 0.005057050098161964, 0.0051651815860512375, 0.0051651815860512375, 0.0051651815860512375, 0.0051651815860512375, 0.0051651815860512375, 0.0052421283388982675, 0.0052421283388982675, 0.0053294722117255885, 0.005421927833027363, 0.005421927833027363, 0.005421927833027363, 0.005421927833027363, 0.005421927833027363, 0.005548174519051855, 0.005548174519051855, 0.005548174519051855, 0.005548174519051855, 0.005548174519051855, 0.005548174519051855, 0.005548174519051855, 0.005548174519051855, 0.005548174519051855, 0.005548174519051855, 0.005548174519051855, 0.005548174519051855, 0.005548174519051855, 0.005808320200633541], "HPRA": [0.003575, 0.004192283950617284, 0.004723746535651298, 0.004723746535651298, 0.004723746535651298, 0.005302450239355001, 0.005302450239355001, 0.005302450239355001, 0.005485555708105001, 0.005485555708105001, 0.005485555708105001, 0.005485555708105001, 0.005566717951429407, 0.005566717951429407, 0.005566717951429407, 0.005566717951429407, 0.005566717951429407, 0.005566717951429407, 0.005566717951429407, 0.005945458009502883, 0.006080666230162699, 0.006080666230162699, 0.006080666230162699, 0.006080666230162699, 0.006080666230162699, 0.006080666230162699, 0.006080666230162699, 0.006080666230162699, 0.006080666230162699, 0.006080666230162699, 0.006080666230162699, 0.006080666230162699, 0.006080666230162699, 0.006080666230162699, 0.006080666230162699, 0.006411244742559393]}