{"HDA": [0.028749999999999998, 0.06142857142857143, 0.09464285714285714, 0.12785714285714284, 0.1619642857142857, 0.19607142857142856, 0.2307142857142857, 0.26535714285714285, 0.3003571428571428, 0.3353571428571428, 0.3703571428571428, 0.40535714285714275, 0.4403571428571427, 0.4755357142857142, 0.5107142857142856, 0.545892857142857, 0.5812499999999998, 0.6166071428571427, 0.6519642857142856, 0.6873214285714284, 0.7226785714285713, 0.7580357142857141, 0.793392857142857, 0.8287499999999999, 0.8641071428571427, 0.8994642857142856, 0.9348214285714285, 0.9703571428571428], "HBA": [0.010062499999999999, 0.0215, 0.033125, 0.044875, 0.0568125, 0.0688125, 0.0809375, 0.093125, 0.105375, 0.117625, 0.129875, 0.1421875, 0.1545, 0.1668125, 0.179125, 0.1914375, 0.2038125, 0.2161875, 0.2285625, 0.2409375, 0.2533125, 0.2656875, 0.27806250000000005, 0.29043750000000007, 0.3028125000000001, 0.3151875000000001, 0.32756250000000015, 0.33993750000000017, 0.3523125000000002, 0.3646875000000002, 0.37706250000000024, 0.38943750000000027, 0.4018125000000003, 0.4141875000000003, 0.42656250000000034, 0.43893750000000037, 0.4513125000000004, 0.4636875000000004, 0.47606250000000044, 0.48843750000000047, 0.5008125000000004, 0.5131875000000005, 0.5255625000000005, 0.5379375000000005, 0.5503125000000005, 0.5626875000000006, 0.5750625000000006, 0.5874375000000006, 0.5998125000000006, 0.6121875000000007, 0.6245625000000007, 0.6369375000000007, 0.6493125000000007, 0.6616875000000008, 0.6740625000000008, 0.6864375000000008, 0.6988125000000008, 0.7111875000000009, 0.7235625000000009, 0.7359375000000009, 0.7483125000000009, 0.760687500000001, 0.773062500000001, 0.785437500000001, 0.797812500000001, 0.8101875000000011, 0.8225625000000011, 0.8349375000000011, 0.8473125000000011, 0.8596875000000012, 0.8720625000000012, 0.8844375000000012, 0.8968125000000012, 0.9091875000000013, 0.9215625000000013, 0.9339375000000013, 0.9463125000000013, 0.9586875000000014, 0.9710625000000014, 0.9835000000000014], "HCA": [0.028749999999999998, 0.06196428571428571, 0.09517857142857142, 0.12839285714285714, 0.1625, 0.19678571428571429, 0.23142857142857143, 0.26607142857142857, 0.3007142857142857, 0.3357142857142857, 0.37071428571428566, 0.40571428571428564, 0.4407142857142856, 0.47589285714285706, 0.5110714285714285, 0.5462499999999999, 0.5814285714285713, 0.6166071428571427, 0.6519642857142856, 0.6873214285714284, 0.7226785714285713, 0.7580357142857141, 0.793392857142857, 0.8287499999999999, 0.8641071428571427, 0.8994642857142856, 0.9348214285714285, 0.9703571428571428], "HPRA": [0.028749999999999998, 0.06053571428571428, 0.09375, 0.1269642857142857, 0.16107142857142856, 0.19517857142857142, 0.22982142857142857, 0.2644642857142857, 0.2994642857142857, 0.33446428571428566, 0.36946428571428563, 0.4044642857142856, 0.4394642857142856, 0.47446428571428556, 0.5094642857142856, 0.5444642857142856, 0.5798214285714285, 0.6151785714285714, 0.6505357142857142, 0.6858928571428571, 0.72125, 0.7566071428571428, 0.7919642857142857, 0.8273214285714285, 0.8626785714285714, 0.8980357142857143, 0.9333928571428571, 0.9689285714285715]}