{"HDA": [0.02964285714285714, 0.06142857142857143, 0.09482142857142858, 0.12839285714285714, 0.1625, 0.19660714285714287, 0.23142857142857143, 0.2664285714285714, 0.3014285714285714, 0.33642857142857135, 0.37142857142857133, 0.4064285714285713, 0.4414285714285713, 0.47660714285714273, 0.5117857142857142, 0.547142857142857, 0.5824999999999999, 0.6178571428571428, 0.6532142857142856, 0.6885714285714285, 0.7239285714285714, 0.7592857142857142, 0.7946428571428571, 0.83, 0.8653571428571428, 0.9007142857142857, 0.9360714285714286, 0.9716071428571429], "HBA": [0.012769230769230769, 0.02646153846153846, 0.040846153846153845, 0.05530769230769231, 0.07, 0.08492307692307693, 0.09992307692307693, 0.11492307692307693, 0.13, 0.14507692307692308, 0.16015384615384615, 0.1753076923076923, 0.19046153846153846, 0.20561538461538462, 0.22076923076923077, 0.23600000000000002, 0.25123076923076926, 0.26646153846153847, 0.2816923076923077, 0.2969230769230769, 0.3121538461538461, 0.32738461538461533, 0.34261538461538454, 0.35784615384615376, 0.373076923076923, 0.3883076923076922, 0.4035384615384614, 0.4187692307692306, 0.43399999999999983, 0.44923076923076904, 0.46446153846153826, 0.4796923076923075, 0.4949230769230767, 0.510153846153846, 0.5253846153846152, 0.5406153846153845, 0.5558461538461538, 0.571076923076923, 0.5863076923076923, 0.6015384615384616, 0.6167692307692308, 0.6320000000000001, 0.6472307692307694, 0.6624615384615387, 0.6776923076923079, 0.6929230769230772, 0.7081538461538465, 0.7233846153846157, 0.738615384615385, 0.7538461538461543, 0.7690769230769235, 0.7843076923076928, 0.7995384615384621, 0.8147692307692314, 0.8300000000000006, 0.8452307692307699, 0.8604615384615392, 0.8756923076923084, 0.8909230769230777, 0.906153846153847, 0.9213846153846162, 0.9366153846153855, 0.9518461538461548, 0.967076923076924, 0.9823846153846164], "HCA": [0.0332, 0.0688, 0.1062, 0.14379999999999998, 0.182, 0.2208, 0.2596, 0.2986, 0.3378, 0.377, 0.4162, 0.4556, 0.495, 0.5344, 0.5738, 0.6134, 0.6529999999999999, 0.6925999999999999, 0.7321999999999999, 0.7717999999999998, 0.8113999999999998, 0.8509999999999998, 0.8905999999999997, 0.9301999999999997, 0.9699999999999998], "HPRA": [0.028620689655172414, 0.05931034482758621, 0.09155172413793103, 0.1239655172413793, 0.1568965517241379, 0.18982758620689655, 0.22275862068965518, 0.25655172413793104, 0.2903448275862069, 0.32413793103448274, 0.3579310344827586, 0.39172413793103444, 0.4255172413793103, 0.45931034482758615, 0.493103448275862, 0.5272413793103448, 0.5613793103448275, 0.5955172413793102, 0.6296551724137929, 0.6637931034482756, 0.6979310344827583, 0.732068965517241, 0.7662068965517237, 0.8003448275862064, 0.8344827586206891, 0.8686206896551718, 0.9027586206896545, 0.9368965517241372, 0.9712068965517234]}