{"HDA": [0.00415, 0.004555624661979448, 0.0049071871619794484, 0.004951631606423893, 0.005100411610391359, 0.005100411610391359, 0.005333498260353483, 0.005396486418579736, 0.005396486418579736, 0.005396486418579736, 0.005396486418579736, 0.005396486418579736, 0.005396486418579736, 0.0054889420398815105, 0.0054889420398815105, 0.005593065321847358, 0.005593065321847358, 0.005593065321847358, 0.005593065321847358, 0.005593065321847358, 0.005593065321847358, 0.005593065321847358, 0.005593065321847358, 0.005593065321847358, 0.005593065321847358, 0.005593065321847358, 0.005593065321847358, 0.005780717789477308], "HBA": [0.00415, 0.004555624661979448, 0.0048943652995646035, 0.004937083912064069, 0.005079771189115199, 0.005232832413604995, 0.0052877020981043086, 0.0052877020981043086, 0.005350690256330562, 0.005350690256330562, 0.005350690256330562, 0.005427637009177592, 0.005427637009177592, 0.005427637009177592, 0.005427637009177592, 0.0055237538873013905, 0.0055237538873013905, 0.0055237538873013905, 0.0055237538873013905, 0.0055237538873013905, 0.0055237538873013905, 0.0055237538873013905, 0.0055237538873013905, 0.0055237538873013905, 0.0055237538873013905, 0.0055237538873013905, 0.0055237538873013905, 0.0055237538873013905, 0.0055237538873013905, 0.0055237538873013905, 0.0055237538873013905, 0.0055237538873013905, 0.0055237538873013905, 0.0055237538873013905, 0.0055237538873013905, 0.0055237538873013905, 0.0055237538873013905, 0.0055237538873013905, 0.0055237538873013905, 0.0055237538873013905, 0.0055237538873013905, 0.0055237538873013905, 0.0055237538873013905, 0.0055237538873013905, 0.0055237538873013905, 0.0055237538873013905, 0.0055237538873013905, 0.0055237538873013905, 0.0055237538873013905, 0.0055237538873013905, 0.0055237538873013905, 0.0055237538873013905, 0.0055237538873013905, 0.0055237538873013905, 0.0055237538873013905, 0.0055237538873013905, 0.0055237538873013905, 0.0055237538873013905, 0.0055237538873013905, 0.0055237538873013905, 0.0055237538873013905, 0.0055237538873013905, 0.0055237538873013905, 0.0055237538873013905, 0.006064586769940655], "HCA": [0.00415, 0.004555624661979448, 0.0048943652995646035, 0.004937083912064069, 0.005079771189115199, 0.005232832413604995, 0.005232832413604995, 0.0052920040112381305, 0.005354992169464384, 0.005354992169464384, 0.005354992169464384, 0.005431938922311414, 0.005431938922311414, 0.005431938922311414, 0.005431938922311414, 0.0055280558004352125, 0.0055280558004352125, 0.0055280558004352125, 0.0055280558004352125, 0.0055280558004352125, 0.0055280558004352125, 0.0055280558004352125, 0.0055280558004352125, 0.0055280558004352125, 0.005673214749484422], "HPRA": [0.00415, 0.004555624661979448, 0.0049071871619794484, 0.004951631606423893, 0.005100411610391359, 0.005100411610391359, 0.005100411610391359, 0.005415352401522626, 0.005415352401522626, 0.005415352401522626, 0.005415352401522626, 0.005415352401522626, 0.005415352401522626, 0.005415352401522626, 0.005415352401522626, 0.005623598965454321, 0.005623598965454321, 0.005623598965454321, 0.005623598965454321, 0.005623598965454321, 0.005623598965454321, 0.005623598965454321, 0.005623598965454321, 0.005623598965454321, 0.005623598965454321, 0.005623598965454321, 0.005623598965454321, 0.005623598965454321, 0.00582197230407761]}