{"HDA": [0.0285, 0.059000000000000004, 0.0905, 0.12216666666666666, 0.15383333333333332, 0.1855, 0.21716666666666667, 0.249, 0.2813333333333333, 0.314, 0.3468333333333333, 0.37966666666666665, 0.4125, 0.4453333333333333, 0.47816666666666663, 0.511, 0.5438333333333334, 0.5766666666666668, 0.6096666666666668, 0.6426666666666668, 0.6756666666666669, 0.7086666666666669, 0.7416666666666669, 0.774666666666667, 0.807666666666667, 0.840666666666667, 0.873666666666667, 0.9066666666666671, 0.9396666666666671, 0.9728333333333338], "HBA": [0.010058823529411764, 0.020823529411764706, 0.03194117647058824, 0.04311764705882353, 0.05435294117647059, 0.06570588235294118, 0.07711764705882354, 0.08858823529411766, 0.10005882352941178, 0.11164705882352943, 0.12323529411764708, 0.13482352941176473, 0.14641176470588238, 0.15800000000000003, 0.16958823529411768, 0.18117647058823533, 0.19276470588235298, 0.20441176470588238, 0.21605882352941178, 0.22770588235294117, 0.23935294117647057, 0.251, 0.2626470588235294, 0.2742941176470588, 0.2859411764705882, 0.2975882352941176, 0.309235294117647, 0.3208823529411764, 0.3325294117647058, 0.3441764705882352, 0.3558235294117646, 0.367470588235294, 0.3791176470588234, 0.3907647058823528, 0.4024117647058822, 0.4140588235294116, 0.425705882352941, 0.4373529411764704, 0.4489999999999998, 0.4606470588235292, 0.4722941176470586, 0.483941176470588, 0.4955882352941174, 0.5072352941176468, 0.5188823529411762, 0.5305294117647057, 0.5421764705882351, 0.5538235294117646, 0.5654705882352941, 0.5771176470588235, 0.588764705882353, 0.6004117647058824, 0.6120588235294119, 0.6237058823529413, 0.6353529411764708, 0.6470000000000002, 0.6586470588235297, 0.6702941176470592, 0.6819411764705886, 0.6935882352941181, 0.7052352941176475, 0.716882352941177, 0.7285294117647064, 0.7401764705882359, 0.7518235294117653, 0.7634705882352948, 0.7751176470588242, 0.7867647058823537, 0.7984117647058832, 0.8100588235294126, 0.8217058823529421, 0.8333529411764715, 0.845000000000001, 0.8566470588235304, 0.8682941176470599, 0.8799411764705893, 0.8915882352941188, 0.9032352941176482, 0.9148823529411777, 0.9265294117647072, 0.9381764705882366, 0.9498235294117661, 0.9614705882352955, 0.973117647058825, 0.9848235294117662], "HCA": [0.027580645161290322, 0.05709677419354839, 0.08758064516129033, 0.1182258064516129, 0.14903225806451612, 0.17983870967741933, 0.21112903225806448, 0.24241935483870963, 0.2737096774193548, 0.30548387096774193, 0.33725806451612905, 0.36903225806451617, 0.4008064516129033, 0.4325806451612904, 0.46435483870967753, 0.49612903225806465, 0.5279032258064518, 0.5598387096774196, 0.5917741935483873, 0.6237096774193551, 0.6556451612903229, 0.6875806451612907, 0.7195161290322585, 0.7514516129032263, 0.783387096774194, 0.8153225806451618, 0.8472580645161296, 0.8791935483870974, 0.9111290322580652, 0.943064516129033, 0.9751612903225814], "HPRA": [0.0285, 0.059000000000000004, 0.0905, 0.12216666666666666, 0.15383333333333332, 0.1855, 0.21716666666666667, 0.249, 0.2808333333333333, 0.31266666666666665, 0.3455, 0.3783333333333333, 0.4111666666666666, 0.44399999999999995, 0.4768333333333333, 0.5096666666666666, 0.5425, 0.5753333333333334, 0.6083333333333334, 0.6413333333333334, 0.6743333333333335, 0.7073333333333335, 0.7403333333333335, 0.7733333333333335, 0.8063333333333336, 0.8393333333333336, 0.8723333333333336, 0.9053333333333337, 0.9383333333333337, 0.9715000000000004]}