{"HDA": [0.004275, 0.004732247370827618, 0.004988559045824414, 0.0050361214715081235, 0.0050361214715081235, 0.0050361214715081235, 0.0050361214715081235, 0.005102219693465953, 0.005317675022394421, 0.005471568528088481, 0.0055542131561876545, 0.0055542131561876545, 0.0055542131561876545, 0.0055542131561876545, 0.0055542131561876545, 0.0055542131561876545, 0.0055542131561876545, 0.0055542131561876545, 0.0056926214606859244, 0.0056926214606859244, 0.0056926214606859244, 0.0056926214606859244, 0.0056926214606859244, 0.0056926214606859244, 0.0056926214606859244, 0.0056926214606859244, 0.0056926214606859244, 0.0056926214606859244, 0.0056926214606859244, 0.00595276714226761], "HBA": [0.004275, 0.004732247370827618, 0.004988559045824414, 0.0050361214715081235, 0.005088631448403734, 0.005200014830003199, 0.005259186427636335, 0.005323186427636335, 0.005323186427636335, 0.005471819007897928, 0.005471819007897928, 0.005471819007897928, 0.005471819007897928, 0.005471819007897928, 0.005471819007897928, 0.005471819007897928, 0.005471819007897928, 0.005595275798021385, 0.005595275798021385, 0.005595275798021385, 0.005595275798021385, 0.005595275798021385, 0.005595275798021385, 0.005595275798021385, 0.005595275798021385, 0.005595275798021385, 0.005595275798021385, 0.005595275798021385, 0.005595275798021385, 0.005595275798021385, 0.005595275798021385, 0.005595275798021385, 0.005595275798021385, 0.005595275798021385, 0.005595275798021385, 0.005595275798021385, 0.005595275798021385, 0.005595275798021385, 0.005595275798021385, 0.005595275798021385, 0.005595275798021385, 0.005595275798021385, 0.005595275798021385, 0.005595275798021385, 0.005595275798021385, 0.005595275798021385, 0.005595275798021385, 0.005595275798021385, 0.005595275798021385, 0.005595275798021385, 0.005595275798021385, 0.005595275798021385, 0.005595275798021385, 0.005595275798021385, 0.005595275798021385, 0.005595275798021385, 0.005595275798021385, 0.005595275798021385, 0.005595275798021385, 0.005595275798021385, 0.005595275798021385, 0.005595275798021385, 0.005595275798021385, 0.005595275798021385, 0.005595275798021385, 0.005595275798021385, 0.005595275798021385, 0.005595275798021385, 0.005595275798021385, 0.005595275798021385, 0.005595275798021385, 0.005595275798021385, 0.005595275798021385, 0.005595275798021385, 0.005595275798021385, 0.005595275798021385, 0.005595275798021385, 0.005595275798021385, 0.005595275798021385, 0.005595275798021385, 0.005595275798021385, 0.005595275798021385, 0.005595275798021385, 0.005595275798021385, 0.017940954810367064], "HCA": [0.004275, 0.004732247370827618, 0.004988559045824414, 0.0050361214715081235, 0.005088631448403734, 0.005088631448403734, 0.0052689090759501555, 0.0052689090759501555, 0.0052689090759501555, 0.005495752176139191, 0.005495752176139191, 0.005495752176139191, 0.005495752176139191, 0.005495752176139191, 0.005495752176139191, 0.005495752176139191, 0.005495752176139191, 0.0056192089662626486, 0.0056192089662626486, 0.0056192089662626486, 0.0056192089662626486, 0.0056192089662626486, 0.0056192089662626486, 0.0056192089662626486, 0.0056192089662626486, 0.0056192089662626486, 0.0056192089662626486, 0.0056192089662626486, 0.0056192089662626486, 0.0056192089662626486, 0.005871161599167662], "HPRA": [0.004275, 0.004732247370827618, 0.004988559045824414, 0.0050361214715081235, 0.0050361214715081235, 0.0050361214715081235, 0.0050361214715081235, 0.005102219693465953, 0.005102219693465953, 0.005102219693465953, 0.005598087462060994, 0.005598087462060994, 0.005598087462060994, 0.005598087462060994, 0.005598087462060994, 0.005598087462060994, 0.005598087462060994, 0.005598087462060994, 0.005736495766559264, 0.005736495766559264, 0.005736495766559264, 0.005736495766559264, 0.005736495766559264, 0.005736495766559264, 0.005736495766559264, 0.005736495766559264, 0.005736495766559264, 0.005736495766559264, 0.005736495766559264, 0.00599664144814095]}