{"HDA": [0.03173076923076923, 0.06615384615384615, 0.10057692307692306, 0.13499999999999998, 0.1719230769230769, 0.20884615384615382, 0.24596153846153843, 0.28307692307692306, 0.3203846153846154, 0.35788461538461536, 0.39557692307692305, 0.43346153846153845, 0.47134615384615386, 0.5092307692307693, 0.5473076923076924, 0.5853846153846155, 0.6234615384615386, 0.6615384615384617, 0.6996153846153849, 0.737692307692308, 0.7757692307692311, 0.8138461538461542, 0.8519230769230773, 0.8900000000000005, 0.9280769230769236, 0.9663461538461543], "HBA": [0.010855263157894736, 0.02263157894736842, 0.0344078947368421, 0.04697368421052631, 0.05960526315789473, 0.07230263157894737, 0.0850657894736842, 0.09782894736842104, 0.1106578947368421, 0.12348684210526314, 0.1363815789473684, 0.1493421052631579, 0.16230263157894737, 0.17526315789473684, 0.18828947368421053, 0.20131578947368423, 0.21434210526315792, 0.2273684210526316, 0.2403947368421053, 0.253421052631579, 0.26644736842105265, 0.2794736842105263, 0.2925, 0.30552631578947365, 0.3185526315789473, 0.331578947368421, 0.34460526315789464, 0.3576315789473683, 0.37065789473684196, 0.3836842105263156, 0.3967105263157893, 0.40973684210526296, 0.4227631578947366, 0.4357894736842103, 0.44881578947368395, 0.4618421052631576, 0.4748684210526313, 0.48789473684210494, 0.5009210526315786, 0.5139473684210523, 0.5269736842105259, 0.5399999999999996, 0.5530263157894733, 0.5660526315789469, 0.5790789473684206, 0.5921052631578942, 0.6051315789473679, 0.6181578947368416, 0.6311842105263152, 0.6442105263157889, 0.6572368421052626, 0.6702631578947362, 0.6832894736842099, 0.6963157894736836, 0.7093421052631572, 0.7223684210526309, 0.7353947368421045, 0.7484210526315782, 0.7614473684210519, 0.7744736842105255, 0.7874999999999992, 0.8005263157894729, 0.8135526315789465, 0.8265789473684202, 0.8396052631578939, 0.8526315789473675, 0.8656578947368412, 0.8786842105263148, 0.8917105263157885, 0.9047368421052622, 0.9177631578947358, 0.9307894736842095, 0.9438157894736832, 0.9568421052631568, 0.9698684210526305, 0.9829605263157883], "HCA": [0.03173076923076923, 0.06615384615384615, 0.10057692307692306, 0.1373076923076923, 0.17423076923076922, 0.21134615384615382, 0.24846153846153843, 0.2857692307692307, 0.3232692307692307, 0.3607692307692307, 0.39846153846153837, 0.4363461538461538, 0.4742307692307692, 0.5121153846153845, 0.5501923076923076, 0.5882692307692308, 0.6263461538461539, 0.664423076923077, 0.7025000000000001, 0.7405769230769232, 0.7786538461538464, 0.8167307692307695, 0.8548076923076926, 0.8928846153846157, 0.9309615384615388, 0.9692307692307696], "HPRA": [0.03173076923076923, 0.06615384615384615, 0.10057692307692306, 0.13499999999999998, 0.1694230769230769, 0.20538461538461536, 0.24249999999999997, 0.2796153846153846, 0.3167307692307692, 0.3538461538461538, 0.3915384615384615, 0.4294230769230769, 0.4673076923076923, 0.5051923076923077, 0.5432692307692308, 0.581346153846154, 0.6194230769230771, 0.6575000000000002, 0.6955769230769233, 0.7336538461538464, 0.7717307692307696, 0.8098076923076927, 0.8478846153846158, 0.8859615384615389, 0.924038461538462, 0.9623076923076928]}