{"HDA": [0.004125, 0.004639233241505969, 0.004639233241505969, 0.004639233241505969, 0.005363225221902494, 0.005363225221902494, 0.005430411462160489, 0.005430411462160489, 0.005511573705484895, 0.005600573349486319, 0.005698602954427012, 0.005807109898871456, 0.005807109898871456, 0.005807109898871456, 0.005942318119531272, 0.005942318119531272, 0.005942318119531272, 0.005942318119531272, 0.005942318119531272, 0.005942318119531272, 0.005942318119531272, 0.005942318119531272, 0.005942318119531272, 0.005942318119531272, 0.005942318119531272, 0.006194270752436286], "HBA": [0.004125, 0.004639233241505969, 0.004639233241505969, 0.005242824610149398, 0.005297694294648712, 0.005358729450898712, 0.005425915691156707, 0.005425915691156707, 0.005507077934481113, 0.005507077934481113, 0.005605107539421806, 0.00571361448386625, 0.00571361448386625, 0.00571361448386625, 0.005848822704526066, 0.005848822704526066, 0.005848822704526066, 0.005848822704526066, 0.005848822704526066, 0.005848822704526066, 0.005848822704526066, 0.005848822704526066, 0.005848822704526066, 0.005848822704526066, 0.005848822704526066, 0.005848822704526066, 0.005848822704526066, 0.005848822704526066, 0.005848822704526066, 0.005848822704526066, 0.005848822704526066, 0.005848822704526066, 0.005848822704526066, 0.005848822704526066, 0.005848822704526066, 0.005848822704526066, 0.005848822704526066, 0.005848822704526066, 0.005848822704526066, 0.005848822704526066, 0.005848822704526066, 0.005848822704526066, 0.005848822704526066, 0.005848822704526066, 0.005848822704526066, 0.005848822704526066, 0.005848822704526066, 0.005848822704526066, 0.005848822704526066, 0.005848822704526066, 0.005848822704526066, 0.005848822704526066, 0.005848822704526066, 0.005848822704526066, 0.005848822704526066, 0.005848822704526066, 0.005848822704526066, 0.005848822704526066, 0.005848822704526066, 0.005848822704526066, 0.005848822704526066, 0.005848822704526066, 0.005848822704526066, 0.005848822704526066, 0.005848822704526066, 0.005848822704526066, 0.005848822704526066, 0.005848822704526066, 0.005848822704526066, 0.005848822704526066, 0.005848822704526066, 0.005848822704526066, 0.005848822704526066, 0.005848822704526066, 0.005848822704526066, 0.011765982467839674], "HCA": [0.004125, 0.004639233241505969, 0.004639233241505969, 0.005242824610149398, 0.005297694294648712, 0.005358729450898712, 0.005358729450898712, 0.005433045741029509, 0.0055142079843539145, 0.0055142079843539145, 0.005612237589294607, 0.005720744533739051, 0.005720744533739051, 0.005720744533739051, 0.005855952754398867, 0.005855952754398867, 0.005855952754398867, 0.005855952754398867, 0.005855952754398867, 0.005855952754398867, 0.005855952754398867, 0.005855952754398867, 0.005855952754398867, 0.005855952754398867, 0.005855952754398867, 0.006107905387303881], "HPRA": [0.004125, 0.004639233241505969, 0.004639233241505969, 0.004639233241505969, 0.004639233241505969, 0.005127514491505969, 0.00553063193305394, 0.00553063193305394, 0.00553063193305394, 0.00553063193305394, 0.005824720747876017, 0.005933227692320461, 0.005933227692320461, 0.005933227692320461, 0.006068435912980277, 0.006068435912980277, 0.006068435912980277, 0.006068435912980277, 0.006068435912980277, 0.006068435912980277, 0.006068435912980277, 0.006068435912980277, 0.006068435912980277, 0.006068435912980277, 0.006068435912980277, 0.006320388545885291]}