{"HDA": [0.028703703703703703, 0.05740740740740741, 0.09055555555555556, 0.1237037037037037, 0.15814814814814815, 0.1937037037037037, 0.22925925925925927, 0.26481481481481484, 0.3003703703703704, 0.33611111111111114, 0.37222222222222223, 0.4083333333333333, 0.4444444444444444, 0.4807407407407407, 0.517037037037037, 0.5535185185185184, 0.5899999999999999, 0.6264814814814813, 0.6631481481481479, 0.6998148148148146, 0.7364814814814812, 0.7731481481481478, 0.8098148148148144, 0.8464814814814811, 0.8831481481481477, 0.9198148148148143, 0.9566666666666661], "HBA": [0.009337349397590362, 0.020301204819277108, 0.03126506024096386, 0.04246987951807229, 0.05391566265060241, 0.06548192771084338, 0.07716867469879518, 0.08891566265060241, 0.10066265060240964, 0.11240963855421687, 0.1241566265060241, 0.13596385542168676, 0.14777108433734942, 0.15957831325301208, 0.17144578313253014, 0.1833132530120482, 0.19518072289156627, 0.20704819277108433, 0.2189156626506024, 0.23078313253012045, 0.24271084337349394, 0.25463855421686743, 0.26656626506024095, 0.27849397590361447, 0.290421686746988, 0.3023493975903615, 0.314277108433735, 0.32620481927710854, 0.33813253012048206, 0.3500602409638556, 0.3619879518072291, 0.3739156626506026, 0.3858433734939761, 0.39777108433734965, 0.40969879518072316, 0.4216265060240967, 0.4335542168674702, 0.4454819277108437, 0.45740963855421723, 0.46933734939759075, 0.48126506024096427, 0.4931927710843378, 0.5051204819277113, 0.5170481927710848, 0.5289759036144583, 0.5409036144578319, 0.5528313253012054, 0.5647590361445789, 0.5766867469879524, 0.5886144578313259, 0.6005421686746995, 0.612469879518073, 0.6243975903614465, 0.63632530120482, 0.6482530120481935, 0.660180722891567, 0.6721084337349406, 0.6840361445783141, 0.6959638554216876, 0.7078915662650611, 0.7198192771084346, 0.7317469879518081, 0.7436746987951817, 0.7556024096385552, 0.7675301204819287, 0.7794578313253022, 0.7913855421686757, 0.8033132530120493, 0.8152409638554228, 0.8271686746987963, 0.8390963855421698, 0.8510240963855433, 0.8629518072289168, 0.8748795180722904, 0.8868072289156639, 0.8987349397590374, 0.9106626506024109, 0.9225903614457844, 0.934518072289158, 0.9464457831325315, 0.958373493975905, 0.9703012048192785, 0.9822891566265074], "HCA": [0.02767857142857143, 0.06017857142857143, 0.09339285714285714, 0.12714285714285714, 0.16107142857142856, 0.19535714285714284, 0.22964285714285712, 0.2639285714285714, 0.2983928571428571, 0.33285714285714285, 0.3676785714285714, 0.40249999999999997, 0.43749999999999994, 0.4724999999999999, 0.5075, 0.5426785714285713, 0.5778571428571427, 0.6130357142857141, 0.6482142857142855, 0.6835714285714284, 0.7189285714285713, 0.7542857142857141, 0.789642857142857, 0.8249999999999998, 0.8603571428571427, 0.8957142857142856, 0.9310714285714284, 0.9666071428571428], "HPRA": [0.02767857142857143, 0.05535714285714286, 0.08732142857142858, 0.1192857142857143, 0.15125000000000002, 0.18321428571428575, 0.21517857142857147, 0.24946428571428575, 0.28375000000000006, 0.31803571428571437, 0.3523214285714287, 0.386607142857143, 0.4208928571428573, 0.45589285714285727, 0.49089285714285724, 0.5258928571428573, 0.5608928571428573, 0.5958928571428573, 0.6312500000000002, 0.6666071428571431, 0.7019642857142859, 0.7373214285714288, 0.7726785714285717, 0.8080357142857145, 0.8433928571428574, 0.8787500000000003, 0.9141071428571431, 0.9496428571428575]}