{"HDA": [0.02827586206896552, 0.05758620689655172, 0.08913793103448275, 0.12068965517241378, 0.15224137931034482, 0.18534482758620688, 0.21844827586206894, 0.2518965517241379, 0.28534482758620683, 0.31879310344827577, 0.3522413793103447, 0.38568965517241366, 0.4191379310344826, 0.4531034482758619, 0.4870689655172412, 0.5210344827586205, 0.5549999999999998, 0.5889655172413791, 0.6229310344827584, 0.6568965517241377, 0.690862068965517, 0.7248275862068964, 0.7589655172413792, 0.7931034482758619, 0.8272413793103446, 0.8613793103448273, 0.89551724137931, 0.9296551724137927, 0.9639655172413789], "HBA": [0.010443037974683544, 0.022215189873417723, 0.03411392405063291, 0.04607594936708861, 0.05810126582278481, 0.07018987341772152, 0.08234177215189874, 0.09449367088607595, 0.10683544303797468, 0.11917721518987341, 0.13151898734177214, 0.1439240506329114, 0.15632911392405063, 0.16873417721518988, 0.18113924050632912, 0.19360759493670887, 0.20607594936708862, 0.21854430379746836, 0.2310126582278481, 0.24354430379746836, 0.2560759493670886, 0.2686075949367089, 0.28113924050632916, 0.29367088607594943, 0.3062025316455697, 0.31873417721519, 0.33126582278481026, 0.34379746835443054, 0.3563291139240508, 0.3688607594936711, 0.38139240506329136, 0.39392405063291164, 0.4064556962025319, 0.4189873417721522, 0.43151898734177246, 0.44405063291139274, 0.456582278481013, 0.4691139240506333, 0.48164556962025357, 0.49417721518987384, 0.5067088607594941, 0.5192405063291143, 0.5317721518987346, 0.5443037974683549, 0.5568354430379752, 0.5693670886075954, 0.5818987341772157, 0.594430379746836, 0.6069620253164563, 0.6194936708860765, 0.6320253164556968, 0.6445569620253171, 0.6570886075949374, 0.6696202531645576, 0.6821518987341779, 0.6946835443037982, 0.7072151898734185, 0.7197468354430387, 0.732278481012659, 0.7448101265822793, 0.7573417721518996, 0.7698734177215198, 0.7824050632911401, 0.7949367088607604, 0.8074683544303807, 0.820000000000001, 0.8325316455696212, 0.8450632911392415, 0.8575949367088618, 0.870126582278482, 0.8826582278481023, 0.8951898734177226, 0.9077215189873429, 0.9202531645569632, 0.9327848101265834, 0.9453164556962037, 0.957848101265824, 0.9703797468354443, 0.9829746835443051], "HCA": [0.0275, 0.058499999999999996, 0.09, 0.1215, 0.153, 0.18466666666666665, 0.21666666666666665, 0.24866666666666665, 0.2811666666666667, 0.31366666666666665, 0.3461666666666666, 0.3788333333333333, 0.4115, 0.44416666666666665, 0.477, 0.5098333333333334, 0.5426666666666667, 0.5755000000000001, 0.6085000000000002, 0.6415000000000002, 0.6745000000000002, 0.7075000000000002, 0.7405000000000003, 0.7735000000000003, 0.8065000000000003, 0.8395000000000004, 0.8725000000000004, 0.9055000000000004, 0.9385000000000004, 0.9716666666666671], "HPRA": [0.02827586206896552, 0.05758620689655172, 0.08913793103448275, 0.12068965517241378, 0.15224137931034482, 0.18534482758620688, 0.21844827586206894, 0.2518965517241379, 0.28534482758620683, 0.31879310344827577, 0.3522413793103447, 0.38568965517241366, 0.4191379310344826, 0.4531034482758619, 0.4870689655172412, 0.5210344827586205, 0.5549999999999998, 0.5889655172413791, 0.6229310344827584, 0.6568965517241377, 0.690862068965517, 0.7248275862068964, 0.7589655172413792, 0.7931034482758619, 0.8272413793103446, 0.8613793103448273, 0.89551724137931, 0.9296551724137927, 0.9639655172413789]}