{"HDA": [0.00365, 0.004685784690434027, 0.004729067238910481, 0.00539233254503293, 0.00545336770128293, 0.00545336770128293, 0.005604596434742287, 0.005685758678066693, 0.005773102550894014, 0.005773102550894014, 0.005773102550894014, 0.005773102550894014, 0.005773102550894014, 0.005773102550894014, 0.0058993492369185056, 0.0058993492369185056, 0.006044508185967715, 0.006044508185967715, 0.006044508185967715, 0.006044508185967715, 0.006044508185967715, 0.006044508185967715, 0.006044508185967715, 0.006044508185967715, 0.006044508185967715, 0.006044508185967715, 0.006044508185967715, 0.006044508185967715, 0.006341773346490901], "HBA": [0.00365, 0.004685784690434027, 0.004729067238910481, 0.00539233254503293, 0.00545336770128293, 0.005592256590171819, 0.005592256590171819, 0.005673418833496225, 0.005760762706323546, 0.00585321832762532, 0.00585321832762532, 0.00585321832762532, 0.00585321832762532, 0.00585321832762532, 0.00585321832762532, 0.00585321832762532, 0.00599837727667453, 0.00599837727667453, 0.00599837727667453, 0.00599837727667453, 0.00599837727667453, 0.00599837727667453, 0.00599837727667453, 0.00599837727667453, 0.00599837727667453, 0.00599837727667453, 0.00599837727667453, 0.00599837727667453, 0.00599837727667453, 0.00599837727667453, 0.00599837727667453, 0.00599837727667453, 0.00599837727667453, 0.00599837727667453, 0.00599837727667453, 0.00599837727667453, 0.00599837727667453, 0.00599837727667453, 0.00599837727667453, 0.00599837727667453, 0.00599837727667453, 0.00599837727667453, 0.00599837727667453, 0.00599837727667453, 0.00599837727667453, 0.00599837727667453, 0.00599837727667453, 0.00599837727667453, 0.00599837727667453, 0.00599837727667453, 0.00599837727667453, 0.00599837727667453, 0.00599837727667453, 0.00599837727667453, 0.00599837727667453, 0.00599837727667453, 0.00599837727667453, 0.00599837727667453, 0.00599837727667453, 0.00599837727667453, 0.00599837727667453, 0.00599837727667453, 0.00599837727667453, 0.00599837727667453, 0.00599837727667453, 0.00599837727667453, 0.00599837727667453, 0.00599837727667453, 0.00599837727667453, 0.00599837727667453, 0.00599837727667453, 0.00599837727667453, 0.00599837727667453, 0.00599837727667453, 0.011915537039988138], "HCA": [0.00365, 0.004685784690434027, 0.004685784690434027, 0.005400070404719741, 0.005461105560969741, 0.005461105560969741, 0.005461105560969741, 0.005704592290942958, 0.005791936163770279, 0.0058843917850720535, 0.0058843917850720535, 0.0058843917850720535, 0.0058843917850720535, 0.0058843917850720535, 0.0058843917850720535, 0.0058843917850720535, 0.006029550734121263, 0.006029550734121263, 0.006029550734121263, 0.006029550734121263, 0.006029550734121263, 0.006029550734121263, 0.006029550734121263, 0.006029550734121263, 0.006029550734121263, 0.006029550734121263, 0.006029550734121263, 0.006307328511899041], "HPRA": [0.00365, 0.004685784690434027, 0.004685784690434027, 0.005400070404719741, 0.005461105560969741, 0.005461105560969741, 0.005461105560969741, 0.005704592290942958, 0.005704592290942958, 0.005704592290942958, 0.005704592290942958, 0.005704592290942958, 0.005704592290942958, 0.005704592290942958, 0.005704592290942958, 0.005704592290942958, 0.006140069138090585, 0.006140069138090585, 0.006140069138090585, 0.006140069138090585, 0.006140069138090585, 0.006140069138090585, 0.006140069138090585, 0.006140069138090585, 0.006140069138090585, 0.006140069138090585, 0.006140069138090585, 0.006140069138090585, 0.006437334298613771]}