{"HDA": [0.02517241379310345, 0.055689655172413796, 0.0863793103448276, 0.11931034482758622, 0.1524137931034483, 0.18551724137931036, 0.21896551724137933, 0.25258620689655176, 0.2863793103448276, 0.32017241379310346, 0.3539655172413793, 0.38775862068965516, 0.421551724137931, 0.45534482758620687, 0.4893103448275862, 0.5232758620689655, 0.5574137931034482, 0.5915517241379309, 0.6256896551724136, 0.6598275862068963, 0.693965517241379, 0.7281034482758617, 0.7622413793103444, 0.7963793103448271, 0.8305172413793098, 0.8646551724137925, 0.8987931034482752, 0.9329310344827579, 0.9672413793103442], "HBA": [0.009733333333333333, 0.021533333333333335, 0.0334, 0.04613333333333333, 0.05893333333333333, 0.07186666666666666, 0.0848, 0.0978, 0.11086666666666667, 0.124, 0.13713333333333333, 0.15026666666666666, 0.1634, 0.17653333333333332, 0.18966666666666665, 0.20279999999999998, 0.21599999999999997, 0.22919999999999996, 0.24239999999999995, 0.25559999999999994, 0.26879999999999993, 0.2819999999999999, 0.2951999999999999, 0.3083999999999999, 0.3215999999999999, 0.3347999999999999, 0.34799999999999986, 0.36119999999999985, 0.37439999999999984, 0.38759999999999983, 0.4007999999999998, 0.4139999999999998, 0.4271999999999998, 0.4403999999999998, 0.4535999999999998, 0.46679999999999977, 0.47999999999999976, 0.49319999999999975, 0.5063999999999997, 0.5195999999999997, 0.5327999999999997, 0.5459999999999997, 0.5591999999999997, 0.5723999999999997, 0.5855999999999997, 0.5987999999999997, 0.6119999999999997, 0.6251999999999996, 0.6383999999999996, 0.6515999999999996, 0.6647999999999996, 0.6779999999999996, 0.6911999999999996, 0.7043999999999996, 0.7175999999999996, 0.7307999999999996, 0.7439999999999996, 0.7571999999999995, 0.7703999999999995, 0.7835999999999995, 0.7967999999999995, 0.8099999999999995, 0.8231999999999995, 0.8363999999999995, 0.8495999999999995, 0.8627999999999995, 0.8759999999999994, 0.8891999999999994, 0.9023999999999994, 0.9155999999999994, 0.9287999999999994, 0.9419999999999994, 0.9551999999999994, 0.9683999999999994, 0.981666666666666], "HCA": [0.026071428571428572, 0.057678571428571426, 0.08928571428571427, 0.12339285714285714, 0.15767857142857142, 0.1919642857142857, 0.22624999999999998, 0.26107142857142857, 0.29607142857142854, 0.33125, 0.36642857142857144, 0.4016071428571429, 0.43678571428571433, 0.4719642857142858, 0.5071428571428572, 0.5423214285714286, 0.5776785714285715, 0.6130357142857144, 0.6483928571428572, 0.6837500000000001, 0.719107142857143, 0.7544642857142858, 0.7898214285714287, 0.8251785714285715, 0.8605357142857144, 0.8958928571428573, 0.9312500000000001, 0.9667857142857145], "HPRA": [0.02517241379310345, 0.055689655172413796, 0.08620689655172414, 0.11913793103448277, 0.15224137931034484, 0.1853448275862069, 0.21844827586206897, 0.2520689655172414, 0.2856896551724138, 0.3193103448275862, 0.3529310344827586, 0.386551724137931, 0.4201724137931034, 0.4537931034482758, 0.4874137931034482, 0.5210344827586206, 0.5551724137931033, 0.589310344827586, 0.6234482758620687, 0.6575862068965515, 0.6917241379310342, 0.7258620689655169, 0.7599999999999996, 0.7941379310344823, 0.828275862068965, 0.8624137931034477, 0.8965517241379304, 0.9306896551724131, 0.9649999999999993]}