{"HDA": [0.001953125, 0.0078125, 0.0224609375, 0.0439453125, 0.0654296875, 0.091796875, 0.1181640625, 0.14453125, 0.1728515625, 0.2021484375, 0.2314453125, 0.2607421875, 0.291015625, 0.3212890625, 0.3515625, 0.3818359375, 0.412109375, 0.4423828125, 0.47265625, 0.5029296875, 0.533203125, 0.5634765625, 0.59375, 0.6240234375, 0.654296875, 0.6845703125, 0.71484375, 0.7451171875, 0.775390625, 0.8056640625, 0.8359375, 0.8662109375], "HBA": [0.0009765625, 0.015625, 0.03515625, 0.056640625, 0.080078125, 0.1064453125, 0.1328125, 0.16015625, 0.1884765625, 0.2177734375, 0.2470703125, 0.2763671875, 0.3056640625, 0.3349609375, 0.3642578125, 0.3935546875, 0.4228515625, 0.4521484375, 0.4814453125, 0.5107421875, 0.5400390625, 0.5703125, 0.6005859375, 0.630859375, 0.6611328125, 0.69140625, 0.7216796875, 0.751953125, 0.7822265625, 0.8125, 0.8427734375, 0.873046875], "HCA": [0.001953125, 0.017578125, 0.0361328125, 0.0556640625, 0.0751953125, 0.0947265625, 0.12109375, 0.1474609375, 0.1748046875, 0.2041015625, 0.2333984375, 0.2626953125, 0.2919921875, 0.3212890625, 0.3515625, 0.3818359375, 0.412109375, 0.4423828125, 0.47265625, 0.5029296875, 0.533203125, 0.5634765625, 0.59375, 0.6240234375, 0.654296875, 0.6845703125, 0.71484375, 0.7451171875, 0.775390625, 0.8056640625, 0.8359375, 0.8662109375], "HPRA": [0.001953125, 0.0078125, 0.0224609375, 0.0419921875, 0.0654296875, 0.091796875, 0.1181640625, 0.14453125, 0.1728515625, 0.2021484375, 0.2314453125, 0.2607421875, 0.291015625, 0.3212890625, 0.3515625, 0.3818359375, 0.412109375, 0.4423828125, 0.47265625, 0.5029296875, 0.533203125, 0.5634765625, 0.59375, 0.6240234375, 0.654296875, 0.6845703125, 0.71484375, 0.7451171875, 0.775390625, 0.8056640625, 0.8359375, 0.8662109375]}