{"HDA": [0.0030864197530864213, 0.019290123456790122, 0.036265432098765434, 0.05324074074074074, 0.07484567901234568, 0.09722222222222222, 0.12037037037037036, 0.1435185185185185, 0.16820987654320987, 0.19290123456790123, 0.21759259259259262, 0.2438271604938272, 0.27006172839506176, 0.29629629629629634, 0.3225308641975309, 0.3487654320987655, 0.3757716049382716, 0.4027777777777778, 0.4297839506172839, 0.4567901234567901, 0.4837962962962962, 0.5108024691358024, 0.5378086419753085, 0.5648148148148147, 0.5918209876543208, 0.618827160493827, 0.6458333333333331, 0.6728395061728393, 0.6998456790123454, 0.7268518518518516, 0.7538580246913578, 0.7808641975308639, 0.80787037037037, 0.8348765432098761, 0.8618827160493824, 0.8888888888888885], "HBA": [0.013888888888888888, 0.03009259259259259, 0.046296296296296294, 0.0640432098765432, 0.08564814814814814, 0.10802469135802467, 0.13194444444444445, 0.1566358024691358, 0.1813271604938272, 0.20679012345679015, 0.23225308641975312, 0.2577160493827161, 0.283179012345679, 0.30864197530864196, 0.33487654320987653, 0.3611111111111111, 0.3873456790123457, 0.41358024691358025, 0.4398148148148148, 0.4660493827160494, 0.4922839506172839, 0.5185185185185185, 0.544753086419753, 0.5709876543209875, 0.597222222222222, 0.6234567901234566, 0.649691358024691, 0.6759259259259256, 0.7021604938271602, 0.7283950617283946, 0.7546296296296292, 0.7808641975308637, 0.8070987654320982, 0.8341049382716044, 0.8611111111111105, 0.8881172839506166], "HCA": [0.013888888888888888, 0.03009259259259259, 0.0470679012345679, 0.06481481481481481, 0.08641975308641975, 0.10879629629629628, 0.13194444444444442, 0.15663580246913578, 0.18132716049382713, 0.2067901234567901, 0.23225308641975306, 0.25848765432098764, 0.2847222222222222, 0.3109567901234568, 0.33719135802469136, 0.36342592592592593, 0.3904320987654321, 0.41743827160493824, 0.4444444444444444, 0.4714506172839506, 0.49845679012345673, 0.5254629629629629, 0.552469135802469, 0.5794753086419752, 0.6064814814814814, 0.6334876543209875, 0.6604938271604937, 0.6874999999999998, 0.7145061728395059, 0.7415123456790121, 0.7685185185185183, 0.7955246913580244, 0.8225308641975305, 0.8495370370370368, 0.8765432098765429, 0.903549382716049], "HPRA": [0.0030864197530864213, 0.019290123456790122, 0.035493827160493825, 0.051697530864197525, 0.06944444444444445, 0.08873456790123457, 0.11188271604938271, 0.13503086419753085, 0.1597222222222222, 0.1844135802469136, 0.20987654320987656, 0.2361111111111111, 0.2623456790123457, 0.28858024691358025, 0.3148148148148148, 0.3410493827160494, 0.3680555555555556, 0.3950617283950617, 0.42206790123456783, 0.449074074074074, 0.47608024691358014, 0.5030864197530863, 0.5300925925925924, 0.5570987654320986, 0.5841049382716048, 0.6111111111111109, 0.6381172839506171, 0.6651234567901232, 0.6921296296296293, 0.7191358024691356, 0.7461419753086417, 0.7731481481481478, 0.8001543209876539, 0.8271604938271602, 0.8541666666666663, 0.8811728395061724]}