{"HDA": [0.013850415512465375, 0.0332409972299169, 0.060941828254847646, 0.09695290858725762, 0.13296398891966757, 0.1745152354570637, 0.22160664819944598, 0.26869806094182824, 0.31578947368421045, 0.3656509695290858, 0.4155124653739612, 0.4653739612188365, 0.5152354570637119, 0.5650969529085872, 0.6149584487534626, 0.6648199445983379, 0.7146814404432134, 0.7645429362880887, 0.8144044321329641], "HBA": [0.00554016620498615, 0.036011080332409975, 0.06648199445983378, 0.1080332409972299, 0.1523545706371191, 0.1966759002770083, 0.24099722991689748, 0.2853185595567867, 0.32963988919667586, 0.3739612188365651, 0.41828254847645424, 0.46260387811634346, 0.5069252077562327, 0.5512465373961218, 0.595567867036011, 0.6398891966759002, 0.6869806094182824, 0.7368421052631579, 0.7867036011080332], "HCA": [0.00554016620498615, 0.036011080332409975, 0.06648199445983378, 0.1080332409972299, 0.1523545706371191, 0.1966759002770083, 0.24099722991689748, 0.28808864265927975, 0.335180055401662, 0.38504155124653733, 0.43490304709141264, 0.484764542936288, 0.5346260387811634, 0.5844875346260388, 0.6343490304709141, 0.6842105263157895, 0.7340720221606648, 0.7839335180055402, 0.8337950138504155], "HPRA": [0.013850415512465375, 0.0332409972299169, 0.060941828254847646, 0.0886426592797784, 0.12465373961218838, 0.16620498614958448, 0.21329639889196675, 0.260387811634349, 0.30747922437673125, 0.3573407202216066, 0.407202216066482, 0.45706371191135736, 0.5069252077562327, 0.556786703601108, 0.6066481994459835, 0.6565096952908588, 0.7063711911357341, 0.7562326869806095, 0.8060941828254848]}