{"HDA": [0.002066115702479337, 0.012396694214876032, 0.024793388429752063, 0.03925619834710744, 0.059917355371900835, 0.08264462809917356, 0.11570247933884299, 0.15495867768595042, 0.19421487603305787, 0.23553719008264465, 0.2768595041322314, 0.31818181818181823, 0.3615702479338843, 0.40495867768595045, 0.4483471074380166, 0.4917355371900827, 0.5351239669421489, 0.5785123966942151, 0.6219008264462812, 0.6652892561983473, 0.7086776859504135, 0.7520661157024796], "HBA": [0.008264462809917354, 0.018595041322314047, 0.03512396694214876, 0.053719008264462804, 0.08057851239669421, 0.10950413223140494, 0.14049586776859505, 0.1797520661157025, 0.21900826446280994, 0.25826446280991733, 0.29752066115702475, 0.3367768595041322, 0.37603305785123964, 0.41528925619834706, 0.4545454545454545, 0.4938016528925619, 0.5351239669421486, 0.5785123966942147, 0.6219008264462809, 0.665289256198347, 0.7086776859504131, 0.7520661157024793], "HCA": [0.002066115702479337, 0.006198347107438016, 0.012396694214876032, 0.020661157024793386, 0.04132231404958678, 0.06611570247933884, 0.10123966942148761, 0.14049586776859505, 0.1797520661157025, 0.22107438016528927, 0.26239669421487605, 0.30371900826446285, 0.34710743801652894, 0.3904958677685951, 0.4338842975206612, 0.47727272727272735, 0.5206611570247935, 0.5640495867768597, 0.6074380165289258, 0.650826446280992, 0.6942148760330581, 0.7376033057851241], "HPRA": [0.008264462809917354, 0.018595041322314047, 0.03099173553719008, 0.045454545454545456, 0.06611570247933884, 0.09090909090909091, 0.12396694214876035, 0.16322314049586778, 0.20247933884297523, 0.24173553719008264, 0.2809917355371901, 0.32231404958677684, 0.365702479338843, 0.4090909090909091, 0.45247933884297525, 0.4958677685950414, 0.5392561983471075, 0.5826446280991736, 0.6260330578512397, 0.6694214876033059, 0.712809917355372, 0.7561983471074382]}