{"HDA": [0.0005668934240362818, 0.0017006802721088454, 0.0034013605442176882, 0.006235827664399095, 0.009637188208616783, 0.017006802721088437, 0.02494331065759638, 0.034013605442176874, 0.043650793650793655, 0.057256235827664405, 0.07426303854875285, 0.09126984126984128, 0.108843537414966, 0.12755102040816327, 0.14625850340136054, 0.16496598639455784, 0.18537414965986396, 0.2057823129251701, 0.22619047619047622, 0.24773242630385492, 0.2692743764172336, 0.2908163265306123, 0.3129251700680273, 0.33560090702947853, 0.3582766439909298, 0.38095238095238104, 0.4036281179138323, 0.42630385487528355, 0.4489795918367348, 0.47222222222222227, 0.4954648526077098, 0.5187074829931972, 0.5419501133786847, 0.5651927437641723, 0.5884353741496597, 0.6116780045351472, 0.6349206349206347, 0.6581632653061222, 0.6814058956916097, 0.7046485260770972, 0.7278911564625846, 0.7511337868480721], "HBA": [0.0005668934240362818, 0.005102040816326531, 0.010204081632653062, 0.016439909297052153, 0.023242630385487528, 0.03061224489795918, 0.03854875283446712, 0.052154195011337875, 0.0663265306122449, 0.08503401360544219, 0.10374149659863947, 0.12244897959183675, 0.14229024943310659, 0.1626984126984127, 0.18310657596371885, 0.203514739229025, 0.2239229024943311, 0.24433106575963726, 0.26530612244897966, 0.2862811791383221, 0.3072562358276645, 0.3282312925170069, 0.3492063492063493, 0.3701814058956917, 0.39115646258503417, 0.4121315192743765, 0.4331065759637189, 0.4540816326530613, 0.47505668934240364, 0.496031746031746, 0.5175736961451247, 0.5396825396825397, 0.5623582766439909, 0.5850340136054422, 0.6077097505668934, 0.6303854875283447, 0.6536281179138321, 0.6768707482993196, 0.700113378684807, 0.7233560090702946, 0.7465986394557821, 0.7698412698412695], "HCA": [0.0005668934240362818, 0.0017006802721088454, 0.0034013605442176882, 0.005668934240362813, 0.008503401360544218, 0.011904761904761908, 0.015873015873015876, 0.030045351473922902, 0.04421768707482993, 0.06292517006802721, 0.08219954648526077, 0.10147392290249432, 0.12074829931972789, 0.14002267573696145, 0.16043083900226757, 0.18083900226757368, 0.20124716553287983, 0.22278911564625853, 0.2443310657596372, 0.2658730158730159, 0.28798185941043086, 0.31009070294784585, 0.33219954648526084, 0.3543083900226758, 0.37698412698412703, 0.3996598639455783, 0.42233560090702954, 0.4450113378684808, 0.46768707482993205, 0.4909297052154195, 0.514172335600907, 0.5374149659863945, 0.560657596371882, 0.5839002267573695, 0.607142857142857, 0.6303854875283444, 0.6536281179138319, 0.6768707482993195, 0.7001133786848069, 0.7233560090702944, 0.7465986394557819, 0.7698412698412694], "HPRA": [0.0005668934240362818, 0.0017006802721088454, 0.0034013605442176882, 0.006235827664399095, 0.009637188208616783, 0.017006802721088437, 0.02494331065759638, 0.0334467120181406, 0.04308390022675738, 0.057256235827664405, 0.07256235827664399, 0.09183673469387757, 0.1116780045351474, 0.13151927437641722, 0.15136054421768708, 0.17176870748299317, 0.1921768707482993, 0.21315192743764172, 0.23412698412698413, 0.25510204081632654, 0.27607709750566894, 0.2970521541950114, 0.3185941043083901, 0.34013605442176875, 0.3616780045351475, 0.38321995464852615, 0.4047619047619048, 0.42687074829931976, 0.449546485260771, 0.47278911564625853, 0.496031746031746, 0.5192743764172335, 0.542517006802721, 0.5657596371882084, 0.589002267573696, 0.6122448979591835, 0.6354875283446709, 0.6587301587301584, 0.681972789115646, 0.7052154195011334, 0.7284580498866209, 0.7517006802721083]}