{"HDA": [0.008680555555555554, 0.024305555555555552, 0.040798611111111105, 0.05772569444444444, 0.07508680555555555, 0.09288194444444443, 0.11067708333333333, 0.12847222222222224, 0.14626736111111113, 0.16406250000000003, 0.18272569444444445, 0.20138888888888892, 0.22005208333333337, 0.23914930555555558, 0.2582465277777778, 0.2777777777777778, 0.2973090277777778, 0.3172743055555556, 0.3372395833333333, 0.3576388888888889, 0.3780381944444445, 0.39843750000000006, 0.41883680555555564, 0.4392361111111112, 0.4596354166666668, 0.4800347222222224, 0.500434027777778, 0.5208333333333336, 0.5412326388888892, 0.5616319444444448, 0.5820312500000003, 0.6024305555555559, 0.6228298611111115, 0.6432291666666671, 0.6636284722222227, 0.6840277777777781, 0.7044270833333336, 0.7248263888888892, 0.7452256944444446, 0.7656250000000001, 0.7860243055555557, 0.8064236111111112, 0.8268229166666666, 0.8472222222222222, 0.8676215277777777, 0.8880208333333331, 0.9084201388888887, 0.9288194444444442], "HBA": [0.008680555555555554, 0.024305555555555552, 0.040798611111111105, 0.05815972222222222, 0.0759548611111111, 0.09375, 0.11197916666666667, 0.13020833333333334, 0.1484375, 0.16666666666666666, 0.18489583333333334, 0.2035590277777778, 0.2230902777777778, 0.2426215277777778, 0.2621527777777778, 0.2816840277777778, 0.3012152777777778, 0.3207465277777778, 0.34027777777777785, 0.35980902777777785, 0.37934027777777785, 0.39887152777777785, 0.41840277777777785, 0.43793402777777785, 0.45746527777777785, 0.47699652777777785, 0.49652777777777785, 0.5164930555555556, 0.5368923611111112, 0.5572916666666667, 0.5776909722222223, 0.5980902777777779, 0.6184895833333335, 0.6388888888888891, 0.6592881944444446, 0.6796875000000001, 0.7000868055555557, 0.7204861111111112, 0.7408854166666666, 0.7612847222222222, 0.7816840277777777, 0.8020833333333331, 0.8224826388888887, 0.8428819444444442, 0.8632812499999997, 0.8836805555555552, 0.9040798611111107, 0.9244791666666662], "HCA": [0.008680555555555554, 0.024305555555555552, 0.040798611111111105, 0.05772569444444444, 0.07508680555555555, 0.09288194444444443, 0.11067708333333333, 0.12847222222222224, 0.14626736111111113, 0.16493055555555555, 0.18359375, 0.2026909722222222, 0.22178819444444442, 0.24131944444444442, 0.2608506944444444, 0.2803819444444444, 0.3003472222222222, 0.3203125, 0.34027777777777773, 0.3602430555555555, 0.3806423611111111, 0.4010416666666667, 0.42144097222222227, 0.44184027777777785, 0.4622395833333334, 0.482638888888889, 0.5030381944444445, 0.5234375000000001, 0.5438368055555557, 0.5642361111111113, 0.5846354166666669, 0.6050347222222224, 0.625434027777778, 0.6458333333333336, 0.6662326388888892, 0.6866319444444448, 0.7070312500000003, 0.7274305555555558, 0.7478298611111113, 0.7682291666666669, 0.7886284722222223, 0.8090277777777778, 0.8294270833333334, 0.8498263888888888, 0.8702256944444443, 0.8906249999999999, 0.9110243055555554, 0.9314236111111108], "HPRA": [0.008680555555555554, 0.024305555555555552, 0.040798611111111105, 0.05815972222222222, 0.0759548611111111, 0.09375, 0.1115451388888889, 0.1293402777777778, 0.14713541666666669, 0.16536458333333334, 0.18359375, 0.20182291666666666, 0.22005208333333334, 0.2387152777777778, 0.25737847222222227, 0.27690972222222227, 0.29644097222222227, 0.31597222222222227, 0.3359375, 0.3563368055555556, 0.37673611111111116, 0.39713541666666674, 0.4175347222222223, 0.4379340277777779, 0.4583333333333335, 0.47873263888888906, 0.49913194444444464, 0.5195312500000002, 0.5399305555555558, 0.5603298611111114, 0.580729166666667, 0.6011284722222225, 0.6215277777777781, 0.6419270833333337, 0.6623263888888893, 0.6827256944444448, 0.7031250000000003, 0.7235243055555558, 0.7439236111111113, 0.7643229166666669, 0.7847222222222223, 0.8051215277777778, 0.8255208333333334, 0.8459201388888888, 0.8663194444444443, 0.8867187499999999, 0.9071180555555554, 0.9275173611111108]}