{"HDA": [0.0048828125, 0.0107421875, 0.017578125, 0.02734375, 0.0390625, 0.052734375, 0.0751953125, 0.0986328125, 0.1240234375, 0.150390625, 0.1767578125, 0.205078125, 0.2333984375, 0.2626953125, 0.2919921875, 0.322265625, 0.3525390625, 0.3828125, 0.4130859375, 0.443359375, 0.4736328125, 0.50390625, 0.5341796875, 0.564453125, 0.5947265625, 0.625, 0.6552734375, 0.685546875, 0.7158203125, 0.74609375, 0.7763671875, 0.806640625], "HBA": [0.0048828125, 0.0107421875, 0.01953125, 0.0302734375, 0.0439453125, 0.05859375, 0.0810546875, 0.1044921875, 0.1298828125, 0.1552734375, 0.181640625, 0.2099609375, 0.23828125, 0.2666015625, 0.294921875, 0.3232421875, 0.3515625, 0.3798828125, 0.408203125, 0.4365234375, 0.46484375, 0.494140625, 0.5234375, 0.552734375, 0.5830078125, 0.61328125, 0.6435546875, 0.673828125, 0.7041015625, 0.734375, 0.7646484375, 0.794921875], "HCA": [0.0048828125, 0.0107421875, 0.017578125, 0.02734375, 0.0390625, 0.0537109375, 0.076171875, 0.099609375, 0.125, 0.1513671875, 0.177734375, 0.2060546875, 0.234375, 0.263671875, 0.29296875, 0.3232421875, 0.353515625, 0.3837890625, 0.4140625, 0.4443359375, 0.474609375, 0.5048828125, 0.53515625, 0.5654296875, 0.595703125, 0.6259765625, 0.65625, 0.6865234375, 0.716796875, 0.7470703125, 0.77734375, 0.8076171875], "HPRA": [0.0048828125, 0.01171875, 0.01953125, 0.0302734375, 0.0419921875, 0.0556640625, 0.0712890625, 0.095703125, 0.12109375, 0.146484375, 0.171875, 0.1982421875, 0.2265625, 0.255859375, 0.28515625, 0.3154296875, 0.345703125, 0.3759765625, 0.40625, 0.4365234375, 0.466796875, 0.4970703125, 0.52734375, 0.5576171875, 0.587890625, 0.6181640625, 0.6484375, 0.6787109375, 0.708984375, 0.7392578125, 0.76953125, 0.7998046875]}