{"HDA": [0.002770083102493075, 0.009002770083102492, 0.018698060941828253, 0.030470914127423823, 0.042936288088642666, 0.05678670360110803, 0.07340720221606649, 0.09349030470914128, 0.11703601108033242, 0.1412742382271468, 0.1655124653739612, 0.19044321329639888, 0.21537396121883656, 0.24099722991689748, 0.2666204986149584, 0.2922437673130193, 0.31786703601108024, 0.34349030470914116, 0.3691135734072021, 0.394736842105263, 0.4203601108033239, 0.4459833795013849, 0.4716066481994458, 0.49722991689750673, 0.5228531855955677, 0.5484764542936286, 0.5740997229916895, 0.5997229916897504, 0.6253462603878114, 0.6509695290858722, 0.6765927977839332, 0.7022160664819941, 0.7278393351800551, 0.7534626038781159, 0.7790858725761769, 0.8047091412742379, 0.8303324099722987, 0.8559556786703597], "HBA": [0.002770083102493075, 0.009002770083102492, 0.018698060941828253, 0.030470914127423823, 0.04362880886426593, 0.05886426592797784, 0.07894736842105263, 0.1018005540166205, 0.12534626038781163, 0.14889196675900274, 0.17382271468144042, 0.1987534626038781, 0.2236842105263158, 0.24861495844875348, 0.27354570637119113, 0.29847645429362885, 0.3234072022160665, 0.3483379501385042, 0.3732686980609419, 0.39819944598337953, 0.42313019390581724, 0.44806094182825484, 0.4729916897506925, 0.49792243767313016, 0.5228531855955678, 0.5477839335180054, 0.572714681440443, 0.5976454293628807, 0.6225761772853183, 0.647506925207756, 0.6724376731301935, 0.6973684210526312, 0.7229916897506922, 0.748614958448753, 0.774238227146814, 0.7998614958448749, 0.8254847645429358, 0.8511080332409967], "HCA": [0.002770083102493075, 0.009002770083102492, 0.01592797783933518, 0.023545706371191136, 0.03324099722991689, 0.0443213296398892, 0.05955678670360111, 0.0796398891966759, 0.1018005540166205, 0.12534626038781163, 0.14958448753462603, 0.17382271468144042, 0.1987534626038781, 0.2236842105263158, 0.2493074792243767, 0.27493074792243766, 0.3005540166204986, 0.3261772853185595, 0.3518005540166204, 0.37742382271468133, 0.40304709141274225, 0.4286703601108032, 0.4542936288088641, 0.479916897506925, 0.505540166204986, 0.5311634349030468, 0.5567867036011078, 0.5824099722991687, 0.6080332409972297, 0.6336565096952905, 0.6592797783933515, 0.6849030470914124, 0.7105263157894733, 0.7361495844875342, 0.7617728531855952, 0.787396121883656, 0.813019390581717, 0.8386426592797779], "HPRA": [0.002770083102493075, 0.009002770083102492, 0.018698060941828253, 0.030470914127423823, 0.042936288088642666, 0.05817174515235458, 0.07479224376731301, 0.09487534626038781, 0.1149584487534626, 0.13850415512465372, 0.16274238227146814, 0.18767313019390583, 0.21260387811634351, 0.23822714681440443, 0.26385041551246535, 0.28947368421052627, 0.3150969529085872, 0.3407202216066481, 0.36634349030470903, 0.39196675900276995, 0.41759002770083087, 0.44321329639889184, 0.46883656509695276, 0.4944598337950137, 0.5200831024930747, 0.5457063711911355, 0.5713296398891965, 0.5969529085872574, 0.6225761772853183, 0.6481994459833792, 0.6738227146814402, 0.699445983379501, 0.725069252077562, 0.7506925207756229, 0.7763157894736838, 0.8019390581717447, 0.8275623268698057, 0.8531855955678666]}