{"HDA": [0.0016568047337278098, 0.008994082840236685, 0.018698224852071003, 0.029349112426035502, 0.04047337278106509, 0.051597633136094674, 0.0650887573964497, 0.07857988165680473, 0.09207100591715976, 0.10627218934911244, 0.12071005917159765, 0.13514792899408284, 0.14958579881656806, 0.1642603550295858, 0.17917159763313611, 0.1940828402366864, 0.2089940828402367, 0.223905325443787, 0.2388165680473373, 0.2537278106508876, 0.26887573964497047, 0.28402366863905326, 0.2991715976331361, 0.31431952662721896, 0.3294674556213018, 0.34461538461538466, 0.3597633136094675, 0.37491124260355035, 0.39005917159763315, 0.405207100591716, 0.42035502958579885, 0.4355029585798817, 0.45065088757396454, 0.4657988165680474, 0.48094674556213024, 0.496094674556213, 0.5112426035502958, 0.5263905325443786, 0.5415384615384614, 0.5566863905325441, 0.5718343195266269, 0.5869822485207097, 0.6021301775147925, 0.6172781065088753, 0.6324260355029581, 0.6475739644970409, 0.6627218934911236, 0.6778698224852064, 0.6930177514792892, 0.708165680473372, 0.7233136094674548, 0.7384615384615376, 0.7536094674556204, 0.7687573964497032, 0.783905325443786, 0.7990532544378688, 0.8142011834319515, 0.8293491124260343, 0.8444970414201171, 0.8596449704141998, 0.8747928994082826, 0.8899408284023654, 0.9050887573964482, 0.920236686390531, 0.9353846153846138], "HBA": [0.0016568047337278098, 0.010650887573964495, 0.020355029585798812, 0.03100591715976331, 0.04331360946745562, 0.05633136094674556, 0.06982248520710059, 0.08378698224852071, 0.09798816568047337, 0.11242603550295859, 0.1268639053254438, 0.14130177514792902, 0.15573964497041423, 0.17041420118343198, 0.18532544378698226, 0.20023668639053258, 0.21514792899408286, 0.23005917159763317, 0.24497041420118346, 0.25988165680473374, 0.27479289940828405, 0.2897041420118343, 0.3046153846153846, 0.31952662721893493, 0.33443786982248525, 0.3493491124260355, 0.3642603550295858, 0.3791715976331361, 0.39408284023668644, 0.4089940828402367, 0.423905325443787, 0.4388165680473373, 0.4537278106508876, 0.4686390532544379, 0.4835502958579882, 0.49846153846153846, 0.5133727810650888, 0.528284023668639, 0.5431952662721893, 0.5581065088757396, 0.5730177514792899, 0.5879289940828403, 0.6028402366863905, 0.6177514792899408, 0.6326627218934912, 0.647810650887574, 0.6629585798816567, 0.6781065088757394, 0.6932544378698222, 0.708402366863905, 0.7235502958579878, 0.7386982248520706, 0.7538461538461534, 0.7689940828402362, 0.784142011834319, 0.7992899408284018, 0.8144378698224846, 0.8295857988165674, 0.8447337278106501, 0.8598816568047329, 0.8750295857988157, 0.8901775147928985, 0.9053254437869813, 0.9204733727810641, 0.9356213017751468], "HCA": [0.0016568047337278098, 0.010650887573964495, 0.020355029585798812, 0.03100591715976331, 0.04331360946745562, 0.05633136094674556, 0.06982248520710059, 0.08331360946745563, 0.09751479289940829, 0.1119526627218935, 0.1263905325443787, 0.14082840236686392, 0.15526627218934913, 0.16994082840236688, 0.18461538461538465, 0.19952662721893494, 0.21443786982248525, 0.22934911242603553, 0.24426035502958585, 0.25917159763313613, 0.2740828402366864, 0.28923076923076924, 0.3043786982248521, 0.31952662721893493, 0.3346745562130178, 0.34982248520710063, 0.3649704142011834, 0.3801183431952663, 0.3952662721893491, 0.41041420118343197, 0.4255621301775148, 0.44071005917159767, 0.4558579881656805, 0.4710059171597633, 0.48615384615384616, 0.5013017751479291, 0.5164497041420119, 0.5315976331360946, 0.5467455621301774, 0.5618934911242602, 0.577041420118343, 0.5921893491124258, 0.6073372781065086, 0.6224852071005914, 0.6376331360946742, 0.6527810650887569, 0.6679289940828397, 0.6830769230769225, 0.6982248520710053, 0.7133727810650881, 0.7285207100591709, 0.7436686390532536, 0.7588165680473364, 0.7739644970414192, 0.789112426035502, 0.8042603550295848, 0.8194082840236676, 0.8345562130177504, 0.8497041420118332, 0.864852071005916, 0.8799999999999988, 0.8951479289940815, 0.9102958579881643, 0.925443786982247, 0.9405917159763298], "HPRA": [0.0016568047337278098, 0.010650887573964495, 0.020355029585798812, 0.03100591715976331, 0.04165680473372781, 0.0527810650887574, 0.06485207100591717, 0.07692307692307693, 0.08899408284023669, 0.10106508875739645, 0.11408284023668638, 0.1280473372781065, 0.14272189349112424, 0.157396449704142, 0.1723076923076923, 0.18721893491124258, 0.2021301775147929, 0.21704142011834318, 0.2319526627218935, 0.24686390532544378, 0.2620118343195266, 0.2771597633136095, 0.2923076923076923, 0.3074556213017752, 0.32260355029585797, 0.3377514792899408, 0.35289940828402366, 0.3680473372781065, 0.38319526627218936, 0.3983431952662722, 0.41349112426035506, 0.42863905325443785, 0.4437869822485207, 0.45893491124260355, 0.4740828402366864, 0.48923076923076925, 0.504378698224852, 0.5195266272189349, 0.5346745562130177, 0.5498224852071005, 0.5649704142011833, 0.5801183431952661, 0.5952662721893489, 0.6104142011834317, 0.6255621301775145, 0.6407100591715973, 0.6558579881656801, 0.6710059171597629, 0.6861538461538457, 0.7013017751479285, 0.7164497041420113, 0.7315976331360939, 0.7467455621301767, 0.7618934911242595, 0.7770414201183423, 0.7921893491124251, 0.8073372781065079, 0.8224852071005907, 0.8376331360946735, 0.8527810650887563, 0.8679289940828391, 0.8830769230769219, 0.8982248520710047, 0.9133727810650875, 0.9285207100591703]}