{"HDA": [0.00020833333333333316, 0.000625, 0.0011458333333333331, 0.0017708333333333332, 0.002604166666666666, 0.003645833333333333, 0.004791666666666666, 0.006354166666666666, 0.008229166666666666, 0.010208333333333333, 0.012291666666666666, 0.01583333333333333, 0.019791666666666662, 0.024270833333333332, 0.028854166666666667, 0.0334375, 0.038125, 0.0428125, 0.0475, 0.05229166666666667, 0.05708333333333334, 0.061875000000000006, 0.06666666666666668, 0.07145833333333335, 0.07625000000000001, 0.08114583333333336], "HBA": [0.00020833333333333316, 0.000625, 0.0011458333333333331, 0.0017708333333333332, 0.002604166666666666, 0.003645833333333333, 0.004791666666666666, 0.006354166666666666, 0.008229166666666666, 0.010208333333333333, 0.012291666666666666, 0.01583333333333333, 0.019791666666666662, 0.024270833333333332, 0.028854166666666667, 0.0334375, 0.038125, 0.0428125, 0.0475, 0.05229166666666667, 0.05708333333333334, 0.061875000000000006, 0.06666666666666668, 0.07145833333333335, 0.07625000000000001, 0.08104166666666668, 0.08583333333333334, 0.090625, 0.09541666666666666, 0.10020833333333332, 0.10499999999999998, 0.10979166666666665, 0.1145833333333333, 0.11937499999999997, 0.12416666666666662, 0.12895833333333329, 0.13374999999999995, 0.13854166666666662, 0.14333333333333326, 0.14812499999999992, 0.1529166666666666, 0.15770833333333326, 0.16249999999999992, 0.16729166666666662, 0.17208333333333328, 0.17687499999999998, 0.18166666666666664, 0.1864583333333333, 0.19125, 0.19604166666666667, 0.20083333333333336, 0.20562500000000003, 0.21041666666666672, 0.2152083333333334, 0.22000000000000008, 0.22479166666666675, 0.22958333333333342, 0.2343750000000001, 0.23916666666666678, 0.24395833333333347, 0.24875000000000014, 0.25354166666666683, 0.2583333333333335, 0.26312500000000016, 0.26791666666666686, 0.27270833333333355, 0.2775000000000002, 0.2822916666666669, 0.2870833333333336, 0.2918750000000003, 0.2966666666666669, 0.3014583333333336, 0.3062500000000003, 0.31104166666666694, 0.31583333333333363, 0.32062500000000027, 0.3254166666666669, 0.33020833333333355, 0.3350000000000002, 0.3397916666666669, 0.3445833333333335, 0.34937500000000016, 0.3541666666666668, 0.35895833333333343, 0.3637500000000001, 0.3685416666666667, 0.37333333333333335, 0.378125, 0.3829166666666666, 0.38770833333333327, 0.3924999999999999, 0.3972916666666666, 0.40208333333333324, 0.4068749999999999, 0.4116666666666665, 0.41645833333333315, 0.4212499999999998, 0.42604166666666643, 0.43083333333333307, 0.4356249999999997, 0.44041666666666635, 0.445208333333333, 0.4499999999999996, 0.45479166666666626, 0.45958333333333296, 0.4643749999999996, 0.46916666666666623, 0.47395833333333287, 0.4787499999999995, 0.48354166666666615, 0.4883333333333328, 0.4931249999999994, 0.49791666666666606, 0.5027083333333328, 0.5074999999999994, 0.512291666666666, 0.5170833333333327, 0.5218749999999993, 0.526666666666666, 0.5314583333333326, 0.5362499999999992, 0.5410416666666659, 0.5458333333333325, 0.5506249999999991, 0.5554166666666658, 0.5602083333333324, 0.5649999999999991, 0.5697916666666657, 0.5745833333333323, 0.579374999999999, 0.5841666666666656, 0.5889583333333323, 0.5937499999999989, 0.5985416666666655, 0.6033333333333322, 0.6081249999999989, 0.6129166666666656, 0.6177083333333322, 0.6224999999999988, 0.6272916666666655, 0.6321874999999988], "HCA": [0.00020833333333333316, 0.000625, 0.0011458333333333331, 0.0017708333333333332, 0.002604166666666666, 0.0035416666666666665, 0.004583333333333333, 0.0059375, 0.007395833333333332, 0.0090625, 0.010833333333333332, 0.0128125, 0.015625, 0.0196875, 0.023854166666666666, 0.0284375, 0.033125, 0.0378125, 0.0425, 0.04729166666666667, 0.05208333333333334, 0.05687500000000001, 0.061666666666666675, 0.06645833333333334, 0.07125000000000002, 0.07614583333333334], "HPRA": [0.00020833333333333316, 0.000625, 0.0011458333333333331, 0.0017708333333333332, 0.002604166666666666, 0.003645833333333333, 0.004791666666666666, 0.006354166666666666, 0.008229166666666666, 0.010208333333333333, 0.012291666666666666, 0.01583333333333333, 0.019791666666666662, 0.024270833333333332, 0.028854166666666667, 0.0334375, 0.03802083333333334, 0.04260416666666667, 0.0471875, 0.05197916666666667, 0.05677083333333334, 0.061562500000000006, 0.06635416666666667, 0.07114583333333335, 0.07593750000000002, 0.08083333333333335]}