{"HDA": [0.00020833333333333316, 0.0005208333333333331, 0.0009375, 0.0014583333333333332, 0.0020833333333333333, 0.0028125, 0.003645833333333333, 0.004583333333333333, 0.005729166666666666, 0.0069791666666666665, 0.008333333333333333, 0.009895833333333333, 0.011666666666666665, 0.013541666666666665, 0.015729166666666666, 0.018020833333333333, 0.021875, 0.025729166666666664, 0.02989583333333333, 0.034166666666666665, 0.0384375, 0.043125, 0.0478125, 0.05260416666666667, 0.05739583333333334, 0.06229166666666667], "HBA": [0.00020833333333333316, 0.0005208333333333331, 0.0011458333333333331, 0.001875, 0.0028125, 0.0038541666666666668, 0.005, 0.006458333333333332, 0.008020833333333333, 0.009895833333333333, 0.011979166666666666, 0.014166666666666666, 0.016458333333333332, 0.018854166666666665, 0.02145833333333333, 0.024479166666666666, 0.02770833333333333, 0.031041666666666665, 0.034791666666666665, 0.0390625, 0.04375, 0.0484375, 0.053125, 0.0578125, 0.06260416666666667, 0.06739583333333334, 0.07218750000000002, 0.07697916666666668, 0.08177083333333333, 0.0865625, 0.09135416666666667, 0.09614583333333332, 0.10093749999999999, 0.10572916666666664, 0.1105208333333333, 0.11531249999999997, 0.12010416666666662, 0.12489583333333329, 0.12968749999999996, 0.1344791666666666, 0.13927083333333326, 0.14406249999999993, 0.1488541666666666, 0.15364583333333326, 0.1584374999999999, 0.16322916666666656, 0.16802083333333326, 0.17281249999999992, 0.17760416666666662, 0.18239583333333328, 0.18718749999999995, 0.19197916666666665, 0.19687499999999997], "HCA": [0.00020833333333333316, 0.0005208333333333331, 0.0009375, 0.0014583333333333332, 0.0020833333333333333, 0.0028125, 0.00375, 0.004791666666666667, 0.0059375, 0.0071875, 0.008645833333333332, 0.010208333333333333, 0.011979166666666666, 0.013854166666666666, 0.01583333333333333, 0.0190625, 0.022916666666666665, 0.02677083333333333, 0.031041666666666665, 0.035625, 0.0403125, 0.045, 0.0496875, 0.054375, 0.05916666666666667, 0.0640625], "HPRA": [0.00020833333333333316, 0.0005208333333333331, 0.0009375, 0.0014583333333333332, 0.0020833333333333333, 0.0028125, 0.003645833333333333, 0.0046875, 0.005833333333333333, 0.007083333333333333, 0.0084375, 0.01, 0.011770833333333333, 0.013645833333333333, 0.01583333333333333, 0.018333333333333333, 0.0215625, 0.024791666666666667, 0.028229166666666666, 0.03208333333333333, 0.03625, 0.040625, 0.0453125, 0.05010416666666667, 0.05489583333333334, 0.05979166666666667]}