{"HDA": [0.000875, 0.0009388386159788056, 0.0009722510253476452, 0.0010068531014722126], "HBA": [0.0008, 0.0008946850145183689, 0.0009937734013594312, 0.0009937734013594312, 0.0009937734013594312, 0.0009937734013594312, 0.0010296298322103044], "HCA": [0.000875, 0.0009388386159788056, 0.0009722510253476452, 0.0010068531014722126], "HPRA": [0.0008, 0.0008, 0.0009651473114017704, 0.0010343514636509054]}