{"HDA": [0.00105, 0.0010826530612244897, 0.0010826530612244897, 0.0011172551373490572], "HBA": [0.000625, 0.0009607650865358201, 0.001156683453882759, 0.001156683453882759, 0.0012283963155845052], "HCA": [0.00105, 0.0010826530612244897, 0.0010826530612244897, 0.0011172551373490572], "HPRA": [0.00105, 0.0010826530612244897, 0.0010826530612244897, 0.0011172551373490572]}