{"HDA": [0.001, 0.0010979591836734694, 0.0011321577404943715, 0.001167588579496639, 0.001167588579496639, 0.001167588579496639, 0.0012061673380321894], "HBA": [0.00075, 0.0010728305785123967, 0.0012478944768352846, 0.0012478944768352846, 0.0012478944768352846, 0.0012478944768352846, 0.0012478944768352846, 0.0012478944768352846, 0.0012478944768352846, 0.0012478944768352846, 0.0012478944768352846, 0.0012478944768352846, 0.0012478944768352846, 0.0012478944768352846, 0.0012478944768352846, 0.0012478944768352846, 0.0012478944768352846, 0.0012478944768352846, 0.0012478944768352846, 0.0012478944768352846, 0.0012478944768352846, 0.0012478944768352846, 0.0012478944768352846, 0.0012478944768352846, 0.0012478944768352846, 0.0012478944768352846, 0.0012478944768352846, 0.00129891488499855], "HCA": [0.001, 0.0010979591836734694, 0.0011321577404943715, 0.001167588579496639, 0.001167588579496639, 0.001167588579496639, 0.0012061673380321894], "HPRA": [0.00095, 0.0011459183673469388, 0.0011805204434715063, 0.0011805204434715063, 0.0011805204434715063, 0.0011805204434715063, 0.0012190992020070567]}