{"HDA": [0.001275, 0.001312180249851279, 0.001390305249851279], "HBA": [0.001275, 0.001312180249851279, 0.001390305249851279], "HCA": [0.001275, 0.001312180249851279, 0.001390305249851279], "HPRA": [0.001275, 0.001312180249851279, 0.001390305249851279]}