{"HDA": [0.00020833333333333316, 0.000625, 0.00125, 0.003125, 0.005416666666666668, 0.008333333333333333, 0.012291666666666668, 0.016458333333333335, 0.020625, 0.024791666666666667, 0.029375, 0.03395833333333333, 0.03854166666666667, 0.04333333333333334], "HBA": [0.00020833333333333316, 0.0016666666666666663, 0.003333333333333333, 0.005208333333333332, 0.0075, 0.011041666666666665, 0.014999999999999998, 0.019166666666666665, 0.02333333333333333, 0.027916666666666666, 0.0325, 0.037083333333333336, 0.04166666666666667, 0.04625, 0.05083333333333333, 0.05541666666666666, 0.05999999999999999, 0.06458333333333333, 0.06916666666666665, 0.07374999999999998, 0.07833333333333331, 0.08291666666666664, 0.08749999999999998, 0.09208333333333332, 0.09666666666666666, 0.10125, 0.10583333333333333, 0.11041666666666668, 0.11500000000000002, 0.11958333333333336, 0.1241666666666667, 0.12875000000000003, 0.1333333333333334, 0.13791666666666672, 0.14250000000000004, 0.1470833333333334, 0.15166666666666673, 0.15625000000000008, 0.16083333333333338, 0.1654166666666667, 0.17000000000000004, 0.17458333333333337, 0.17916666666666667, 0.18375, 0.18833333333333332, 0.19291666666666665, 0.19749999999999995, 0.20208333333333328, 0.2066666666666666, 0.21124999999999994, 0.21583333333333324, 0.22041666666666657, 0.2249999999999999, 0.22958333333333322, 0.23416666666666652, 0.23874999999999985, 0.24333333333333318, 0.2479166666666665, 0.25249999999999984, 0.25708333333333316, 0.2616666666666665, 0.26624999999999976, 0.2708333333333331, 0.2754166666666664, 0.27999999999999975, 0.2845833333333331, 0.2891666666666664, 0.29374999999999973, 0.29833333333333306, 0.30291666666666633, 0.30749999999999966, 0.312083333333333, 0.3166666666666663, 0.32124999999999965, 0.325833333333333, 0.33041666666666636, 0.33499999999999974, 0.33958333333333307, 0.34416666666666645, 0.3487499999999998, 0.35333333333333317, 0.3579166666666665, 0.3624999999999999, 0.3670833333333332, 0.3716666666666666, 0.3762499999999999, 0.3808333333333333, 0.38541666666666663, 0.39, 0.39458333333333334, 0.3991666666666667, 0.40375000000000005, 0.40833333333333344, 0.41291666666666677, 0.41750000000000015, 0.4220833333333335, 0.42666666666666686, 0.4312500000000002, 0.4358333333333336, 0.4404166666666669, 0.4450000000000003, 0.44958333333333367, 0.454166666666667, 0.4587500000000004, 0.4633333333333337, 0.4679166666666671, 0.4725000000000004, 0.4770833333333338, 0.48166666666666713, 0.4862500000000005, 0.49083333333333384, 0.4954166666666672, 0.5000000000000006, 0.5045833333333339, 0.5091666666666673, 0.5137500000000006, 0.518333333333334, 0.5229166666666674, 0.5275000000000007, 0.532083333333334, 0.5366666666666674, 0.5412500000000008, 0.5458333333333342, 0.5504166666666674, 0.5552083333333342], "HCA": [0.00020833333333333316, 0.0016666666666666663, 0.003333333333333333, 0.005208333333333332, 0.0075, 0.01125, 0.015, 0.018958333333333334, 0.02333333333333333, 0.02770833333333333, 0.03229166666666666, 0.036875, 0.04145833333333333, 0.04604166666666666, 0.05083333333333333], "HPRA": [0.00020833333333333316, 0.000625, 0.0022916666666666667, 0.004166666666666667, 0.006458333333333333, 0.01, 0.013958333333333333, 0.017916666666666664, 0.021875, 0.025833333333333333, 0.030208333333333334, 0.03479166666666667, 0.03958333333333333]}