{"HDA": [0.00085, 0.0008808641975308641, 0.0008808641975308641, 0.0008808641975308641, 0.0009142766068997038], "HBA": [0.000675, 0.000913884409806205, 0.000913884409806205, 0.000913884409806205, 0.000913884409806205, 0.0009484864859307725], "HCA": [0.00085, 0.0008808641975308641, 0.0008808641975308641, 0.0008808641975308641, 0.0009142766068997038], "HPRA": [0.00085, 0.0008808641975308641, 0.0008808641975308641, 0.0008808641975308641, 0.0009142766068997038]}