{"HDA": [0.0009, 0.001067062046844198, 0.001102918477695071], "HBA": [0.000625, 0.0011496913580246915], "HCA": [0.0009, 0.001067062046844198, 0.001102918477695071], "HPRA": [0.0009, 0.001067062046844198, 0.001102918477695071]}