{"HDA": [0.0011, 0.001263265306122449, 0.0012974638629433511, 0.0012974638629433511, 0.0012974638629433511, 0.0012974638629433511, 0.0013355678105123193], "HBA": [0.000725, 0.0011570987654320988, 0.001359911096421823, 0.001359911096421823, 0.001359911096421823, 0.0013975489450423959, 0.0013975489450423959, 0.0013975489450423959, 0.0013975489450423959, 0.0013975489450423959, 0.0013975489450423959, 0.0013975489450423959, 0.0013975489450423959, 0.0013975489450423959, 0.0013975489450423959, 0.0013975489450423959, 0.0013975489450423959, 0.0013975489450423959, 0.0013975489450423959, 0.0013975489450423959, 0.0013975489450423959, 0.0013975489450423959, 0.0013975489450423959, 0.0013975489450423959, 0.0013975489450423959, 0.0013975489450423959, 0.0013975489450423959, 0.0013975489450423959, 0.0013975489450423959, 0.0013975489450423959, 0.0013975489450423959, 0.0013975489450423959, 0.0013975489450423959, 0.0013975489450423959, 0.0013975489450423959, 0.0013975489450423959, 0.0013975489450423959, 0.0013975489450423959, 0.0013975489450423959, 0.0013975489450423959, 0.0013975489450423959, 0.0013975489450423959, 0.0013975489450423959, 0.0013975489450423959, 0.0013975489450423959, 0.0013975489450423959, 0.0013975489450423959, 0.0013975489450423959, 0.0013975489450423959, 0.001470600300145033], "HCA": [0.0011, 0.001263265306122449, 0.0012974638629433511, 0.0012974638629433511, 0.0012974638629433511, 0.0012974638629433511, 0.0013355678105123193], "HPRA": [0.0011, 0.001263265306122449, 0.0012974638629433511, 0.0012974638629433511, 0.0012974638629433511, 0.0012974638629433511, 0.0013355678105123193]}