{"HDA": [0.0009, 0.0009979591836734693, 0.0009979591836734693, 0.0010329719633380469], "HBA": [0.0009, 0.0009979591836734693, 0.0009979591836734693, 0.0009979591836734693, 0.0009979591836734693, 0.0009979591836734693, 0.0009979591836734693, 0.0009979591836734693, 0.0009979591836734693, 0.0009979591836734693, 0.0009979591836734693, 0.0009979591836734693, 0.0009979591836734693, 0.0009979591836734693, 0.0009979591836734693, 0.0009979591836734693, 0.0009979591836734693, 0.0009979591836734693, 0.0009979591836734693, 0.0010406777961729354], "HCA": [0.0009, 0.0009979591836734693, 0.0009979591836734693, 0.0010329719633380469], "HPRA": [0.0009, 0.0009979591836734693, 0.0009979591836734693, 0.0010329719633380469]}