{"HDA": [0.0009, 0.0012341240936883959, 0.001304985771692931, 0.001304985771692931, 0.001304985771692931, 0.0013435645302284813], "HBA": [0.000725, 0.0012299867440979675, 0.0013375560366505868, 0.0013375560366505868, 0.0013375560366505868, 0.0013375560366505868, 0.0013375560366505868, 0.0013375560366505868, 0.0013375560366505868, 0.0013375560366505868, 0.0013375560366505868, 0.0013375560366505868, 0.0013375560366505868, 0.0013375560366505868, 0.0013375560366505868, 0.0013375560366505868, 0.0013375560366505868, 0.0013375560366505868, 0.0013375560366505868, 0.0013375560366505868, 0.0013375560366505868, 0.0013375560366505868, 0.0013375560366505868, 0.0013375560366505868, 0.0013375560366505868, 0.0013375560366505868, 0.0013375560366505868, 0.0013375560366505868, 0.0013375560366505868, 0.0013375560366505868, 0.001392425721149901], "HCA": [0.0009, 0.0012341240936883959, 0.001304985771692931, 0.001304985771692931, 0.001304985771692931, 0.0013435645302284813], "HPRA": [0.0009, 0.0011338868655818772, 0.0013110410605932151, 0.001348221310444494]}