{"HDA": [0.0002564102564102566, 0.0007692307692307692, 0.0014102564102564101, 0.002307692307692308, 0.0033333333333333335, 0.004487179487179488, 0.005897435897435898, 0.007564102564102564, 0.00935897435897436, 0.01141025641025641, 0.013717948717948718, 0.01641025641025641, 0.020128205128205127, 0.023846153846153847, 0.027948717948717946, 0.032435897435897434, 0.03717948717948718, 0.041923076923076924, 0.04666666666666667, 0.051410256410256414, 0.056282051282051285], "HBA": [0.0002564102564102566, 0.0007692307692307692, 0.0015384615384615385, 0.0025641025641025645, 0.0037179487179487183, 0.005128205128205127, 0.006666666666666666, 0.00846153846153846, 0.010384615384615383, 0.012564102564102564, 0.014871794871794873, 0.018076923076923077, 0.021794871794871797, 0.02615384615384616, 0.030512820512820518, 0.03500000000000001, 0.039743589743589755, 0.0444871794871795, 0.049230769230769245, 0.05397435897435899, 0.058717948717948734, 0.06346153846153847, 0.06820512820512822, 0.07294871794871796, 0.07769230769230771, 0.08243589743589745, 0.08717948717948719, 0.09192307692307694, 0.09666666666666668, 0.10141025641025642, 0.10615384615384617, 0.1108974358974359, 0.11564102564102566, 0.1203846153846154, 0.12512820512820513, 0.1298717948717949, 0.13461538461538464, 0.13935897435897437, 0.1441025641025641, 0.14884615384615388, 0.15358974358974362, 0.15833333333333335, 0.1630769230769231, 0.16782051282051286, 0.1725641025641026, 0.17730769230769233, 0.18205128205128207, 0.18679487179487184, 0.19153846153846157, 0.1962820512820513, 0.20102564102564105, 0.20576923076923082, 0.21051282051282055, 0.2153846153846154], "HCA": [0.0002564102564102566, 0.0007692307692307692, 0.0014102564102564101, 0.0021794871794871794, 0.003076923076923077, 0.0041025641025641026, 0.005384615384615385, 0.006923076923076924, 0.008846153846153847, 0.010897435897435899, 0.013205128205128208, 0.015897435897435898, 0.019743589743589744, 0.023717948717948717, 0.028205128205128206, 0.032692307692307694, 0.037179487179487186, 0.0417948717948718, 0.04653846153846154, 0.051410256410256414], "HPRA": [0.0002564102564102566, 0.0007692307692307692, 0.0015384615384615385, 0.002435897435897436, 0.003461538461538462, 0.004743589743589744, 0.006282051282051282, 0.007948717948717949, 0.009743589743589744, 0.011794871794871795, 0.014102564102564103, 0.016794871794871796, 0.02051282051282051, 0.02423076923076923, 0.028333333333333332, 0.032692307692307694, 0.037307692307692306, 0.04205128205128205, 0.046794871794871795, 0.051666666666666666]}