{"HDA": [0.000775, 0.0009328083575306147, 0.0009662207668994544, 0.0010008228430240219], "HBA": [0.0007, 0.0009808901095471427, 0.0009808901095471427, 0.0009808901095471427, 0.0009808901095471427, 0.0009808901095471427, 0.0009808901095471427, 0.0009808901095471427, 0.0009808901095471427, 0.0009808901095471427, 0.0009808901095471427, 0.0009808901095471427, 0.0009808901095471427, 0.0009808901095471427, 0.0009808901095471427, 0.0009808901095471427, 0.0010209477926107543], "HCA": [0.000775, 0.0009328083575306147, 0.0009662207668994544, 0.0010008228430240219], "HPRA": [0.000775, 0.0009328083575306147, 0.0009662207668994544, 0.0010008228430240219]}