{"HDA": [0.0009, 0.0009319193079894028, 0.000997978232550111], "HBA": [0.0007, 0.0009808901095471427, 0.0010146921647120968, 0.0010146921647120968, 0.0010146921647120968, 0.0010146921647120968, 0.0010146921647120968, 0.0010146921647120968, 0.0010146921647120968, 0.0010146921647120968, 0.0010146921647120968, 0.0010146921647120968, 0.0010146921647120968, 0.0010146921647120968, 0.0010146921647120968, 0.0010146921647120968, 0.0010146921647120968, 0.0010146921647120968, 0.0010146921647120968, 0.0010146921647120968, 0.0010146921647120968, 0.0010146921647120968, 0.0010146921647120968, 0.0010146921647120968, 0.0010146921647120968, 0.0010616052816195842], "HCA": [0.0009, 0.0009319193079894028, 0.000997978232550111], "HPRA": [0.00065, 0.0009971783865673526, 0.0009971783865673526, 0.0010680400645718877]}