{"HDA": [0.000825, 0.0010484351559258195, 0.0010822372110907735, 0.001117249990755351], "HBA": [0.000825, 0.0010484351559258195, 0.0010822372110907735, 0.0010822372110907735, 0.0010822372110907735, 0.0011180936419416467], "HCA": [0.000825, 0.0010484351559258195, 0.0010822372110907735, 0.001117249990755351], "HPRA": [0.000825, 0.0010484351559258195, 0.0010822372110907735, 0.001117249990755351]}