{"HDA": [0.0009, 0.0011184700852033332, 0.0011852949039410125, 0.00121989698006558], "HBA": [0.00065, 0.0011632230406955681, 0.0011974215975164703, 0.0012682832755210054], "HCA": [0.000875, 0.001124680097375238, 0.0012237684842163002], "HPRA": [0.0009, 0.0011184700852033332, 0.0011852949039410125, 0.00121989698006558]}