{"HDA": [0.000875, 0.001034596539947014, 0.0011348337680535327], "HBA": [0.0006, 0.0010012345679012344, 0.0011663818793030047, 0.0011663818793030047, 0.0011663818793030047, 0.0011663818793030047, 0.0011663818793030047, 0.0011663818793030047, 0.0011663818793030047, 0.0011663818793030047, 0.0011663818793030047, 0.0011663818793030047, 0.0011663818793030047, 0.0011663818793030047, 0.0011663818793030047, 0.0011663818793030047, 0.0011663818793030047, 0.0011663818793030047, 0.0011663818793030047, 0.0011663818793030047, 0.0011663818793030047, 0.0011663818793030047, 0.0011663818793030047, 0.0011663818793030047, 0.0011663818793030047, 0.0011663818793030047, 0.0011663818793030047, 0.001213294996210492], "HCA": [0.000875, 0.0010665158479364167, 0.001133340666674096], "HPRA": [0.000875, 0.001034596539947014, 0.0011348337680535327]}