{"HDA": [0.001, 0.0012366143861546781, 0.0012724708170055513, 0.0013096510668568302], "HBA": [0.00065, 0.0010330316958728335, 0.0014274524352324376], "HCA": [0.001, 0.0012366143861546781, 0.0012724708170055513, 0.0013096510668568302], "HPRA": [0.001, 0.0012366143861546781, 0.0012724708170055513, 0.0013096510668568302]}