{"HDA": [0.000875, 0.0010665158479364167, 0.0011007144047573188], "HBA": [0.000875, 0.0010665158479364167, 0.0010665158479364167, 0.0010665158479364167, 0.0010665158479364167, 0.0010665158479364167, 0.0010665158479364167, 0.0010665158479364167, 0.0011032467937582716], "HCA": [0.00095, 0.0010457579239682084, 0.0010457579239682084, 0.0010795599791331625], "HPRA": [0.000875, 0.0010665158479364167, 0.0011007144047573188]}