{"HDA": [0.001, 0.0012642356982428327, 0.0012996665372451003], "HBA": [0.0009, 0.0012591836734693878, 0.0013317631479939922], "HCA": [0.001, 0.0012642356982428327, 0.0012996665372451003], "HPRA": [0.001, 0.0012642356982428327, 0.0012996665372451003]}