{"HDA": [0.00021739130434782593, 0.0005434782608695649, 0.0010869565217391302, 0.0017391304347826085, 0.0025, 0.003478260869565217, 0.004673913043478261, 0.005978260869565218, 0.007717391304347826, 0.00967391304347826, 0.01184782608695652, 0.014130434782608696, 0.01652173913043478, 0.019021739130434784, 0.022717391304347828, 0.02641304347826087, 0.030543478260869564, 0.03467391304347826, 0.03934782608695652, 0.0441304347826087, 0.04891304347826088, 0.053695652173913054, 0.05847826086956523, 0.06326086956521741, 0.0680434782608696, 0.07282608695652176, 0.07771739130434785], "HBA": [0.00021739130434782593, 0.0005434782608695649, 0.0009782608695652173, 0.0016304347826086958, 0.002391304347826087, 0.003478260869565217, 0.004782608695652174, 0.006304347826086957, 0.008043478260869565, 0.010108695652173913, 0.012391304347826088, 0.014782608695652176, 0.017282608695652176, 0.020434782608695655, 0.024782608695652176, 0.0291304347826087, 0.03358695652173913, 0.0382608695652174, 0.042934782608695654, 0.04771739130434783, 0.05250000000000001, 0.05728260869565219, 0.06206521739130436, 0.06684782608695654, 0.07163043478260872, 0.07641304347826089, 0.08119565217391306, 0.08597826086956523, 0.0907608695652174, 0.09554347826086956, 0.10032608695652173, 0.1051086956521739, 0.10989130434782607, 0.11467391304347824, 0.1194565217391304, 0.12423913043478257, 0.12902173913043474, 0.1338043478260869, 0.13858695652173908, 0.14336956521739125, 0.14815217391304342, 0.15293478260869559, 0.15771739130434775, 0.16249999999999992, 0.16728260869565212, 0.17206521739130431, 0.17684782608695648, 0.18163043478260868, 0.18641304347826085, 0.19119565217391304, 0.19597826086956524, 0.2007608695652174, 0.2055434782608696, 0.2103260869565218, 0.21510869565217397, 0.21989130434782617, 0.22467391304347836, 0.22945652173913053, 0.23423913043478273, 0.2390217391304349, 0.2438043478260871, 0.2485869565217393, 0.25336956521739146, 0.2581521739130437, 0.26293478260869585, 0.267717391304348, 0.2725000000000002, 0.2772826086956524, 0.2820652173913046, 0.28684782608695675, 0.29163043478260897, 0.29641304347826114, 0.3011956521739133, 0.30597826086956553, 0.3107608695652177, 0.31554347826086987, 0.3203260869565221, 0.32510869565217426, 0.32989130434782643, 0.33467391304347865, 0.3394565217391308, 0.344239130434783, 0.3490217391304352, 0.3538043478260874, 0.35858695652173955, 0.3633695652173918, 0.36815217391304395, 0.3729347826086961, 0.37771739130434834, 0.3825000000000005, 0.3872826086956527, 0.39206521739130484, 0.39684782608695707, 0.40163043478260924, 0.4064130434782614, 0.41119565217391363, 0.4159782608695658, 0.42076086956521797, 0.4255434782608702, 0.43032608695652236, 0.4351086956521745, 0.43989130434782675, 0.4446739130434789, 0.4494565217391311, 0.4542391304347833, 0.4590217391304355, 0.46380434782608765, 0.4685869565217399, 0.47336956521739204, 0.4781521739130442, 0.48293478260869643, 0.4877173913043486, 0.49250000000000077, 0.497282608695653, 0.5020652173913052, 0.5068478260869573, 0.5116304347826095, 0.5164130434782617, 0.521195652173914, 0.5259782608695661, 0.5307608695652183, 0.5355434782608705, 0.5403260869565226, 0.5451086956521748, 0.5498913043478271, 0.5546739130434792, 0.5594565217391314, 0.5643478260869574], "HCA": [0.00021739130434782593, 0.0005434782608695649, 0.0009782608695652173, 0.0015217391304347828, 0.002173913043478261, 0.0029347826086956524, 0.0038043478260869567, 0.004782608695652174, 0.006195652173913044, 0.007717391304347827, 0.009347826086956524, 0.011086956521739131, 0.012934782608695652, 0.014891304347826087, 0.018369565217391304, 0.021847826086956523, 0.02565217391304348, 0.030108695652173917, 0.03456521739130435, 0.03902173913043479, 0.043478260869565216, 0.04826086956521739, 0.05304347826086957, 0.05782608695652175, 0.06260869565217392, 0.0673913043478261, 0.07217391304347828, 0.07706521739130437], "HPRA": [0.00021739130434782593, 0.0005434782608695649, 0.0010869565217391302, 0.0017391304347826085, 0.0025, 0.003478260869565217, 0.004673913043478261, 0.006195652173913043, 0.007934782608695653, 0.009891304347826086, 0.011956521739130435, 0.014130434782608696, 0.016956521739130436, 0.02010869565217391, 0.024130434782608692, 0.028478260869565217, 0.03293478260869565, 0.03739130434782609, 0.04184782608695652, 0.04652173913043479, 0.05130434782608696, 0.05608695652173914, 0.060869565217391314, 0.0656521739130435, 0.07054347826086958]}