{"HDA": [0.000825, 0.0009175925925925926], "HBA": [0.0006, 0.0009320854969206618, 0.0009320854969206618, 0.0009320854969206618, 0.0009320854969206618, 0.0009320854969206618, 0.0009320854969206618, 0.0009320854969206618, 0.0009320854969206618, 0.0009320854969206618, 0.0009320854969206618, 0.0009320854969206618, 0.0009320854969206618, 0.0009320854969206618, 0.0009320854969206618, 0.0009320854969206618, 0.0009320854969206618, 0.0009320854969206618, 0.0009320854969206618, 0.0009320854969206618, 0.0009320854969206618, 0.0009320854969206618, 0.0009320854969206618, 0.0009320854969206618, 0.0009320854969206618, 0.0009320854969206618, 0.0009320854969206618, 0.0009320854969206618, 0.0009320854969206618, 0.0009320854969206618, 0.0009320854969206618, 0.0009320854969206618, 0.0009320854969206618, 0.0009320854969206618, 0.0009320854969206618, 0.0009320854969206618, 0.0009320854969206618, 0.0009320854969206618, 0.0009853648405191487], "HCA": [0.000825, 0.0009175925925925926], "HPRA": [0.0006, 0.0009320854969206618, 0.0009320854969206618, 0.0009658875520856158]}