{"HDA": [0.000725, 0.0007867283950617283, 0.0008186477030511311], "HBA": [0.000725, 0.0007867283950617283, 0.0007867283950617283, 0.0007867283950617283, 0.0007867283950617283, 0.0007867283950617283, 0.0007867283950617283, 0.0007867283950617283, 0.0007867283950617283, 0.0007867283950617283, 0.0007867283950617283, 0.0007867283950617283, 0.0007867283950617283, 0.0007867283950617283, 0.0007867283950617283, 0.0007867283950617283, 0.0007867283950617283, 0.0007867283950617283, 0.0007867283950617283, 0.0008257908950617284], "HCA": [0.000725, 0.0007867283950617283, 0.0008186477030511311], "HPRA": [0.000725, 0.0007867283950617283, 0.0008186477030511311]}