{"HDA": [0.000725, 0.0007545368620037806, 0.0007854010595346448, 0.0008173203675240476], "HBA": [0.000725, 0.0007545368620037806, 0.0007854010595346448, 0.0007854010595346448, 0.0007854010595346448, 0.0007854010595346448, 0.0007854010595346448, 0.0007854010595346448, 0.0007854010595346448, 0.0007854010595346448, 0.0007854010595346448, 0.0007854010595346448, 0.0007854010595346448, 0.0007854010595346448, 0.0007854010595346448, 0.0008221320053564997], "HCA": [0.000725, 0.0007545368620037806, 0.0007854010595346448, 0.0008173203675240476], "HPRA": [0.000725, 0.0007545368620037806, 0.0007854010595346448, 0.0008173203675240476]}