{"HDA": [0.000975, 0.001211614386154678, 0.0012474708170055512, 0.0012474708170055512, 0.0012855747645745194], "HBA": [0.000925, 0.0011862244897959183, 0.0012562500491250734, 0.0012562500491250734, 0.0012562500491250734, 0.0012562500491250734, 0.0012562500491250734, 0.0012562500491250734, 0.0012562500491250734, 0.0012562500491250734, 0.0012562500491250734, 0.0012562500491250734, 0.0012562500491250734, 0.0012562500491250734, 0.0012562500491250734, 0.0012562500491250734, 0.0012562500491250734, 0.0012562500491250734, 0.0012562500491250734, 0.0012562500491250734, 0.0012562500491250734, 0.0012562500491250734, 0.0012562500491250734, 0.0012562500491250734, 0.0012562500491250734, 0.0012562500491250734, 0.0012562500491250734, 0.0012562500491250734, 0.0012562500491250734, 0.0013072704572883386], "HCA": [0.000975, 0.0011440102758247701, 0.0012503027928315728, 0.0012874830426828517], "HPRA": [0.000975, 0.001211614386154678, 0.0012474708170055512, 0.0012474708170055512, 0.0012855747645745194]}