{"HDA": [0.001175, 0.0015055785123966943, 0.0017033554990665254, 0.0017449788081195952, 0.0018315439050725039], "HBA": [0.00105, 0.0016595593244648427, 0.0017812681158965438, 0.0018239867283960098, 0.0018239867283960098, 0.0018239867283960098, 0.0018239867283960098, 0.0018239867283960098, 0.0018239867283960098, 0.0018239867283960098, 0.0018239867283960098, 0.0018239867283960098, 0.0018735800630518321], "HCA": [0.001175, 0.001615771349862259, 0.0017329588498622588, 0.0018140980441500596], "HPRA": [0.00105, 0.0016595593244648427, 0.0017812681158965438, 0.0018239867283960098, 0.0018684311728404542]}