{"HDA": [0.00125, 0.001435901249256395, 0.0014754566465903613], "HBA": [0.00125, 0.001435901249256395, 0.001435901249256395, 0.001435901249256395, 0.001435901249256395, 0.001435901249256395, 0.001435901249256395, 0.001435901249256395, 0.001435901249256395, 0.001435901249256395, 0.001435901249256395, 0.001435901249256395, 0.001435901249256395, 0.001435901249256395, 0.001435901249256395, 0.001435901249256395, 0.001435901249256395, 0.001435901249256395, 0.001435901249256395, 0.001435901249256395, 0.001435901249256395, 0.001435901249256395, 0.001435901249256395, 0.001435901249256395, 0.001435901249256395, 0.001435901249256395, 0.001435901249256395, 0.0014915929400561277], "HCA": [0.00125, 0.001435901249256395, 0.0014754566465903613], "HPRA": [0.00125, 0.001435901249256395, 0.0014754566465903613]}