{"HDA": [0.00085, 0.0009821178491214162, 0.0009821178491214162, 0.0010171306287859937], "HBA": [0.00085, 0.0009821178491214162, 0.0009821178491214162, 0.0009821178491214162, 0.0009821178491214162, 0.0009821178491214162, 0.0009821178491214162, 0.0009821178491214162, 0.0009821178491214162, 0.0009821178491214162, 0.0009821178491214162, 0.0009821178491214162, 0.0009821178491214162, 0.0009821178491214162, 0.0009821178491214162, 0.0009821178491214162, 0.0009821178491214162, 0.0009821178491214162, 0.0009821178491214162, 0.0009821178491214162, 0.0009821178491214162, 0.0009821178491214162, 0.0009821178491214162, 0.0009821178491214162, 0.0009821178491214162, 0.0009821178491214162, 0.0009821178491214162, 0.0009821178491214162, 0.0010303431577633915], "HCA": [0.00085, 0.0009821178491214162, 0.0009821178491214162, 0.0010171306287859937], "HPRA": [0.00085, 0.0009490883868410622, 0.0009832869436619644, 0.001018717782664232]}