{"HDA": [0.000525, 0.0007967063156623596, 0.0008286256236517624, 0.0008954504423894416], "HBA": [0.0005, 0.0007986055122577563, 0.0008631716279602356, 0.0008631716279602356, 0.0008631716279602356, 0.0008631716279602356, 0.0008631716279602356, 0.0008981844076248131], "HCA": [0.000525, 0.0008570854969206618, 0.0008890048049100646], "HPRA": [0.000525, 0.0007967063156623596, 0.0008286256236517624, 0.0008954504423894416]}