{"HDA": [0.001125, 0.001125, 0.001160856430850873], "HBA": [0.000725, 0.0010801136363636364, 0.0012952522214688751], "HCA": [0.001125, 0.001125, 0.001160856430850873], "HPRA": [0.001125, 0.001125, 0.001160856430850873]}