{"HDA": [0.00085, 0.001083886865581877, 0.0012990254506871158, 0.0014514412409629884, 0.0014914989240266], "HBA": [0.000925, 0.0013593613217949146, 0.0013960922676167695, 0.0013960922676167695, 0.0013960922676167695, 0.0013960922676167695, 0.0013960922676167695, 0.0013960922676167695, 0.0013960922676167695, 0.0013960922676167695, 0.0013960922676167695, 0.0013960922676167695, 0.0013960922676167695, 0.0014393748160932238], "HCA": [0.00085, 0.0013511861405325937, 0.0013866169795348612, 0.0014237972293861402, 0.0014237972293861402, 0.0014633526267201064], "HPRA": [0.000925, 0.0013593613217949146, 0.0013960922676167695, 0.0014341962151857377]}