{"HDA": [0.000775, 0.0008665722963279509, 0.0008665722963279509, 0.0008988553541791906], "HBA": [0.000775, 0.0008665722963279509, 0.0008665722963279509, 0.0008665722963279509, 0.0008665722963279509, 0.0008665722963279509, 0.0008665722963279509, 0.0008665722963279509, 0.0008665722963279509, 0.0008665722963279509, 0.0008665722963279509, 0.0008665722963279509, 0.0008665722963279509, 0.0008665722963279509, 0.0008665722963279509, 0.0008665722963279509, 0.0008665722963279509, 0.0008665722963279509, 0.0008665722963279509, 0.0008665722963279509, 0.0008665722963279509, 0.0008665722963279509, 0.0008665722963279509, 0.0008665722963279509, 0.0008665722963279509, 0.0008665722963279509, 0.0008665722963279509, 0.0008665722963279509, 0.0008665722963279509, 0.0008665722963279509, 0.0008665722963279509, 0.0008665722963279509, 0.0008665722963279509, 0.0008665722963279509, 0.0008665722963279509, 0.0008665722963279509, 0.0008665722963279509, 0.0008665722963279509, 0.0009161656309837732], "HCA": [0.000775, 0.0008665722963279509, 0.0008981339678340739], "HPRA": [0.000775, 0.0008665722963279509, 0.0008665722963279509, 0.0008988553541791906]}