{"HDA": [0.000975, 0.001168698347107438, 0.001168698347107438, 0.0012041291861097055], "HBA": [0.000975, 0.001168698347107438, 0.001168698347107438, 0.001168698347107438, 0.001168698347107438, 0.001168698347107438, 0.001168698347107438, 0.001168698347107438, 0.001168698347107438, 0.001168698347107438, 0.001168698347107438, 0.001168698347107438, 0.001168698347107438, 0.001168698347107438, 0.001168698347107438, 0.001168698347107438, 0.001168698347107438, 0.001168698347107438, 0.001168698347107438, 0.001168698347107438, 0.001168698347107438, 0.001168698347107438, 0.001168698347107438, 0.001168698347107438, 0.001168698347107438, 0.001168698347107438, 0.001168698347107438, 0.001168698347107438, 0.001168698347107438, 0.001168698347107438, 0.001168698347107438, 0.001168698347107438, 0.001168698347107438, 0.001168698347107438, 0.001168698347107438, 0.0012227640910520746], "HCA": [0.000975, 0.001168698347107438, 0.001168698347107438, 0.0012041291861097055], "HPRA": [0.000975, 0.001168698347107438, 0.001168698347107438, 0.0012041291861097055]}