{"HDA": [0.001, 0.0012672992749507167, 0.0013416597746532747], "HBA": [0.00075, 0.0012988119834710745, 0.0012988119834710745, 0.0014103527330249115], "HCA": [0.001, 0.0012672992749507167, 0.0013416597746532747], "HPRA": [0.001, 0.0012672992749507167, 0.0013416597746532747]}