{"HDA": [0.000725, 0.0010761123878834306, 0.0011099144430483847, 0.0011807761210529198], "HBA": [0.000725, 0.0010761123878834306, 0.0011099144430483847, 0.0011807761210529198], "HCA": [0.000725, 0.0011399510038622362, 0.0011399510038622362, 0.0011399510038622362, 0.0011749637835268137], "HPRA": [0.000725, 0.0008845965399470139, 0.001053606815771784, 0.0011598993327785866, 0.0011966302786004415]}