{"HDA": [0.001175, 0.0012788062283737025, 0.0013150959656360048, 0.0013150959656360048, 0.0013150959656360048, 0.001354651362969971], "HBA": [0.000825, 0.0013595985499014335, 0.0013595985499014335, 0.0013972363985220062, 0.0014753613985220063], "HCA": [0.001175, 0.0012788062283737025, 0.0013150959656360048, 0.0013150959656360048, 0.0013150959656360048, 0.001354651362969971], "HPRA": [0.001175, 0.0012788062283737025, 0.0013150959656360048, 0.0013150959656360048, 0.0013150959656360048, 0.001354651362969971]}