{"HDA": [0.0009, 0.001226530612244898, 0.0012611326883694655, 0.0012969891192203386, 0.0013341693690716175], "HBA": [0.00055, 0.0009162891853118037, 0.001395068980804434, 0.001395068980804434, 0.001395068980804434, 0.001395068980804434, 0.001395068980804434, 0.001395068980804434, 0.001395068980804434, 0.001395068980804434, 0.001395068980804434, 0.001395068980804434, 0.001395068980804434, 0.001395068980804434, 0.001395068980804434, 0.001395068980804434, 0.001395068980804434, 0.001395068980804434, 0.001395068980804434, 0.001395068980804434, 0.001395068980804434, 0.001395068980804434, 0.001395068980804434, 0.001395068980804434, 0.001395068980804434, 0.001395068980804434, 0.001395068980804434, 0.0014483483244029209], "HCA": [0.0009, 0.001226530612244898, 0.0012611326883694655, 0.0012969891192203386, 0.0013341693690716175], "HPRA": [0.0009, 0.001226530612244898, 0.001226530612244898, 0.0012982434739466442, 0.0013354237237979232]}