{"HDA": [0.001125, 0.0013301913409254128, 0.0014027708154500172, 0.00144040866407059], "HBA": [0.000975, 0.0013713535473642488, 0.0014439330218888533, 0.0014439330218888533, 0.0014439330218888533, 0.0014439330218888533, 0.0014439330218888533, 0.0014439330218888533, 0.0014439330218888533, 0.0014439330218888533, 0.0014439330218888533, 0.001485556330941923], "HCA": [0.001125, 0.0013985884545672173, 0.0013985884545672173, 0.0014353194003890722], "HPRA": [0.000975, 0.0013713535473642488, 0.0014439330218888533, 0.001481570870509426]}