{"HDA": [0.000975, 0.0013091240936883959, 0.0013445549326906634, 0.0013445549326906634, 0.0013821927813112362], "HBA": [0.000725, 0.0012867802190942854, 0.001322211058096553, 0.0013974867553376987, 0.0013974867553376987, 0.0013974867553376987, 0.0013974867553376987, 0.0013974867553376987, 0.0013974867553376987, 0.0013974867553376987, 0.0013974867553376987, 0.0013974867553376987, 0.0013974867553376987, 0.0013974867553376987, 0.0013974867553376987, 0.0013974867553376987, 0.0013974867553376987, 0.0013974867553376987, 0.0013974867553376987, 0.0013974867553376987, 0.0013974867553376987, 0.0013974867553376987, 0.0013974867553376987, 0.0013974867553376987, 0.0013974867553376987, 0.0013974867553376987, 0.0013974867553376987, 0.0013974867553376987, 0.0013974867553376987, 0.0013974867553376987, 0.0013974867553376987, 0.001454019063551843], "HCA": [0.001175, 0.0012740883868410623, 0.0012740883868410623, 0.0012740883868410623, 0.0013099448176919354], "HPRA": [0.000975, 0.0012422992749507166, 0.0013485917919575192, 0.0013485917919575192, 0.0013866957395264874]}