{"HDA": [0.000925, 0.0011985884545672172, 0.0013822431836764918], "HBA": [0.000925, 0.0012669855682090215, 0.0013771784056745863], "HCA": [0.000925, 0.0012669855682090215, 0.0013771784056745863], "HPRA": [0.000925, 0.0011985884545672172, 0.0013822431836764918]}