{"HDA": [0.0009, 0.0012228305785123967, 0.0012228305785123967, 0.0012228305785123967, 0.001259120315774699], "HBA": [0.000875, 0.0011906167150612297, 0.0012598208673103646], "HCA": [0.0009, 0.0012228305785123967, 0.0012228305785123967, 0.0012228305785123967, 0.001259120315774699], "HPRA": [0.0009, 0.0012228305785123967, 0.0012228305785123967, 0.0012228305785123967, 0.001259120315774699]}