{"HDA": [0.001075, 0.0014169855682090214, 0.0014541658180603004], "HBA": [0.001075, 0.0014169855682090214, 0.0014169855682090214, 0.0014169855682090214, 0.0014169855682090214, 0.0014169855682090214, 0.0014169855682090214, 0.0014169855682090214, 0.0014169855682090214, 0.0014169855682090214, 0.0014169855682090214, 0.0014169855682090214, 0.0014169855682090214, 0.0014169855682090214, 0.0014169855682090214, 0.0014169855682090214, 0.0014169855682090214, 0.0014169855682090214, 0.0014169855682090214, 0.0014169855682090214, 0.0014169855682090214, 0.0014169855682090214, 0.0014169855682090214, 0.0014169855682090214, 0.0014169855682090214, 0.0014169855682090214, 0.0014169855682090214, 0.0014169855682090214, 0.0014169855682090214, 0.0014169855682090214, 0.0014169855682090214, 0.0014169855682090214, 0.0014169855682090214, 0.0014169855682090214, 0.0014169855682090214, 0.0014169855682090214, 0.0014169855682090214, 0.0014169855682090214, 0.0014780207244590214], "HCA": [0.001075, 0.0014169855682090214, 0.0014541658180603004], "HPRA": [0.001075, 0.0014169855682090214, 0.0014541658180603004]}