{"HDA": [0.000975, 0.0010395661157024793, 0.0011421617861651857], "HBA": [0.000975, 0.0010395661157024793, 0.0011421617861651857], "HCA": [0.000975, 0.0010395661157024793, 0.0011421617861651857], "HPRA": [0.000975, 0.0010395661157024793, 0.0011421617861651857]}