{"HDA": [0.00075, 0.0012607089278304446, 0.001295721707495022, 0.0013320114447573244, 0.0013696492933778972], "HBA": [0.00075, 0.0012607089278304446, 0.001295721707495022, 0.0013320114447573244, 0.0013320114447573244, 0.0013320114447573244, 0.0013320114447573244, 0.0013320114447573244, 0.0013715668420912906], "HCA": [0.00075, 0.0012607089278304446, 0.001295721707495022, 0.0013320114447573244, 0.0013696492933778972], "HPRA": [0.00075, 0.0012607089278304446, 0.0012607089278304446, 0.001333288402355049, 0.0013709262509756218]}