{"HDA": [0.001175, 0.001595153355974931, 0.001595153355974931, 0.001634215855974931, 0.001634215855974931, 0.0016758391650280007], "HBA": [0.000975, 0.0014301661356395084, 0.0017002174453883607, 0.0017834640634945003], "HCA": [0.001175, 0.001595153355974931, 0.0016323336058262099, 0.0016323336058262099, 0.001671889003160176], "HPRA": [0.000975, 0.0014301661356395084, 0.0017002174453883607, 0.0017834640634945003]}